Database ID,Date,Observers,Survey Type,Start Time,End Time,Method,Sky Code,Counts by,Waypoint Number,Latitude,Longitude,Colony Name,Photo Numbers,Species Code,Nest Count,Adult Count,Fledling Count
1,1/13/2025,"B. Mason, J. Mulling",Aerial,8:16,10:33,Aerial Count,1,B. Mason,1,26.97398,-81.12099,Lakeport Marina,1721-1723,GREG,1,3,
1,1/13/2025,"B. Mason, J. Mulling",Aerial,8:16,10:33,Aerial Count,1,J. Mulling,1,26.97398,-81.12099,Lakeport Marina,1721-1724,GREG,1,3,
1,1/13/2025,"B. Mason, J. Mulling",Aerial,8:16,10:33,Photograph Count,1,"J. Mulling, B. Mason",1,26.97398,-81.12099,Lakeport Marina,1721-1724,GREG,2,5,
2,2/10/2025,"B. Mason, A. Fussell, D. Serrano",Targeted Ground,10:00,11:20,Ground Count,1,"B. Mason, A. Fussell",Moore Haven East,26.517428,-81.004224,Moore Haven East,1487-1495,GBHE,0,4,
2,2/10/2025,"B. Mason, A. Fussell, D. Serrano",Targeted Ground,10:00,11:20,Ground Count,1,"B. Mason, A. Fussell",Moore Haven East,26.517428,-81.004224,Moore Haven East,1487-1495,GREG,0,3,
2,2/10/2025,"B. Mason, A. Fussell, D. Serrano",Targeted Ground,10:00,11:20,Ground Count,1,"B. Mason, A. Fussell",Moore Haven East,26.517428,-81.004224,Moore Haven East,1487-1495,ANHI,0,1,
2,2/10/2025,"B. Mason, A. Fussell, D. Serrano",Targeted Ground,10:00,11:20,Ground Count,1,"B. Mason, A. Fussell",Moore Haven East,26.517428,-81.004224,Moore Haven East,1487-1495,LIMP,0,1,
3,2/17/2025,"B. Mason, A. Fussell",Aerial,8:10,10:33,Aerial Count,2,B. Mason,5,26.7221,-80.84575,Little Bear Beach,1784-1790,GREG,10,,
3,2/17/2025,"B. Mason, A. Fussell",Aerial,8:10,10:33,Aerial Count,2,B. Mason,6,26.72419,-80.83878,Little Bear Beach,1791-1794,GREG,12,,
3,2/17/2025,"B. Mason, A. Fussell",Aerial,8:10,10:33,Aerial Count,2,B. Mason,7,26.74902,-80.90056,Clewiston Spit 2,1796-1801,GREG,17,,
3,2/17/2025,"B. Mason, A. Fussell",Aerial,8:10,10:33,Aerial Count,2,B. Mason,7,26.74902,-80.90056,Clewiston Spit 2,1796-1801,GBHE,2,,
3,2/17/2025,"B. Mason, A. Fussell",Aerial,8:10,10:33,Aerial Count,2,B. Mason,8,26.7716,-80.70533,Pahokee,1802-1805,GREG,18,,
3,2/17/2025,"B. Mason, A. Fussell",Aerial,8:10,10:33,Aerial Count,2,B. Mason,9,26.77478,-80.91219,Clewiston Spit,1806-1815,GREG,32,,
3,2/17/2025,"B. Mason, A. Fussell",Aerial,8:10,10:33,Aerial Count,2,B. Mason,9,26.77478,-80.91219,Clewiston Spit,1806-1815,ROSP,0,1,
3,2/17/2025,"B. Mason, A. Fussell",Aerial,8:10,10:33,Aerial Count,2,B. Mason,10,26.76642,-80.91293,Clewiston Spit 2,1816-1823,GREG,10,,
3,2/17/2025,"B. Mason, A. Fussell",Aerial,8:10,10:33,Aerial Count,2,B. Mason,11,26.85907,-81.01299,Moore Haven East,1824-1830,GREG,22,,
3,2/17/2025,"B. Mason, A. Fussell",Aerial,8:10,10:33,Aerial Count,2,B. Mason,12,26.92278,-81.07278,Moore Haven North,1831-1835,GREG,0,12,
3,2/17/2025,"B. Mason, A. Fussell",Aerial,8:10,10:33,Aerial Count,2,B. Mason,13,26.9446,-81.01167,Moonshine Bay 1,1836-1839,GREG,10,33,
3,2/17/2025,"B. Mason, A. Fussell",Aerial,8:10,10:33,Aerial Count,2,B. Mason,14,26.96582,-81.04423,Moonshine Bay 2,1840-1854,GREG,18,,
3,2/17/2025,"B. Mason, A. Fussell",Aerial,8:10,10:33,Aerial Count,2,B. Mason,14,26.96582,-81.04423,Moonshine Bay 2,1840-1854,ROSP,0,2,
3,2/17/2025,"B. Mason, A. Fussell",Aerial,8:10,10:33,Aerial Count,2,B. Mason,15,26.58151,-81.03925,Lakeport Marina,1855-1864,GREG,43,,
3,2/17/2025,"B. Mason, A. Fussell",Aerial,8:10,10:33,Aerial Count,2,B. Mason,16,27.02503,-81.05777,Gator Farm,1865-1869,GREG,0,4,
3,2/17/2025,"B. Mason, A. Fussell",Aerial,8:10,10:33,Aerial Count,2,B. Mason,17,27.18596,-80.83474,Eagle Bay Island,1870-1876,SMWT,0,38,
3,2/17/2025,"B. Mason, A. Fussell",Aerial,8:10,10:33,Aerial Count,2,A. Fussell,22,26.43298,-80.50561,Little Bear Beach,,GREG,15,,
3,2/17/2025,"B. Mason, A. Fussell",Aerial,8:10,10:33,Aerial Count,2,A. Fussell,23,26.43041,-80.50644,Little Bear Beach,,GREG,11,,
3,2/17/2025,"B. Mason, A. Fussell",Aerial,8:10,10:33,Aerial Count,2,A. Fussell,24,26.43924,-80.53676,Clewiston Spit 2,,GREG,10,,
3,2/17/2025,"B. Mason, A. Fussell",Aerial,8:10,10:33,Aerial Count,2,A. Fussell,25,26.46996,-80.41898,Pahokee,,GREG,17,,
3,2/17/2025,"B. Mason, A. Fussell",Aerial,8:10,10:33,Aerial Count,2,A. Fussell,26,26.4643,-80.54493,Clewiston Spit,,ROSP,3,,
3,2/17/2025,"B. Mason, A. Fussell",Aerial,8:10,10:33,Aerial Count,2,A. Fussell,26,26.4643,-80.54493,Clewiston Spit,,GREG,30,,
3,2/17/2025,"B. Mason, A. Fussell",Aerial,8:10,10:33,Aerial Count,2,A. Fussell,27,26.46352,-80.54182,Clewiston Spit 2,,GREG,20,,
3,2/17/2025,"B. Mason, A. Fussell",Aerial,8:10,10:33,Aerial Count,2,A. Fussell,28,26.51974,-81.00353,Moore Haven East,,GREG,25,,
3,2/17/2025,"B. Mason, A. Fussell",Aerial,8:10,10:33,Aerial Count,2,A. Fussell,29,26.5535,-81.04086,Moore Haven North,,GREG,50,60,
3,2/17/2025,"B. Mason, A. Fussell",Aerial,8:10,10:33,Aerial Count,2,A. Fussell,30,26.55819,-81.00227,Moonshine Bay 1 ,,GREG,14,,
3,2/17/2025,"B. Mason, A. Fussell",Aerial,8:10,10:33,Aerial Count,2,A. Fussell,31,26.58144,-81.02736,Moonshine Bay 2,,GREG,24,,
3,2/17/2025,"B. Mason, A. Fussell",Aerial,8:10,10:33,Aerial Count,2,A. Fussell,33,26.58151,-81.07013,Lakeport Marina,,GREG,40,75,
3,2/17/2025,"B. Mason, A. Fussell",Aerial,8:10,10:33,Aerial Count,2,A. Fussell,34,27.01459,-81.03925,Gator Farm,,GREG,2,,
3,2/17/2025,"B. Mason, A. Fussell",Aerial,8:10,10:33,Aerial Count,2,A. Fussell,35,27.11138,-80.49994,Eagle Bay Island ,,GREG,30,55,
3,2/17/2025,"B. Mason, A. Fussell",Aerial,8:10,10:33,Photograph Count,2,"B. Mason, A. Fussell",7 and 24,26.43924,-80.53676,Clewiston Spit 2,Clewiston_Marsh_1_2025-02-17_1-Clewiston_Marsh_1_2025-02-17_6,GBHE,9,,
3,2/17/2025,"B. Mason, A. Fussell",Aerial,8:10,10:33,Photograph Count,2,"B. Mason, A. Fussell",7 and 24,26.43924,-80.53676,Clewiston Spit 2,Clewiston_Marsh_1_2025-02-17_1-Clewiston_Marsh_1_2025-02-17_6,ANHI,5,,
3,2/17/2025,"B. Mason, A. Fussell",Aerial,8:10,10:33,Photograph Count,2,"B. Mason, A. Fussell",10 and 27,26.46352,-80.54182,Clewiston Spit 2,Clewiston_Marsh_2_2025-02-17_1-Clewiston_Marsh_2_2025-02-17_8,GREG,0,,
3,2/17/2025,"B. Mason, A. Fussell",Aerial,8:10,10:33,Photograph Count,2,"B. Mason, A. Fussell",9 and 26,26.4643,-80.54493,Clewiston Spit,Clewiston_Spit_2025-02-17_1-Clewiston_Spit_2025-02-17_10,GREG,35,,
3,2/17/2025,"B. Mason, A. Fussell",Aerial,8:10,10:33,Photograph Count,2,"B. Mason, A. Fussell",17 and 35,27.11138,-80.49994,Eagle Bay Island,Eagle_Trail_2025-02-17_1-Eagle_Trail_2025-02-17_7,GREG,0,,
3,2/17/2025,"B. Mason, A. Fussell",Aerial,8:10,10:33,Photograph Count,2,"B. Mason, A. Fussell",16 and 34,27.01459,-81.03925,Gator Farm,Gator_Farm_2025-02-17_1-Gator_Farm_2025-02-17_5,GREG,0,,
3,2/17/2025,"B. Mason, A. Fussell",Aerial,8:10,10:33,Photograph Count,2,"B. Mason, A. Fussell",15 and 33,26.58151,-81.03925,Lakeport Marina,Lakeport_Marina_2025-02-17_1-Lakeport_Marina_2025-02-17_10,GREG,90,,
3,2/17/2025,"B. Mason, A. Fussell",Aerial,8:10,10:33,Photograph Count,2,"B. Mason, A. Fussell",5 and 22,26.43298,-80.50561,Little Bear Beach,Little_Bear_Beach_1_2025-02-17_1-Little_Bear_Beach_1_2025-02-17_7,GREG,2,,
3,2/17/2025,"B. Mason, A. Fussell",Aerial,8:10,10:33,Photograph Count,2,"B. Mason, A. Fussell",6 and 23,26.43041,-80.50644,Little Bear Beach,Little_Bear_Beach_2_2025-02-17_1-Little_Bear_Beach_2_2025-02-17_5,GREG,4,,
3,2/17/2025,"B. Mason, A. Fussell",Aerial,8:10,10:33,Photograph Count,2,"B. Mason, A. Fussell",13 and 30,26.55819,-81.00227,Moonshine Bay 1 ,Moonshine_Bay_1_2025-02-17_1-Moonshine_Bay_1_2025-02-17_4,GREG,0,,
3,2/17/2025,"B. Mason, A. Fussell",Aerial,8:10,10:33,Photograph Count,2,"B. Mason, A. Fussell",14,26.96582,-81.04423,Moonshine Bay 2,Moonshine_Bay_2_2025-02-17_1-Moonshine_Bay_2_2025-02-17_15,GREG,0,,
3,2/17/2025,"B. Mason, A. Fussell",Aerial,8:10,10:33,Photograph Count,2,"B. Mason, A. Fussell",11 and 28,26.51974,-81.00353,Moore Haven East,Moore_Haven_East_2025-02-17_1-Moore_Haven_East_2025-02-17_7,GBHE,2,,
3,2/17/2025,"B. Mason, A. Fussell",Aerial,8:10,10:33,Photograph Count,2,"B. Mason, A. Fussell",12 and 29,26.5535,-81.04086,Moore Haven North,Moore_Haven_North_2025-02-17_1-Moore_Haven_North_2025-02-17_5,GREG,0,,
3,2/17/2025,"B. Mason, A. Fussell",Aerial,8:10,10:33,Photograph Count,2,"B. Mason, A. Fussell",8 and 25,26.7716,-80.70533,Pahokee,Pahokee_2025-02-17_1-Pahokee_2025-02-17_4,WHIB,0,,
4,2/20/2025,"B. Mason, A. Fussell, J. Mulling",Targeted Ground,10:03,13:20,Ground Count,4,"B. Mason, A. Fussell, J. Mulling",36,26.556826,-81.020536,Moonshine Bay 1,,GBHE,0,1,
4,2/20/2025,"B. Mason, A. Fussell, J. Mulling",Targeted Ground,10:03,13:20,Ground Count,4,"B. Mason, A. Fussell, J. Mulling",36,26.556826,-81.020536,Moonshine Bay 1,,ANHI,0,9,
5,3/13/2025,"B. Mason, A. Fussell",Targeted Ground,9:05,12:12,Ground Count,0,"B. Mason, A. Fussell",Clewiston Spit,26.465948,-80.545484,Clewiston Spit,1977-2041,GREG,40,,
5,3/13/2025,"B. Mason, A. Fussell",Targeted Ground,9:05,12:12,Ground Count,0,"B. Mason, A. Fussell",Clewiston Spit,26.465948,-80.545484,Clewiston Spit,1977-2041,ROSP,3,,
5,3/13/2025,"B. Mason, A. Fussell",Targeted Ground,9:05,12:12,Ground Count,0,"B. Mason, A. Fussell",Clewiston Spit,26.465948,-80.545484,Clewiston Spit,1977-2041,GBHE,1,,
5,3/13/2025,"B. Mason, A. Fussell",Targeted Ground,9:05,12:12,Ground Count,0,"B. Mason, A. Fussell",Clewiston Spit 2,26.463477,-80.544514,Clewiston Spit 2,,GREG,11,,
5,3/13/2025,"B. Mason, A. Fussell",Targeted Ground,9:05,12:12,Ground Count,0,"B. Mason, A. Fussell",Little Bear Beach,26.435359,-80.506134,Little Bear Beach,,GREG,,1,
5,3/13/2025,"B. Mason, A. Fussell",Targeted Ground,9:05,12:12,Ground Count,0,"B. Mason, A. Fussell",Little Bear Beach,26.435359,-80.506134,Little Bear Beach,,SNEG,,2,
6,3/26/2025,"A. Fussell, B. Mason",Aerial,8:42,11:15,Aerial Count,0,A. Fussell,2,26.437937,-80.508328,Little Bear Beach,2084-2094,GREG,20,40,
6,3/26/2025,"A. Fussell, B. Mason",Aerial,8:42,11:15,Aerial Count,0,A. Fussell,3,26.46975,-80.421515,Pahokee,2095-2104,GREG,20,35,
6,3/26/2025,"A. Fussell, B. Mason",Aerial,8:42,11:15,Aerial Count,0,A. Fussell,4,26.464042,-80.541347,Clewiston Spit,2105-2121,GREG,30,60,
6,3/26/2025,"A. Fussell, B. Mason",Aerial,8:42,11:15,Aerial Count,0,A. Fussell,5,26.46363,-80.545906,Clewiston Spit 2,2122-2133,GREG,10,30,
6,3/26/2025,"A. Fussell, B. Mason",Aerial,8:42,11:15,Aerial Count,0,A. Fussell,6,26.532156,-81.075927,Gun Range,2134-2145,GREG,5,15,
6,3/26/2025,"A. Fussell, B. Mason",Aerial,8:42,11:15,Aerial Count,0,A. Fussell,7,26.532606,-80.585992,Moore Haven East 5,2146-2159,GREG,10,70,
6,3/26/2025,"A. Fussell, B. Mason",Aerial,8:42,11:15,Aerial Count,0,A. Fussell,8,26.578665,-81.024264,Rock Islands,2160-2186,GREG,10,55,
6,3/26/2025,"A. Fussell, B. Mason",Aerial,8:42,11:15,Aerial Count,0,A. Fussell,8,26.578665,-81.024264,Rock Islands,2160-2186,ROSP,,1,
6,3/26/2025,"A. Fussell, B. Mason",Aerial,8:42,11:15,Aerial Count,0,A. Fussell,9,26.58111,-81.068167,Lakeport Marina,2187-2191,GREG,10,55,
6,3/26/2025,"A. Fussell, B. Mason",Aerial,8:42,11:15,Aerial Count,0,A. Fussell,10,27.016327,-81.036809,Gator Farm,2192-2202,GREG,10,40,
6,3/26/2025,"A. Fussell, B. Mason",Aerial,8:42,11:15,Aerial Count,0,A. Fussell,11,27.101287,-80.51206,Eagle Bay Island,2203-2216,GREG,5,30,
6,3/26/2025,"A. Fussell, B. Mason",Aerial,8:42,11:15,Aerial Count,0,A. Fussell,11,27.101287,-80.51206,Eagle Bay Island,2203-2216,ROSP,,1,
6,3/26/2025,"A. Fussell, B. Mason",Aerial,8:42,11:15,Aerial Count,0,B. Mason,27,26.72083,-80.83886,Little Bear Beach,,GREG,10,,
6,3/26/2025,"A. Fussell, B. Mason",Aerial,8:42,11:15,Aerial Count,0,B. Mason,27,26.72083,-80.83886,Little Bear Beach,,WHIB,,35,
6,3/26/2025,"A. Fussell, B. Mason",Aerial,8:42,11:15,Aerial Count,0,B. Mason,27,26.72083,-80.83886,Little Bear Beach,,SMWT,,26,
6,3/26/2025,"A. Fussell, B. Mason",Aerial,8:42,11:15,Aerial Count,0,B. Mason,28,26.78419,-80.70397,Pahokee,,GREG,18,,
6,3/26/2025,"A. Fussell, B. Mason",Aerial,8:42,11:15,Aerial Count,0,B. Mason,29,26.76954,-80.90429,Clewiston Marsh,,GREG,38,,
6,3/26/2025,"A. Fussell, B. Mason",Aerial,8:42,11:15,Aerial Count,0,B. Mason,29,26.76954,-80.90429,Clewiston Marsh,,ROSP,2,,
6,3/26/2025,"A. Fussell, B. Mason",Aerial,8:42,11:15,Aerial Count,0,B. Mason,30,26.77633,-80.90997,Clewiston Spit,,GREG,18,,
6,3/26/2025,"A. Fussell, B. Mason",Aerial,8:42,11:15,Aerial Count,0,B. Mason,30,26.77633,-80.90997,Clewiston Spit,,WHIB,,22,
6,3/26/2025,"A. Fussell, B. Mason",Aerial,8:42,11:15,Aerial Count,0,B. Mason,31,26.88834,-81.13204,Gun Range,,GREG,5,,
6,3/26/2025,"A. Fussell, B. Mason",Aerial,8:42,11:15,Aerial Count,0,B. Mason,32,26.89007,-80.9657,Moore Haven East 5,,GREG,8,,
6,3/26/2025,"A. Fussell, B. Mason",Aerial,8:42,11:15,Aerial Count,0,B. Mason,32,26.89007,-80.9657,Moore Haven East 5,,SMWT,,45,
6,3/26/2025,"A. Fussell, B. Mason",Aerial,8:42,11:15,Aerial Count,0,B. Mason,33,26.96452,-81.04155,Rock Islands,,GREG,28,,
6,3/26/2025,"A. Fussell, B. Mason",Aerial,8:42,11:15,Aerial Count,0,B. Mason,33,26.96452,-81.04155,Rock Islands,,ROSP,2,,
6,3/26/2025,"A. Fussell, B. Mason",Aerial,8:42,11:15,Aerial Count,0,B. Mason,33,26.96452,-81.04155,Rock Islands,,SMDK,,23,
6,3/26/2025,"A. Fussell, B. Mason",Aerial,8:42,11:15,Aerial Count,0,B. Mason,34,26.97109,-81.10584,Lakeport Marina,,GREG,18,,
6,3/26/2025,"A. Fussell, B. Mason",Aerial,8:42,11:15,Aerial Count,0,B. Mason,35,27.0284,-81.0693,Gator Farm,,GREG,21,,
6,3/26/2025,"A. Fussell, B. Mason",Aerial,8:42,11:15,Aerial Count,0,B. Mason,36,27.16942,-80.85536,Eagle Bay Island,,GREG,12,,
6,3/26/2025,"A. Fussell, B. Mason",Aerial,8:42,11:15,Aerial Count,0,B. Mason,36,27.16942,-80.85536,Eagle Bay Island,,ROSP,8,,
6,3/26/2025,"A. Fussell, B. Mason",Aerial,8:42,11:15,Photograph Count,0,B. Mason,9 and 24,26.58151,-81.03925,Lakeport Marina,LakeportMarina_2025_03_26_1-LakeportMarina_2025_03_26_5,GREG,76,,
6,3/26/2025,"A. Fussell, B. Mason",Aerial,8:42,11:15,Photograph Count,0,B. Mason,9 and 24,26.58151,-81.03925,Lakeport Marina,LakeportMarina_2025_03_26_1-LakeportMarina_2025_03_26_6,SNEG,4,,
6,3/26/2025,"A. Fussell, B. Mason",Aerial,8:42,11:15,Photograph Count,0,B. Mason,9 and 24,26.58151,-81.03925,Lakeport Marina,LakeportMarina_2025_03_26_1-LakeportMarina_2025_03_26_7,SMWT,4,,
6,3/26/2025,"A. Fussell, B. Mason",Aerial,8:42,11:15,Photograph Count,0,B. Mason,9 and 24,26.58151,-81.03925,Lakeport Marina,LakeportMarina_2025_03_26_1-LakeportMarina_2025_03_26_8,CAEG,3,,
6,3/26/2025,"A. Fussell, B. Mason",Aerial,8:42,11:15,Photograph Count,0,B. Mason,2 and 27,26.43298,-80.50561,Little Bear Beach,LIttleBearBeach_2025_03_26_1-LIttleBearBeach_2025_03_26_11,GREG,44,,
6,3/26/2025,"A. Fussell, B. Mason",Aerial,8:42,11:15,Photograph Count,0,B. Mason,2 and 27,26.43298,-80.50561,Little Bear Beach,LIttleBearBeach_2025_03_26_1-LIttleBearBeach_2025_03_26_12,SNEG,2,,
6,3/26/2025,"A. Fussell, B. Mason",Aerial,8:42,11:15,Photograph Count,0,B. Mason,2 and 27,26.43298,-80.50561,Little Bear Beach,LIttleBearBeach_2025_03_26_1-LIttleBearBeach_2025_03_26_13,SMWT,4,,
6,3/26/2025,"A. Fussell, B. Mason",Aerial,8:42,11:15,Photograph Count,0,B. Mason,2 and 27,26.43298,-80.50561,Little Bear Beach,LIttleBearBeach_2025_03_26_1-LIttleBearBeach_2025_03_26_14,TRHE,2,,
6,3/26/2025,"A. Fussell, B. Mason",Aerial,8:42,11:15,Photograph Count,0,B. Mason,2 and 27,26.43298,-80.50561,Little Bear Beach,LIttleBearBeach_2025_03_26_1-LIttleBearBeach_2025_03_26_15,SMDK,1,,
6,3/26/2025,"A. Fussell, B. Mason",Aerial,8:42,11:15,Photograph Count,0,B. Mason,2 and 27,26.43298,-80.50561,Little Bear Beach,LIttleBearBeach_2025_03_26_1-LIttleBearBeach_2025_03_26_16,WHIB,20,,
6,3/26/2025,"A. Fussell, B. Mason",Aerial,8:42,11:15,Photograph Count,0,B. Mason,8 and 33,26.96944,-81.04035,Rock Islands,BirdIsland_2025_03_26_1-BirdIsland_2025_03_26_27,ANHI,1,,
6,3/26/2025,"A. Fussell, B. Mason",Aerial,8:42,11:15,Photograph Count,0,B. Mason,8 and 33,26.96944,-81.04035,Rock Islands,BirdIsland_2025_03_26_1-BirdIsland_2025_03_26_28,GREG,42,,
6,3/26/2025,"A. Fussell, B. Mason",Aerial,8:42,11:15,Photograph Count,0,B. Mason,8 and 33,26.96944,-81.04035,Rock Islands,BirdIsland_2025_03_26_1-BirdIsland_2025_03_26_29,LBHE,1,,
6,3/26/2025,"A. Fussell, B. Mason",Aerial,8:42,11:15,Photograph Count,0,B. Mason,8 and 33,26.96944,-81.04035,Rock Islands,BirdIsland_2025_03_26_1-BirdIsland_2025_03_26_30,SMWT,20,,
6,3/26/2025,"A. Fussell, B. Mason",Aerial,8:42,11:15,Photograph Count,0,B. Mason,8 and 33,26.96944,-81.04035,Rock Islands,BirdIsland_2025_03_26_1-BirdIsland_2025_03_26_31,SNEG,10,,
6,3/26/2025,"A. Fussell, B. Mason",Aerial,8:42,11:15,Photograph Count,0,B. Mason,8 and 33,26.96944,-81.04035,Rock Islands,BirdIsland_2025_03_26_1-BirdIsland_2025_03_26_32,GBHE,4,,
6,3/26/2025,"A. Fussell, B. Mason",Aerial,8:42,11:15,Photograph Count,0,B. Mason,3 and 28,26.7716,-80.70533,Pahokee,Pahokee_2025_03_25_1-Pahokee_2025_03_25_10,SNEG,40,,
6,3/26/2025,"A. Fussell, B. Mason",Aerial,8:42,11:15,Photograph Count,0,B. Mason,3 and 28,26.7716,-80.70533,Pahokee,Pahokee_2025_03_25_1-Pahokee_2025_03_25_11,GREG,2,,
6,3/26/2025,"A. Fussell, B. Mason",Aerial,8:42,11:15,Photograph Count,0,B. Mason,3 and 28,26.7716,-80.70533,Pahokee,Pahokee_2025_03_25_1-Pahokee_2025_03_25_12,GBHE,1,,
6,3/26/2025,"A. Fussell, B. Mason",Aerial,8:42,11:15,Photograph Count,0,B. Mason,3 and 28,26.7716,-80.70533,Pahokee,Pahokee_2025_03_25_1-Pahokee_2025_03_25_13,SMWT,1,,
6,3/26/2025,"A. Fussell, B. Mason",Aerial,8:42,11:15,Photograph Count,0,B. Mason,3 and 28,26.7716,-80.70533,Pahokee,Pahokee_2025_03_25_1-Pahokee_2025_03_25_14,CAEG,2,,
6,3/26/2025,"A. Fussell, B. Mason",Aerial,8:42,11:15,Photograph Count,0,A. Fussell,4 and 30,26.464042,-80.541347,Clewiston Spit,ClewistonSpit_2025_03_26_1- ClewistonSpit_2025_03_26_17,GREG,76,,
6,3/26/2025,"A. Fussell, B. Mason",Aerial,8:42,11:15,Photograph Count,0,A. Fussell,4 and 30,26.464042,-80.541347,Clewiston Spit,ClewistonSpit_2025_03_26_1- ClewistonSpit_2025_03_26_18,SMWT,42,,
6,3/26/2025,"A. Fussell, B. Mason",Aerial,8:42,11:15,Photograph Count,0,A. Fussell,4 and 30,26.464042,-80.541347,Clewiston Spit,ClewistonSpit_2025_03_26_1- ClewistonSpit_2025_03_26_19,DCCO,2,,
6,3/26/2025,"A. Fussell, B. Mason",Aerial,8:42,11:15,Photograph Count,0,A. Fussell,4 and 30,26.464042,-80.541347,Clewiston Spit,ClewistonSpit_2025_03_26_1- ClewistonSpit_2025_03_26_20,ROSP,7,,
6,3/26/2025,"A. Fussell, B. Mason",Aerial,8:42,11:15,Photograph Count,0,A. Fussell,4 and 30,26.464042,-80.541347,Clewiston Spit,ClewistonSpit_2025_03_26_1- ClewistonSpit_2025_03_26_21,TRHE,4,,
6,3/26/2025,"A. Fussell, B. Mason",Aerial,8:42,11:15,Photograph Count,0,A. Fussell,4 and 30,26.464042,-80.541347,Clewiston Spit,ClewistonSpit_2025_03_26_1- ClewistonSpit_2025_03_26_21,WHIB,269,,
6,3/26/2025,"A. Fussell, B. Mason",Aerial,8:42,11:15,Photograph Count,0,A. Fussell,4 and 30,26.464042,-80.541347,Clewiston Spit,ClewistonSpit_2025_03_26_1- ClewistonSpit_2025_03_26_21,SNEG,3,,
6,3/26/2025,"A. Fussell, B. Mason",Aerial,8:42,11:15,Photograph Count,0,A. Fussell,4 and 30,26.464042,-80.541347,Clewiston Spit,ClewistonSpit_2025_03_26_1- ClewistonSpit_2025_03_26_21,GBHE,2,,
6,3/26/2025,"A. Fussell, B. Mason",Aerial,8:42,11:15,Photograph Count,0,A. Fussell,5,26.46363,-80.545906,Clewiston Spit 2,ClewistonSpit2_2025_03_26_1-ClewistonSpit2_2025_03_26_11,TRHE,1,,
6,3/26/2025,"A. Fussell, B. Mason",Aerial,8:42,11:15,Photograph Count,0,A. Fussell,5,26.46363,-80.545906,Clewiston Spit 2,ClewistonSpit2_2025_03_26_1-ClewistonSpit2_2025_03_26_11,GREG,43,,
6,3/26/2025,"A. Fussell, B. Mason",Aerial,8:42,11:15,Photograph Count,0,A. Fussell,5,26.46363,-80.545906,Clewiston Spit 2,ClewistonSpit2_2025_03_26_1-ClewistonSpit2_2025_03_26_11,WHIB,116,,
6,3/26/2025,"A. Fussell, B. Mason",Aerial,8:42,11:15,Photograph Count,0,A. Fussell,5,26.46363,-80.545906,Clewiston Spit 2,ClewistonSpit2_2025_03_26_1-ClewistonSpit2_2025_03_26_11,SNEG,1,,
6,3/26/2025,"A. Fussell, B. Mason",Aerial,8:42,11:15,Photograph Count,0,A. Fussell,5,26.46363,-80.545906,Clewiston Spit 2,ClewistonSpit2_2025_03_26_1-ClewistonSpit2_2025_03_26_11,BCNH,1,,
6,3/26/2025,"A. Fussell, B. Mason",Aerial,8:42,11:15,Photograph Count,0,A. Fussell,5,26.46363,-80.545906,Clewiston Spit 2,ClewistonSpit2_2025_03_26_1-ClewistonSpit2_2025_03_26_11,GBHE,1,,
6,3/26/2025,"A. Fussell, B. Mason",Aerial,8:42,11:15,Photograph Count,0,A. Fussell,11 and 36,27.16942,-80.85536,Eagle Bay Island,EagleBayIsland_2025_03_26_1-EagleBayIsland_2025_03_26_14,GBHE,5,,2
6,3/26/2025,"A. Fussell, B. Mason",Aerial,8:42,11:15,Photograph Count,0,A. Fussell,11 and 36,27.16942,-80.85536,Eagle Bay Island,EagleBayIsland_2025_03_26_1-EagleBayIsland_2025_03_26_14,ROSP,2,,
6,3/26/2025,"A. Fussell, B. Mason",Aerial,8:42,11:15,Photograph Count,0,A. Fussell,10 and 35 ,27.0284,-81.0693,Gator Farm,GatorFarm_2025_03_26_1-GatorFarm_2025_03_26_11,SMDK,1,,
6,3/26/2025,"A. Fussell, B. Mason",Aerial,8:42,11:15,Photograph Count,0,A. Fussell,10 and 35 ,27.0284,-81.0693,Gator Farm,GatorFarm_2025_03_26_1-GatorFarm_2025_03_26_11,GREG,42,,
6,3/26/2025,"A. Fussell, B. Mason",Aerial,8:42,11:15,Photograph Count,0,A. Fussell,6 and 31 ,26.88834,-81.13204,Gun Range,GunRange_2025_03_26_1-GunRange_2025_03_26_12,SMDK,9,,
6,3/26/2025,"A. Fussell, B. Mason",Aerial,8:42,11:15,Photograph Count,0,A. Fussell,6 and 31 ,26.88834,-81.13204,Gun Range,GunRange_2025_03_26_1-GunRange_2025_03_26_12,ANHI,2,,
6,3/26/2025,"A. Fussell, B. Mason",Aerial,8:42,11:15,Photograph Count,0,A. Fussell,6 and 31 ,26.88834,-81.13204,Gun Range,GunRange_2025_03_26_1-GunRange_2025_03_26_12,SMWT,2,,
6,3/26/2025,"A. Fussell, B. Mason",Aerial,8:42,11:15,Photograph Count,0,A. Fussell,6 and 31 ,26.88834,-81.13204,Gun Range,GunRange_2025_03_26_1-GunRange_2025_03_26_12,GREG,1,,
7,3/28/2025,"A. Fussell, B. Mason",Targeted Ground,9:28,12:29,Ground Count,1,A. Fussell,,,0,,,,,,
8,4/1/2025,"B. Mason, A. Fussell, J. Mulling",Targeted Ground,9:34,13:06,Ground Count,3,"A. Fussell, B. Mason, J. Mulling",Clewiston Spit,26.465948,-80.545484,Clewiston Spit,2217-2253,ROSP,5,,5
8,4/1/2025,"B. Mason, A. Fussell, J. Mulling",Targeted Ground,9:34,13:06,Ground Count,3,"A. Fussell, B. Mason, J. Mulling",Clewiston Spit,26.465948,-80.545484,Clewiston Spit,2217-2253,GREG,35,,
8,4/1/2025,"B. Mason, A. Fussell, J. Mulling",Targeted Ground,9:34,13:06,Ground Count,3,"A. Fussell, B. Mason, J. Mulling",Clewiston Spit,26.465948,-80.545484,Clewiston Spit,2217-2253,SNEG,3,,
8,4/1/2025,"B. Mason, A. Fussell, J. Mulling",Targeted Ground,9:34,13:06,Ground Count,3,"A. Fussell, B. Mason, J. Mulling",Clewiston Spit,26.465948,-80.545484,Clewiston Spit,2217-2253,WHIB,44,,
8,4/1/2025,"B. Mason, A. Fussell, J. Mulling",Targeted Ground,9:34,13:06,Ground Count,3,"A. Fussell, B. Mason, J. Mulling",Clewiston Spit,26.465948,-80.545484,Clewiston Spit,2217-2253,GLIB,2,,
8,4/1/2025,"B. Mason, A. Fussell, J. Mulling",Targeted Ground,9:34,13:06,Ground Count,3,"A. Fussell, B. Mason, J. Mulling",Clewiston Spit,26.465948,-80.545484,Clewiston Spit,2217-2253,TRHE,1,,
8,4/1/2025,"B. Mason, A. Fussell, J. Mulling",Targeted Ground,9:34,13:06,Ground Count,3,"A. Fussell, B. Mason, J. Mulling",Clewiston Spit 2,26.462664,-80.544262,Clewiston Spit 2,2254-2278,WHIB,29,,
8,4/1/2025,"B. Mason, A. Fussell, J. Mulling",Targeted Ground,9:34,13:06,Ground Count,3,"A. Fussell, B. Mason, J. Mulling",Clewiston Spit 2,26.462664,-80.544262,Clewiston Spit 2,2254-2278,GREG,16,,
8,4/1/2025,"B. Mason, A. Fussell, J. Mulling",Targeted Ground,9:34,13:06,Ground Count,3,"A. Fussell, B. Mason, J. Mulling",Clewiston Spit 2,26.462664,-80.544262,Clewiston Spit 2,2254-2278,GBHE,1,,
8,4/1/2025,"B. Mason, A. Fussell, J. Mulling",Targeted Ground,9:34,13:06,Ground Count,3,"A. Fussell, B. Mason, J. Mulling",Clewiston Spit 2,26.462664,-80.544262,Clewiston Spit 2,2254-2278,SNEG,2,,
8,4/1/2025,"B. Mason, A. Fussell, J. Mulling",Targeted Ground,9:34,13:06,Ground Count,3,"A. Fussell, B. Mason, J. Mulling",Clewiston Spit 2,26.462664,-80.544262,Clewiston Spit 2,2254-2278,GLIB,1,,
8,4/1/2025,"B. Mason, A. Fussell, J. Mulling",Targeted Ground,9:34,13:06,Ground Count,3,"A. Fussell, B. Mason, J. Mulling",Clewiston Spit 2,26.462664,-80.544262,Clewiston Spit 2,2254-2278,TRHE,1,,
8,4/1/2025,"B. Mason, A. Fussell, J. Mulling",Targeted Ground,9:34,13:06,Ground Count,3,"A. Fussell, B. Mason, J. Mulling",Little Bear Beach,26.435395,-80.506134,Little Bear Beach,2255-2285,WHIB,50,,
8,4/1/2025,"B. Mason, A. Fussell, J. Mulling",Targeted Ground,9:34,13:06,Ground Count,3,"A. Fussell, B. Mason, J. Mulling",Little Bear Beach,26.435395,-80.506134,Little Bear Beach,2255-2286,SNEG,3,,
8,4/1/2025,"B. Mason, A. Fussell, J. Mulling",Targeted Ground,9:34,13:06,Ground Count,3,"A. Fussell, B. Mason, J. Mulling",Little Bear Beach,26.435395,-80.506134,Little Bear Beach,2255-2287,TRHE,2,,
9,4/22/2025,"A. Fussell, J. Mulling",Aerial,8:20,10:49,Aerial Count,2,J. Mulling,12,26.72354,-80.84519,Little Bear Beach,20-Jan,GREG,25,,
9,4/22/2025,"A. Fussell, J. Mulling",Aerial,8:20,10:49,Aerial Count,2,J. Mulling,13,26.78015,-80.70395,Pahokee,21-42,GREG,50,,
9,4/22/2025,"A. Fussell, J. Mulling",Aerial,8:20,10:49,Aerial Count,2,J. Mulling,14,26.77465,-80.9015,Clewiston Spit,43-58,GREG,50,,
9,4/22/2025,"A. Fussell, J. Mulling",Aerial,8:20,10:49,Aerial Count,2,J. Mulling,14,26.77465,-80.9015,Clewiston Spit,43-58,ROSP,8,,
9,4/22/2025,"A. Fussell, J. Mulling",Aerial,8:20,10:49,Aerial Count,2,A. Fussell,12,26.434122,-80.507113,Little Bear Beach,20-Jan,GREG,35,,
9,4/22/2025,"A. Fussell, J. Mulling",Aerial,8:20,10:49,Aerial Count,2,A. Fussell,13,26.468089,-80.422369,Pahokee,21-42,GREG,30,,
9,4/22/2025,"A. Fussell, J. Mulling",Aerial,8:20,10:49,Aerial Count,2,A. Fussell,13,26.468089,-80.422369,Pahokee,21-42,SNEG,10,,
9,4/22/2025,"A. Fussell, J. Mulling",Aerial,8:20,10:49,Aerial Count,2,A. Fussell,14,26.77465,-80.9015,Clewiston Spit,43-58,,,,
9,4/22/2025,"A. Fussell, J. Mulling",Aerial,8:20,10:49,Aerial Count,2,A. Fussell,15,26.529864,-80.577972,New Colony,59-61,,,,
9,4/22/2025,"A. Fussell, J. Mulling",Aerial,8:20,10:49,Aerial Count,2,A. Fussell,16,26.89418,-81.02293,,62-66,,,,
9,4/22/2025,"A. Fussell, J. Mulling",Aerial,8:20,10:49,Aerial Count,2,A. Fussell,17,26.91285,-81.02937,,67-70,,,,
9,4/22/2025,"A. Fussell, J. Mulling",Aerial,8:20,10:49,Aerial Count,2,A. Fussell,18,26.91739,-81.03,Moonshine Bay,71-83,GREG,20,,
9,4/22/2025,"A. Fussell, J. Mulling",Aerial,8:20,10:49,Aerial Count,2,A. Fussell,18,26.91739,-81.03,Moonshine Bay,71-83,WHIB,150,,
9,4/22/2025,"A. Fussell, J. Mulling",Aerial,8:20,10:49,Aerial Count,2,A. Fussell,18,26.91739,-81.03,Moonshine Bay,71-83,GLIB,50,,
9,4/22/2025,"A. Fussell, J. Mulling",Aerial,8:20,10:49,Aerial Count,2,A. Fussell,19,26.96225,-81.0269,Rock Islands,84-98,,,,
9,4/22/2025,"A. Fussell, J. Mulling",Aerial,8:20,10:49,Aerial Count,2,A. Fussell,20,26.97817,-81.11929,Lakeport Marina,99-108,UNKN,45,,
9,4/22/2025,"A. Fussell, J. Mulling",Aerial,8:20,10:49,Aerial Count,2,A. Fussell,21,27.01733,-81.06383,Gator Farm,109-118,UNKN,35,,
9,4/22/2025,"A. Fussell, J. Mulling",Aerial,8:20,10:49,Aerial Count,2,A. Fussell,22,27.1725,-80.83765,Eagle Bay Island,119-132,UNKN,65,,
9,4/22/2025,"A. Fussell, J. Mulling",Aerial,8:20,10:49,Photograph Count,2,B. Mason,22,27.1725,-80.83765,Eagle Bay Island,EagleBayIsland_2025_04_22_1 - EagleBayIsland_2025_04_22_14,WHIB,240,,
9,4/22/2025,"A. Fussell, J. Mulling",Aerial,8:20,10:49,Photograph Count,2,B. Mason,22,27.1725,-80.83765,Eagle Bay Island,EagleBayIsland_2025_04_22_1 - EagleBayIsland_2025_04_22_14,SMDK,3,,
9,4/22/2025,"A. Fussell, J. Mulling",Aerial,8:20,10:49,Photograph Count,2,B. Mason,22,27.1725,-80.83765,Eagle Bay Island,EagleBayIsland_2025_04_22_1 - EagleBayIsland_2025_04_22_14,SNEG,80,,
9,4/22/2025,"A. Fussell, J. Mulling",Aerial,8:20,10:49,Photograph Count,2,B. Mason,22,27.1725,-80.83765,Eagle Bay Island,EagleBayIsland_2025_04_22_1 - EagleBayIsland_2025_04_22_14,GREG,7,,
9,4/22/2025,"A. Fussell, J. Mulling",Aerial,8:20,10:49,Photograph Count,2,B. Mason,21,27.01733,-81.06383,Gator Farm,GatorFarm_2025_04_22_1 - GatorFarm_2025_04_22_10,GREG,26,,
9,4/22/2025,"A. Fussell, J. Mulling",Aerial,8:20,10:49,Photograph Count,2,B. Mason,21,27.01733,-81.06383,Gator Farm,GatorFarm_2025_04_22_1 - GatorFarm_2025_04_22_11,SNEG,12,,
9,4/22/2025,"A. Fussell, J. Mulling",Aerial,8:20,10:49,Photograph Count,2,B. Mason,21,27.01733,-81.06383,Gator Farm,GatorFarm_2025_04_22_1 - GatorFarm_2025_04_22_12,ANHI,1,,
9,4/22/2025,"A. Fussell, J. Mulling",Aerial,8:20,10:49,Photograph Count,2,B. Mason,21,27.01733,-81.06383,Gator Farm,GatorFarm_2025_04_22_1 - GatorFarm_2025_04_22_13,SMDK,1,,
9,4/22/2025,"A. Fussell, J. Mulling",Aerial,8:20,10:49,Photograph Count,2,B. Mason,20,26.97817,-81.11929,Lakeport Marina,LakeportMarina_2025_04_22_1 - LakeportMarina_2025_04_22_10,GREG,37,,
9,4/22/2025,"A. Fussell, J. Mulling",Aerial,8:20,10:49,Photograph Count,2,B. Mason,20,26.97817,-81.11929,Lakeport Marina,LakeportMarina_2025_04_22_1 - LakeportMarina_2025_04_22_10,ANHI,1,,
9,4/22/2025,"A. Fussell, J. Mulling",Aerial,8:20,10:49,Photograph Count,2,B. Mason,19,26.96225,-81.0269,Rock Islands,RockIslands_2025_04_22_1 - RockIslands_2025_04_22_15,GREG,5,,
9,4/22/2025,"A. Fussell, J. Mulling",Aerial,8:20,10:49,Photograph Count,2,B. Mason,19,26.96225,-81.0269,Rock Islands,RockIslands_2025_04_22_1 - RockIslands_2025_04_22_15,SMWT,7,,
9,4/22/2025,"A. Fussell, J. Mulling",Aerial,8:20,10:49,Photograph Count,2,B. Mason,19,26.96225,-81.0269,Rock Islands,RockIslands_2025_04_22_1 - RockIslands_2025_04_22_15,ROSP,3,,
9,4/22/2025,"A. Fussell, J. Mulling",Aerial,8:20,10:49,Photograph Count,2,B. Mason,19,26.96225,-81.0269,Rock Islands,RockIslands_2025_04_22_1 - RockIslands_2025_04_22_15,SMDK,2,,
9,4/22/2025,"A. Fussell, J. Mulling",Aerial,8:20,10:49,Photograph Count,2,B. Mason,18,26.91739,-81.03,Moonshine Bay,MoonshineBay_2025_04_22_1 - MoonshineBay_2025_04_22_13,WHIB,315,,
9,4/22/2025,"A. Fussell, J. Mulling",Aerial,8:20,10:49,Photograph Count,2,B. Mason,18,26.91739,-81.03,Moonshine Bay,MoonshineBay_2025_04_22_1 - MoonshineBay_2025_04_22_14,GREG,11,,
9,4/22/2025,"A. Fussell, J. Mulling",Aerial,8:20,10:49,Photograph Count,2,B. Mason,18,26.91739,-81.03,Moonshine Bay,MoonshineBay_2025_04_22_1 - MoonshineBay_2025_04_22_15,SMDK,1,,
9,4/22/2025,"A. Fussell, J. Mulling",Aerial,8:20,10:49,Photograph Count,2,B. Mason,14,26.77465,-80.9015,Clewiston Spit 2,ClewistonSpit2_2025_04_22_1 - ClewistonSpit2_2025_04_22_4,WHIB,17,,
9,4/22/2025,"A. Fussell, J. Mulling",Aerial,8:20,10:49,Photograph Count,2,B. Mason,14,26.77465,-80.9015,Clewiston Spit 2,ClewistonSpit2_2025_04_22_1 - ClewistonSpit2_2025_04_22_4,GREG,29,,
9,4/22/2025,"A. Fussell, J. Mulling",Aerial,8:20,10:49,Photograph Count,2,B. Mason,14,26.77465,-80.9015,Clewiston Spit,ClewistonSpit_2025_04_22_1 - ClewistonSpit2_2025_04_22_12,WHIB,42,,
9,4/22/2025,"A. Fussell, J. Mulling",Aerial,8:20,10:49,Photograph Count,2,B. Mason,14,26.77465,-80.9015,Clewiston Spit,ClewistonSpit_2025_04_22_1 - ClewistonSpit2_2025_04_22_12,GREG,38,,
9,4/22/2025,"A. Fussell, J. Mulling",Aerial,8:20,10:49,Photograph Count,2,B. Mason,14,26.77465,-80.9015,Clewiston Spit,ClewistonSpit_2025_04_22_1 - ClewistonSpit2_2025_04_22_12,SNEG,35,,
9,4/22/2025,"A. Fussell, J. Mulling",Aerial,8:20,10:49,Photograph Count,2,B. Mason,14,26.77465,-80.9015,Clewiston Spit,ClewistonSpit_2025_04_22_1 - ClewistonSpit2_2025_04_22_12,ROSP,5,,
9,4/22/2025,"A. Fussell, J. Mulling",Aerial,8:20,10:49,Photograph Count,2,B. Mason,14,26.77465,-80.9015,Clewiston Spit,ClewistonSpit_2025_04_22_1 - ClewistonSpit2_2025_04_22_12,TRHE,1,,
9,4/22/2025,"A. Fussell, J. Mulling",Aerial,8:20,10:49,Photograph Count,2,B. Mason,14,26.77465,-80.9015,Clewiston Spit,ClewistonSpit_2025_04_22_1 - ClewistonSpit2_2025_04_22_12,GBHE,2,,
9,4/22/2025,"A. Fussell, J. Mulling",Aerial,8:20,10:49,Photograph Count,2,B. Mason,13,26.468089,-80.422369,Pahokee,Pahokee_2025_04_22_1 - Pahokee_2025_04_22_22,SNEG,23,,
9,4/22/2025,"A. Fussell, J. Mulling",Aerial,8:20,10:49,Photograph Count,2,B. Mason,13,26.468089,-80.422369,Pahokee,Pahokee_2025_04_22_1 - Pahokee_2025_04_22_22,WHIB,22,,
9,4/22/2025,"A. Fussell, J. Mulling",Aerial,8:20,10:49,Photograph Count,2,B. Mason,13,26.468089,-80.422369,Pahokee,Pahokee_2025_04_22_1 - Pahokee_2025_04_22_22,GREG,3,,
9,4/22/2025,"A. Fussell, J. Mulling",Aerial,8:20,10:49,Photograph Count,2,B. Mason,13,26.468089,-80.422369,Pahokee,Pahokee_2025_04_22_1 - Pahokee_2025_04_22_22,SMDK,1,,
9,4/22/2025,"A. Fussell, J. Mulling",Aerial,8:20,10:49,Photograph Count,2,B. Mason,13,26.468089,-80.422369,Pahokee,Pahokee_2025_04_22_1 - Pahokee_2025_04_22_22,CAEG,13,,
9,4/22/2025,"A. Fussell, J. Mulling",Aerial,8:20,10:49,Photograph Count,2,B. Mason,12,26.434122,-80.507113,Little Bear Beach,LittleBearBeach_2025_04_22_1 - Pahokee_2025_04_22_19,WHIB,78,,
9,4/22/2025,"A. Fussell, J. Mulling",Aerial,8:20,10:49,Photograph Count,2,B. Mason,12,26.434122,-80.507113,Little Bear Beach,LittleBearBeach_2025_04_22_1 - Pahokee_2025_04_22_19,GREG,24,,
9,4/22/2025,"A. Fussell, J. Mulling",Aerial,8:20,10:49,Photograph Count,2,B. Mason,12,26.434122,-80.507113,Little Bear Beach,LittleBearBeach_2025_04_22_1 - Pahokee_2025_04_22_19,SNEG,19,,
9,4/22/2025,"A. Fussell, J. Mulling",Aerial,8:20,10:49,Photograph Count,2,J. Mulling,14,26.77465,-80.9015,Clewiston Spit,ClewistonSpit_2025_04_22_1 - ClewistonSpit2_2025_04_22_12,WHIB,47,,
9,4/22/2025,"A. Fussell, J. Mulling",Aerial,8:20,10:49,Photograph Count,2,J. Mulling,14,26.77465,-80.9015,Clewiston Spit,ClewistonSpit_2025_04_22_1 - ClewistonSpit2_2025_04_22_13,ROSP,5,,
9,4/22/2025,"A. Fussell, J. Mulling",Aerial,8:20,10:49,Photograph Count,2,J. Mulling,14,26.77465,-80.9015,Clewiston Spit,ClewistonSpit_2025_04_22_1 - ClewistonSpit2_2025_04_22_14,TRHE,1,,
9,4/22/2025,"A. Fussell, J. Mulling",Aerial,8:20,10:49,Photograph Count,2,J. Mulling,14,26.77465,-80.9015,Clewiston Spit,ClewistonSpit_2025_04_22_1 - ClewistonSpit2_2025_04_22_15,GREG,35,,
9,4/22/2025,"A. Fussell, J. Mulling",Aerial,8:20,10:49,Photograph Count,2,J. Mulling,14,26.77465,-80.9015,Clewiston Spit,ClewistonSpit_2025_04_22_1 - ClewistonSpit2_2025_04_22_16,SNEG,34,,
9,4/22/2025,"A. Fussell, J. Mulling",Aerial,8:20,10:49,Photograph Count,2,J. Mulling,14,26.77465,-80.9015,Clewiston Spit,ClewistonSpit_2025_04_22_1 - ClewistonSpit2_2025_04_22_17,GBHE,2,,
9,4/22/2025,"A. Fussell, J. Mulling",Aerial,8:20,10:49,Photograph Count,2,J. Mulling,14,26.77465,-80.9015,Clewiston Spit 2,ClewistonSpit2_2025_04_22_1 - ClewistonSpit2_2025_04_22_4,WHIB,16,,
9,4/22/2025,"A. Fussell, J. Mulling",Aerial,8:20,10:49,Photograph Count,2,J. Mulling,14,26.77465,-80.9015,Clewiston Spit 2,ClewistonSpit2_2025_04_22_1 - ClewistonSpit2_2025_04_22_4,GREG,32,,
9,4/22/2025,"A. Fussell, J. Mulling",Aerial,8:20,10:49,Photograph Count,2,A. Fussell,22,27.1725,-80.83765,Eagle Bay Island,EagleBayIsland_2025_04_22_1 - EagleBayIsland_2025_04_22_14,WHIB,470,,
9,4/22/2025,"A. Fussell, J. Mulling",Aerial,8:20,10:49,Photograph Count,2,A. Fussell,22,27.1725,-80.83765,Eagle Bay Island,EagleBayIsland_2025_04_22_1 - EagleBayIsland_2025_04_22_14,SMDK,1,,
9,4/22/2025,"A. Fussell, J. Mulling",Aerial,8:20,10:49,Photograph Count,2,A. Fussell,22,27.1725,-80.83765,Eagle Bay Island,EagleBayIsland_2025_04_22_1 - EagleBayIsland_2025_04_22_14,GREG,5,,
9,4/22/2025,"A. Fussell, J. Mulling",Aerial,8:20,10:49,Photograph Count,2,A. Fussell,22,27.1725,-80.83765,Eagle Bay Island,EagleBayIsland_2025_04_22_1 - EagleBayIsland_2025_04_22_14,SNEG,40,,
9,4/22/2025,"A. Fussell, J. Mulling",Aerial,8:20,10:49,Photograph Count,2,A. Fussell,21,27.01733,-81.06383,Gator Farm,GatorFarm_2025_04_22_1 - GatorFarm_2025_04_22_10,GREG,27,,
9,4/22/2025,"A. Fussell, J. Mulling",Aerial,8:20,10:49,Photograph Count,2,A. Fussell,21,27.01733,-81.06383,Gator Farm,GatorFarm_2025_04_22_1 - GatorFarm_2025_04_22_10,SNEG,21,,
9,4/22/2025,"A. Fussell, J. Mulling",Aerial,8:20,10:49,Photograph Count,2,A. Fussell,21,27.01733,-81.06383,Gator Farm,GatorFarm_2025_04_22_1 - GatorFarm_2025_04_22_10,ANHI,1,,
9,4/22/2025,"A. Fussell, J. Mulling",Aerial,8:20,10:49,Photograph Count,2,A. Fussell,21,27.01733,-81.06383,Gator Farm,GatorFarm_2025_04_22_1 - GatorFarm_2025_04_22_10,GLIB,2,,
9,4/22/2025,"A. Fussell, J. Mulling",Aerial,8:20,10:49,Photograph Count,2,A. Fussell,20,26.97817,-81.11929,Lakeport Marina,LakeportMarina_2025_04_22_1 - LakeportMarina_2025_04_22_10,GREG,40,,
9,4/22/2025,"A. Fussell, J. Mulling",Aerial,8:20,10:49,Photograph Count,2,A. Fussell,20,26.97817,-81.11929,Lakeport Marina,LakeportMarina_2025_04_22_1 - LakeportMarina_2025_04_22_10,ANHI,1,,
9,4/22/2025,"A. Fussell, J. Mulling",Aerial,8:20,10:49,Photograph Count,2,A. Fussell,12,26.72354,-80.84519,Little Bear Beach,LittleBearBeach_2025_04_22_1 - Pahokee_2025_04_22_19,WHIB,230,,
9,4/22/2025,"A. Fussell, J. Mulling",Aerial,8:20,10:49,Photograph Count,2,A. Fussell,12,26.72354,-80.84519,Little Bear Beach,LittleBearBeach_2025_04_22_1 - Pahokee_2025_04_22_19,GREG,34,,
9,4/22/2025,"A. Fussell, J. Mulling",Aerial,8:20,10:49,Photograph Count,2,A. Fussell,12,26.72354,-80.84519,Little Bear Beach,LittleBearBeach_2025_04_22_1 - Pahokee_2025_04_22_19,SNEG,32,,
9,4/22/2025,"A. Fussell, J. Mulling",Aerial,8:20,10:49,Photograph Count,2,A. Fussell,12,26.72354,-80.84519,Little Bear Beach,LittleBearBeach_2025_04_22_1 - Pahokee_2025_04_22_19,GLIB,30,,
9,4/22/2025,"A. Fussell, J. Mulling",Aerial,8:20,10:49,Photograph Count,2,A. Fussell,18,26.91739,-81.03,Moonshine Bay,MoonshineBay_2025_04_22_1 - MoonshineBay_2025_04_22_13,WHIB,400,,
9,4/22/2025,"A. Fussell, J. Mulling",Aerial,8:20,10:49,Photograph Count,2,A. Fussell,18,26.91739,-81.03,Moonshine Bay,MoonshineBay_2025_04_22_1 - MoonshineBay_2025_04_22_13,GLIB,90,,
9,4/22/2025,"A. Fussell, J. Mulling",Aerial,8:20,10:49,Photograph Count,2,A. Fussell,18,26.91739,-81.03,Moonshine Bay,MoonshineBay_2025_04_22_1 - MoonshineBay_2025_04_22_13,GREG,9,,
9,4/22/2025,"A. Fussell, J. Mulling",Aerial,8:20,10:49,Photograph Count,2,A. Fussell,19,26.96225,-81.0269,Rock Islands,RockIslands_2025_04_22_1 - RockIslands_2025_04_22_15,SMWT,14,,
9,4/22/2025,"A. Fussell, J. Mulling",Aerial,8:20,10:49,Photograph Count,2,A. Fussell,19,26.96225,-81.0269,Rock Islands,RockIslands_2025_04_22_1 - RockIslands_2025_04_22_15,GREG,3,,
9,4/22/2025,"A. Fussell, J. Mulling",Aerial,8:20,10:49,Photograph Count,2,A. Fussell,19,26.96225,-81.0269,Rock Islands,RockIslands_2025_04_22_1 - RockIslands_2025_04_22_15,ROSP,3,,
9,4/22/2025,"A. Fussell, J. Mulling",Aerial,8:20,10:49,Photograph Count,2,A. Fussell,19,26.96225,-81.0269,Rock Islands,RockIslands_2025_04_22_1 - RockIslands_2025_04_22_15,SMDK,2,,
9,4/22/2025,"A. Fussell, J. Mulling",Aerial,8:20,10:49,Photograph Count,2,A. Fussell,13,26.468089,-80.422369,Pahokee,Pahokee_2025_04_22_1 - Pahokee_2025_04_22_22,TRHE,4,,
9,4/22/2025,"A. Fussell, J. Mulling",Aerial,8:20,10:49,Photograph Count,2,A. Fussell,13,26.468089,-80.422369,Pahokee,Pahokee_2025_04_22_1 - Pahokee_2025_04_22_22,SNEG,33,,
9,4/22/2025,"A. Fussell, J. Mulling",Aerial,8:20,10:49,Photograph Count,2,A. Fussell,13,26.468089,-80.422369,Pahokee,Pahokee_2025_04_22_1 - Pahokee_2025_04_22_22,WHIB,37,,
9,4/22/2025,"A. Fussell, J. Mulling",Aerial,8:20,10:49,Photograph Count,2,A. Fussell,13,26.468089,-80.422369,Pahokee,Pahokee_2025_04_22_1 - Pahokee_2025_04_22_22,GREG,3,,
9,4/22/2025,"A. Fussell, J. Mulling",Aerial,8:20,10:49,Photograph Count,2,A. Fussell,13,26.468089,-80.422369,Pahokee,Pahokee_2025_04_22_1 - Pahokee_2025_04_22_22,SMDK,4,,
9,4/22/2025,"A. Fussell, J. Mulling",Aerial,8:20,10:49,Photograph Count,2,A. Fussell,13,26.468089,-80.422369,Pahokee,Pahokee_2025_04_22_1 - Pahokee_2025_04_22_22,CAEG,15,,
10,5/13/2025,"A. Fussell, M. Marquis, Volunteer",Aerial,9:52,12:20,Aerial Count,1,M. Marquis,23,26.72121,-80.84225,Little Bear Beach,17-Jan,UNKN,50,125,
10,5/13/2025,"A. Fussell, M. Marquis, Volunteer",Aerial,9:52,12:20,Aerial Count,1,M. Marquis,24,26.77306,-80.6975,Pahokee,18-25,UNKN,80,,
10,5/13/2025,"A. Fussell, M. Marquis, Volunteer",Aerial,9:52,12:20,Aerial Count,1,M. Marquis,25,26.77799,-80.89818,Clewiston Spit,36-66,UNKN,250,,
10,5/13/2025,"A. Fussell, M. Marquis, Volunteer",Aerial,9:52,12:20,Aerial Count,1,M. Marquis,25,26.77799,-80.89818,Clewiston Spit,36-66,ROSP,2,,
10,5/13/2025,"A. Fussell, M. Marquis, Volunteer",Aerial,9:52,12:20,Aerial Count,1,M. Marquis,26,26.77224,-80.90241,Clewiston Spit 2,67-87,UNKN,60,,
10,5/13/2025,"A. Fussell, M. Marquis, Volunteer",Aerial,9:52,12:20,Aerial Count,1,M. Marquis,27,26.78775,-81.1062,Lake Hicpochee,88-89,UNKN,33,,
10,5/13/2025,"A. Fussell, M. Marquis, Volunteer",Aerial,9:52,12:20,Aerial Count,1,M. Marquis,28,26.8959,-81.12725,Gun Range,100-111,UNKN,9,,
10,5/13/2025,"A. Fussell, M. Marquis, Volunteer",Aerial,9:52,12:20,Aerial Count,1,M. Marquis,29,26.90979,-81.02355,Moonshiny Bay,112-139,UNKN,80,,
10,5/13/2025,"A. Fussell, M. Marquis, Volunteer",Aerial,9:52,12:20,Aerial Count,1,M. Marquis,30,26.96423,-81.03269,Rock Islands,140-172,UNKN,250,,
10,5/13/2025,"A. Fussell, M. Marquis, Volunteer",Aerial,9:52,12:20,Aerial Count,1,M. Marquis,31,26.97847,-81.11571,Lakeport Marina,173-185,UNKN,60,,
10,5/13/2025,"A. Fussell, M. Marquis, Volunteer",Aerial,9:52,12:20,Aerial Count,1,M. Marquis,32,27.01694,-81.06118,Gator Farm,186-198,UNKN,50,,
10,5/13/2025,"A. Fussell, M. Marquis, Volunteer",Aerial,9:52,12:20,Aerial Count,1,Volunteer,23,26.72121,-80.84225,Little Bear Beach,17-Jan,GREG,50,,
10,5/13/2025,"A. Fussell, M. Marquis, Volunteer",Aerial,9:52,12:20,Aerial Count,1,Volunteer,23,26.72121,-80.84225,Little Bear Beach,17-Jan,WHIB,50,,
10,5/13/2025,"A. Fussell, M. Marquis, Volunteer",Aerial,9:52,12:20,Aerial Count,1,Volunteer,24,26.77306,-80.6975,Pahokee,18-35,GREG,20,,
10,5/13/2025,"A. Fussell, M. Marquis, Volunteer",Aerial,9:52,12:20,Aerial Count,1,Volunteer,24,26.77306,-80.6975,Pahokee,18-35,WHIB,30,,
10,5/13/2025,"A. Fussell, M. Marquis, Volunteer",Aerial,9:52,12:20,Aerial Count,1,Volunteer,24,26.77306,-80.6975,Pahokee,18-35,TRHE,5,,
10,5/13/2025,"A. Fussell, M. Marquis, Volunteer",Aerial,9:52,12:20,Aerial Count,1,Volunteer,25,26.77799,-80.89818,Clewiston Spit,36-66,UNKN,250,,
10,5/13/2025,"A. Fussell, M. Marquis, Volunteer",Aerial,9:52,12:20,Aerial Count,1,Volunteer,25,26.77799,-80.89818,Clewiston Spit,36-66,ROSP,2,,
10,5/13/2025,"A. Fussell, M. Marquis, Volunteer",Aerial,9:52,12:20,Aerial Count,1,Volunteer,26,26.77224,-80.90241,Clewiston Spit 2,67-87,UNKN,55,,
10,5/13/2025,"A. Fussell, M. Marquis, Volunteer",Aerial,9:52,12:20,Aerial Count,1,Volunteer,26,26.77224,-80.90241,Clewiston Spit 2,67-87,ROSP,2,,
10,5/13/2025,"A. Fussell, M. Marquis, Volunteer",Aerial,9:52,12:20,Aerial Count,1,Volunteer,27,26.78775,-81.1062,Lake Hicpochee,88-89,UNKN,25,,
10,5/13/2025,"A. Fussell, M. Marquis, Volunteer",Aerial,9:52,12:20,Aerial Count,1,Volunteer,28,26.8959,-81.12725,Gun Range,100-111,UNKN,15,,
10,5/13/2025,"A. Fussell, M. Marquis, Volunteer",Aerial,9:52,12:20,Aerial Count,1,Volunteer,29,26.90979,-81.02355,Moonshine Bay,112-139,UNKN,100,,
10,5/13/2025,"A. Fussell, M. Marquis, Volunteer",Aerial,9:52,12:20,Aerial Count,1,Volunteer,29,26.90979,-81.02355,Moonshine Bay,112-139,GLIB,10,,
10,5/13/2025,"A. Fussell, M. Marquis, Volunteer",Aerial,9:52,12:20,Aerial Count,1,Volunteer,30,26.96423,-81.03269,Rock Islands,140-172,UNKN,250,,
10,5/13/2025,"A. Fussell, M. Marquis, Volunteer",Aerial,9:52,12:20,Aerial Count,1,Volunteer,30,26.96423,-81.03269,Rock Islands,140-172,ROSP,30,,
10,5/13/2025,"A. Fussell, M. Marquis, Volunteer",Aerial,9:52,12:20,Aerial Count,1,Volunteer,31,26.97847,-81.11571,Lakeport Marina,173-185,GREG,20,,
10,5/13/2025,"A. Fussell, M. Marquis, Volunteer",Aerial,9:52,12:20,Aerial Count,1,Volunteer,31,26.97847,-81.11571,Lakeport Marina,173-185,WHIB,25,,
10,5/13/2025,"A. Fussell, M. Marquis, Volunteer",Aerial,9:52,12:20,Aerial Count,1,Volunteer,32,27.01694,-81.06118,Gator Farm,186-198,UNKN,35,,
10,5/13/2025,"A. Fussell, M. Marquis, Volunteer",Aerial,9:52,12:20,Aerial Count,1,A. Fussell,23,26.72121,-80.84225,Little Bear Beach,17-Jan,WHIB,200,,
10,5/13/2025,"A. Fussell, M. Marquis, Volunteer",Aerial,9:52,12:20,Aerial Count,1,A. Fussell,23,26.72121,-80.84225,Little Bear Beach,17-Jan,GREG,50,,
10,5/13/2025,"A. Fussell, M. Marquis, Volunteer",Aerial,9:52,12:20,Aerial Count,1,A. Fussell,24,26.77306,-80.6975,Pahokee,18-35,WHIB,25,,
10,5/13/2025,"A. Fussell, M. Marquis, Volunteer",Aerial,9:52,12:20,Aerial Count,1,A. Fussell,24,26.77306,-80.6975,Pahokee,18-35,GREG,10,,
10,5/13/2025,"A. Fussell, M. Marquis, Volunteer",Aerial,9:52,12:20,Aerial Count,1,A. Fussell,24,26.77306,-80.6975,Pahokee,18-35,TRHE,1,,
10,5/13/2025,"A. Fussell, M. Marquis, Volunteer",Aerial,9:52,12:20,Aerial Count,1,A. Fussell,25,26.77799,-80.89818,Clewiston Spit,36-66,ROSP,5,,
10,5/13/2025,"A. Fussell, M. Marquis, Volunteer",Aerial,9:52,12:20,Aerial Count,1,A. Fussell,25,26.77799,-80.89818,Clewiston Spit,36-66,WHIB,50,,
10,5/13/2025,"A. Fussell, M. Marquis, Volunteer",Aerial,9:52,12:20,Aerial Count,1,A. Fussell,25,26.77799,-80.89818,Clewiston Spit,36-66,SNEG,20,,
10,5/13/2025,"A. Fussell, M. Marquis, Volunteer",Aerial,9:52,12:20,Aerial Count,1,A. Fussell,25,26.77799,-80.89818,Clewiston Spit,36-66,GREG,25,,
10,5/13/2025,"A. Fussell, M. Marquis, Volunteer",Aerial,9:52,12:20,Aerial Count,1,A. Fussell,25,26.77799,-80.89818,Clewiston Spit,36-66,GLIB,5,,
10,5/13/2025,"A. Fussell, M. Marquis, Volunteer",Aerial,9:52,12:20,Aerial Count,1,A. Fussell,26,26.77224,-80.90241,Clewiston Spit 2,67-87,WHIB,100,,
10,5/13/2025,"A. Fussell, M. Marquis, Volunteer",Aerial,9:52,12:20,Aerial Count,1,A. Fussell,26,26.77224,-80.90241,Clewiston Spit 2,67-87,GREG,20,,
10,5/13/2025,"A. Fussell, M. Marquis, Volunteer",Aerial,9:52,12:20,Aerial Count,1,A. Fussell,27,26.78775,-81.1062,Lake Hicpochee,88-99,GREG,30,,
10,5/13/2025,"A. Fussell, M. Marquis, Volunteer",Aerial,9:52,12:20,Aerial Count,1,A. Fussell,27,26.78775,-81.1062,Lake Hicpochee,88-99,WHIB,20,,
10,5/13/2025,"A. Fussell, M. Marquis, Volunteer",Aerial,9:52,12:20,Aerial Count,1,A. Fussell,28,26.8959,-81.12725,Gun Range,100-111,GREG,5,,
10,5/13/2025,"A. Fussell, M. Marquis, Volunteer",Aerial,9:52,12:20,Aerial Count,1,A. Fussell,29,26.90979,-81.02355,Moonshine Bay,112-139,WHIB,200,,
10,5/13/2025,"A. Fussell, M. Marquis, Volunteer",Aerial,9:52,12:20,Aerial Count,1,A. Fussell,29,26.90979,-81.02355,Moonshine Bay,112-139,GLIB,5,,
10,5/13/2025,"A. Fussell, M. Marquis, Volunteer",Aerial,9:52,12:20,Aerial Count,1,A. Fussell,29,26.90979,-81.02355,Moonshine Bay,112-139,GREG,2,,
10,5/13/2025,"A. Fussell, M. Marquis, Volunteer",Aerial,9:52,12:20,Aerial Count,1,A. Fussell,30,26.96423,-81.03269,Rock Islands,140-172,GREG,50,,
10,5/13/2025,"A. Fussell, M. Marquis, Volunteer",Aerial,9:52,12:20,Aerial Count,1,A. Fussell,30,26.96423,-81.03269,Rock Islands,140-172,WHIB,200,,
10,5/13/2025,"A. Fussell, M. Marquis, Volunteer",Aerial,9:52,12:20,Aerial Count,1,A. Fussell,30,26.96423,-81.03269,Rock Islands,140-172,SNEG,50,,
10,5/13/2025,"A. Fussell, M. Marquis, Volunteer",Aerial,9:52,12:20,Aerial Count,1,A. Fussell,31,26.97847,-81.11571,Lakeport Marina,173-185,GREG,25,,
10,5/13/2025,"A. Fussell, M. Marquis, Volunteer",Aerial,9:52,12:20,Aerial Count,1,A. Fussell,31,26.97847,-81.11571,Lakeport Marina,173-185,WHIB,25,,
10,5/13/2025,"A. Fussell, M. Marquis, Volunteer",Aerial,9:52,12:20,Aerial Count,1,A. Fussell,32,27.01694,-81.06118,Gator Farm,186-198,GREG,40,,
10,5/13/2025,"A. Fussell, M. Marquis, Volunteer",Aerial,9:52,12:20,Aerial Count,1,B. Mason,Clewiston Spit,26.77799,-80.89818,Clewiston Spit,ClewistonSpit_2025_05_13_1 - ClewistonSpit_2025_05_13_31,TRHE,1,,
10,5/13/2025,"A. Fussell, M. Marquis, Volunteer",Aerial,9:52,12:20,Aerial Count,1,B. Mason,Clewiston Spit,26.77799,-80.89818,Clewiston Spit,ClewistonSpit_2025_05_13_1 - ClewistonSpit_2025_05_13_32,SNEG,25,,
10,5/13/2025,"A. Fussell, M. Marquis, Volunteer",Aerial,9:52,12:20,Aerial Count,1,B. Mason,Clewiston Spit,26.77799,-80.89818,Clewiston Spit,ClewistonSpit_2025_05_13_1 - ClewistonSpit_2025_05_13_33,WHIB,2,,
10,5/13/2025,"A. Fussell, M. Marquis, Volunteer",Aerial,9:52,12:20,Aerial Count,1,B. Mason,Clewiston Spit,26.77799,-80.89818,Clewiston Spit,ClewistonSpit_2025_05_13_1 - ClewistonSpit_2025_05_13_34,GREG,3,,
10,5/13/2025,"A. Fussell, M. Marquis, Volunteer",Aerial,9:52,12:20,Aerial Count,1,B. Mason,Clewiston Spit,26.77799,-80.89818,Clewiston Spit,ClewistonSpit_2025_05_13_1 - ClewistonSpit_2025_05_13_35,SMDK,1,,
10,5/13/2025,"A. Fussell, M. Marquis, Volunteer",Aerial,9:52,12:20,Aerial Count,1,B. Mason,Clewiston Spit 2,26.77224,-80.90241,Clewiston Spit 2,ClewistonSpit2_2025_05_13_1 - ClewistonSpit2_2025_05_13_21,SNEG,17,,
10,5/13/2025,"A. Fussell, M. Marquis, Volunteer",Aerial,9:52,12:20,Aerial Count,1,B. Mason,Clewiston Spit 2,26.77224,-80.90241,Clewiston Spit 2,ClewistonSpit2_2025_05_13_1 - ClewistonSpit2_2025_05_13_21,WHIB,10,,
10,5/13/2025,"A. Fussell, M. Marquis, Volunteer",Aerial,9:52,12:20,Aerial Count,1,B. Mason,Clewiston Spit 2,26.77224,-80.90241,Clewiston Spit 2,ClewistonSpit2_2025_05_13_1 - ClewistonSpit2_2025_05_13_21,GREG,39,,
10,5/13/2025,"A. Fussell, M. Marquis, Volunteer",Aerial,9:52,12:20,Aerial Count,1,B. Mason,Clewiston Spit 2,26.77224,-80.90241,Clewiston Spit 2,ClewistonSpit2_2025_05_13_1 - ClewistonSpit2_2025_05_13_21,SMWT,1,,
10,5/13/2025,"A. Fussell, M. Marquis, Volunteer",Aerial,9:52,12:20,Aerial Count,1,B. Mason,Clewiston Spit 2,26.77224,-80.90241,Clewiston Spit 2,ClewistonSpit2_2025_05_13_1 - ClewistonSpit2_2025_05_13_21,GBHE,1,,
10,5/13/2025,"A. Fussell, M. Marquis, Volunteer",Aerial,9:52,12:20,Aerial Count,1,B. Mason,Clewiston Spit 2,26.77224,-80.90241,Clewiston Spit 2,ClewistonSpit2_2025_05_13_1 - ClewistonSpit2_2025_05_13_21,CAEG,2,,
10,5/13/2025,"A. Fussell, M. Marquis, Volunteer",Aerial,9:52,12:20,Aerial Count,1,B. Mason,Gator Farm,27.01694,-81.06118,Gator Farm,GatorFarm_2025_05_13_1 - GatorFarm_2025_05_13_13,GREG,18,,
10,5/13/2025,"A. Fussell, M. Marquis, Volunteer",Aerial,9:52,12:20,Aerial Count,1,B. Mason,Gator Farm,27.01694,-81.06118,Gator Farm,GatorFarm_2025_05_13_1 - GatorFarm_2025_05_13_13,SNEG,2,,
10,5/13/2025,"A. Fussell, M. Marquis, Volunteer",Aerial,9:52,12:20,Aerial Count,1,B. Mason,Gator Farm,27.01694,-81.06118,Gator Farm,GatorFarm_2025_05_13_1 - GatorFarm_2025_05_13_13,LBHE,1,,
10,5/13/2025,"A. Fussell, M. Marquis, Volunteer",Aerial,9:52,12:20,Aerial Count,1,B. Mason,Gun Range,26.8959,-81.12725,Gun Range,GunRange_2025_05_13_1 - GunRange_2025_05_13_12,SNEG,2,,
10,5/13/2025,"A. Fussell, M. Marquis, Volunteer",Aerial,9:52,12:20,Aerial Count,1,B. Mason,Gun Range,26.8959,-81.12725,Gun Range,GunRange_2025_05_13_1 - GunRange_2025_05_13_12,CAEG,3,,
10,5/13/2025,"A. Fussell, M. Marquis, Volunteer",Aerial,9:52,12:20,Aerial Count,1,B. Mason,Gun Range,26.8959,-81.12725,Gun Range,GunRange_2025_05_13_1 - GunRange_2025_05_13_12,ANHI,2,,
10,5/13/2025,"A. Fussell, M. Marquis, Volunteer",Aerial,9:52,12:20,Aerial Count,1,B. Mason,Lakeport Marina,26.97847,-81.11571,Lakeport Marina,LakeportMarina_2025_05_13_1 - LakeportMarina_2025_05_13_13,GREG,7,,
10,5/13/2025,"A. Fussell, M. Marquis, Volunteer",Aerial,9:52,12:20,Aerial Count,1,B. Mason,Lakeport Marina,26.97847,-81.11571,Lakeport Marina,LakeportMarina_2025_05_13_1 - LakeportMarina_2025_05_13_13,WHIB,14,,
10,5/13/2025,"A. Fussell, M. Marquis, Volunteer",Aerial,9:52,12:20,Aerial Count,1,B. Mason,Lakeport Marina,26.97847,-81.11571,Lakeport Marina,LakeportMarina_2025_05_13_1 - LakeportMarina_2025_05_13_13,ANHI,2,,
10,5/13/2025,"A. Fussell, M. Marquis, Volunteer",Aerial,9:52,12:20,Aerial Count,1,B. Mason,Little Bear Beach,26.72121,-80.84225,Little Bear Beach,LittleBearBeach_2025_05_13_1 - LittleBearBeach_2025_05_13_11,WHIB,7,,
10,5/13/2025,"A. Fussell, M. Marquis, Volunteer",Aerial,9:52,12:20,Aerial Count,1,B. Mason,Little Bear Beach,26.72121,-80.84225,Little Bear Beach,LittleBearBeach_2025_05_13_1 - LittleBearBeach_2025_05_13_11,GREG,15,,
10,5/13/2025,"A. Fussell, M. Marquis, Volunteer",Aerial,9:52,12:20,Aerial Count,1,B. Mason,Little Bear Beach,26.72121,-80.84225,Little Bear Beach,LittleBearBeach_2025_05_13_1 - LittleBearBeach_2025_05_13_11,SNEG,4,,
10,5/13/2025,"A. Fussell, M. Marquis, Volunteer",Aerial,9:52,12:20,Aerial Count,1,B. Mason,Little Bear Beach,26.72121,-80.84225,Little Bear Beach,LittleBearBeach_2025_05_13_1 - LittleBearBeach_2025_05_13_11,GLIB,1,,
10,5/13/2025,"A. Fussell, M. Marquis, Volunteer",Aerial,9:52,12:20,Aerial Count,1,B. Mason,Moonshine Bay,26.90979,-81.02355,Moonshine Bay,MoonshineBay_2025_05_13_1 - MoonshineBay_2025_05_13_28,ANHI,10,,
10,5/13/2025,"A. Fussell, M. Marquis, Volunteer",Aerial,9:52,12:20,Aerial Count,1,B. Mason,Moonshine Bay,26.90979,-81.02355,Moonshine Bay,MoonshineBay_2025_05_13_1 - MoonshineBay_2025_05_13_28,SMDK,1,,
10,5/13/2025,"A. Fussell, M. Marquis, Volunteer",Aerial,9:52,12:20,Aerial Count,1,B. Mason,Moonshine Bay,26.90979,-81.02355,Moonshine Bay,MoonshineBay_2025_05_13_1 - MoonshineBay_2025_05_13_28,SMWT,1,,
10,5/13/2025,"A. Fussell, M. Marquis, Volunteer",Aerial,9:52,12:20,Aerial Count,1,B. Mason,Moonshine Bay,26.90979,-81.02355,Moonshine Bay,MoonshineBay_2025_05_13_1 - MoonshineBay_2025_05_13_28,SNEG,1,,
10,5/13/2025,"A. Fussell, M. Marquis, Volunteer",Aerial,9:52,12:20,Aerial Count,1,B. Mason,Moonshine Bay,26.90979,-81.02355,Moonshine Bay,MoonshineBay_2025_05_13_1 - MoonshineBay_2025_05_13_28,WHIB,24,,
10,5/13/2025,"A. Fussell, M. Marquis, Volunteer",Aerial,9:52,12:20,Aerial Count,1,B. Mason,Moonshine Bay,26.90979,-81.02355,Moonshine Bay,MoonshineBay_2025_05_13_1 - MoonshineBay_2025_05_13_28,GBHE,3,,
10,5/13/2025,"A. Fussell, M. Marquis, Volunteer",Aerial,9:52,12:20,Aerial Count,1,B. Mason,Moonshine Bay,26.90979,-81.02355,Moonshine Bay,MoonshineBay_2025_05_13_1 - MoonshineBay_2025_05_13_28,GREG,4,,
10,5/13/2025,"A. Fussell, M. Marquis, Volunteer",Aerial,9:52,12:20,Aerial Count,1,B. Mason,New Colony,26.78775,-81.1062,Lake Hicpochee,LakeHicopochee_2025_05_13_1 - LakeHicopochee_2025_05_13_12,GREG,6,,
10,5/13/2025,"A. Fussell, M. Marquis, Volunteer",Aerial,9:52,12:20,Aerial Count,1,B. Mason,New Colony,26.78775,-81.1062,Lake Hicpochee,LakeHicopochee_2025_05_13_1 - LakeHicopochee_2025_05_13_12,GBHE,1,,
10,5/13/2025,"A. Fussell, M. Marquis, Volunteer",Aerial,9:52,12:20,Aerial Count,1,B. Mason,Pahokee,26.77306,-80.6975,Pahokee,Pahokee_2025_05_13_1 - Pahokee_2025_05_13_18,CAEG,19,,
10,5/13/2025,"A. Fussell, M. Marquis, Volunteer",Aerial,9:52,12:20,Aerial Count,1,B. Mason,Pahokee,26.77306,-80.6975,Pahokee,Pahokee_2025_05_13_1 - Pahokee_2025_05_13_18,SNEG,1,,
10,5/13/2025,"A. Fussell, M. Marquis, Volunteer",Aerial,9:52,12:20,Aerial Count,1,B. Mason,Pahokee,26.77306,-80.6975,Pahokee,Pahokee_2025_05_13_1 - Pahokee_2025_05_13_18,WHIB,9,,
10,5/13/2025,"A. Fussell, M. Marquis, Volunteer",Aerial,9:52,12:20,Aerial Count,1,B. Mason,Pahokee,26.77306,-80.6975,Pahokee,Pahokee_2025_05_13_1 - Pahokee_2025_05_13_18,DCCO,2,,
10,5/13/2025,"A. Fussell, M. Marquis, Volunteer",Aerial,9:52,12:20,Aerial Count,1,B. Mason,Pahokee,26.77306,-80.6975,Pahokee,Pahokee_2025_05_13_1 - Pahokee_2025_05_13_18,GREG,2,,
10,5/13/2025,"A. Fussell, M. Marquis, Volunteer",Aerial,9:52,12:20,Aerial Count,1,B. Mason,Pahokee,26.77306,-80.6975,Pahokee,Pahokee_2025_05_13_1 - Pahokee_2025_05_13_18,SMWT,2,,
10,5/13/2025,"A. Fussell, M. Marquis, Volunteer",Aerial,9:52,12:20,Aerial Count,1,B. Mason,Rock Islands,26.96423,-81.03269,Rock Islands,RockIslands_2025_05_13_1 - RockIslands_2025_05_13_33,WHIB,35,,
10,5/13/2025,"A. Fussell, M. Marquis, Volunteer",Aerial,9:52,12:20,Aerial Count,1,B. Mason,Rock Islands,26.96423,-81.03269,Rock Islands,RockIslands_2025_05_13_1 - RockIslands_2025_05_13_33,GBHE,5,,
10,5/13/2025,"A. Fussell, M. Marquis, Volunteer",Aerial,9:52,12:20,Aerial Count,1,B. Mason,Rock Islands,26.96423,-81.03269,Rock Islands,RockIslands_2025_05_13_1 - RockIslands_2025_05_13_33,SNEG,201,,
10,5/13/2025,"A. Fussell, M. Marquis, Volunteer",Aerial,9:52,12:20,Aerial Count,1,B. Mason,Rock Islands,26.96423,-81.03269,Rock Islands,RockIslands_2025_05_13_1 - RockIslands_2025_05_13_33,GLIB,1,,
10,5/13/2025,"A. Fussell, M. Marquis, Volunteer",Aerial,9:52,12:20,Aerial Count,1,B. Mason,Rock Islands,26.96423,-81.03269,Rock Islands,RockIslands_2025_05_13_1 - RockIslands_2025_05_13_33,GREG,6,,
10,5/13/2025,"A. Fussell, M. Marquis, Volunteer",Aerial,9:52,12:20,Aerial Count,1,B. Mason,Rock Islands,26.96423,-81.03269,Rock Islands,RockIslands_2025_05_13_1 - RockIslands_2025_05_13_33,ANHI,3,,
10,5/13/2025,"A. Fussell, M. Marquis, Volunteer",Aerial,9:52,12:20,Aerial Count,1,B. Mason,Rock Islands,26.96423,-81.03269,Rock Islands,RockIslands_2025_05_13_1 - RockIslands_2025_05_13_33,TRHE,1,,
10,5/13/2025,"A. Fussell, M. Marquis, Volunteer",Aerial,9:52,12:20,Aerial Count,1,B. Mason,Rock Islands,26.96423,-81.03269,Rock Islands,RockIslands_2025_05_13_1 - RockIslands_2025_05_13_33,SMWT,16,,
10,5/13/2025,"A. Fussell, M. Marquis, Volunteer",Aerial,9:52,12:20,Aerial Count,1,B. Mason,Rock Islands,26.96423,-81.03269,Rock Islands,RockIslands_2025_05_13_1 - RockIslands_2025_05_13_33,ROSP,1,,
10,5/13/2025,"A. Fussell, M. Marquis, Volunteer",Aerial,9:52,12:20,Photograph Count,1,B. Mason,Clewiston Spit,26.77799,-80.89818,Clewiston Spit,ClewistonSpit_2025_05_13_1 - ClewistonSpit_2025_05_13_31,GREG,1,,
10,5/13/2025,"A. Fussell, M. Marquis, Volunteer",Aerial,9:52,12:20,Photograph Count,1,B. Mason,Clewiston Spit,26.77799,-80.89818,Clewiston Spit,ClewistonSpit_2025_05_13_1 - ClewistonSpit_2025_05_13_31,SNEG,26,,
10,5/13/2025,"A. Fussell, M. Marquis, Volunteer",Aerial,9:52,12:20,Photograph Count,1,B. Mason,Clewiston Spit,26.77799,-80.89818,Clewiston Spit,ClewistonSpit_2025_05_13_1 - ClewistonSpit_2025_05_13_31,TRHE,1,,
10,5/13/2025,"A. Fussell, M. Marquis, Volunteer",Aerial,9:52,12:20,Photograph Count,1,B. Mason,Clewiston Spit,26.77799,-80.89818,Clewiston Spit,ClewistonSpit_2025_05_13_1 - ClewistonSpit_2025_05_13_31,WHIB,2,,
10,5/13/2025,"A. Fussell, M. Marquis, Volunteer",Aerial,9:52,12:20,Photograph Count,1,B. Mason,Clewiston Spit,26.77799,-80.89818,Clewiston Spit,ClewistonSpit_2025_05_13_1 - ClewistonSpit_2025_05_13_31,SMDK,1,,
10,5/13/2025,"A. Fussell, M. Marquis, Volunteer",Aerial,9:52,12:20,Photograph Count,1,B. Mason,Clewiston Spit 2,26.77224,-80.90241,Clewiston Spit 2,ClewistonSpit2_2025_05_13_1 - ClewistonSpit2_2025_05_13_21,SNEG,18,,
10,5/13/2025,"A. Fussell, M. Marquis, Volunteer",Aerial,9:52,12:20,Photograph Count,1,B. Mason,Clewiston Spit 2,26.77224,-80.90241,Clewiston Spit 2,ClewistonSpit2_2025_05_13_1 - ClewistonSpit2_2025_05_13_21,GREG,39,,
10,5/13/2025,"A. Fussell, M. Marquis, Volunteer",Aerial,9:52,12:20,Photograph Count,1,B. Mason,Clewiston Spit 2,26.77224,-80.90241,Clewiston Spit 2,ClewistonSpit2_2025_05_13_1 - ClewistonSpit2_2025_05_13_21,WHIB,10,,
10,5/13/2025,"A. Fussell, M. Marquis, Volunteer",Aerial,9:52,12:20,Photograph Count,1,B. Mason,Clewiston Spit 2,26.77224,-80.90241,Clewiston Spit 2,ClewistonSpit2_2025_05_13_1 - ClewistonSpit2_2025_05_13_21,SMWT,1,,
10,5/13/2025,"A. Fussell, M. Marquis, Volunteer",Aerial,9:52,12:20,Photograph Count,1,B. Mason,Clewiston Spit 2,26.77224,-80.90241,Clewiston Spit 2,ClewistonSpit2_2025_05_13_1 - ClewistonSpit2_2025_05_13_21,GBHE,1,,
10,5/13/2025,"A. Fussell, M. Marquis, Volunteer",Aerial,9:52,12:20,Photograph Count,1,B. Mason,Clewiston Spit 2,26.77224,-80.90241,Clewiston Spit 2,ClewistonSpit2_2025_05_13_1 - ClewistonSpit2_2025_05_13_21,CAEG,2,,
10,5/13/2025,"A. Fussell, M. Marquis, Volunteer",Aerial,9:52,12:20,Photograph Count,1,B. Mason,Gator Farm,27.01694,-81.06118,Gator Farm,GatorFarm_2025_05_13_1 - GatorFarm_2025_05_13_13,GREG,18,,
10,5/13/2025,"A. Fussell, M. Marquis, Volunteer",Aerial,9:52,12:20,Photograph Count,1,B. Mason,Gator Farm,27.01694,-81.06118,Gator Farm,GatorFarm_2025_05_13_1 - GatorFarm_2025_05_13_13,SNEG,2,,
10,5/13/2025,"A. Fussell, M. Marquis, Volunteer",Aerial,9:52,12:20,Photograph Count,1,B. Mason,Gator Farm,27.01694,-81.06118,Gator Farm,GatorFarm_2025_05_13_1 - GatorFarm_2025_05_13_13,LBHE,1,,
10,5/13/2025,"A. Fussell, M. Marquis, Volunteer",Aerial,9:52,12:20,Photograph Count,1,B. Mason,Gator Farm,27.01694,-81.06118,Gator Farm,GatorFarm_2025_05_13_1 - GatorFarm_2025_05_13_13,CAEG,1,,
10,5/13/2025,"A. Fussell, M. Marquis, Volunteer",Aerial,9:52,12:20,Photograph Count,1,B. Mason,Gun Range,26.8959,-81.12725,Gun Range,GunRange_2025_05_13_1 - GunRange_2025_05_13_12,SNEG,2,,
10,5/13/2025,"A. Fussell, M. Marquis, Volunteer",Aerial,9:52,12:20,Photograph Count,1,B. Mason,Gun Range,26.8959,-81.12725,Gun Range,GunRange_2025_05_13_1 - GunRange_2025_05_13_12,CAEG,4,,
10,5/13/2025,"A. Fussell, M. Marquis, Volunteer",Aerial,9:52,12:20,Photograph Count,1,B. Mason,Gun Range,26.8959,-81.12725,Gun Range,GunRange_2025_05_13_1 - GunRange_2025_05_13_12,ANHI,2,,
10,5/13/2025,"A. Fussell, M. Marquis, Volunteer",Aerial,9:52,12:20,Photograph Count,1,B. Mason,New Colony,26.78775,-81.1062,Lake Hicpochee,LakeHicopochee_2025_05_13_1 - LakeHicopochee_2025_05_13_12,GBHE,1,,
10,5/13/2025,"A. Fussell, M. Marquis, Volunteer",Aerial,9:52,12:20,Photograph Count,1,B. Mason,New Colony,26.78775,-81.1062,Lake Hicpochee,LakeHicopochee_2025_05_13_1 - LakeHicopochee_2025_05_13_12,GREG,6,,
10,5/13/2025,"A. Fussell, M. Marquis, Volunteer",Aerial,9:52,12:20,Photograph Count,1,B. Mason,Lakeport Marina,26.97847,-81.11571,Lakeport Marina,LakeportMarina_2025_05_13_1 - LakeportMarina_2025_05_13_13,WHIB,14,,
10,5/13/2025,"A. Fussell, M. Marquis, Volunteer",Aerial,9:52,12:20,Photograph Count,1,B. Mason,Lakeport Marina,26.97847,-81.11571,Lakeport Marina,LakeportMarina_2025_05_13_1 - LakeportMarina_2025_05_13_13,ANHI,2,,
10,5/13/2025,"A. Fussell, M. Marquis, Volunteer",Aerial,9:52,12:20,Photograph Count,1,B. Mason,Lakeport Marina,26.97847,-81.11571,Lakeport Marina,LakeportMarina_2025_05_13_1 - LakeportMarina_2025_05_13_13,GREG,7,,
10,5/13/2025,"A. Fussell, M. Marquis, Volunteer",Aerial,9:52,12:20,Photograph Count,1,B. Mason,Lakeport Marina,26.97847,-81.11571,Lakeport Marina,LakeportMarina_2025_05_13_1 - LakeportMarina_2025_05_13_13,SNEG,1,,
10,5/13/2025,"A. Fussell, M. Marquis, Volunteer",Aerial,9:52,12:20,Photograph Count,1,B. Mason,Little Bear Beach,26.72121,-80.84225,Little Bear Beach,LittleBearBeach_2025_05_13_1 - LittleBearBeach_2025_05_13_11,WHIB,7,,
10,5/13/2025,"A. Fussell, M. Marquis, Volunteer",Aerial,9:52,12:20,Photograph Count,1,B. Mason,Little Bear Beach,26.72121,-80.84225,Little Bear Beach,LittleBearBeach_2025_05_13_1 - LittleBearBeach_2025_05_13_11,GREG,15,,
10,5/13/2025,"A. Fussell, M. Marquis, Volunteer",Aerial,9:52,12:20,Photograph Count,1,B. Mason,Little Bear Beach,26.72121,-80.84225,Little Bear Beach,LittleBearBeach_2025_05_13_1 - LittleBearBeach_2025_05_13_11,SNEG,4,,
10,5/13/2025,"A. Fussell, M. Marquis, Volunteer",Aerial,9:52,12:20,Photograph Count,1,B. Mason,Little Bear Beach,26.72121,-80.84225,Little Bear Beach,LittleBearBeach_2025_05_13_1 - LittleBearBeach_2025_05_13_11,GLIB,1,,
10,5/13/2025,"A. Fussell, M. Marquis, Volunteer",Aerial,9:52,12:20,Photograph Count,1,B. Mason,Moonshine Bay,26.90979,-81.02355,Moonshine Bay,MoonshineBay_2025_05_13_1 - MoonshineBay_2025_05_13_28,ANHI,9,,
10,5/13/2025,"A. Fussell, M. Marquis, Volunteer",Aerial,9:52,12:20,Photograph Count,1,B. Mason,Moonshine Bay,26.90979,-81.02355,Moonshine Bay,MoonshineBay_2025_05_13_1 - MoonshineBay_2025_05_13_28,SMDK,1,,
10,5/13/2025,"A. Fussell, M. Marquis, Volunteer",Aerial,9:52,12:20,Photograph Count,1,B. Mason,Moonshine Bay,26.90979,-81.02355,Moonshine Bay,MoonshineBay_2025_05_13_1 - MoonshineBay_2025_05_13_28,SMWT,1,,
10,5/13/2025,"A. Fussell, M. Marquis, Volunteer",Aerial,9:52,12:20,Photograph Count,1,B. Mason,Moonshine Bay,26.90979,-81.02355,Moonshine Bay,MoonshineBay_2025_05_13_1 - MoonshineBay_2025_05_13_28,SNEG,1,,
10,5/13/2025,"A. Fussell, M. Marquis, Volunteer",Aerial,9:52,12:20,Photograph Count,1,B. Mason,Moonshine Bay,26.90979,-81.02355,Moonshine Bay,MoonshineBay_2025_05_13_1 - MoonshineBay_2025_05_13_28,GBHE,3,,
10,5/13/2025,"A. Fussell, M. Marquis, Volunteer",Aerial,9:52,12:20,Photograph Count,1,B. Mason,Moonshine Bay,26.90979,-81.02355,Moonshine Bay,MoonshineBay_2025_05_13_1 - MoonshineBay_2025_05_13_28,GREG,4,,
10,5/13/2025,"A. Fussell, M. Marquis, Volunteer",Aerial,9:52,12:20,Photograph Count,1,B. Mason,Moonshine Bay,26.90979,-81.02355,Moonshine Bay,MoonshineBay_2025_05_13_1 - MoonshineBay_2025_05_13_28,WHIB,18,,
10,5/13/2025,"A. Fussell, M. Marquis, Volunteer",Aerial,9:52,12:20,Photograph Count,1,B. Mason,Pahokee,26.77306,-80.6975,Pahokee,Pahokee_2025_05_13_1 - Pahokee_2025_05_13_18,CAEG,19,,
10,5/13/2025,"A. Fussell, M. Marquis, Volunteer",Aerial,9:52,12:20,Photograph Count,1,B. Mason,Pahokee,26.77306,-80.6975,Pahokee,Pahokee_2025_05_13_1 - Pahokee_2025_05_13_18,SNEG,1,,
10,5/13/2025,"A. Fussell, M. Marquis, Volunteer",Aerial,9:52,12:20,Photograph Count,1,B. Mason,Pahokee,26.77306,-80.6975,Pahokee,Pahokee_2025_05_13_1 - Pahokee_2025_05_13_18,WHIB,5,,
10,5/13/2025,"A. Fussell, M. Marquis, Volunteer",Aerial,9:52,12:20,Photograph Count,1,B. Mason,Pahokee,26.77306,-80.6975,Pahokee,Pahokee_2025_05_13_1 - Pahokee_2025_05_13_18,DCCO,2,,
10,5/13/2025,"A. Fussell, M. Marquis, Volunteer",Aerial,9:52,12:20,Photograph Count,1,B. Mason,Pahokee,26.77306,-80.6975,Pahokee,Pahokee_2025_05_13_1 - Pahokee_2025_05_13_18,GREG,2,,
10,5/13/2025,"A. Fussell, M. Marquis, Volunteer",Aerial,9:52,12:20,Photograph Count,1,B. Mason,Pahokee,26.77306,-80.6975,Pahokee,Pahokee_2025_05_13_1 - Pahokee_2025_05_13_18,SMWT,2,,
10,5/13/2025,"A. Fussell, M. Marquis, Volunteer",Aerial,9:52,12:20,Photograph Count,1,B. Mason,Rock Islands,26.96423,-81.03269,Rock Islands,RockIslands_2025_05_13_1 - RockIslands_2025_05_13_33,GBHE,5,,
10,5/13/2025,"A. Fussell, M. Marquis, Volunteer",Aerial,9:52,12:20,Photograph Count,1,B. Mason,Rock Islands,26.96423,-81.03269,Rock Islands,RockIslands_2025_05_13_1 - RockIslands_2025_05_13_34,WHIB,83,,
10,5/13/2025,"A. Fussell, M. Marquis, Volunteer",Aerial,9:52,12:20,Photograph Count,1,B. Mason,Rock Islands,26.96423,-81.03269,Rock Islands,RockIslands_2025_05_13_1 - RockIslands_2025_05_13_35,SNEG,201,,
10,5/13/2025,"A. Fussell, M. Marquis, Volunteer",Aerial,9:52,12:20,Photograph Count,1,B. Mason,Rock Islands,26.96423,-81.03269,Rock Islands,RockIslands_2025_05_13_1 - RockIslands_2025_05_13_36,GREG,6,,
10,5/13/2025,"A. Fussell, M. Marquis, Volunteer",Aerial,9:52,12:20,Photograph Count,1,B. Mason,Rock Islands,26.96423,-81.03269,Rock Islands,RockIslands_2025_05_13_1 - RockIslands_2025_05_13_37,GLIB,1,,
10,5/13/2025,"A. Fussell, M. Marquis, Volunteer",Aerial,9:52,12:20,Photograph Count,1,B. Mason,Rock Islands,26.96423,-81.03269,Rock Islands,RockIslands_2025_05_13_1 - RockIslands_2025_05_13_38,ANHI,2,,
10,5/13/2025,"A. Fussell, M. Marquis, Volunteer",Aerial,9:52,12:20,Photograph Count,1,B. Mason,Rock Islands,26.96423,-81.03269,Rock Islands,RockIslands_2025_05_13_1 - RockIslands_2025_05_13_39,TRHE,1,,
10,5/13/2025,"A. Fussell, M. Marquis, Volunteer",Aerial,9:52,12:20,Photograph Count,1,B. Mason,Rock Islands,26.96423,-81.03269,Rock Islands,RockIslands_2025_05_13_1 - RockIslands_2025_05_13_39,SMWT,16,,
10,5/13/2025,"A. Fussell, M. Marquis, Volunteer",Aerial,9:52,12:20,Photograph Count,1,B. Mason,Rock Islands,26.96423,-81.03269,Rock Islands,RockIslands_2025_05_13_1 - RockIslands_2025_05_13_39,ROSP,1,,
10,5/13/2025,"A. Fussell, M. Marquis, Volunteer",Aerial,9:52,12:20,Photograph Count,1,A. Fussell,Clewiston Spit,26.77799,-80.89818,Clewiston Spit,ClewistonSpit_2025_05_13_1 - ClewistonSpit_2025_05_13_31,GREG,17,,
10,5/13/2025,"A. Fussell, M. Marquis, Volunteer",Aerial,9:52,12:20,Photograph Count,1,A. Fussell,Clewiston Spit,26.77799,-80.89818,Clewiston Spit,ClewistonSpit_2025_05_13_1 - ClewistonSpit_2025_05_13_31,SNEG,20,,
10,5/13/2025,"A. Fussell, M. Marquis, Volunteer",Aerial,9:52,12:20,Photograph Count,1,A. Fussell,Clewiston Spit,26.77799,-80.89818,Clewiston Spit,ClewistonSpit_2025_05_13_1 - ClewistonSpit_2025_05_13_31,TRHE,2,,
10,5/13/2025,"A. Fussell, M. Marquis, Volunteer",Aerial,9:52,12:20,Photograph Count,1,A. Fussell,Clewiston Spit,26.77799,-80.89818,Clewiston Spit,ClewistonSpit_2025_05_13_1 - ClewistonSpit_2025_05_13_31,WHIB,7,,
10,5/13/2025,"A. Fussell, M. Marquis, Volunteer",Aerial,9:52,12:20,Photograph Count,1,A. Fussell,Clewiston Spit,26.77799,-80.89818,Clewiston Spit,ClewistonSpit_2025_05_13_1 - ClewistonSpit_2025_05_13_31,ANHI,2,,
10,5/13/2025,"A. Fussell, M. Marquis, Volunteer",Aerial,9:52,12:20,Photograph Count,1,A. Fussell,Clewiston Spit 2,26.77224,-80.90241,Clewiston Spit 2,ClewistonSpit2_2025_05_13_1 - ClewistonSpit2_2025_05_13_21,GREG,83,,
10,5/13/2025,"A. Fussell, M. Marquis, Volunteer",Aerial,9:52,12:20,Photograph Count,1,A. Fussell,Clewiston Spit 2,26.77224,-80.90241,Clewiston Spit 2,ClewistonSpit2_2025_05_13_1 - ClewistonSpit2_2025_05_13_21,SNEG,26,,
10,5/13/2025,"A. Fussell, M. Marquis, Volunteer",Aerial,9:52,12:20,Photograph Count,1,A. Fussell,Clewiston Spit 2,26.77224,-80.90241,Clewiston Spit 2,ClewistonSpit2_2025_05_13_1 - ClewistonSpit2_2025_05_13_21,TRHE,1,,
10,5/13/2025,"A. Fussell, M. Marquis, Volunteer",Aerial,9:52,12:20,Photograph Count,1,A. Fussell,Clewiston Spit 2,26.77224,-80.90241,Clewiston Spit 2,ClewistonSpit2_2025_05_13_1 - ClewistonSpit2_2025_05_13_21,SMWT,1,,
10,5/13/2025,"A. Fussell, M. Marquis, Volunteer",Aerial,9:52,12:20,Photograph Count,1,A. Fussell,Clewiston Spit 2,26.77224,-80.90241,Clewiston Spit 2,ClewistonSpit2_2025_05_13_1 - ClewistonSpit2_2025_05_13_21,GBHE,1,,
10,5/13/2025,"A. Fussell, M. Marquis, Volunteer",Aerial,9:52,12:20,Photograph Count,1,A. Fussell,Gator Farm,27.01694,-81.06118,Gator Farm,GatorFarm_2025_05_13_1 - GatorFarm_2025_05_13_13,GREG,9,,
10,5/13/2025,"A. Fussell, M. Marquis, Volunteer",Aerial,9:52,12:20,Photograph Count,1,A. Fussell,Gator Farm,27.01694,-81.06118,Gator Farm,GatorFarm_2025_05_13_1 - GatorFarm_2025_05_13_13,SNEG,20,,
10,5/13/2025,"A. Fussell, M. Marquis, Volunteer",Aerial,9:52,12:20,Photograph Count,1,A. Fussell,Gator Farm,27.01694,-81.06118,Gator Farm,GatorFarm_2025_05_13_1 - GatorFarm_2025_05_13_13,CAEG,1,,
10,5/13/2025,"A. Fussell, M. Marquis, Volunteer",Aerial,9:52,12:20,Photograph Count,1,A. Fussell,Gator Farm,27.01694,-81.06118,Gator Farm,GatorFarm_2025_05_13_1 - GatorFarm_2025_05_13_13,LBHE,2,,
10,5/13/2025,"A. Fussell, M. Marquis, Volunteer",Aerial,9:52,12:20,Photograph Count,1,A. Fussell,Gun Range,26.8959,-81.12725,Gun Range,GunRange_2025_05_13_1 - GunRange_2025_05_13_12,SNEG,4,,
10,5/13/2025,"A. Fussell, M. Marquis, Volunteer",Aerial,9:52,12:20,Photograph Count,1,A. Fussell,Gun Range,26.8959,-81.12725,Gun Range,GunRange_2025_05_13_1 - GunRange_2025_05_13_12,CAEG,5,,
10,5/13/2025,"A. Fussell, M. Marquis, Volunteer",Aerial,9:52,12:20,Photograph Count,1,A. Fussell,Gun Range,26.8959,-81.12725,Gun Range,GunRange_2025_05_13_1 - GunRange_2025_05_13_12,ANHI,7,,
10,5/13/2025,"A. Fussell, M. Marquis, Volunteer",Aerial,9:52,12:20,Photograph Count,1,A. Fussell,Gun Range,26.8959,-81.12725,Gun Range,GunRange_2025_05_13_1 - GunRange_2025_05_13_12,DCCO,1,,
10,5/13/2025,"A. Fussell, M. Marquis, Volunteer",Aerial,9:52,12:20,Photograph Count,1,A. Fussell,New Colony,26.78775,-81.1062,Lake Hicpochee,LakeHicopochee_2025_05_13_1 - LakeHicopochee_2025_05_13_12,GREG,4,,
10,5/13/2025,"A. Fussell, M. Marquis, Volunteer",Aerial,9:52,12:20,Photograph Count,1,J. Mulling,Lakeport Marina,26.97847,-81.11571,Lakeport Marina,LakeportMarina_2025_05_13_1 - LakeportMarina_2025_05_13_13,WHIB,17,,
10,5/13/2025,"A. Fussell, M. Marquis, Volunteer",Aerial,9:52,12:20,Photograph Count,1,J. Mulling,Lakeport Marina,26.97847,-81.11571,Lakeport Marina,LakeportMarina_2025_05_13_1 - LakeportMarina_2025_05_13_13,SNEG,4,,
10,5/13/2025,"A. Fussell, M. Marquis, Volunteer",Aerial,9:52,12:20,Photograph Count,1,J. Mulling,Lakeport Marina,26.97847,-81.11571,Lakeport Marina,LakeportMarina_2025_05_13_1 - LakeportMarina_2025_05_13_13,GREG,9,,
10,5/13/2025,"A. Fussell, M. Marquis, Volunteer",Aerial,9:52,12:20,Photograph Count,1,J. Mulling,Lakeport Marina,26.97847,-81.11571,Lakeport Marina,LakeportMarina_2025_05_13_1 - LakeportMarina_2025_05_13_13,ANHI,2,,
10,5/13/2025,"A. Fussell, M. Marquis, Volunteer",Aerial,9:52,12:20,Photograph Count,1,J. Mulling,Little Bear Beach,26.72121,-80.84225,Little Bear Beach,LittleBearBeach_2025_05_13_1 - LittleBearBeach_2025_05_13_11,WHIB,11,,
10,5/13/2025,"A. Fussell, M. Marquis, Volunteer",Aerial,9:52,12:20,Photograph Count,1,J. Mulling,Little Bear Beach,26.72121,-80.84225,Little Bear Beach,LittleBearBeach_2025_05_13_1 - LittleBearBeach_2025_05_13_11,GREG,22,,
10,5/13/2025,"A. Fussell, M. Marquis, Volunteer",Aerial,9:52,12:20,Photograph Count,1,J. Mulling,Little Bear Beach,26.72121,-80.84225,Little Bear Beach,LittleBearBeach_2025_05_13_1 - LittleBearBeach_2025_05_13_11,SNEG,15,,
10,5/13/2025,"A. Fussell, M. Marquis, Volunteer",Aerial,9:52,12:20,Photograph Count,1,J. Mulling,Little Bear Beach,26.72121,-80.84225,Little Bear Beach,LittleBearBeach_2025_05_13_1 - LittleBearBeach_2025_05_13_11,TRHE,1,,
10,5/13/2025,"A. Fussell, M. Marquis, Volunteer",Aerial,9:52,12:20,Photograph Count,1,J. Mulling,Little Bear Beach,26.72121,-80.84225,Little Bear Beach,LittleBearBeach_2025_05_13_1 - LittleBearBeach_2025_05_13_11,GLIB,1,,
10,5/13/2025,"A. Fussell, M. Marquis, Volunteer",Aerial,9:52,12:20,Photograph Count,1,J. Mulling,Moonshine Bay,26.90979,-81.02355,Moonshine Bay,MoonshineBay_2025_05_13_1 - MoonshineBay_2025_05_13_28,ANHI,8,,
10,5/13/2025,"A. Fussell, M. Marquis, Volunteer",Aerial,9:52,12:20,Photograph Count,1,J. Mulling,Moonshine Bay,26.90979,-81.02355,Moonshine Bay,MoonshineBay_2025_05_13_1 - MoonshineBay_2025_05_13_28,SNEG,9,,
10,5/13/2025,"A. Fussell, M. Marquis, Volunteer",Aerial,9:52,12:20,Photograph Count,1,J. Mulling,Moonshine Bay,26.90979,-81.02355,Moonshine Bay,MoonshineBay_2025_05_13_1 - MoonshineBay_2025_05_13_28,WHIB,26,,
10,5/13/2025,"A. Fussell, M. Marquis, Volunteer",Aerial,9:52,12:20,Photograph Count,1,J. Mulling,Moonshine Bay,26.90979,-81.02355,Moonshine Bay,MoonshineBay_2025_05_13_1 - MoonshineBay_2025_05_13_28,GBHE,4,,
10,5/13/2025,"A. Fussell, M. Marquis, Volunteer",Aerial,9:52,12:20,Photograph Count,1,J. Mulling,Moonshine Bay,26.90979,-81.02355,Moonshine Bay,MoonshineBay_2025_05_13_1 - MoonshineBay_2025_05_13_28,GREG,6,,
10,5/13/2025,"A. Fussell, M. Marquis, Volunteer",Aerial,9:52,12:20,Photograph Count,1,J. Mulling,Pahokee,26.77306,-80.6975,Pahokee,Pahokee_2025_05_13_1 - Pahokee_2025_05_13_18,WHIB,15,,
10,5/13/2025,"A. Fussell, M. Marquis, Volunteer",Aerial,9:52,12:20,Photograph Count,1,J. Mulling,Pahokee,26.77306,-80.6975,Pahokee,Pahokee_2025_05_13_1 - Pahokee_2025_05_13_18,SNEG,2,,
10,5/13/2025,"A. Fussell, M. Marquis, Volunteer",Aerial,9:52,12:20,Photograph Count,1,J. Mulling,Pahokee,26.77306,-80.6975,Pahokee,Pahokee_2025_05_13_1 - Pahokee_2025_05_13_18,CAEG,21,,
10,5/13/2025,"A. Fussell, M. Marquis, Volunteer",Aerial,9:52,12:20,Photograph Count,1,J. Mulling,Pahokee,26.77306,-80.6975,Pahokee,Pahokee_2025_05_13_1 - Pahokee_2025_05_13_18,DCCO,2,,
10,5/13/2025,"A. Fussell, M. Marquis, Volunteer",Aerial,9:52,12:20,Photograph Count,1,J. Mulling,Pahokee,26.77306,-80.6975,Pahokee,Pahokee_2025_05_13_1 - Pahokee_2025_05_13_18,GREG,2,,
10,5/13/2025,"A. Fussell, M. Marquis, Volunteer",Aerial,9:52,12:20,Photograph Count,1,J. Mulling,Rock Islands,26.96423,-81.03269,Rock Islands,RockIslands_2025_05_13_1 - RockIslands_2025_05_13_33,GBHE,7,,
10,5/13/2025,"A. Fussell, M. Marquis, Volunteer",Aerial,9:52,12:20,Photograph Count,1,J. Mulling,Rock Islands,26.96423,-81.03269,Rock Islands,RockIslands_2025_05_13_1 - RockIslands_2025_05_13_34,GLIB,1,,
10,5/13/2025,"A. Fussell, M. Marquis, Volunteer",Aerial,9:52,12:20,Photograph Count,1,J. Mulling,Rock Islands,26.96423,-81.03269,Rock Islands,RockIslands_2025_05_13_1 - RockIslands_2025_05_13_35,SNEG,112,,
10,5/13/2025,"A. Fussell, M. Marquis, Volunteer",Aerial,9:52,12:20,Photograph Count,1,J. Mulling,Rock Islands,26.96423,-81.03269,Rock Islands,RockIslands_2025_05_13_1 - RockIslands_2025_05_13_36,WHIB,135,,
10,5/13/2025,"A. Fussell, M. Marquis, Volunteer",Aerial,9:52,12:20,Photograph Count,1,J. Mulling,Rock Islands,26.96423,-81.03269,Rock Islands,RockIslands_2025_05_13_1 - RockIslands_2025_05_13_37,SMWT,12,,
10,5/13/2025,"A. Fussell, M. Marquis, Volunteer",Aerial,9:52,12:20,Photograph Count,1,J. Mulling,Rock Islands,26.96423,-81.03269,Rock Islands,RockIslands_2025_05_13_1 - RockIslands_2025_05_13_38,ROSP,1,,
10,5/13/2025,"A. Fussell, M. Marquis, Volunteer",Aerial,9:52,12:20,Photograph Count,1,J. Mulling,Rock Islands,26.96423,-81.03269,Rock Islands,RockIslands_2025_05_13_1 - RockIslands_2025_05_13_39,ANHI,1,,
11,6/6/2025,"A. Fussell, M. Marquis, Volunteer",Aerial,8:55,11:23,Aerial Count,1,A. Fussell,33,26.72121,-80.84225,Little Bear Beach,12-Jan,WHIB,200,,
11,6/6/2025,"A. Fussell, M. Marquis, Volunteer",Aerial,8:55,11:23,Aerial Count,1,A. Fussell,33,26.72121,-80.84225,Little Bear Beach,12-Jan,CAEG,10,,
11,6/6/2025,"A. Fussell, M. Marquis, Volunteer",Aerial,8:55,11:23,Aerial Count,1,A. Fussell,34,26.77306,-80.6975,Pahokee,13-31,WHIB,100,,
11,6/6/2025,"A. Fussell, M. Marquis, Volunteer",Aerial,8:55,11:23,Aerial Count,1,A. Fussell,35,26.77799,-80.89818,Clewiston Spit,32-50,"WHIB, GREG",150,,
11,6/6/2025,"A. Fussell, M. Marquis, Volunteer",Aerial,8:55,11:23,Aerial Count,1,A. Fussell,36,26.77224,-80.90241,Clewiston Spit 2,51-60,"GREG, WHIB",100,,
11,6/6/2025,"A. Fussell, M. Marquis, Volunteer",Aerial,8:55,11:23,Aerial Count,1,A. Fussell,37,26.8959,-81.12725,Gun Range,61-68,WHIB,5,,
11,6/6/2025,"A. Fussell, M. Marquis, Volunteer",Aerial,8:55,11:23,Aerial Count,1,A. Fussell,37,26.8959,-81.12725,Gun Range,61-68,CAEG,10,,
11,6/6/2025,"A. Fussell, M. Marquis, Volunteer",Aerial,8:55,11:23,Aerial Count,1,A. Fussell,38,26.96423,-81.03269,Rock Islands,69-88,WHIB,50,,
11,6/6/2025,"A. Fussell, M. Marquis, Volunteer",Aerial,8:55,11:23,Aerial Count,1,A. Fussell,38,26.96423,-81.03269,Rock Islands,69-88,CAEG,50,,
11,6/6/2025,"A. Fussell, M. Marquis, Volunteer",Aerial,8:55,11:23,Aerial Count,1,A. Fussell,38,26.96423,-81.03269,Rock Islands,69-88,ROSP,20,,
11,6/6/2025,"A. Fussell, M. Marquis, Volunteer",Aerial,8:55,11:23,Aerial Count,1,A. Fussell,39,26.97847,-81.11571,Lakeport Marina,89-96,"GREG, CAEG, WHIB",80,,
11,6/6/2025,"A. Fussell, M. Marquis, Volunteer",Aerial,8:55,11:23,Aerial Count,1,A. Fussell,40,27.01694,-81.06118,Gator Farm,97-104,"GREG, CAEG, WHIB",50,,
11,6/6/2025,"A. Fussell, M. Marquis, Volunteer",Aerial,8:55,11:23,Aerial Count,1,A. Fussell,41,27.1725,-80.83765,Eagle Bay Island,105-115,WHIB,120,,
11,6/6/2025,"A. Fussell, M. Marquis, Volunteer",Aerial,8:55,11:23,Photograph Count,1,B. Mason,Clewiston Spit,26.77799,-80.89818,Clewiston Spit,ClewistonSpit_2025_06_06_1 - ClewistonSpit_2025_06_06_19,ROSP,,17,
11,6/6/2025,"A. Fussell, M. Marquis, Volunteer",Aerial,8:55,11:23,Photograph Count,1,B. Mason,Clewiston Spit,26.77799,-80.89818,Clewiston Spit,ClewistonSpit_2025_06_06_1 - ClewistonSpit_2025_06_06_19,SNEG,,605,
11,6/6/2025,"A. Fussell, M. Marquis, Volunteer",Aerial,8:55,11:23,Photograph Count,1,B. Mason,Clewiston Spit,26.77799,-80.89818,Clewiston Spit,ClewistonSpit_2025_06_06_1 - ClewistonSpit_2025_06_06_19,WHIB,,99,
11,6/6/2025,"A. Fussell, M. Marquis, Volunteer",Aerial,8:55,11:23,Photograph Count,1,B. Mason,Clewiston Spit,26.77799,-80.89818,Clewiston Spit,ClewistonSpit_2025_06_06_1 - ClewistonSpit_2025_06_06_19,GREG,,77,
11,6/6/2025,"A. Fussell, M. Marquis, Volunteer",Aerial,8:55,11:23,Photograph Count,1,B. Mason,Clewiston Spit,26.77799,-80.89818,Clewiston Spit,ClewistonSpit_2025_06_06_1 - ClewistonSpit_2025_06_06_19,GBHE,,4,
11,6/6/2025,"A. Fussell, M. Marquis, Volunteer",Aerial,8:55,11:23,Photograph Count,1,B. Mason,Clewiston Spit,26.77799,-80.89818,Clewiston Spit,ClewistonSpit_2025_06_06_1 - ClewistonSpit_2025_06_06_19,TRHE,1,16,
11,6/6/2025,"A. Fussell, M. Marquis, Volunteer",Aerial,8:55,11:23,Photograph Count,1,B. Mason,Clewiston Spit,26.77799,-80.89818,Clewiston Spit,ClewistonSpit_2025_06_06_1 - ClewistonSpit_2025_06_06_19,ANHI,,1,
11,6/6/2025,"A. Fussell, M. Marquis, Volunteer",Aerial,8:55,11:23,Photograph Count,1,B. Mason,Clewiston Spit,26.77799,-80.89818,Clewiston Spit,ClewistonSpit_2025_06_06_1 - ClewistonSpit_2025_06_06_19,CAEG,200,1,
11,6/6/2025,"A. Fussell, M. Marquis, Volunteer",Aerial,8:55,11:23,Photograph Count,1,B. Mason,Clewiston Spit 2,26.77224,-80.90241,Clewiston Spit 2,ClewistonSpit2_2025_06_06_1 - ClewistonSpit_2025_06_06_10,GREG,31,77,
11,6/6/2025,"A. Fussell, M. Marquis, Volunteer",Aerial,8:55,11:23,Photograph Count,1,B. Mason,Clewiston Spit 2,26.77224,-80.90241,Clewiston Spit 2,ClewistonSpit2_2025_06_06_1 - ClewistonSpit_2025_06_06_10,GBHE,2,1,
11,6/6/2025,"A. Fussell, M. Marquis, Volunteer",Aerial,8:55,11:23,Photograph Count,1,B. Mason,Clewiston Spit 2,26.77224,-80.90241,Clewiston Spit 2,ClewistonSpit2_2025_06_06_1 - ClewistonSpit_2025_06_06_10,WHIB,,80,
11,6/6/2025,"A. Fussell, M. Marquis, Volunteer",Aerial,8:55,11:23,Photograph Count,1,B. Mason,Clewiston Spit 2,26.77224,-80.90241,Clewiston Spit 2,ClewistonSpit2_2025_06_06_1 - ClewistonSpit_2025_06_06_10,SNEG,2,26,
11,6/6/2025,"A. Fussell, M. Marquis, Volunteer",Aerial,8:55,11:23,Photograph Count,1,B. Mason,Clewiston Spit 2,26.77224,-80.90241,Clewiston Spit 2,ClewistonSpit2_2025_06_06_1 - ClewistonSpit_2025_06_06_10,ROSP,3,2,
11,6/6/2025,"A. Fussell, M. Marquis, Volunteer",Aerial,8:55,11:23,Photograph Count,1,B. Mason,Eagle Bay Island,27.1725,-80.83765,Eagle Bay Island,EagleBayIsland_2025_06_06_1 - EagleBayIsland_2025_06_06_11,WHIB,400,646,
11,6/6/2025,"A. Fussell, M. Marquis, Volunteer",Aerial,8:55,11:23,Photograph Count,1,B. Mason,Eagle Bay Island,27.1725,-80.83765,Eagle Bay Island,EagleBayIsland_2025_06_06_1 - EagleBayIsland_2025_06_06_11,GREG,,7,
11,6/6/2025,"A. Fussell, M. Marquis, Volunteer",Aerial,8:55,11:23,Photograph Count,1,B. Mason,Gator Farm,27.01694,-81.06118,Gator Farm,GatorFarm_2025_06_06_1 - GatorFarm_2025_06_06_8,CAEG,40,123,
11,6/6/2025,"A. Fussell, M. Marquis, Volunteer",Aerial,8:55,11:23,Photograph Count,1,B. Mason,Gator Farm,27.01694,-81.06118,Gator Farm,GatorFarm_2025_06_06_1 - GatorFarm_2025_06_06_8,WHIB,,1,
11,6/6/2025,"A. Fussell, M. Marquis, Volunteer",Aerial,8:55,11:23,Photograph Count,1,B. Mason,Gator Farm,27.01694,-81.06118,Gator Farm,GatorFarm_2025_06_06_1 - GatorFarm_2025_06_06_8,SNEG,2,1,
11,6/6/2025,"A. Fussell, M. Marquis, Volunteer",Aerial,8:55,11:23,Photograph Count,1,B. Mason,Gator Farm,27.01694,-81.06118,Gator Farm,GatorFarm_2025_06_06_1 - GatorFarm_2025_06_06_8,ANHI,2,10,
11,6/6/2025,"A. Fussell, M. Marquis, Volunteer",Aerial,8:55,11:23,Photograph Count,1,B. Mason,Gator Farm,27.01694,-81.06118,Gator Farm,GatorFarm_2025_06_06_1 - GatorFarm_2025_06_06_8,GREG,13,29,
11,6/6/2025,"A. Fussell, M. Marquis, Volunteer",Aerial,8:55,11:23,Photograph Count,1,B. Mason,Gun Range,26.8959,-81.12725,Gun Range,GunRange_2025_06_06_1 - GunRange_2025_06_06_8,CAEG,70,14,
11,6/6/2025,"A. Fussell, M. Marquis, Volunteer",Aerial,8:55,11:23,Photograph Count,1,B. Mason,Gun Range,26.8959,-81.12725,Gun Range,GunRange_2025_06_06_1 - GunRange_2025_06_06_8,WHIB,1,180,
11,6/6/2025,"A. Fussell, M. Marquis, Volunteer",Aerial,8:55,11:23,Photograph Count,1,B. Mason,Gun Range,26.8959,-81.12725,Gun Range,GunRange_2025_06_06_1 - GunRange_2025_06_06_8,GREG,,3,
11,6/6/2025,"A. Fussell, M. Marquis, Volunteer",Aerial,8:55,11:23,Photograph Count,1,B. Mason,Gun Range,26.8959,-81.12725,Gun Range,GunRange_2025_06_06_1 - GunRange_2025_06_06_8,ANHI,,13,
11,6/6/2025,"A. Fussell, M. Marquis, Volunteer",Aerial,8:55,11:23,Photograph Count,1,B. Mason,Gun Range,26.8959,-81.12725,Gun Range,GunRange_2025_06_06_1 - GunRange_2025_06_06_8,SNEG,,3,
11,6/6/2025,"A. Fussell, M. Marquis, Volunteer",Aerial,8:55,11:23,Photograph Count,1,B. Mason,Little Bear Beach,26.72121,-80.84225,Little Bear Beach,LittleBearBeach_2025_06_06_1 - LittleBearBeach_2025_06_06_12,GREG,6,31,
11,6/6/2025,"A. Fussell, M. Marquis, Volunteer",Aerial,8:55,11:23,Photograph Count,1,B. Mason,Little Bear Beach,26.72121,-80.84225,Little Bear Beach,LittleBearBeach_2025_06_06_1 - LittleBearBeach_2025_06_06_12,SNEG,,43,
11,6/6/2025,"A. Fussell, M. Marquis, Volunteer",Aerial,8:55,11:23,Photograph Count,1,B. Mason,Little Bear Beach,26.72121,-80.84225,Little Bear Beach,LittleBearBeach_2025_06_06_1 - LittleBearBeach_2025_06_06_12,WHIB,,391,
11,6/6/2025,"A. Fussell, M. Marquis, Volunteer",Aerial,8:55,11:23,Photograph Count,1,B. Mason,Little Bear Beach,26.72121,-80.84225,Little Bear Beach,LittleBearBeach_2025_06_06_1 - LittleBearBeach_2025_06_06_12,ANHI,,7,
11,6/6/2025,"A. Fussell, M. Marquis, Volunteer",Aerial,8:55,11:23,Photograph Count,1,B. Mason,Little Bear Beach,26.72121,-80.84225,Little Bear Beach,LittleBearBeach_2025_06_06_1 - LittleBearBeach_2025_06_06_12,ROSP,,1,
11,6/6/2025,"A. Fussell, M. Marquis, Volunteer",Aerial,8:55,11:23,Photograph Count,1,B. Mason,Little Bear Beach,26.72121,-80.84225,Little Bear Beach,LittleBearBeach_2025_06_06_1 - LittleBearBeach_2025_06_06_12,CAEG,7,1,
11,6/6/2025,"A. Fussell, M. Marquis, Volunteer",Aerial,8:55,11:23,Photograph Count,1,B. Mason,Lakeport Marina,26.97847,-81.11571,Lakeport Marina,LakeportMarina_2025_06_06_1 - LakeportMarina_2025_06_06_8,CAEG,39,442,
11,6/6/2025,"A. Fussell, M. Marquis, Volunteer",Aerial,8:55,11:23,Photograph Count,1,B. Mason,Lakeport Marina,26.97847,-81.11571,Lakeport Marina,LakeportMarina_2025_06_06_1 - LakeportMarina_2025_06_06_8,GREG,,21,
11,6/6/2025,"A. Fussell, M. Marquis, Volunteer",Aerial,8:55,11:23,Photograph Count,1,B. Mason,Lakeport Marina,26.97847,-81.11571,Lakeport Marina,LakeportMarina_2025_06_06_1 - LakeportMarina_2025_06_06_8,ANHI,,3,
11,6/6/2025,"A. Fussell, M. Marquis, Volunteer",Aerial,8:55,11:23,Photograph Count,1,B. Mason,Pahokee,26.77306,-80.6975,Pahokee,Pahokee_2025_06_06_1 - Pahokee_2025_06_06_19,WHIB,,156,
11,6/6/2025,"A. Fussell, M. Marquis, Volunteer",Aerial,8:55,11:23,Photograph Count,1,B. Mason,Pahokee,26.77306,-80.6975,Pahokee,Pahokee_2025_06_06_1 - Pahokee_2025_06_06_19,SNEG,,32,
11,6/6/2025,"A. Fussell, M. Marquis, Volunteer",Aerial,8:55,11:23,Photograph Count,1,B. Mason,Pahokee,26.77306,-80.6975,Pahokee,Pahokee_2025_06_06_1 - Pahokee_2025_06_06_19,ANHI,,6,
11,6/6/2025,"A. Fussell, M. Marquis, Volunteer",Aerial,8:55,11:23,Photograph Count,1,B. Mason,Pahokee,26.77306,-80.6975,Pahokee,Pahokee_2025_06_06_1 - Pahokee_2025_06_06_19,CAEG,15,1,
11,6/6/2025,"A. Fussell, M. Marquis, Volunteer",Aerial,8:55,11:23,Photograph Count,1,B. Mason,Rock Islands,26.96423,-81.03269,Rock Islands,RockIslands_2025_06_06_1 - RockIslands_2025_06_06_20,ANHI,1,6,
11,6/6/2025,"A. Fussell, M. Marquis, Volunteer",Aerial,8:55,11:23,Photograph Count,1,B. Mason,Rock Islands,26.96423,-81.03269,Rock Islands,RockIslands_2025_06_06_1 - RockIslands_2025_06_06_20,CAEG,21,42,
11,6/6/2025,"A. Fussell, M. Marquis, Volunteer",Aerial,8:55,11:23,Photograph Count,1,B. Mason,Rock Islands,26.96423,-81.03269,Rock Islands,RockIslands_2025_06_06_1 - RockIslands_2025_06_06_20,GBHE,5,4,
11,6/6/2025,"A. Fussell, M. Marquis, Volunteer",Aerial,8:55,11:23,Photograph Count,1,B. Mason,Rock Islands,26.96423,-81.03269,Rock Islands,RockIslands_2025_06_06_1 - RockIslands_2025_06_06_20,WHIB,,225,
11,6/6/2025,"A. Fussell, M. Marquis, Volunteer",Aerial,8:55,11:23,Photograph Count,1,B. Mason,Rock Islands,26.96423,-81.03269,Rock Islands,RockIslands_2025_06_06_1 - RockIslands_2025_06_06_20,GREG,,19,
11,6/6/2025,"A. Fussell, M. Marquis, Volunteer",Aerial,8:55,11:23,Photograph Count,1,B. Mason,Rock Islands,26.96423,-81.03269,Rock Islands,RockIslands_2025_06_06_1 - RockIslands_2025_06_06_20,SNEG,4,154,
11,6/6/2025,"A. Fussell, M. Marquis, Volunteer",Aerial,8:55,11:23,Photograph Count,1,B. Mason,Rock Islands,26.96423,-81.03269,Rock Islands,RockIslands_2025_06_06_1 - RockIslands_2025_06_06_20,ROSP,2,115,
11,6/6/2025,"A. Fussell, M. Marquis, Volunteer",Aerial,8:55,11:23,Photograph Count,1,B. Mason,Rock Islands,26.96423,-81.03269,Rock Islands,RockIslands_2025_06_06_1 - RockIslands_2025_06_06_20,TRHE,,3,
11,6/6/2025,"A. Fussell, M. Marquis, Volunteer",Aerial,8:55,11:23,Photograph Count,1,A. Fussell,Clewiston Spit,26.77799,-80.89818,Clewiston Spit,ClewistonSpit_2025_06_06_1 - ClewistonSpit_2025_06_06_19,CAEG,200,,
11,6/6/2025,"A. Fussell, M. Marquis, Volunteer",Aerial,8:55,11:23,Photograph Count,1,A. Fussell,Clewiston Spit,26.77799,-80.89818,Clewiston Spit,ClewistonSpit_2025_06_06_1 - ClewistonSpit_2025_06_06_19,TRHE,1,,
11,6/6/2025,"A. Fussell, M. Marquis, Volunteer",Aerial,8:55,11:23,Photograph Count,1,A. Fussell,Clewiston Spit 2,26.77224,-80.90241,Clewiston Spit 2,ClewistonSpit2_2025_06_06_1 - ClewistonSpit_2025_06_06_10,GREG,31,,
11,6/6/2025,"A. Fussell, M. Marquis, Volunteer",Aerial,8:55,11:23,Photograph Count,1,A. Fussell,Clewiston Spit 2,26.77224,-80.90241,Clewiston Spit 2,ClewistonSpit2_2025_06_06_1 - ClewistonSpit_2025_06_06_10,SNEG,2,,
11,6/6/2025,"A. Fussell, M. Marquis, Volunteer",Aerial,8:55,11:23,Photograph Count,1,A. Fussell,Clewiston Spit 2,26.77224,-80.90241,Clewiston Spit 2,ClewistonSpit2_2025_06_06_1 - ClewistonSpit_2025_06_06_10,GBHE,2,,
11,6/6/2025,"A. Fussell, M. Marquis, Volunteer",Aerial,8:55,11:23,Photograph Count,1,A. Fussell,Clewiston Spit 2,26.77224,-80.90241,Clewiston Spit 2,ClewistonSpit2_2025_06_06_1 - ClewistonSpit_2025_06_06_10,ROSP,3,,
11,6/6/2025,"A. Fussell, M. Marquis, Volunteer",Aerial,8:55,11:23,Photograph Count,1,A. Fussell,Eagle Bay Island,27.1725,-80.83765,Eagle Bay Island,EagleBayIsland_2025_06_06_1 - EagleBayIsland_2025_06_06_11,WHIB,400,,
11,6/6/2025,"A. Fussell, M. Marquis, Volunteer",Aerial,8:55,11:23,Photograph Count,1,A. Fussell,Gator Farm,27.01694,-81.06118,Gator Farm,GatorFarm_2025_06_06_1 - GatorFarm_2025_06_06_8,ANHI,2,,
11,6/6/2025,"A. Fussell, M. Marquis, Volunteer",Aerial,8:55,11:23,Photograph Count,1,A. Fussell,Gator Farm,27.01694,-81.06118,Gator Farm,GatorFarm_2025_06_06_1 - GatorFarm_2025_06_06_8,SNEG,2,,
11,6/6/2025,"A. Fussell, M. Marquis, Volunteer",Aerial,8:55,11:23,Photograph Count,1,A. Fussell,Gator Farm,27.01694,-81.06118,Gator Farm,GatorFarm_2025_06_06_1 - GatorFarm_2025_06_06_8,CAEG,40,,
11,6/6/2025,"A. Fussell, M. Marquis, Volunteer",Aerial,8:55,11:23,Photograph Count,1,A. Fussell,Gator Farm,27.01694,-81.06118,Gator Farm,GatorFarm_2025_06_06_1 - GatorFarm_2025_06_06_8,GREG,13,,
11,6/6/2025,"A. Fussell, M. Marquis, Volunteer",Aerial,8:55,11:23,Photograph Count,1,J. Mulling,Gun Range,26.8959,-81.12725,Gun Range,GunRange_2025_06_06_1 - GunRange_2025_06_06_8,CAEG,70,,
11,6/6/2025,"A. Fussell, M. Marquis, Volunteer",Aerial,8:55,11:23,Photograph Count,1,J. Mulling,Lakeport Marina,26.97847,-81.11571,Lakeport Marina,LakeportMarina_2025_06_06_1 - LakeportMarina_2025_06_06_8,CAEG,39,,
11,6/6/2025,"A. Fussell, M. Marquis, Volunteer",Aerial,8:55,11:23,Photograph Count,1,J. Mulling,Little Bear Beach,26.72121,-80.84225,Little Bear Beach,LittleBearBeach_2025_06_06_1 - LittleBearBeach_2025_06_06_12,CAEG,7,,
11,6/6/2025,"A. Fussell, M. Marquis, Volunteer",Aerial,8:55,11:23,Photograph Count,1,J. Mulling,Little Bear Beach,26.72121,-80.84225,Little Bear Beach,LittleBearBeach_2025_06_06_1 - LittleBearBeach_2025_06_06_13,GREG,6,,
11,6/6/2025,"A. Fussell, M. Marquis, Volunteer",Aerial,8:55,11:23,Photograph Count,1,J. Mulling,Pahokee,26.77306,-80.6975,Pahokee,Pahokee_2025_06_06_1 - Pahokee_2025_06_06_19,CAEG,15,,
11,6/6/2025,"A. Fussell, M. Marquis, Volunteer",Aerial,8:55,11:23,Photograph Count,1,J. Mulling,Rock Islands,26.96423,-81.03269,Rock Islands,RockIslands_2025_06_06_1 - RockIslands_2025_06_06_20,CAEG,21,,
11,6/6/2025,"A. Fussell, M. Marquis, Volunteer",Aerial,8:55,11:23,Photograph Count,1,J. Mulling,Rock Islands,26.96423,-81.03269,Rock Islands,RockIslands_2025_06_06_1 - RockIslands_2025_06_06_20,GBHE,5,,
11,6/6/2025,"A. Fussell, M. Marquis, Volunteer",Aerial,8:55,11:23,Photograph Count,1,J. Mulling,Rock Islands,26.96423,-81.03269,Rock Islands,RockIslands_2025_06_06_1 - RockIslands_2025_06_06_20,ROSP,2,,
11,6/6/2025,"A. Fussell, M. Marquis, Volunteer",Aerial,8:55,11:23,Photograph Count,1,J. Mulling,Rock Islands,26.96423,-81.03269,Rock Islands,RockIslands_2025_06_06_1 - RockIslands_2025_06_06_20,SNEG,4,,
12,2/10/2026,"A. Fussell, R. Casella",Aerial,8:26,12:02,Aerial Count,0,R. Casella,36,26.76482,-80.89164,,Unk1_2026_02_10_1,UNKN,,25,
12,2/10/2026,"A. Fussell, R. Casella",Aerial,8:26,12:02,Aerial Count,0,R. Casella,Clewiston Spit,26.77799,-80.89818,Clewiston Spit 1,Clewiston_Spit1_2026_02_10_1 - Clewiston_Spit1_2026_02_10_5,GREG,,8,
12,2/10/2026,"A. Fussell, R. Casella",Aerial,8:26,12:02,Aerial Count,0,R. Casella,Clewiston Spit,26.77799,-80.89818,Clewiston Spit 1,Clewiston_Spit1_2026_02_10_1 - Clewiston_Spit1_2026_02_10_6,GBHE,,1,
12,2/10/2026,"A. Fussell, R. Casella",Aerial,8:26,12:02,Aerial Count,0,R. Casella,Clewiston Spit,26.77799,-80.89818,Clewiston Spit 1,Clewiston_Spit1_2026_02_10_1 - Clewiston_Spit1_2026_02_10_7,ROSP,,2,
12,2/10/2026,"A. Fussell, R. Casella",Aerial,8:26,12:02,Aerial Count,0,R. Casella,Clewiston Spit 2,26.77224,-80.90241,Clewiston Spit 2,Clewiston_Spit2_2026_02_10_1 - Clewiston_Spit2_2026_02_10_2,GREG,,14,
12,2/10/2026,"A. Fussell, R. Casella",Aerial,8:26,12:02,Aerial Count,0,A. Fussell,36,26.76482,-80.89164,,Unk1_2026_02_10_1,SMWT,25,,
12,2/10/2026,"A. Fussell, R. Casella",Aerial,8:26,12:02,Aerial Count,0,A. Fussell,Clewiston Spit,26.77799,-80.89818,Clewiston Spit 1,Clewiston_Spit1_2026_02_10_1 - Clewiston_Spit1_2026_02_10_5,SMWT,50,,
12,2/10/2026,"A. Fussell, R. Casella",Aerial,8:26,12:02,Aerial Count,0,A. Fussell,Clewiston Spit,26.77799,-80.89818,Clewiston Spit 1,Clewiston_Spit1_2026_02_10_1 - Clewiston_Spit1_2026_02_10_5,GREG,12,,
12,2/10/2026,"A. Fussell, R. Casella",Aerial,8:26,12:02,Aerial Count,0,A. Fussell,Clewiston Spit 2,26.77224,-80.90241,Clewiston Spit 2,Clewiston_Spit2_2026_02_10_1 - Clewiston_Spit2_2026_02_10_2,SMWT,25,,
12,2/10/2026,"A. Fussell, R. Casella",Aerial,8:26,12:02,Photograph Count,0,R. Casella,Clewiston Spit,26.77799,-80.89818,Clewiston Spit 1,Clewiston_Spit1_2026_02_10_1 - Clewiston_Spit1_2026_02_10_5,SNEG,2,,
12,2/10/2026,"A. Fussell, R. Casella",Aerial,8:26,12:02,Photograph Count,0,R. Casella,Clewiston Spit,26.77799,-80.89818,Clewiston Spit 1,Clewiston_Spit1_2026_02_10_1 - Clewiston_Spit1_2026_02_10_5,GREG,4,,
12,2/10/2026,"A. Fussell, R. Casella",Aerial,8:26,12:02,Photograph Count,0,R. Casella,Clewiston Spit,26.77799,-80.89818,Clewiston Spit 1,Clewiston_Spit1_2026_02_10_1 - Clewiston_Spit1_2026_02_10_5,GBHE,1,,
12,2/10/2026,"A. Fussell, R. Casella",Aerial,8:26,12:02,Photograph Count,0,R. Casella,Clewiston Spit 2,26.77224,-80.90241,Clewiston Spit 2,Clewiston_Spit2_2026_02_10_1 - Clewiston_Spit2_2026_02_10_2,GREG,14,,
12,2/10/2026,"A. Fussell, R. Casella",Aerial,8:26,12:02,Photograph Count,0,R. Casella,36,26.76482,-80.89164,,Unk1_2026_02_10_1,SNEG,,68,
12,2/10/2026,"A. Fussell, R. Casella",Aerial,8:26,12:02,Photograph Count,0,R. Casella,36,26.76482,-80.89164,,Unk1_2026_02_10_1,GREG,,4,
12,2/10/2026,"A. Fussell, R. Casella",Aerial,8:26,12:02,Photograph Count,0,B. Mason,Clewiston Spit,26.77799,-80.89818,Clewiston Spit 1,Clewiston_Spit1_2026_02_10_1 - Clewiston_Spit1_2026_02_10_5,GREG,12,,
12,2/10/2026,"A. Fussell, R. Casella",Aerial,8:26,12:02,Photograph Count,0,B. Mason,Clewiston Spit,26.77799,-80.89818,Clewiston Spit 1,Clewiston_Spit1_2026_02_10_1 - Clewiston_Spit1_2026_02_10_5,GBHE,1,,
12,2/10/2026,"A. Fussell, R. Casella",Aerial,8:26,12:02,Photograph Count,0,B. Mason,Clewiston Spit 2,26.77224,-80.90241,Clewiston Spit 2,Clewiston_Spit2_2026_02_10_1 - Clewiston_Spit2_2026_02_10_2,GREG,14,,
12,2/10/2026,"A. Fussell, R. Casella",Aerial,8:26,12:02,Photograph Count,0,B. Mason,36,26.76482,-80.89164,,Unk1_2026_02_10_1,GREG,,2,
12,2/10/2026,"A. Fussell, R. Casella",Aerial,8:26,12:02,Photograph Count,0,B. Mason,36,26.76482,-80.89164,,Unk1_2026_02_10_1,SMWT,,78,
13,3/12/2026,"A. Fussell, R. Casella, M. Marquis",Aerial,8:56,12:48,Photograph Count,,B. Mason,Clewiston Spit,26.77799,-80.89818,Clewiston Spit 1,Clewiston Spit1_2026_03_12_1 - Clewiston Spit1_2026_03_12_24,WHIB,24,,
13,3/12/2026,"A. Fussell, R. Casella, M. Marquis",Aerial,8:56,12:48,Photograph Count,,B. Mason,Clewiston Spit,26.77799,-80.89818,Clewiston Spit 1,Clewiston Spit1_2026_03_12_1 - Clewiston Spit1_2026_03_12_24,SNEG,78,,
13,3/12/2026,"A. Fussell, R. Casella, M. Marquis",Aerial,8:56,12:48,Photograph Count,,B. Mason,Clewiston Spit,26.77799,-80.89818,Clewiston Spit 1,Clewiston Spit1_2026_03_12_1 - Clewiston Spit1_2026_03_12_24,TRHE,4,,
13,3/12/2026,"A. Fussell, R. Casella, M. Marquis",Aerial,8:56,12:48,Photograph Count,,B. Mason,Clewiston Spit,26.77799,-80.89818,Clewiston Spit 1,Clewiston Spit1_2026_03_12_1 - Clewiston Spit1_2026_03_12_24,GREG,34,,
13,3/12/2026,"A. Fussell, R. Casella, M. Marquis",Aerial,8:56,12:48,Photograph Count,,B. Mason,Clewiston Spit,26.77799,-80.89818,Clewiston Spit 1,Clewiston Spit1_2026_03_12_1 - Clewiston Spit1_2026_03_12_24,GBHE,2,,
13,3/12/2026,"A. Fussell, R. Casella, M. Marquis",Aerial,8:56,12:48,Photograph Count,,B. Mason,Clewiston Spit,26.77799,-80.89818,Clewiston Spit 1,Clewiston Spit1_2026_03_12_1 - Clewiston Spit1_2026_03_12_24,ROSP,3,,
13,3/12/2026,"A. Fussell, R. Casella, M. Marquis",Aerial,8:56,12:48,Photograph Count,,B. Mason,Clewiston Spit 2,26.77224,-80.90241,Clewiston Spit 2,Clewiston Spit2_2026_03_12_1 - Clewiston Spit2_2026_03_12_24,GREG,55,,
13,3/12/2026,"A. Fussell, R. Casella, M. Marquis",Aerial,8:56,12:48,Photograph Count,,B. Mason,Clewiston Spit 2,26.77224,-80.90241,Clewiston Spit 2,Clewiston Spit2_2026_03_12_1 - Clewiston Spit2_2026_03_12_24,ROSP,6,,
13,3/12/2026,"A. Fussell, R. Casella, M. Marquis",Aerial,8:56,12:48,Photograph Count,,B. Mason,Clewiston Spit 2,26.77224,-80.90241,Clewiston Spit 2,Clewiston Spit2_2026_03_12_1 - Clewiston Spit2_2026_03_12_24,SNEG,12,,
13,3/12/2026,"A. Fussell, R. Casella, M. Marquis",Aerial,8:56,12:48,Photograph Count,,B. Mason,Clewiston Spit 2,26.77224,-80.90241,Clewiston Spit 2,Clewiston Spit2_2026_03_12_1 - Clewiston Spit2_2026_03_12_24,GBHE,3,,
13,3/12/2026,"A. Fussell, R. Casella, M. Marquis",Aerial,8:56,12:48,Photograph Count,,B. Mason,Lemkin Creek,27.20427,-80.88912,Lemkin Creek,LemkinCreek_2026_03_12_1 - LemkinCreek_2026_03_12_21,ANHI,17,,
13,3/12/2026,"A. Fussell, R. Casella, M. Marquis",Aerial,8:56,12:48,Photograph Count,,B. Mason,Lemkin Creek,27.20427,-80.88912,Lemkin Creek,LemkinCreek_2026_03_12_1 - LemkinCreek_2026_03_12_21,SNEG,7,,
13,3/12/2026,"A. Fussell, R. Casella, M. Marquis",Aerial,8:56,12:48,Photograph Count,,B. Mason,Lemkin Creek,27.20427,-80.88912,Lemkin Creek,LemkinCreek_2026_03_12_1 - LemkinCreek_2026_03_12_21,GREG,23,,
13,3/12/2026,"A. Fussell, R. Casella, M. Marquis",Aerial,8:56,12:48,Photograph Count,,B. Mason,Lemkin Creek,27.20427,-80.88912,Lemkin Creek,LemkinCreek_2026_03_12_1 - LemkinCreek_2026_03_12_21,GBHE,8,,
13,3/12/2026,"A. Fussell, R. Casella, M. Marquis",Aerial,8:56,12:48,Photograph Count,,B. Mason,Little Bear Beach,26.72121,-80.84225,Little Bear Beach,LittleBearBeach_2026_03_12_1 - LittleBearBeach_2026_03_12_21,GREG,68,,
13,3/12/2026,"A. Fussell, R. Casella, M. Marquis",Aerial,8:56,12:48,Photograph Count,,B. Mason,Little Bear Beach,26.72121,-80.84225,Little Bear Beach,LittleBearBeach_2026_03_12_1 - LittleBearBeach_2026_03_12_21,SNEG,4,,
13,3/12/2026,"A. Fussell, R. Casella, M. Marquis",Aerial,8:56,12:48,Photograph Count,,B. Mason,Rock Island 10,26.96706,-81.04669,Rock Island 10,RockIslands_2026_03_12_1 - RockIslands_2026_03_12_44,SNEG,16,,
13,3/12/2026,"A. Fussell, R. Casella, M. Marquis",Aerial,8:56,12:48,Photograph Count,,B. Mason,Rock Island 10,26.96706,-81.04669,Rock Island 10,,ROSP,1,,
13,3/12/2026,"A. Fussell, R. Casella, M. Marquis",Aerial,8:56,12:48,Photograph Count,,B. Mason,Rock Island 10,26.96706,-81.04669,Rock Island 10,,GBHE,4,,
13,3/12/2026,"A. Fussell, R. Casella, M. Marquis",Aerial,8:56,12:48,Photograph Count,,B. Mason,Rock Island 10,26.96706,-81.04669,Rock Island 10,,WHIB,6,,
13,3/12/2026,"A. Fussell, R. Casella, M. Marquis",Aerial,8:56,12:48,Photograph Count,,B. Mason,Rock Island 10,26.96706,-81.04669,Rock Island 10,,TRHE,1,,
13,3/12/2026,"A. Fussell, R. Casella, M. Marquis",Aerial,8:56,12:48,Photograph Count,,B. Mason,Rock Island 10,26.96706,-81.04669,Rock Island 10,,GREG,2,,
13,3/12/2026,"A. Fussell, R. Casella, M. Marquis",Aerial,8:56,12:48,Photograph Count,,B. Mason,Rock Island 11,26.9683,-81.04488,Rock Island 11,,GREG,3,,
13,3/12/2026,"A. Fussell, R. Casella, M. Marquis",Aerial,8:56,12:48,Photograph Count,,B. Mason,Rock Island 11,26.9683,-81.04488,Rock Island 11,,WHIB,9,,
13,3/12/2026,"A. Fussell, R. Casella, M. Marquis",Aerial,8:56,12:48,Photograph Count,,B. Mason,Rock Island 11,26.9683,-81.04488,Rock Island 11,,GBHE,11,,
13,3/12/2026,"A. Fussell, R. Casella, M. Marquis",Aerial,8:56,12:48,Photograph Count,,B. Mason,Rock Island 11,26.9683,-81.04488,Rock Island 11,,SNEG,40,,
13,3/12/2026,"A. Fussell, R. Casella, M. Marquis",Aerial,8:56,12:48,Photograph Count,,B. Mason,Rock Island 11,26.9683,-81.04488,Rock Island 11,,ROSP,6,,
13,3/12/2026,"A. Fussell, R. Casella, M. Marquis",Aerial,8:56,12:48,Photograph Count,,B. Mason,Rock Island 12,26.96872,-81.04175,Rock Island 12,,GBHE,8,,
13,3/12/2026,"A. Fussell, R. Casella, M. Marquis",Aerial,8:56,12:48,Photograph Count,,B. Mason,Rock Island 12,26.96872,-81.04175,Rock Island 12,,SNEG,18,,
13,3/12/2026,"A. Fussell, R. Casella, M. Marquis",Aerial,8:56,12:48,Photograph Count,,B. Mason,Rock Island 12,26.96872,-81.04175,Rock Island 12,,ROSP,2,,
13,3/12/2026,"A. Fussell, R. Casella, M. Marquis",Aerial,8:56,12:48,Photograph Count,,B. Mason,Rock Island 13,26.96907,-81.03886,Rock Island 13,,SNEG,29,,
13,3/12/2026,"A. Fussell, R. Casella, M. Marquis",Aerial,8:56,12:48,Photograph Count,,B. Mason,Rock Island 13,26.96907,-81.03886,Rock Island 13,,GREG,14,,
13,3/12/2026,"A. Fussell, R. Casella, M. Marquis",Aerial,8:56,12:48,Photograph Count,,B. Mason,Rock Island 13,26.96907,-81.03886,Rock Island 13,,ROSP,2,,
13,3/12/2026,"A. Fussell, R. Casella, M. Marquis",Aerial,8:56,12:48,Photograph Count,,B. Mason,Rock Island 13,26.96907,-81.03886,Rock Island 13,,ANHI,2,,
13,3/12/2026,"A. Fussell, R. Casella, M. Marquis",Aerial,8:56,12:48,Photograph Count,,B. Mason,Rock Island 13,26.96907,-81.03886,Rock Island 13,,GBHE,10,,
13,3/12/2026,"A. Fussell, R. Casella, M. Marquis",Aerial,8:56,12:48,Photograph Count,,B. Mason,Rock Island 14,26.96968,-81.03663,Rock Island 14,,SNEG,28,,
13,3/12/2026,"A. Fussell, R. Casella, M. Marquis",Aerial,8:56,12:48,Photograph Count,,B. Mason,Rock Island 14,26.96968,-81.03663,Rock Island 14,,ROSP,2,,
13,3/12/2026,"A. Fussell, R. Casella, M. Marquis",Aerial,8:56,12:48,Photograph Count,,B. Mason,Rock Island 14,26.96968,-81.03663,Rock Island 14,,GBHE,6,,
13,3/12/2026,"A. Fussell, R. Casella, M. Marquis",Aerial,8:56,12:48,Photograph Count,,R. Casella,Clewiston Spit,26.77799,-80.89818,Clewiston Spit 1,Clewiston Spit1_2026_03_12_1 - Clewiston Spit1_2026_03_12_24,GREG,80,,
13,3/12/2026,"A. Fussell, R. Casella, M. Marquis",Aerial,8:56,12:48,Photograph Count,,R. Casella,Clewiston Spit,26.77799,-80.89818,Clewiston Spit 1,Clewiston Spit1_2026_03_12_1 - Clewiston Spit1_2026_03_12_24,GBHE,3,,
13,3/12/2026,"A. Fussell, R. Casella, M. Marquis",Aerial,8:56,12:48,Photograph Count,,R. Casella,Clewiston Spit,26.77799,-80.89818,Clewiston Spit 1,Clewiston Spit1_2026_03_12_1 - Clewiston Spit1_2026_03_12_24,SNEG,20,,
13,3/12/2026,"A. Fussell, R. Casella, M. Marquis",Aerial,8:56,12:48,Photograph Count,,R. Casella,Clewiston Spit,26.77799,-80.89818,Clewiston Spit 1,Clewiston Spit1_2026_03_12_1 - Clewiston Spit1_2026_03_12_24,ROSP,2,,
13,3/12/2026,"A. Fussell, R. Casella, M. Marquis",Aerial,8:56,12:48,Photograph Count,,R. Casella,Clewiston Spit,26.77799,-80.89818,Clewiston Spit 1,Clewiston Spit1_2026_03_12_1 - Clewiston Spit1_2026_03_12_24,SMWT,2,,
13,3/12/2026,"A. Fussell, R. Casella, M. Marquis",Aerial,8:56,12:48,Photograph Count,,R. Casella,Clewiston Spit,26.77799,-80.89818,Clewiston Spit 1,Clewiston Spit1_2026_03_12_1 - Clewiston Spit1_2026_03_12_24,SMDK,2,,
13,3/12/2026,"A. Fussell, R. Casella, M. Marquis",Aerial,8:56,12:48,Photograph Count,,R. Casella,Clewiston Spit 2,26.77224,-80.90241,Clewiston Spit 2,Clewiston Spit2_2026_03_12_1 - Clewiston Spit2_2026_03_12_24,GREG,55,,
13,3/12/2026,"A. Fussell, R. Casella, M. Marquis",Aerial,8:56,12:48,Photograph Count,,R. Casella,Clewiston Spit 2,26.77224,-80.90241,Clewiston Spit 2,Clewiston Spit2_2026_03_12_1 - Clewiston Spit2_2026_03_12_24,ROSP,2,,
13,3/12/2026,"A. Fussell, R. Casella, M. Marquis",Aerial,8:56,12:48,Photograph Count,,R. Casella,Clewiston Spit 2,26.77224,-80.90241,Clewiston Spit 2,Clewiston Spit2_2026_03_12_1 - Clewiston Spit2_2026_03_12_24,GBHE,1,,
13,3/12/2026,"A. Fussell, R. Casella, M. Marquis",Aerial,8:56,12:48,Photograph Count,,R. Casella,Lemkin Creek,27.20427,-80.88912,Lemkin Creek,LemkinCreek_2026_03_12_1 - LemkinCreek_2026_03_12_21,GREG,19,,
13,3/12/2026,"A. Fussell, R. Casella, M. Marquis",Aerial,8:56,12:48,Photograph Count,,R. Casella,Lemkin Creek,27.20427,-80.88912,Lemkin Creek,LemkinCreek_2026_03_12_1 - LemkinCreek_2026_03_12_21,GBHE,7,,
13,3/12/2026,"A. Fussell, R. Casella, M. Marquis",Aerial,8:56,12:48,Photograph Count,,R. Casella,Lemkin Creek,27.20427,-80.88912,Lemkin Creek,LemkinCreek_2026_03_12_1 - LemkinCreek_2026_03_12_21,ANHI,7,,
13,3/12/2026,"A. Fussell, R. Casella, M. Marquis",Aerial,8:56,12:48,Photograph Count,,R. Casella,Lemkin Creek,27.20427,-80.88912,Lemkin Creek,LemkinCreek_2026_03_12_1 - LemkinCreek_2026_03_12_21,SNEG,2,,
13,3/12/2026,"A. Fussell, R. Casella, M. Marquis",Aerial,8:56,12:48,Photograph Count,,R. Casella,Little Bear Beach,26.72121,-80.84225,Little Bear Beach,LittleBearBeach_2026_03_12_1 - LittleBearBeach_2026_03_12_21,GREG,48,,
13,3/12/2026,"A. Fussell, R. Casella, M. Marquis",Aerial,8:56,12:48,Photograph Count,,R. Casella,Rock Island 10,26.96706,-81.04669,Rock Island 10,Rock_Island_10_2026_03_12_1 - Rock_Island_10_2026_03_12_7,SNEG,26,,
13,3/12/2026,"A. Fussell, R. Casella, M. Marquis",Aerial,8:56,12:48,Photograph Count,,R. Casella,Rock Island 10,26.96706,-81.04669,Rock Island 10,Rock_Island_10_2026_03_12_1 - Rock_Island_10_2026_03_12_7,ROSP,1,,
13,3/12/2026,"A. Fussell, R. Casella, M. Marquis",Aerial,8:56,12:48,Photograph Count,,R. Casella,Rock Island 10,26.96706,-81.04669,Rock Island 10,Rock_Island_10_2026_03_12_1 - Rock_Island_10_2026_03_12_7,GBHE,3,, 
13,3/12/2026,"A. Fussell, R. Casella, M. Marquis",Aerial,8:56,12:48,Photograph Count,,R. Casella,Rock Island 11,26.9683,-81.04488,Rock Island 11,Rock_Island_11_2026_03_12_1 - Rock_Island_11_2026_03_12_14,SNEG,36,,
13,3/12/2026,"A. Fussell, R. Casella, M. Marquis",Aerial,8:56,12:48,Photograph Count,,R. Casella,Rock Island 11,26.9683,-81.04488,Rock Island 11,Rock_Island_11_2026_03_12_1 - Rock_Island_11_2026_03_12_14,ROSP,6,,
13,3/12/2026,"A. Fussell, R. Casella, M. Marquis",Aerial,8:56,12:48,Photograph Count,,R. Casella,Rock Island 11,26.9683,-81.04488,Rock Island 11,Rock_Island_11_2026_03_12_1 - Rock_Island_11_2026_03_12_14,ANHI,4,,
13,3/12/2026,"A. Fussell, R. Casella, M. Marquis",Aerial,8:56,12:48,Photograph Count,,R. Casella,Rock Island 11,26.9683,-81.04488,Rock Island 11,Rock_Island_11_2026_03_12_1 - Rock_Island_11_2026_03_12_14,GREG,4,,
13,3/12/2026,"A. Fussell, R. Casella, M. Marquis",Aerial,8:56,12:48,Photograph Count,,R. Casella,Rock Island 11,26.9683,-81.04488,Rock Island 11,Rock_Island_11_2026_03_12_1 - Rock_Island_11_2026_03_12_14,GBHE,8,,
13,3/12/2026,"A. Fussell, R. Casella, M. Marquis",Aerial,8:56,12:48,Photograph Count,,R. Casella,Rock Island 12,26.96872,-81.04175,Rock Island 12,Rock_Island_12_2026_03_12_1 - Rock_Island_12_2026_03_12_7,GBHE,7,,
13,3/12/2026,"A. Fussell, R. Casella, M. Marquis",Aerial,8:56,12:48,Photograph Count,,R. Casella,Rock Island 12,26.96872,-81.04175,Rock Island 12,Rock_Island_12_2026_03_12_1 - Rock_Island_12_2026_03_12_7,GREG,1,,
13,3/12/2026,"A. Fussell, R. Casella, M. Marquis",Aerial,8:56,12:48,Photograph Count,,R. Casella,Rock Island 12,26.96872,-81.04175,Rock Island 12,Rock_Island_12_2026_03_12_1 - Rock_Island_12_2026_03_12_7,SNEG,20,,
13,3/12/2026,"A. Fussell, R. Casella, M. Marquis",Aerial,8:56,12:48,Photograph Count,,R. Casella,Rock Island 12,26.96872,-81.04175,Rock Island 12,Rock_Island_12_2026_03_12_1 - Rock_Island_12_2026_03_12_7,ROSP,2,,
13,3/12/2026,"A. Fussell, R. Casella, M. Marquis",Aerial,8:56,12:48,Photograph Count,,R. Casella,Rock Island 12,26.96872,-81.04175,Rock Island 12,Rock_Island_12_2026_03_12_1 - Rock_Island_12_2026_03_12_7,WHIB,1,,
13,3/12/2026,"A. Fussell, R. Casella, M. Marquis",Aerial,8:56,12:48,Photograph Count,,R. Casella,Rock Island 13,26.96907,-81.03886,Rock Island 13,Rock_Island_13_2026_03_12_1 - Rock_Island_13_2026_03_12_11,GREG,10,,
13,3/12/2026,"A. Fussell, R. Casella, M. Marquis",Aerial,8:56,12:48,Photograph Count,,R. Casella,Rock Island 13,26.96907,-81.03886,Rock Island 13,Rock_Island_13_2026_03_12_1 - Rock_Island_13_2026_03_12_11,SNEG,17,,
13,3/12/2026,"A. Fussell, R. Casella, M. Marquis",Aerial,8:56,12:48,Photograph Count,,R. Casella,Rock Island 13,26.96907,-81.03886,Rock Island 13,Rock_Island_13_2026_03_12_1 - Rock_Island_13_2026_03_12_11,GBHE,9,,
13,3/12/2026,"A. Fussell, R. Casella, M. Marquis",Aerial,8:56,12:48,Photograph Count,,R. Casella,Rock Island 13,26.96907,-81.03886,Rock Island 13,Rock_Island_13_2026_03_12_1 - Rock_Island_13_2026_03_12_11,ANHI,1,,
13,3/12/2026,"A. Fussell, R. Casella, M. Marquis",Aerial,8:56,12:48,Photograph Count,,R. Casella,Rock Island 13,26.96907,-81.03886,Rock Island 13,Rock_Island_13_2026_03_12_1 - Rock_Island_13_2026_03_12_11,WHIB,1,,
13,3/12/2026,"A. Fussell, R. Casella, M. Marquis",Aerial,8:56,12:48,Photograph Count,,R. Casella,Rock Island 13,26.96907,-81.03886,Rock Island 13,Rock_Island_13_2026_03_12_1 - Rock_Island_13_2026_03_12_11,ROSP,2,,
13,3/12/2026,"A. Fussell, R. Casella, M. Marquis",Aerial,8:56,12:48,Photograph Count,,R. Casella,Rock Island 14,26.96968,-81.03663,Rock Island 14,Rock_Island_14_2026_03_12_1 ,SNEG,22,,
13,3/12/2026,"A. Fussell, R. Casella, M. Marquis",Aerial,8:56,12:48,Photograph Count,,R. Casella,Rock Island 14,26.96968,-81.03663,Rock Island 14,Rock_Island_14_2026_03_12_1 ,GBHE,5,,
13,3/12/2026,"A. Fussell, R. Casella, M. Marquis",Aerial,8:56,12:48,Photograph Count,,R. Casella,Rock Island 14,26.96968,-81.03663,Rock Island 14,Rock_Island_14_2026_03_12_1 ,ROSP,2,,
13,3/12/2026,"A. Fussell, R. Casella, M. Marquis",Aerial,8:56,12:48,Aerial Count,0,R. Casella,50,26.72121,-80.84225,Little Bear Beach,LittleBearBeach_2026_03_12_1 - LittleBearBeach_2026_03_12_21,WHIB,,40,
13,3/12/2026,"A. Fussell, R. Casella, M. Marquis",Aerial,8:56,12:48,Aerial Count,0,R. Casella,50,26.72121,-80.84225,Little Bear Beach,LittleBearBeach_2026_03_12_1 - LittleBearBeach_2026_03_12_21,GREG,,18,
13,3/12/2026,"A. Fussell, R. Casella, M. Marquis",Aerial,8:56,12:48,Aerial Count,0,R. Casella,52,26.77799,-80.89818,Clewiston Spit 1,Clewiston Spit1_2026_03_12_1 - Clewiston Spit1_2026_03_12_24,WHIB,,21,
13,3/12/2026,"A. Fussell, R. Casella, M. Marquis",Aerial,8:56,12:48,Aerial Count,0,R. Casella,52,26.77799,-80.89818,Clewiston Spit 1,Clewiston Spit1_2026_03_12_1 - Clewiston Spit1_2026_03_12_24,GREG,,30,
13,3/12/2026,"A. Fussell, R. Casella, M. Marquis",Aerial,8:56,12:48,Aerial Count,0,R. Casella,51,26.77224,-80.90241,Clewiston Spit 2,Clewiston Spit2_2026_03_12_1 - Clewiston Spit2_2026_03_12_24,GREG,,33,
13,3/12/2026,"A. Fussell, R. Casella, M. Marquis",Aerial,8:56,12:48,Aerial Count,0,R. Casella,51,26.77224,-80.90241,Clewiston Spit 2,Clewiston Spit2_2026_03_12_1 - Clewiston Spit2_2026_03_12_24,GBHE,,1,
13,3/12/2026,"A. Fussell, R. Casella, M. Marquis",Aerial,8:56,12:48,Aerial Count,0,R. Casella,51,26.77224,-80.90241,Clewiston Spit 2,Clewiston Spit2_2026_03_12_1 - Clewiston Spit2_2026_03_12_24,ROSP,,4,
13,3/12/2026,"A. Fussell, R. Casella, M. Marquis",Aerial,8:56,12:48,Aerial Count,0,R. Casella,53,26.96423,-81.03269,Rock Islands,RockIslands_2026_03_12_1 - RockIslands_2026_03_12_44,WHIB,,28,
13,3/12/2026,"A. Fussell, R. Casella, M. Marquis",Aerial,8:56,12:48,Aerial Count,0,R. Casella,53,26.96423,-81.03269,Rock Islands,RockIslands_2026_03_12_1 - RockIslands_2026_03_12_44,GREG,,30,
13,3/12/2026,"A. Fussell, R. Casella, M. Marquis",Aerial,8:56,12:48,Aerial Count,0,R. Casella,53,26.96423,-81.03269,Rock Islands,RockIslands_2026_03_12_1 - RockIslands_2026_03_12_44,ROSP,,4,
13,3/12/2026,"A. Fussell, R. Casella, M. Marquis",Aerial,8:56,12:48,Aerial Count,0,R. Casella,54,27.20427,-80.88912,Histotical WS Colony/Lemkin Creek,LemkinCreek_2026_03_12_1 - LemkinCreek_2026_03_12_21,GREG,,23,
13,3/12/2026,"A. Fussell, R. Casella, M. Marquis",Aerial,8:56,12:48,Aerial Count,0,M. Marquis,50,26.72121,-80.84225,Little Bear Beach,LittleBearBeach_2026_03_12_1 - LittleBearBeach_2026_03_12_21,GREG,,60,
13,3/12/2026,"A. Fussell, R. Casella, M. Marquis",Aerial,8:56,12:48,Aerial Count,0,M. Marquis,51,26.77224,-80.90241,Clewiston Spit 2,Clewiston Spit2_2026_03_12_1 - Clewiston Spit2_2026_03_12_24,GREG,,50,
13,3/12/2026,"A. Fussell, R. Casella, M. Marquis",Aerial,8:56,12:48,Aerial Count,0,M. Marquis,52,26.77799,-80.89818,Clewiston Spit 1,Clewiston Spit1_2026_03_12_1 - Clewiston Spit1_2026_03_12_24,GREG,,20,
13,3/12/2026,"A. Fussell, R. Casella, M. Marquis",Aerial,8:56,12:48,Aerial Count,0,M. Marquis,53,26.96423,-81.03269,Rock Islands,RockIslands_2026_03_12_1 - RockIslands_2026_03_12_44,GREG,,80,
13,3/12/2026,"A. Fussell, R. Casella, M. Marquis",Aerial,8:56,12:48,Aerial Count,0,M. Marquis,53,26.96423,-81.03269,Rock Islands,RockIslands_2026_03_12_1 - RockIslands_2026_03_12_44,WHIB,,30,
13,3/12/2026,"A. Fussell, R. Casella, M. Marquis",Aerial,8:56,12:48,Aerial Count,0,M. Marquis,53,26.96423,-81.03269,Rock Islands,RockIslands_2026_03_12_1 - RockIslands_2026_03_12_44,ROSP,,5,
13,3/12/2026,"A. Fussell, R. Casella, M. Marquis",Aerial,8:56,12:48,Aerial Count,0,M. Marquis,54,27.20427,-80.88912,Histotical WS Colony/Lemkin Creek,LemkinCreek_2026_03_12_1 - LemkinCreek_2026_03_12_21,GREG,,18,
13,3/12/2026,"A. Fussell, R. Casella, M. Marquis",Aerial,8:56,12:48,Aerial Count,0,A. Fussell,50,26.72121,-80.84225,Little Bear Beach,LittleBearBeach_2026_03_12_1 - LittleBearBeach_2026_03_12_21,WHIB,,50,
13,3/12/2026,"A. Fussell, R. Casella, M. Marquis",Aerial,8:56,12:48,Aerial Count,0,A. Fussell,51,26.77224,-80.90241,Clewiston Spit 2,Clewiston Spit2_2026_03_12_1 - Clewiston Spit2_2026_03_12_24,GREG,,50,
13,3/12/2026,"A. Fussell, R. Casella, M. Marquis",Aerial,8:56,12:48,Aerial Count,0,A. Fussell,51,26.77224,-80.90241,Clewiston Spit 2,Clewiston Spit2_2026_03_12_1 - Clewiston Spit2_2026_03_12_24,ROSP,,10,
13,3/12/2026,"A. Fussell, R. Casella, M. Marquis",Aerial,8:56,12:48,Aerial Count,0,A. Fussell,52,26.77799,-80.89818,Clewiston Spit 1,Clewiston Spit1_2026_03_12_1 - Clewiston Spit1_2026_03_12_24,WHIB,,100,
13,3/12/2026,"A. Fussell, R. Casella, M. Marquis",Aerial,8:56,12:48,Aerial Count,0,A. Fussell,52,26.77799,-80.89818,Clewiston Spit 1,Clewiston Spit1_2026_03_12_1 - Clewiston Spit1_2026_03_12_24,GREG,,30,
13,3/12/2026,"A. Fussell, R. Casella, M. Marquis",Aerial,8:56,12:48,Aerial Count,0,A. Fussell,52,26.77799,-80.89818,Clewiston Spit 1,Clewiston Spit1_2026_03_12_1 - Clewiston Spit1_2026_03_12_24,ROSP,,20,
13,3/12/2026,"A. Fussell, R. Casella, M. Marquis",Aerial,8:56,12:48,Aerial Count,0,A. Fussell,53,26.96423,-81.03269,Rock Islands,RockIslands_2026_03_12_1 - RockIslands_2026_03_12_44,GREG,,250,
13,3/12/2026,"A. Fussell, R. Casella, M. Marquis",Aerial,8:56,12:48,Aerial Count,0,A. Fussell,54,27.20427,-80.88912,Histotical WS Colony/Lemkin Creek,LemkinCreek_2026_03_12_1 - LemkinCreek_2026_03_12_21,GREG,,30,
14,4/24/2026,"A. Fussell, R. Casella, G. Momsplair",Aerial,8:30,12:00,Aerial Count,2,R. Casella,55,26.72121,-80.84225,Little Bear Beach,Little_Bear_Beach_2026_04_24_1 - Little_Bear_Beach_2026_04_24_16,ROSP,,10,
14,4/24/2026,"A. Fussell, R. Casella, G. Momsplair",Aerial,8:30,12:00,Aerial Count,2,R. Casella,55,26.72121,-80.84225,Little Bear Beach,Little_Bear_Beach_2026_04_24_1 - Little_Bear_Beach_2026_04_24_16,WHIB,,20,
14,4/24/2026,"A. Fussell, R. Casella, G. Momsplair",Aerial,8:30,12:00,Aerial Count,2,R. Casella,56,26.77224,-80.90241,Clewiston Spit 2,Clewiston_Spit2_2026_04_24_1 - Clewiston_Spit2_2026_04_24_13,ROSP,,8,
14,4/24/2026,"A. Fussell, R. Casella, G. Momsplair",Aerial,8:30,12:00,Aerial Count,2,R. Casella,56,26.77224,-80.90241,Clewiston Spit 2,Clewiston_Spit2_2026_04_24_1 - Clewiston_Spit2_2026_04_24_13,GREG,,3,
14,4/24/2026,"A. Fussell, R. Casella, G. Momsplair",Aerial,8:30,12:00,Aerial Count,2,R. Casella,56,26.77224,-80.90241,Clewiston Spit 2,Clewiston_Spit2_2026_04_24_1 - Clewiston_Spit2_2026_04_24_13,GBHE,,2,
14,4/24/2026,"A. Fussell, R. Casella, G. Momsplair",Aerial,8:30,12:00,Aerial Count,2,R. Casella,57,26.77799,-80.89818,Clewiston Spit 1,Clewiston_Spit1_2026_04_24_1 - Clewiston_Spit1_2026_04_24_22,ROSP,,10,
14,4/24/2026,"A. Fussell, R. Casella, G. Momsplair",Aerial,8:30,12:00,Aerial Count,2,R. Casella,57,26.77799,-80.89818,Clewiston Spit 1,Clewiston_Spit1_2026_04_24_1 - Clewiston_Spit1_2026_04_24_22,WHIB,,30,
14,4/24/2026,"A. Fussell, R. Casella, G. Momsplair",Aerial,8:30,12:00,Aerial Count,2,R. Casella,57,26.77799,-80.89818,Clewiston Spit 1,Clewiston_Spit1_2026_04_24_1 - Clewiston_Spit1_2026_04_24_22,GREG,,8,
14,4/24/2026,"A. Fussell, R. Casella, G. Momsplair",Aerial,8:30,12:00,Aerial Count,2,R. Casella,58,26.8959,-81.12725,Gun Range,Gun_Range_2026_04_24_1 - Gun_Range_2026_04_24_22,GREG,,20,
14,4/24/2026,"A. Fussell, R. Casella, G. Momsplair",Aerial,8:30,12:00,Aerial Count,2,R. Casella,58,26.8959,-81.12725,Gun Range,Gun_Range_2026_04_24_1 - Gun_Range_2026_04_24_22,WHIB,,30,
14,4/24/2026,"A. Fussell, R. Casella, G. Momsplair",Aerial,8:30,12:00,Aerial Count,2,R. Casella,59,26.95977,-81.05744,Rock Island 5,Rock_Island_5_2026_04_24_1 - Rock_Island_5_2026_04_24_10,SNEG,,25,
14,4/24/2026,"A. Fussell, R. Casella, G. Momsplair",Aerial,8:30,12:00,Aerial Count,2,R. Casella,59,26.95977,-81.05744,Rock Island 5,Rock_Island_5_2026_04_24_1 - Rock_Island_5_2026_04_24_10,GREG,,10,
14,4/24/2026,"A. Fussell, R. Casella, G. Momsplair",Aerial,8:30,12:00,Aerial Count,2,R. Casella,60,26.96131,-81.05394,Rock Island 6,Rock_Island_6_2026_04_24_1 - Rock_Island_6_2026_04_24_9,SNEG,,10,
14,4/24/2026,"A. Fussell, R. Casella, G. Momsplair",Aerial,8:30,12:00,Aerial Count,2,R. Casella,60,26.96131,-81.05394,Rock Island 6,Rock_Island_6_2026_04_24_1 - Rock_Island_6_2026_04_24_9,GREG,,10,
14,4/24/2026,"A. Fussell, R. Casella, G. Momsplair",Aerial,8:30,12:00,Aerial Count,2,R. Casella,61,26.96357,-81.05149,Rock Island 7,Rock_Island_7_2026_04_24_1 - Rock_Island_7_2026_04_24_7,GREG,,15,
14,4/24/2026,"A. Fussell, R. Casella, G. Momsplair",Aerial,8:30,12:00,Aerial Count,2,R. Casella,62,26.96706,-81.04669,Rock Island 10,Rock_Island_10_2026_04_24_1 - Rock_Island_10_2026_04_24_12,ROSP,,11,
14,4/24/2026,"A. Fussell, R. Casella, G. Momsplair",Aerial,8:30,12:00,Aerial Count,2,R. Casella,62,26.96706,-81.04669,Rock Island 10,Rock_Island_10_2026_04_24_1 - Rock_Island_10_2026_04_24_12,SNEG,,12,
14,4/24/2026,"A. Fussell, R. Casella, G. Momsplair",Aerial,8:30,12:00,Aerial Count,2,R. Casella,62,26.96706,-81.04669,Rock Island 10,Rock_Island_10_2026_04_24_1 - Rock_Island_10_2026_04_24_12,GREG,,5,
14,4/24/2026,"A. Fussell, R. Casella, G. Momsplair",Aerial,8:30,12:00,Aerial Count,2,R. Casella,63,26.9683,-81.04488,Rock Island 11,Rock_Island_11_2026_04_24_1 - Rock_Island_11_2026_04_24_13,,,,
14,4/24/2026,"A. Fussell, R. Casella, G. Momsplair",Aerial,8:30,12:00,Aerial Count,2,R. Casella,64,26.96872,-81.04175,Rock Island 12,Rock_Island_12_2026_04_24_1 - Rock_Island_12_2026_04_24_9,ROSP,,15,
14,4/24/2026,"A. Fussell, R. Casella, G. Momsplair",Aerial,8:30,12:00,Aerial Count,2,R. Casella,64,26.96872,-81.04175,Rock Island 12,Rock_Island_12_2026_04_24_1 - Rock_Island_12_2026_04_24_9,GREG,,8,
14,4/24/2026,"A. Fussell, R. Casella, G. Momsplair",Aerial,8:30,12:00,Aerial Count,2,R. Casella,65,26.96907,-81.03886,Rock Island 13,Rock_Island_13_2026_04_24_1 - Rock_Island_13_2026_04_24_16,ROSP,,15,
14,4/24/2026,"A. Fussell, R. Casella, G. Momsplair",Aerial,8:30,12:00,Aerial Count,2,R. Casella,65,26.96907,-81.03886,Rock Island 13,Rock_Island_13_2026_04_24_1 - Rock_Island_13_2026_04_24_16,GREG,,6,
14,4/24/2026,"A. Fussell, R. Casella, G. Momsplair",Aerial,8:30,12:00,Aerial Count,2,R. Casella,66,26.96968,-81.03663,Rock Island 14,Rock_Island_14_2026_04_24_1 - Rock_Island_14_2026_04_24_7,SNEG,,10,
14,4/24/2026,"A. Fussell, R. Casella, G. Momsplair",Aerial,8:30,12:00,Aerial Count,2,R. Casella,67,26.96976,-81.03461,Rock Island 15,Rock_Island_15_2026_04_24_1 - Rock_Island_15_2026_04_24_8,SNEG,,4,
14,4/24/2026,"A. Fussell, R. Casella, G. Momsplair",Aerial,8:30,12:00,Aerial Count,2,R. Casella,68,27.20427,-80.88912,Lemkin Creek,Lemkin_Creek_2026_04_24_1 - Lemkin_Creek_2026_04_24_14,GREG,,15,
14,4/24/2026,"A. Fussell, R. Casella, G. Momsplair",Aerial,8:30,12:00,Aerial Count,2,R. Casella,68,27.20427,-80.88912,Lemkin Creek,Lemkin_Creek_2026_04_24_1 - Lemkin_Creek_2026_04_24_14,SNEG,,20,
14,4/24/2026,"A. Fussell, R. Casella, G. Momsplair",Aerial,8:30,12:00,Aerial Count,2,A. Fussell,55,26.72121,-80.84225,Little Bear Beach,Little_Bear_Beach_2026_04_24_1 - Little_Bear_Beach_2026_04_24_16,WHIB,,100,
14,4/24/2026,"A. Fussell, R. Casella, G. Momsplair",Aerial,8:30,12:00,Aerial Count,2,A. Fussell,56,26.77224,-80.90241,Clewiston Spit 2,Clewiston_Spit2_2026_04_24_1 - Clewiston_Spit2_2026_04_24_13,WHIB,,50,
14,4/24/2026,"A. Fussell, R. Casella, G. Momsplair",Aerial,8:30,12:00,Aerial Count,2,A. Fussell,56,26.77224,-80.90241,Clewiston Spit 2,Clewiston_Spit2_2026_04_24_1 - Clewiston_Spit2_2026_04_24_13,ROSP,,5,
14,4/24/2026,"A. Fussell, R. Casella, G. Momsplair",Aerial,8:30,12:00,Aerial Count,2,A. Fussell,57,26.77799,-80.89818,Clewiston Spit 1,Clewiston_Spit1_2026_04_24_1 - Clewiston_Spit1_2026_04_24_22,WHIB,,150,
14,4/24/2026,"A. Fussell, R. Casella, G. Momsplair",Aerial,8:30,12:00,Aerial Count,2,A. Fussell,57,26.77799,-80.89818,Clewiston Spit 1,Clewiston_Spit1_2026_04_24_1 - Clewiston_Spit1_2026_04_24_22,SNEG,,75,
14,4/24/2026,"A. Fussell, R. Casella, G. Momsplair",Aerial,8:30,12:00,Aerial Count,2,A. Fussell,57,26.77799,-80.89818,Clewiston Spit 1,Clewiston_Spit1_2026_04_24_1 - Clewiston_Spit1_2026_04_24_22,ROSP,,15,
14,4/24/2026,"A. Fussell, R. Casella, G. Momsplair",Aerial,8:30,12:00,Aerial Count,2,A. Fussell,57,26.77799,-80.89818,Clewiston Spit 1,Clewiston_Spit1_2026_04_24_1 - Clewiston_Spit1_2026_04_24_22,GREG,,10,
14,4/24/2026,"A. Fussell, R. Casella, G. Momsplair",Aerial,8:30,12:00,Aerial Count,2,A. Fussell,58,26.8959,-81.12725,Gun Range,Gun_Range_2026_04_24_1 - Gun_Range_2026_04_24_22,WHIB,,250,
14,4/24/2026,"A. Fussell, R. Casella, G. Momsplair",Aerial,8:30,12:00,Aerial Count,2,A. Fussell,68,27.20427,-80.88912,Lemkin Creek,Lemkin_Creek_2026_04_24_1 - Lemkin_Creek_2026_04_24_14,"GREG, WHIB",,25,
14,4/24/2026,"A. Fussell, R. Casella, G. Momsplair",Aerial,8:30,12:00,Photograph Count,2,B. Mason,Clewiston Spit,26.77799,-80.89818,Clewiston Spit 1,Clewiston_Spit1_2026_04_24_1 - Clewiston_Spit1_2026_04_24_22,TRHE,4,,
14,4/24/2026,"A. Fussell, R. Casella, G. Momsplair",Aerial,8:30,12:00,Photograph Count,2,B. Mason,Clewiston Spit,26.77799,-80.89818,Clewiston Spit 1,Clewiston_Spit1_2026_04_24_1 - Clewiston_Spit1_2026_04_24_22,ANHI,4,,
14,4/24/2026,"A. Fussell, R. Casella, G. Momsplair",Aerial,8:30,12:00,Photograph Count,2,B. Mason,Clewiston Spit,26.77799,-80.89818,Clewiston Spit 1,Clewiston_Spit1_2026_04_24_1 - Clewiston_Spit1_2026_04_24_22,GREG,11,,
14,4/24/2026,"A. Fussell, R. Casella, G. Momsplair",Aerial,8:30,12:00,Photograph Count,2,B. Mason,Clewiston Spit,26.77799,-80.89818,Clewiston Spit 1,Clewiston_Spit1_2026_04_24_1 - Clewiston_Spit1_2026_04_24_22,ROSP,3,,
14,4/24/2026,"A. Fussell, R. Casella, G. Momsplair",Aerial,8:30,12:00,Photograph Count,2,B. Mason,Clewiston Spit,26.77799,-80.89818,Clewiston Spit 1,Clewiston_Spit1_2026_04_24_1 - Clewiston_Spit1_2026_04_24_22,GBHE,6,,
14,4/24/2026,"A. Fussell, R. Casella, G. Momsplair",Aerial,8:30,12:00,Photograph Count,2,B. Mason,Clewiston Spit,26.77799,-80.89818,Clewiston Spit 1,Clewiston_Spit1_2026_04_24_1 - Clewiston_Spit1_2026_04_24_22,WHIB,327,,
14,4/24/2026,"A. Fussell, R. Casella, G. Momsplair",Aerial,8:30,12:00,Photograph Count,2,B. Mason,Clewiston Spit,26.77799,-80.89818,Clewiston Spit 1,Clewiston_Spit1_2026_04_24_1 - Clewiston_Spit1_2026_04_24_22,SNEG,12,,
14,4/24/2026,"A. Fussell, R. Casella, G. Momsplair",Aerial,8:30,12:00,Photograph Count,2,B. Mason,Clewiston Spit 2,26.77224,-80.90241,Clewiston Spit 2,Clewiston_Spit2_2026_04_24_1 - Clewiston_Spit2_2026_04_24_13,GREG,11,,
14,4/24/2026,"A. Fussell, R. Casella, G. Momsplair",Aerial,8:30,12:00,Photograph Count,2,B. Mason,Clewiston Spit 2,26.77224,-80.90241,Clewiston Spit 2,Clewiston_Spit2_2026_04_24_1 - Clewiston_Spit2_2026_04_24_13,ROSP,6,,
14,4/24/2026,"A. Fussell, R. Casella, G. Momsplair",Aerial,8:30,12:00,Photograph Count,2,B. Mason,Clewiston Spit 2,26.77224,-80.90241,Clewiston Spit 2,Clewiston_Spit2_2026_04_24_1 - Clewiston_Spit2_2026_04_24_13,SNEG,3,,
14,4/24/2026,"A. Fussell, R. Casella, G. Momsplair",Aerial,8:30,12:00,Photograph Count,2,B. Mason,Gun Range,26.8959,-81.12725,Gun Range,Gun_Range_2026_04_24_1 - Gun_Range_2026_04_24_22,CAEG,235,,
14,4/24/2026,"A. Fussell, R. Casella, G. Momsplair",Aerial,8:30,12:00,Photograph Count,2,B. Mason,Gun Range,26.8959,-81.12725,Gun Range,Gun_Range_2026_04_24_1 - Gun_Range_2026_04_24_22,ANHI,4,,
14,4/24/2026,"A. Fussell, R. Casella, G. Momsplair",Aerial,8:30,12:00,Photograph Count,2,B. Mason,Lemkin Creek,27.20427,-80.88912,Lemkin Creek,Lemkin_Creek_2026_04_24_1 - Lemkin_Creek_2026_04_24_14,CAEG,6,,
14,4/24/2026,"A. Fussell, R. Casella, G. Momsplair",Aerial,8:30,12:00,Photograph Count,2,B. Mason,Lemkin Creek,27.20427,-80.88912,Lemkin Creek,Lemkin_Creek_2026_04_24_1 - Lemkin_Creek_2026_04_24_14,ANHI,4,,
14,4/24/2026,"A. Fussell, R. Casella, G. Momsplair",Aerial,8:30,12:00,Photograph Count,2,B. Mason,Lemkin Creek,27.20427,-80.88912,Lemkin Creek,Lemkin_Creek_2026_04_24_1 - Lemkin_Creek_2026_04_24_14,GBHE,6,,
14,4/24/2026,"A. Fussell, R. Casella, G. Momsplair",Aerial,8:30,12:00,Photograph Count,2,B. Mason,Lemkin Creek,27.20427,-80.88912,Lemkin Creek,Lemkin_Creek_2026_04_24_1 - Lemkin_Creek_2026_04_24_14,WHIB,11,,
14,4/24/2026,"A. Fussell, R. Casella, G. Momsplair",Aerial,8:30,12:00,Photograph Count,2,B. Mason,Lemkin Creek,27.20427,-80.88912,Lemkin Creek,Lemkin_Creek_2026_04_24_1 - Lemkin_Creek_2026_04_24_14,GREG,1,,
14,4/24/2026,"A. Fussell, R. Casella, G. Momsplair",Aerial,8:30,12:00,Photograph Count,2,B. Mason,Little Bear Beach,26.72121,-80.84225,Little Bear Beach,Little_Bear_Beach_2026_04_24_1 - Little_Bear_Beach_2026_04_24_16,WHIB,62,,
14,4/24/2026,"A. Fussell, R. Casella, G. Momsplair",Aerial,8:30,12:00,Photograph Count,2,B. Mason,Little Bear Beach,26.72121,-80.84225,Little Bear Beach,Little_Bear_Beach_2026_04_24_1 - Little_Bear_Beach_2026_04_24_16,GREG,14,,
14,4/24/2026,"A. Fussell, R. Casella, G. Momsplair",Aerial,8:30,12:00,Photograph Count,2,B. Mason,Little Bear Beach,26.72121,-80.84225,Little Bear Beach,Little_Bear_Beach_2026_04_24_1 - Little_Bear_Beach_2026_04_24_16,SNEG,11,,
14,4/24/2026,"A. Fussell, R. Casella, G. Momsplair",Aerial,8:30,12:00,Photograph Count,2,B. Mason,Little Bear Beach,26.72121,-80.84225,Little Bear Beach,Little_Bear_Beach_2026_04_24_1 - Little_Bear_Beach_2026_04_24_16,WHIB,52,,
14,4/24/2026,"A. Fussell, R. Casella, G. Momsplair",Aerial,8:30,12:00,Photograph Count,2,B. Mason,Rock Island 5,26.95977,-81.05744,Rock Island 5,Rock_Island_5_2026_04_24_1 - Rock_Island_5_2026_04_24_10,WHIB,26,,
14,4/24/2026,"A. Fussell, R. Casella, G. Momsplair",Aerial,8:30,12:00,Photograph Count,2,B. Mason,Rock Island 5,26.95977,-81.05744,Rock Island 5,Rock_Island_5_2026_04_24_1 - Rock_Island_5_2026_04_24_10,TRHE,2,,
14,4/24/2026,"A. Fussell, R. Casella, G. Momsplair",Aerial,8:30,12:00,Photograph Count,2,B. Mason,Rock Island 5,26.95977,-81.05744,Rock Island 5,Rock_Island_5_2026_04_24_1 - Rock_Island_5_2026_04_24_10,SNEG,11,,
14,4/24/2026,"A. Fussell, R. Casella, G. Momsplair",Aerial,8:30,12:00,Photograph Count,2,B. Mason,Rock Island 5,26.95977,-81.05744,Rock Island 5,Rock_Island_5_2026_04_24_1 - Rock_Island_5_2026_04_24_10,GREG,2,,
14,4/24/2026,"A. Fussell, R. Casella, G. Momsplair",Aerial,8:30,12:00,Photograph Count,2,B. Mason,Rock Island 6,26.96131,-81.05394,Rock Island 6,Rock_Island_6_2026_04_24_1 - Rock_Island_6_2026_04_24_9,WHIB,4,,
14,4/24/2026,"A. Fussell, R. Casella, G. Momsplair",Aerial,8:30,12:00,Photograph Count,2,B. Mason,Rock Island 6,26.96131,-81.05394,Rock Island 6,Rock_Island_6_2026_04_24_1 - Rock_Island_6_2026_04_24_9,TRHE,1,,
14,4/24/2026,"A. Fussell, R. Casella, G. Momsplair",Aerial,8:30,12:00,Photograph Count,2,B. Mason,Rock Island 6,26.96131,-81.05394,Rock Island 6,Rock_Island_6_2026_04_24_1 - Rock_Island_6_2026_04_24_9,SNEG,14,,
14,4/24/2026,"A. Fussell, R. Casella, G. Momsplair",Aerial,8:30,12:00,Photograph Count,2,B. Mason,Rock Island 6,26.96131,-81.05394,Rock Island 6,Rock_Island_6_2026_04_24_1 - Rock_Island_6_2026_04_24_9,ROSP,1,,
14,4/24/2026,"A. Fussell, R. Casella, G. Momsplair",Aerial,8:30,12:00,Photograph Count,2,B. Mason,Rock Island 6,26.96131,-81.05394,Rock Island 6,Rock_Island_6_2026_04_24_1 - Rock_Island_6_2026_04_24_9,GBHE,2,,
14,4/24/2026,"A. Fussell, R. Casella, G. Momsplair",Aerial,8:30,12:00,Photograph Count,2,B. Mason,Rock Island 7,26.96357,-81.05149,Rock Island 7,Rock_Island_7_2026_04_24_1 - Rock_Island_7_2026_04_24_7,SNEG,19,,
14,4/24/2026,"A. Fussell, R. Casella, G. Momsplair",Aerial,8:30,12:00,Photograph Count,2,B. Mason,Rock Island 7,26.96357,-81.05149,Rock Island 7,Rock_Island_7_2026_04_24_1 - Rock_Island_7_2026_04_24_7,GBHE,1,,
14,4/24/2026,"A. Fussell, R. Casella, G. Momsplair",Aerial,8:30,12:00,Photograph Count,2,B. Mason,Rock Island 7,26.96357,-81.05149,Rock Island 7,Rock_Island_7_2026_04_24_1 - Rock_Island_7_2026_04_24_7,GLIB,1,,
14,4/24/2026,"A. Fussell, R. Casella, G. Momsplair",Aerial,8:30,12:00,Photograph Count,2,B. Mason,Rock Island 10,26.96706,-81.04669,Rock Island 10,Rock_Island_10_2026_04_24_1 - Rock_Island_10_2026_04_24_12,SNEG,8,,
14,4/24/2026,"A. Fussell, R. Casella, G. Momsplair",Aerial,8:30,12:00,Photograph Count,2,B. Mason,Rock Island 10,26.96706,-81.04669,Rock Island 10,Rock_Island_10_2026_04_24_1 - Rock_Island_10_2026_04_24_12,ROSP,21,,
14,4/24/2026,"A. Fussell, R. Casella, G. Momsplair",Aerial,8:30,12:00,Photograph Count,2,B. Mason,Rock Island 10,26.96706,-81.04669,Rock Island 10,Rock_Island_10_2026_04_24_1 - Rock_Island_10_2026_04_24_12,WHIB,6,,
14,4/24/2026,"A. Fussell, R. Casella, G. Momsplair",Aerial,8:30,12:00,Photograph Count,2,B. Mason,Rock Island 10,26.96706,-81.04669,Rock Island 10,Rock_Island_10_2026_04_24_1 - Rock_Island_10_2026_04_24_12,GBHE,1,,
14,4/24/2026,"A. Fussell, R. Casella, G. Momsplair",Aerial,8:30,12:00,Photograph Count,2,B. Mason,Rock Island 11,26.9683,-81.04488,Rock Island 11,Rock_Island_11_2026_04_24_1 - Rock_Island_11_2026_04_24_13,SNEG,21,,
14,4/24/2026,"A. Fussell, R. Casella, G. Momsplair",Aerial,8:30,12:00,Photograph Count,2,B. Mason,Rock Island 11,26.9683,-81.04488,Rock Island 11,Rock_Island_11_2026_04_24_1 - Rock_Island_11_2026_04_24_13,ANHI,4,,
14,4/24/2026,"A. Fussell, R. Casella, G. Momsplair",Aerial,8:30,12:00,Photograph Count,2,B. Mason,Rock Island 11,26.9683,-81.04488,Rock Island 11,Rock_Island_11_2026_04_24_1 - Rock_Island_11_2026_04_24_13,GBHE,2,,
14,4/24/2026,"A. Fussell, R. Casella, G. Momsplair",Aerial,8:30,12:00,Photograph Count,2,B. Mason,Rock Island 11,26.9683,-81.04488,Rock Island 11,Rock_Island_11_2026_04_24_1 - Rock_Island_11_2026_04_24_13,ROSP,4,,
14,4/24/2026,"A. Fussell, R. Casella, G. Momsplair",Aerial,8:30,12:00,Photograph Count,2,B. Mason,Rock Island 11,26.9683,-81.04488,Rock Island 11,Rock_Island_11_2026_04_24_1 - Rock_Island_11_2026_04_24_13,TRHE,2,,
14,4/24/2026,"A. Fussell, R. Casella, G. Momsplair",Aerial,8:30,12:00,Photograph Count,2,B. Mason,Rock Island 12,26.96872,-81.04175,Rock Island 12,Rock_Island_12_2026_04_24_1 - Rock_Island_12_2026_04_24_9,WHIB,5,,
14,4/24/2026,"A. Fussell, R. Casella, G. Momsplair",Aerial,8:30,12:00,Photograph Count,2,B. Mason,Rock Island 12,26.96872,-81.04175,Rock Island 12,Rock_Island_12_2026_04_24_1 - Rock_Island_12_2026_04_24_9,ANHI,2,,
14,4/24/2026,"A. Fussell, R. Casella, G. Momsplair",Aerial,8:30,12:00,Photograph Count,2,B. Mason,Rock Island 12,26.96872,-81.04175,Rock Island 12,Rock_Island_12_2026_04_24_1 - Rock_Island_12_2026_04_24_9,ROSP,6,,
14,4/24/2026,"A. Fussell, R. Casella, G. Momsplair",Aerial,8:30,12:00,Photograph Count,2,B. Mason,Rock Island 12,26.96872,-81.04175,Rock Island 12,Rock_Island_12_2026_04_24_1 - Rock_Island_12_2026_04_24_9,SNEG,4,,
14,4/24/2026,"A. Fussell, R. Casella, G. Momsplair",Aerial,8:30,12:00,Photograph Count,2,B. Mason,Rock Island 12,26.96872,-81.04175,Rock Island 12,Rock_Island_12_2026_04_24_1 - Rock_Island_12_2026_04_24_9,GBHE,1,,
14,4/24/2026,"A. Fussell, R. Casella, G. Momsplair",Aerial,8:30,12:00,Photograph Count,2,B. Mason,Rock Island 13,26.96907,-81.03886,Rock Island 13,Rock_Island_13_2026_04_24_1 - Rock_Island_13_2026_04_24_16,WHIB,39,,
14,4/24/2026,"A. Fussell, R. Casella, G. Momsplair",Aerial,8:30,12:00,Photograph Count,2,B. Mason,Rock Island 13,26.96907,-81.03886,Rock Island 13,Rock_Island_13_2026_04_24_1 - Rock_Island_13_2026_04_24_16,SNEG,10,,
14,4/24/2026,"A. Fussell, R. Casella, G. Momsplair",Aerial,8:30,12:00,Photograph Count,2,B. Mason,Rock Island 13,26.96907,-81.03886,Rock Island 13,Rock_Island_13_2026_04_24_1 - Rock_Island_13_2026_04_24_16,GBHE,3,,
14,4/24/2026,"A. Fussell, R. Casella, G. Momsplair",Aerial,8:30,12:00,Photograph Count,2,B. Mason,Rock Island 13,26.96907,-81.03886,Rock Island 13,Rock_Island_13_2026_04_24_1 - Rock_Island_13_2026_04_24_16,ROSP,2,,
14,4/24/2026,"A. Fussell, R. Casella, G. Momsplair",Aerial,8:30,12:00,Photograph Count,2,B. Mason,Rock Island 13,26.96907,-81.03886,Rock Island 13,Rock_Island_13_2026_04_24_1 - Rock_Island_13_2026_04_24_16,ANHI,2,,
14,4/24/2026,"A. Fussell, R. Casella, G. Momsplair",Aerial,8:30,12:00,Photograph Count,2,B. Mason,Rock Island 14,26.96968,-81.03663,Rock Island 14,Rock_Island_14_2026_04_24_1 - Rock_Island_14_2026_04_24_7,SNEG,12,,
14,4/24/2026,"A. Fussell, R. Casella, G. Momsplair",Aerial,8:30,12:00,Photograph Count,2,B. Mason,Rock Island 14,26.96968,-81.03663,Rock Island 14,Rock_Island_14_2026_04_24_1 - Rock_Island_14_2026_04_24_7,ANHI,2,,
14,4/24/2026,"A. Fussell, R. Casella, G. Momsplair",Aerial,8:30,12:00,Photograph Count,2,B. Mason,Rock Island 14,26.96968,-81.03663,Rock Island 14,Rock_Island_14_2026_04_24_1 - Rock_Island_14_2026_04_24_7,ROSP,1,,
14,4/24/2026,"A. Fussell, R. Casella, G. Momsplair",Aerial,8:30,12:00,Photograph Count,2,B. Mason,Rock Island 14,26.96968,-81.03663,Rock Island 14,Rock_Island_14_2026_04_24_1 - Rock_Island_14_2026_04_24_7,GBHE,2,,
14,4/24/2026,"A. Fussell, R. Casella, G. Momsplair",Aerial,8:30,12:00,Photograph Count,2,B. Mason,Rock Island 15,26.96976,-81.03461,Rock Island 15,Rock_Island_15_2026_04_24_1 - Rock_Island_15_2026_04_24_8,SNEG,4,,
14,4/24/2026,"A. Fussell, R. Casella, G. Momsplair",Aerial,8:30,12:00,Photograph Count,2,B. Mason,Rock Island 15,26.96976,-81.03461,Rock Island 15,Rock_Island_15_2026_04_24_1 - Rock_Island_15_2026_04_24_8,GBHE,1,,
14,4/24/2026,"A. Fussell, R. Casella, G. Momsplair",Aerial,8:30,12:00,Photograph Count,2,R. Casella,Clewiston Spit,26.77799,-80.89818,Clewiston Spit 1,Clewiston_Spit1_2026_04_24_1 - Clewiston_Spit1_2026_04_24_22,TRHE,1,,
14,4/24/2026,"A. Fussell, R. Casella, G. Momsplair",Aerial,8:30,12:00,Photograph Count,2,R. Casella,Clewiston Spit,26.77799,-80.89818,Clewiston Spit 1,Clewiston_Spit1_2026_04_24_1 - Clewiston_Spit1_2026_04_24_22,ANHI,5,,
14,4/24/2026,"A. Fussell, R. Casella, G. Momsplair",Aerial,8:30,12:00,Photograph Count,2,R. Casella,Clewiston Spit,26.77799,-80.89818,Clewiston Spit 1,Clewiston_Spit1_2026_04_24_1 - Clewiston_Spit1_2026_04_24_22,GREG,10,,
14,4/24/2026,"A. Fussell, R. Casella, G. Momsplair",Aerial,8:30,12:00,Photograph Count,2,R. Casella,Clewiston Spit,26.77799,-80.89818,Clewiston Spit 1,Clewiston_Spit1_2026_04_24_1 - Clewiston_Spit1_2026_04_24_22,ROSP,9,,
14,4/24/2026,"A. Fussell, R. Casella, G. Momsplair",Aerial,8:30,12:00,Photograph Count,2,R. Casella,Clewiston Spit,26.77799,-80.89818,Clewiston Spit 1,Clewiston_Spit1_2026_04_24_1 - Clewiston_Spit1_2026_04_24_22,GBHE,8,,
14,4/24/2026,"A. Fussell, R. Casella, G. Momsplair",Aerial,8:30,12:00,Photograph Count,2,R. Casella,Clewiston Spit,26.77799,-80.89818,Clewiston Spit 1,Clewiston_Spit1_2026_04_24_1 - Clewiston_Spit1_2026_04_24_22,WHIB,226,,
14,4/24/2026,"A. Fussell, R. Casella, G. Momsplair",Aerial,8:30,12:00,Photograph Count,2,R. Casella,Clewiston Spit,26.77799,-80.89818,Clewiston Spit 1,Clewiston_Spit1_2026_04_24_1 - Clewiston_Spit1_2026_04_24_22,SNEG,23,,
14,4/24/2026,"A. Fussell, R. Casella, G. Momsplair",Aerial,8:30,12:00,Photograph Count,2,R. Casella,Clewiston Spit,26.77799,-80.89818,Clewiston Spit 1,Clewiston_Spit1_2026_04_24_1 - Clewiston_Spit1_2026_04_24_22,GLIB,6,,
14,4/24/2026,"A. Fussell, R. Casella, G. Momsplair",Aerial,8:30,12:00,Photograph Count,2,R. Casella,Clewiston Spit,26.77799,-80.89818,Clewiston Spit 1,Clewiston_Spit1_2026_04_24_1 - Clewiston_Spit1_2026_04_24_22,CAEG,4,,
14,4/24/2026,"A. Fussell, R. Casella, G. Momsplair",Aerial,8:30,12:00,Photograph Count,2,R. Casella,Clewiston Spit 2,26.77224,-80.90241,Clewiston Spit 2,Clewiston_Spit2_2026_04_24_1 - Clewiston_Spit2_2026_04_24_13,GREG,13,,
14,4/24/2026,"A. Fussell, R. Casella, G. Momsplair",Aerial,8:30,12:00,Photograph Count,2,R. Casella,Clewiston Spit 2,26.77224,-80.90241,Clewiston Spit 2,Clewiston_Spit2_2026_04_24_1 - Clewiston_Spit2_2026_04_24_13,ROSP,6,,
14,4/24/2026,"A. Fussell, R. Casella, G. Momsplair",Aerial,8:30,12:00,Photograph Count,2,R. Casella,Clewiston Spit 2,26.77224,-80.90241,Clewiston Spit 2,Clewiston_Spit2_2026_04_24_1 - Clewiston_Spit2_2026_04_24_13,SNEG,6,,
14,4/24/2026,"A. Fussell, R. Casella, G. Momsplair",Aerial,8:30,12:00,Photograph Count,2,R. Casella,Gun Range,26.8959,-81.12725,Gun Range,Gun_Range_2026_04_24_1 - Gun_Range_2026_04_24_22,CAEG,163,,
14,4/24/2026,"A. Fussell, R. Casella, G. Momsplair",Aerial,8:30,12:00,Photograph Count,2,R. Casella,Gun Range,26.8959,-81.12725,Gun Range,Gun_Range_2026_04_24_1 - Gun_Range_2026_04_24_22,ANHI,6,,
14,4/24/2026,"A. Fussell, R. Casella, G. Momsplair",Aerial,8:30,12:00,Photograph Count,2,R. Casella,Gun Range,26.8959,-81.12725,Gun Range,Gun_Range_2026_04_24_1 - Gun_Range_2026_04_24_22,WHIB,12,,
14,4/24/2026,"A. Fussell, R. Casella, G. Momsplair",Aerial,8:30,12:00,Photograph Count,2,R. Casella,Gun Range,26.8959,-81.12725,Gun Range,Gun_Range_2026_04_24_1 - Gun_Range_2026_04_24_22,TRHE,1,,
14,4/24/2026,"A. Fussell, R. Casella, G. Momsplair",Aerial,8:30,12:00,Photograph Count,2,R. Casella,Lemkin Creek,27.20427,-80.88912,Lemkin Creek,Lemkin_Creek_2026_04_24_1 - Lemkin_Creek_2026_04_24_14,CAEG,9,,
14,4/24/2026,"A. Fussell, R. Casella, G. Momsplair",Aerial,8:30,12:00,Photograph Count,2,R. Casella,Lemkin Creek,27.20427,-80.88912,Lemkin Creek,Lemkin_Creek_2026_04_24_1 - Lemkin_Creek_2026_04_24_14,GBHE,4,,
14,4/24/2026,"A. Fussell, R. Casella, G. Momsplair",Aerial,8:30,12:00,Photograph Count,2,R. Casella,Lemkin Creek,27.20427,-80.88912,Lemkin Creek,Lemkin_Creek_2026_04_24_1 - Lemkin_Creek_2026_04_24_14,GREG,3,,
14,4/24/2026,"A. Fussell, R. Casella, G. Momsplair",Aerial,8:30,12:00,Photograph Count,2,R. Casella,Lemkin Creek,27.20427,-80.88912,Lemkin Creek,Lemkin_Creek_2026_04_24_1 - Lemkin_Creek_2026_04_24_14,WHIB,1,,
14,4/24/2026,"A. Fussell, R. Casella, G. Momsplair",Aerial,8:30,12:00,Photograph Count,2,R. Casella,Little Bear Beach,26.72121,-80.84225,Little Bear Beach,Little_Bear_Beach_2026_04_24_1 - Little_Bear_Beach_2026_04_24_16,CAEG,4,,
14,4/24/2026,"A. Fussell, R. Casella, G. Momsplair",Aerial,8:30,12:00,Photograph Count,2,R. Casella,Little Bear Beach,26.72121,-80.84225,Little Bear Beach,Little_Bear_Beach_2026_04_24_1 - Little_Bear_Beach_2026_04_24_16,GREG,20,,
14,4/24/2026,"A. Fussell, R. Casella, G. Momsplair",Aerial,8:30,12:00,Photograph Count,2,R. Casella,Little Bear Beach,26.72121,-80.84225,Little Bear Beach,Little_Bear_Beach_2026_04_24_1 - Little_Bear_Beach_2026_04_24_16,SNEG,3,,
14,4/24/2026,"A. Fussell, R. Casella, G. Momsplair",Aerial,8:30,12:00,Photograph Count,2,R. Casella,Little Bear Beach,26.72121,-80.84225,Little Bear Beach,Little_Bear_Beach_2026_04_24_1 - Little_Bear_Beach_2026_04_24_16,WHIB,51,,
14,4/24/2026,"A. Fussell, R. Casella, G. Momsplair",Aerial,8:30,12:00,Photograph Count,2,R. Casella,Little Bear Beach,26.72121,-80.84225,Little Bear Beach,Little_Bear_Beach_2026_04_24_1 - Little_Bear_Beach_2026_04_24_16,ROSP,2,,
14,4/24/2026,"A. Fussell, R. Casella, G. Momsplair",Aerial,8:30,12:00,Photograph Count,2,R. Casella,Rock Island 5,26.95977,-81.05744,Rock Island 5,Rock_Island_5_2026_04_24_1 - Rock_Island_5_2026_04_24_10,WHIB,17,,
14,4/24/2026,"A. Fussell, R. Casella, G. Momsplair",Aerial,8:30,12:00,Photograph Count,2,R. Casella,Rock Island 5,26.95977,-81.05744,Rock Island 5,Rock_Island_5_2026_04_24_1 - Rock_Island_5_2026_04_24_10,SNEG,14,,
14,4/24/2026,"A. Fussell, R. Casella, G. Momsplair",Aerial,8:30,12:00,Photograph Count,2,R. Casella,Rock Island 5,26.95977,-81.05744,Rock Island 5,Rock_Island_5_2026_04_24_1 - Rock_Island_5_2026_04_24_10,GREG,2,,
14,4/24/2026,"A. Fussell, R. Casella, G. Momsplair",Aerial,8:30,12:00,Photograph Count,2,R. Casella,Rock Island 6,26.96131,-81.05394,Rock Island 6,Rock_Island_6_2026_04_24_1 - Rock_Island_6_2026_04_24_9,GLIB,1,,
14,4/24/2026,"A. Fussell, R. Casella, G. Momsplair",Aerial,8:30,12:00,Photograph Count,2,R. Casella,Rock Island 6,26.96131,-81.05394,Rock Island 6,Rock_Island_6_2026_04_24_1 - Rock_Island_6_2026_04_24_9,TRHE,1,,
14,4/24/2026,"A. Fussell, R. Casella, G. Momsplair",Aerial,8:30,12:00,Photograph Count,2,R. Casella,Rock Island 6,26.96131,-81.05394,Rock Island 6,Rock_Island_6_2026_04_24_1 - Rock_Island_6_2026_04_24_9,SNEG,12,,
14,4/24/2026,"A. Fussell, R. Casella, G. Momsplair",Aerial,8:30,12:00,Photograph Count,2,R. Casella,Rock Island 6,26.96131,-81.05394,Rock Island 6,Rock_Island_6_2026_04_24_1 - Rock_Island_6_2026_04_24_9,GBHE,3,,
14,4/24/2026,"A. Fussell, R. Casella, G. Momsplair",Aerial,8:30,12:00,Photograph Count,2,R. Casella,Rock Island 7,26.96357,-81.05149,Rock Island 7,Rock_Island_7_2026_04_24_1 - Rock_Island_7_2026_04_24_7,WHIB,2,,
14,4/24/2026,"A. Fussell, R. Casella, G. Momsplair",Aerial,8:30,12:00,Photograph Count,2,R. Casella,Rock Island 7,26.96357,-81.05149,Rock Island 7,Rock_Island_7_2026_04_24_1 - Rock_Island_7_2026_04_24_7,SNEG,15,,
14,4/24/2026,"A. Fussell, R. Casella, G. Momsplair",Aerial,8:30,12:00,Photograph Count,2,R. Casella,Rock Island 7,26.96357,-81.05149,Rock Island 7,Rock_Island_7_2026_04_24_1 - Rock_Island_7_2026_04_24_7,GBHE,1,,
14,4/24/2026,"A. Fussell, R. Casella, G. Momsplair",Aerial,8:30,12:00,Photograph Count,2,R. Casella,Rock Island 10,26.96706,-81.04669,Rock Island 10,Rock_Island_10_2026_04_24_1 - Rock_Island_10_2026_04_24_12,WHIB,5,,
14,4/24/2026,"A. Fussell, R. Casella, G. Momsplair",Aerial,8:30,12:00,Photograph Count,2,R. Casella,Rock Island 10,26.96706,-81.04669,Rock Island 10,Rock_Island_10_2026_04_24_1 - Rock_Island_10_2026_04_24_12,SNEG,6,,
14,4/24/2026,"A. Fussell, R. Casella, G. Momsplair",Aerial,8:30,12:00,Photograph Count,2,R. Casella,Rock Island 10,26.96706,-81.04669,Rock Island 10,Rock_Island_10_2026_04_24_1 - Rock_Island_10_2026_04_24_12,ROSP,26,,
14,4/24/2026,"A. Fussell, R. Casella, G. Momsplair",Aerial,8:30,12:00,Photograph Count,2,R. Casella,Rock Island 11,26.9683,-81.04488,Rock Island 11,Rock_Island_11_2026_04_24_1 - Rock_Island_11_2026_04_24_13,WHIB,6,,
14,4/24/2026,"A. Fussell, R. Casella, G. Momsplair",Aerial,8:30,12:00,Photograph Count,2,R. Casella,Rock Island 11,26.9683,-81.04488,Rock Island 11,Rock_Island_11_2026_04_24_1 - Rock_Island_11_2026_04_24_13,SNEG,9,,
14,4/24/2026,"A. Fussell, R. Casella, G. Momsplair",Aerial,8:30,12:00,Photograph Count,2,R. Casella,Rock Island 11,26.9683,-81.04488,Rock Island 11,Rock_Island_11_2026_04_24_1 - Rock_Island_11_2026_04_24_13,GBHE,5,,
14,4/24/2026,"A. Fussell, R. Casella, G. Momsplair",Aerial,8:30,12:00,Photograph Count,2,R. Casella,Rock Island 11,26.9683,-81.04488,Rock Island 11,Rock_Island_11_2026_04_24_1 - Rock_Island_11_2026_04_24_13,ROSP,6,,
14,4/24/2026,"A. Fussell, R. Casella, G. Momsplair",Aerial,8:30,12:00,Photograph Count,2,R. Casella,Rock Island 12,26.96872,-81.04175,Rock Island 12,Rock_Island_12_2026_04_24_1 - Rock_Island_12_2026_04_24_9,ROSP,8,,
14,4/24/2026,"A. Fussell, R. Casella, G. Momsplair",Aerial,8:30,12:00,Photograph Count,2,R. Casella,Rock Island 12,26.96872,-81.04175,Rock Island 12,Rock_Island_12_2026_04_24_1 - Rock_Island_12_2026_04_24_9,SNEG,6,,
14,4/24/2026,"A. Fussell, R. Casella, G. Momsplair",Aerial,8:30,12:00,Photograph Count,2,R. Casella,Rock Island 12,26.96872,-81.04175,Rock Island 12,Rock_Island_12_2026_04_24_1 - Rock_Island_12_2026_04_24_9,GBHE,2,,
14,4/24/2026,"A. Fussell, R. Casella, G. Momsplair",Aerial,8:30,12:00,Photograph Count,2,R. Casella,Rock Island 13,26.96907,-81.03886,Rock Island 13,Rock_Island_13_2026_04_24_1 - Rock_Island_13_2026_04_24_16,WHIB,27,,
14,4/24/2026,"A. Fussell, R. Casella, G. Momsplair",Aerial,8:30,12:00,Photograph Count,2,R. Casella,Rock Island 13,26.96907,-81.03886,Rock Island 13,Rock_Island_13_2026_04_24_1 - Rock_Island_13_2026_04_24_16,SNEG,11,,
14,4/24/2026,"A. Fussell, R. Casella, G. Momsplair",Aerial,8:30,12:00,Photograph Count,2,R. Casella,Rock Island 13,26.96907,-81.03886,Rock Island 13,Rock_Island_13_2026_04_24_1 - Rock_Island_13_2026_04_24_16,GBHE,4,,
14,4/24/2026,"A. Fussell, R. Casella, G. Momsplair",Aerial,8:30,12:00,Photograph Count,2,R. Casella,Rock Island 13,26.96907,-81.03886,Rock Island 13,Rock_Island_13_2026_04_24_1 - Rock_Island_13_2026_04_24_16,CAEG,2,,
14,4/24/2026,"A. Fussell, R. Casella, G. Momsplair",Aerial,8:30,12:00,Photograph Count,2,R. Casella,Rock Island 13,26.96907,-81.03886,Rock Island 13,Rock_Island_13_2026_04_24_1 - Rock_Island_13_2026_04_24_16,GREG,2,,
14,4/24/2026,"A. Fussell, R. Casella, G. Momsplair",Aerial,8:30,12:00,Photograph Count,2,R. Casella,Rock Island 13,26.96907,-81.03886,Rock Island 13,Rock_Island_13_2026_04_24_1 - Rock_Island_13_2026_04_24_16,ROSP,2,,
14,4/24/2026,"A. Fussell, R. Casella, G. Momsplair",Aerial,8:30,12:00,Photograph Count,2,R. Casella,Rock Island 13,26.96907,-81.03886,Rock Island 13,Rock_Island_13_2026_04_24_1 - Rock_Island_13_2026_04_24_16,GLIB,1,,
14,4/24/2026,"A. Fussell, R. Casella, G. Momsplair",Aerial,8:30,12:00,Photograph Count,2,R. Casella,Rock Island 13,26.96907,-81.03886,Rock Island 13,Rock_Island_13_2026_04_24_1 - Rock_Island_13_2026_04_24_16,ANHI,3,,
14,4/24/2026,"A. Fussell, R. Casella, G. Momsplair",Aerial,8:30,12:00,Photograph Count,2,R. Casella,Rock Island 14,26.96968,-81.03663,Rock Island 14,Rock_Island_14_2026_04_24_1 - Rock_Island_14_2026_04_24_7,WHIB,10,,
14,4/24/2026,"A. Fussell, R. Casella, G. Momsplair",Aerial,8:30,12:00,Photograph Count,2,R. Casella,Rock Island 14,26.96968,-81.03663,Rock Island 14,Rock_Island_14_2026_04_24_1 - Rock_Island_14_2026_04_24_7,SNEG,4,,
14,4/24/2026,"A. Fussell, R. Casella, G. Momsplair",Aerial,8:30,12:00,Photograph Count,2,R. Casella,Rock Island 14,26.96968,-81.03663,Rock Island 14,Rock_Island_14_2026_04_24_1 - Rock_Island_14_2026_04_24_7,GBHE,3,,
14,4/24/2026,"A. Fussell, R. Casella, G. Momsplair",Aerial,8:30,12:00,Photograph Count,2,R. Casella,Rock Island 14,26.96968,-81.03663,Rock Island 14,Rock_Island_14_2026_04_24_1 - Rock_Island_14_2026_04_24_7,GREG,1,,
14,4/24/2026,"A. Fussell, R. Casella, G. Momsplair",Aerial,8:30,12:00,Photograph Count,2,R. Casella,Rock Island 14,26.96968,-81.03663,Rock Island 14,Rock_Island_14_2026_04_24_1 - Rock_Island_14_2026_04_24_7,ANHI,1,,
14,4/24/2026,"A. Fussell, R. Casella, G. Momsplair",Aerial,8:30,12:00,Photograph Count,2,R. Casella,Rock Island 14,26.96968,-81.03663,Rock Island 14,Rock_Island_14_2026_04_24_1 - Rock_Island_14_2026_04_24_7,ROSP,2,,
14,4/24/2026,"A. Fussell, R. Casella, G. Momsplair",Aerial,8:30,12:00,Photograph Count,2,R. Casella,Rock Island 15,26.96976,-81.03461,Rock Island 15,Rock_Island_15_2026_04_24_1 - Rock_Island_15_2026_04_24_8,WHIB,4,,
14,4/24/2026,"A. Fussell, R. Casella, G. Momsplair",Aerial,8:30,12:00,Photograph Count,2,R. Casella,Rock Island 15,26.96976,-81.03461,Rock Island 15,Rock_Island_15_2026_04_24_1 - Rock_Island_15_2026_04_24_8,SNEG,1,,
14,4/24/2026,"A. Fussell, R. Casella, G. Momsplair",Aerial,8:30,12:00,Photograph Count,2,R. Casella,Rock Island 15,26.96976,-81.03461,Rock Island 15,Rock_Island_15_2026_04_24_1 - Rock_Island_15_2026_04_24_8,GLIB,1,,
15,5/22/2026,"A. Fussell, R. Casella",Aerial,8:25,12:10,Aerial Count,1,A. Fussell,70,26.72121,-80.84225,Little Bear Beach,Little_Bear_Beach_2026_05_22_1 - Little_Bear_Beach_2026_05_22_12,SNEG,60,,
15,5/22/2026,"A. Fussell, R. Casella",Aerial,8:25,12:10,Aerial Count,1,A. Fussell,70,26.72121,-80.84225,Little Bear Beach,Little_Bear_Beach_2026_05_22_1 - Little_Bear_Beach_2026_05_22_12,WHIB,75,,
15,5/22/2026,"A. Fussell, R. Casella",Aerial,8:25,12:10,Aerial Count,1,A. Fussell,70,26.72121,-80.84225,Little Bear Beach,Little_Bear_Beach_2026_05_22_1 - Little_Bear_Beach_2026_05_22_12,CAEG,20,,
15,5/22/2026,"A. Fussell, R. Casella",Aerial,8:25,12:10,Aerial Count,1,A. Fussell,71,26.77224,-80.90241,Clewiston Spit 2,Clewiston_Spit_2_2026_05_22_1 - Clewiston_Spit_2_2026_05_22_9,SMWT,40,,
15,5/22/2026,"A. Fussell, R. Casella",Aerial,8:25,12:10,Aerial Count,1,A. Fussell,72,26.77799,-80.89818,Clewiston Spit 1,Clewiston_Spit_1_2026_05_22_1 - Clewiston_Spit_1_2026_05_22_20,SNEG,100,,
15,5/22/2026,"A. Fussell, R. Casella",Aerial,8:25,12:10,Aerial Count,1,A. Fussell,72,26.77799,-80.89818,Clewiston Spit 1,Clewiston_Spit_1_2026_05_22_1 - Clewiston_Spit_1_2026_05_22_20,CAEG,25,,
15,5/22/2026,"A. Fussell, R. Casella",Aerial,8:25,12:10,Aerial Count,1,A. Fussell,73,26.95977,-81.05744,Rock Island 5,Rock_Island_5_2026_05_22_1 - Rock_Island_5_2026_05_22_7,SMWT,25,,
15,5/22/2026,"A. Fussell, R. Casella",Aerial,8:25,12:10,Aerial Count,1,A. Fussell,74,26.96131,-81.05394,Rock Island 6,Rock_Island_6_2026_05_22_1 - Rock_Island_6_2026_05_22_5,SMWT,15,,
15,5/22/2026,"A. Fussell, R. Casella",Aerial,8:25,12:10,Aerial Count,1,A. Fussell,75,26.96512,-81.04951,Rock Island 8,Rock_Island_8_2026_05_22_1 - Rock_Island_8_2026_05_22_4,SMWT,5,,
15,5/22/2026,"A. Fussell, R. Casella",Aerial,8:25,12:10,Aerial Count,1,A. Fussell,76,26.9665,-81.04768,Rock Island 9,Rock_Island_9_2026_05_22_1 - Rock_Island_9_2026_05_22_12,SMWT,60,,
15,5/22/2026,"A. Fussell, R. Casella",Aerial,8:25,12:10,Aerial Count,1,A. Fussell,77,26.96706,-81.04669,Rock Island 10,Rock_Island_10_2026_05_22_1 - Rock_Island_10_2026_05_22_12,SMWT,75,,
15,5/22/2026,"A. Fussell, R. Casella",Aerial,8:25,12:10,Aerial Count,1,A. Fussell,78,26.9683,-81.04488,Rock Island 11,Rock_Island_11_2026_05_22_1 - Rock_Island_11_2026_05_22_19,CAEG,75,,
15,5/22/2026,"A. Fussell, R. Casella",Aerial,8:25,12:10,Aerial Count,1,A. Fussell,78,26.9683,-81.04488,Rock Island 11,Rock_Island_11_2026_05_22_1 - Rock_Island_11_2026_05_22_19,SNEG,40,,
15,5/22/2026,"A. Fussell, R. Casella",Aerial,8:25,12:10,Aerial Count,1,A. Fussell,79,26.96872,-81.04175,Rock Island 12,Rock_Island_12_2026_05_22_1 - Rock_Island_12_2026_05_22_11,CAEG,50,,
15,5/22/2026,"A. Fussell, R. Casella",Aerial,8:25,12:10,Aerial Count,1,A. Fussell,79,26.96872,-81.04175,Rock Island 12,Rock_Island_12_2026_05_22_1 - Rock_Island_12_2026_05_22_11,SNEG,25,,
15,5/22/2026,"A. Fussell, R. Casella",Aerial,8:25,12:10,Aerial Count,1,A. Fussell,80,26.96907,-81.03886,Rock Island 13,Rock_Island_13_2026_05_22_1 - Rock_Island_13_2026_05_22_11,CAEG,50,,
15,5/22/2026,"A. Fussell, R. Casella",Aerial,8:25,12:10,Aerial Count,1,A. Fussell,80,26.96907,-81.03886,Rock Island 13,Rock_Island_13_2026_05_22_1 - Rock_Island_13_2026_05_22_11,SNEG,15,,
15,5/22/2026,"A. Fussell, R. Casella",Aerial,8:25,12:10,Aerial Count,1,A. Fussell,81,26.96968,-81.03663,Rock Island 14,Rock_Island_14_2026_05_22_1 - Rock_Island_14_2026_05_22_8,CAEG,40,,
15,5/22/2026,"A. Fussell, R. Casella",Aerial,8:25,12:10,Aerial Count,1,A. Fussell,81,26.96968,-81.03663,Rock Island 14,Rock_Island_14_2026_05_22_1 - Rock_Island_14_2026_05_22_8,SNEG,25,,
15,5/22/2026,"A. Fussell, R. Casella",Aerial,8:25,12:10,Aerial Count,1,A. Fussell,82,27.20427,-80.88912,Lemkin Creek,Lemkin_Creek_2026_05_22_1 - Lemkin_Creek_2026_05_22_13,CAEG,40,,
15,5/22/2026,"A. Fussell, R. Casella",Aerial,8:25,12:10,Aerial Count,1,A. Fussell,82,27.20427,-80.88912,Lemkin Creek,Lemkin_Creek_2026_05_22_1 - Lemkin_Creek_2026_05_22_13,WHIB,50,,
15,5/22/2026,"A. Fussell, R. Casella",Aerial,8:25,12:10,Aerial Count,1,R. Casella,70,26.72121,-80.84225,Little Bear Beach,Little_Bear_Beach_2026_05_22_1 - Little_Bear_Beach_2026_05_22_12,WHIB,25,,
15,5/22/2026,"A. Fussell, R. Casella",Aerial,8:25,12:10,Aerial Count,1,R. Casella,70,26.72121,-80.84225,Little Bear Beach,Little_Bear_Beach_2026_05_22_1 - Little_Bear_Beach_2026_05_22_12,SNEG,20,,
15,5/22/2026,"A. Fussell, R. Casella",Aerial,8:25,12:10,Aerial Count,1,R. Casella,70,26.72121,-80.84225,Little Bear Beach,Little_Bear_Beach_2026_05_22_1 - Little_Bear_Beach_2026_05_22_12,CAEG,25,,
15,5/22/2026,"A. Fussell, R. Casella",Aerial,8:25,12:10,Aerial Count,1,R. Casella,70,26.72121,-80.84225,Little Bear Beach,Little_Bear_Beach_2026_05_22_1 - Little_Bear_Beach_2026_05_22_12,ROSP,5,,
15,5/22/2026,"A. Fussell, R. Casella",Aerial,8:25,12:10,Aerial Count,1,R. Casella,71,26.77224,-80.90241,Clewiston Spit 2,Clewiston_Spit_2_2026_05_22_1 - Clewiston_Spit_2_2026_05_22_9,SNEG,10,,
15,5/22/2026,"A. Fussell, R. Casella",Aerial,8:25,12:10,Aerial Count,1,R. Casella,71,26.77224,-80.90241,Clewiston Spit 2,Clewiston_Spit_2_2026_05_22_1 - Clewiston_Spit_2_2026_05_22_9,WHIB,10,,
15,5/22/2026,"A. Fussell, R. Casella",Aerial,8:25,12:10,Aerial Count,1,R. Casella,72,26.77799,-80.89818,Clewiston Spit 1,Clewiston_Spit_1_2026_05_22_1 - Clewiston_Spit_1_2026_05_22_20,SNEG,25,,
15,5/22/2026,"A. Fussell, R. Casella",Aerial,8:25,12:10,Aerial Count,1,R. Casella,72,26.77799,-80.89818,Clewiston Spit 1,Clewiston_Spit_1_2026_05_22_1 - Clewiston_Spit_1_2026_05_22_20,ROSP,3,,
15,5/22/2026,"A. Fussell, R. Casella",Aerial,8:25,12:10,Aerial Count,1,R. Casella,72,26.77799,-80.89818,Clewiston Spit 1,Clewiston_Spit_1_2026_05_22_1 - Clewiston_Spit_1_2026_05_22_20,WHIB,30,,
15,5/22/2026,"A. Fussell, R. Casella",Aerial,8:25,12:10,Aerial Count,1,R. Casella,72,26.77799,-80.89818,Clewiston Spit 1,Clewiston_Spit_1_2026_05_22_1 - Clewiston_Spit_1_2026_05_22_20,CAEG,15,,
15,5/22/2026,"A. Fussell, R. Casella",Aerial,8:25,12:10,Aerial Count,1,R. Casella,73,26.95977,-81.05744,Rock Island 5,Rock_Island_5_2026_05_22_1 - Rock_Island_5_2026_05_22_7,WHIB,30,,
15,5/22/2026,"A. Fussell, R. Casella",Aerial,8:25,12:10,Aerial Count,1,R. Casella,73,26.95977,-81.05744,Rock Island 5,Rock_Island_5_2026_05_22_1 - Rock_Island_5_2026_05_22_7,SNEG,10,,
15,5/22/2026,"A. Fussell, R. Casella",Aerial,8:25,12:10,Aerial Count,1,R. Casella,74,26.96131,-81.05394,Rock Island 6,Rock_Island_6_2026_05_22_1 - Rock_Island_6_2026_05_22_5,,,,
15,5/22/2026,"A. Fussell, R. Casella",Aerial,8:25,12:10,Aerial Count,1,R. Casella,75,26.96512,-81.04951,Rock Island 8,Rock_Island_8_2026_05_22_1 - Rock_Island_8_2026_05_22_4,CAEG,10,,
15,5/22/2026,"A. Fussell, R. Casella",Aerial,8:25,12:10,Aerial Count,1,R. Casella,76,26.9665,-81.04768,Rock Island 9,Rock_Island_8_2026_05_22_1 - Rock_Island_8_2026_05_22_4,CAEG,15,,
15,5/22/2026,"A. Fussell, R. Casella",Aerial,8:25,12:10,Aerial Count,1,R. Casella,77,26.96706,-81.04669,Rock Island 10,Rock_Island_10_2026_05_22_1 - Rock_Island_10_2026_05_22_12,WHIB,25,,
15,5/22/2026,"A. Fussell, R. Casella",Aerial,8:25,12:10,Aerial Count,1,R. Casella,77,26.96706,-81.04669,Rock Island 10,Rock_Island_10_2026_05_22_1 - Rock_Island_10_2026_05_22_12,,,,
15,5/22/2026,"A. Fussell, R. Casella",Aerial,8:25,12:10,Aerial Count,1,R. Casella,78,26.9683,-81.04488,Rock Island 11,Rock_Island_11_2026_05_22_1 - Rock_Island_11_2026_05_22_19,WHIB,30,,
15,5/22/2026,"A. Fussell, R. Casella",Aerial,8:25,12:10,Aerial Count,1,R. Casella,79,26.96872,-81.04175,Rock Island 12,Rock_Island_12_2026_05_22_1 - Rock_Island_12_2026_05_22_11,WHIB,25,,
15,5/22/2026,"A. Fussell, R. Casella",Aerial,8:25,12:10,Aerial Count,1,R. Casella,80,26.96907,-81.03886,Rock Island 13,Rock_Island_13_2026_05_22_1 - Rock_Island_13_2026_05_22_11,CAEG,15,,
15,5/22/2026,"A. Fussell, R. Casella",Aerial,8:25,12:10,Aerial Count,1,R. Casella,80,26.96907,-81.03886,Rock Island 13,Rock_Island_13_2026_05_22_1 - Rock_Island_13_2026_05_22_11,WHIB,20,,
15,5/22/2026,"A. Fussell, R. Casella",Aerial,8:25,12:10,Aerial Count,1,R. Casella,81,26.96968,-81.03663,Rock Island 14,Rock_Island_14_2026_05_22_1 - Rock_Island_14_2026_05_22_8,CAEG,30,,
15,5/22/2026,"A. Fussell, R. Casella",Aerial,8:25,12:10,Aerial Count,1,R. Casella,82,27.20427,-80.88912,Lemkin Creek,Lemkin_Creek_2026_05_22_1 - Lemkin_Creek_2026_05_22_13,CAEG,30,,
15,5/22/2026,"A. Fussell, R. Casella",Aerial,8:25,12:10,Aerial Count,1,R. Casella,82,27.20427,-80.88912,Lemkin Creek,Lemkin_Creek_2026_05_22_1 - Lemkin_Creek_2026_05_22_13,WHIB,25,,
15,5/22/2026,"A. Fussell, R. Casella",Aerial,8:25,12:10,Photograph Count,1,B. Mason,Clewiston Spit 1,26.77799,-80.89818,Clewiston Spit 1,Clewiston_Spit_1_2026_05_22_1 - Clewiston_Spit_1_2026_05_22_20,GREG,3,,
15,5/22/2026,"A. Fussell, R. Casella",Aerial,8:25,12:10,Photograph Count,1,B. Mason,Clewiston Spit 1,26.77799,-80.89818,Clewiston Spit 1,Clewiston_Spit_1_2026_05_22_1 - Clewiston_Spit_1_2026_05_22_20,SNEG,71,,
15,5/22/2026,"A. Fussell, R. Casella",Aerial,8:25,12:10,Photograph Count,1,B. Mason,Clewiston Spit 1,26.77799,-80.89818,Clewiston Spit 1,Clewiston_Spit_1_2026_05_22_1 - Clewiston_Spit_1_2026_05_22_20,ANHI,2,,
15,5/22/2026,"A. Fussell, R. Casella",Aerial,8:25,12:10,Photograph Count,1,B. Mason,Clewiston Spit 1,26.77799,-80.89818,Clewiston Spit 1,Clewiston_Spit_1_2026_05_22_1 - Clewiston_Spit_1_2026_05_22_20,GLIB,4,,
15,5/22/2026,"A. Fussell, R. Casella",Aerial,8:25,12:10,Photograph Count,1,B. Mason,Clewiston Spit 1,26.77799,-80.89818,Clewiston Spit 1,Clewiston_Spit_1_2026_05_22_1 - Clewiston_Spit_1_2026_05_22_20,WHIB,87,,
15,5/22/2026,"A. Fussell, R. Casella",Aerial,8:25,12:10,Photograph Count,1,B. Mason,Clewiston Spit 1,26.77799,-80.89818,Clewiston Spit 1,Clewiston_Spit_1_2026_05_22_1 - Clewiston_Spit_1_2026_05_22_20,TRHE,8,,
15,5/22/2026,"A. Fussell, R. Casella",Aerial,8:25,12:10,Photograph Count,1,B. Mason,Clewiston Spit 1,26.77799,-80.89818,Clewiston Spit 1,Clewiston_Spit_1_2026_05_22_1 - Clewiston_Spit_1_2026_05_22_20,GBHE,2,,
15,5/22/2026,"A. Fussell, R. Casella",Aerial,8:25,12:10,Photograph Count,1,B. Mason,Clewiston Spit 2,26.77224,-80.90241,Clewiston Spit 2,Clewiston_Spit_2_2026_05_22_1 - Clewiston_Spit_2_2026_05_22_9,GREG,12,,
15,5/22/2026,"A. Fussell, R. Casella",Aerial,8:25,12:10,Photograph Count,1,B. Mason,Clewiston Spit 2,26.77224,-80.90241,Clewiston Spit 2,Clewiston_Spit_2_2026_05_22_1 - Clewiston_Spit_2_2026_05_22_9,WHIB,7,,
15,5/22/2026,"A. Fussell, R. Casella",Aerial,8:25,12:10,Photograph Count,1,B. Mason,Lemkin Creek,27.20427,-80.88912,Lemkin Creek,Lemkin_Creek_2026_05_22_1 - Lemkin_Creek_2026_05_22_9,GLIB,3,,
15,5/22/2026,"A. Fussell, R. Casella",Aerial,8:25,12:10,Photograph Count,1,B. Mason,Lemkin Creek,27.20427,-80.88912,Lemkin Creek,Lemkin_Creek_2026_05_22_1 - Lemkin_Creek_2026_05_22_10,SNEG,2,,
15,5/22/2026,"A. Fussell, R. Casella",Aerial,8:25,12:10,Photograph Count,1,B. Mason,Lemkin Creek,27.20427,-80.88912,Lemkin Creek,Lemkin_Creek_2026_05_22_1 - Lemkin_Creek_2026_05_22_11,LBHE,1,,
15,5/22/2026,"A. Fussell, R. Casella",Aerial,8:25,12:10,Photograph Count,1,B. Mason,Lemkin Creek,27.20427,-80.88912,Lemkin Creek,Lemkin_Creek_2026_05_22_1 - Lemkin_Creek_2026_05_22_12,GREG,4,,
15,5/22/2026,"A. Fussell, R. Casella",Aerial,8:25,12:10,Photograph Count,1,B. Mason,Lemkin Creek,27.20427,-80.88912,Lemkin Creek,Lemkin_Creek_2026_05_22_1 - Lemkin_Creek_2026_05_22_13,WHIB,239,,
15,5/22/2026,"A. Fussell, R. Casella",Aerial,8:25,12:10,Photograph Count,1,B. Mason,Little Bear Beach,26.72121,-80.84225,Little Bear Beach,Little_Bear_Beach_2026_05_22_1 - Little_Bear_Beach_2026_05_22_12,WHIB,83,,
15,5/22/2026,"A. Fussell, R. Casella",Aerial,8:25,12:10,Photograph Count,1,B. Mason,Little Bear Beach,26.72121,-80.84225,Little Bear Beach,Little_Bear_Beach_2026_05_22_1 - Little_Bear_Beach_2026_05_22_12,SNEG,28,,
15,5/22/2026,"A. Fussell, R. Casella",Aerial,8:25,12:10,Photograph Count,1,B. Mason,Little Bear Beach,26.72121,-80.84225,Little Bear Beach,Little_Bear_Beach_2026_05_22_1 - Little_Bear_Beach_2026_05_22_12,GREG,3,,
15,5/22/2026,"A. Fussell, R. Casella",Aerial,8:25,12:10,Photograph Count,1,B. Mason,Rock Island 5,26.95977,-81.05744,Rock Island 5,Rock_Island_5_2026_05_22_1 - Rock_Island_5_2026_05_22_7,WHIB,36,,
15,5/22/2026,"A. Fussell, R. Casella",Aerial,8:25,12:10,Photograph Count,1,B. Mason,Rock Island 5,26.95977,-81.05744,Rock Island 5,Rock_Island_5_2026_05_22_1 - Rock_Island_5_2026_05_22_7,GLIB,5,,
15,5/22/2026,"A. Fussell, R. Casella",Aerial,8:25,12:10,Photograph Count,1,B. Mason,Rock Island 6,26.96131,-81.05394,Rock Island 6,Rock_Island_6_2026_05_22_1 - Rock_Island_6_2026_05_22_5,WHIB,31,,
15,5/22/2026,"A. Fussell, R. Casella",Aerial,8:25,12:10,Photograph Count,1,B. Mason,Rock Island 6,26.96131,-81.05394,Rock Island 6,Rock_Island_6_2026_05_22_1 - Rock_Island_6_2026_05_22_5,GLIB,2,,
15,5/22/2026,"A. Fussell, R. Casella",Aerial,8:25,12:10,Photograph Count,1,B. Mason,Rock Island 6,26.96131,-81.05394,Rock Island 6,Rock_Island_6_2026_05_22_1 - Rock_Island_6_2026_05_22_5,CAEG,3,,
15,5/22/2026,"A. Fussell, R. Casella",Aerial,8:25,12:10,Photograph Count,1,B. Mason,Rock Island 8,26.96512,-81.04951,Rock Island 8,Rock_Island_8_2026_05_22_1 - Rock_Island_8_2026_05_22_4,WHIB,20,,
15,5/22/2026,"A. Fussell, R. Casella",Aerial,8:25,12:10,Photograph Count,1,B. Mason,Rock Island 8,26.96512,-81.04951,Rock Island 8,Rock_Island_8_2026_05_22_1 - Rock_Island_8_2026_05_22_4,GLIB,3,,
15,5/22/2026,"A. Fussell, R. Casella",Aerial,8:25,12:10,Photograph Count,1,B. Mason,Rock Island 8,26.96512,-81.04951,Rock Island 8,Rock_Island_8_2026_05_22_1 - Rock_Island_8_2026_05_22_4,ROSP,1,,
15,5/22/2026,"A. Fussell, R. Casella",Aerial,8:25,12:10,Photograph Count,1,B. Mason,Rock Island 9,26.9665,-81.04768,Rock Island 9,Rock_Island_9_2026_05_22_1 - Rock_Island_9_2026_05_22_12,GLIB,3,,
15,5/22/2026,"A. Fussell, R. Casella",Aerial,8:25,12:10,Photograph Count,1,B. Mason,Rock Island 9,26.9665,-81.04768,Rock Island 9,Rock_Island_9_2026_05_22_1 - Rock_Island_9_2026_05_22_12,WHIB,27,,
15,5/22/2026,"A. Fussell, R. Casella",Aerial,8:25,12:10,Photograph Count,1,B. Mason,Rock Island 10,26.96706,-81.04669,Rock Island 10,Rock_Island_10_2026_05_22_1 - Rock_Island_10_2026_05_22_12,WHIB,64,,
15,5/22/2026,"A. Fussell, R. Casella",Aerial,8:25,12:10,Photograph Count,1,B. Mason,Rock Island 10,26.96706,-81.04669,Rock Island 10,Rock_Island_10_2026_05_22_1 - Rock_Island_10_2026_05_22_12,CAEG,1,,
15,5/22/2026,"A. Fussell, R. Casella",Aerial,8:25,12:10,Photograph Count,1,B. Mason,Rock Island 10,26.96706,-81.04669,Rock Island 10,Rock_Island_10_2026_05_22_1 - Rock_Island_10_2026_05_22_12,SNEG,7,,
15,5/22/2026,"A. Fussell, R. Casella",Aerial,8:25,12:10,Photograph Count,1,B. Mason,Rock Island 10,26.96706,-81.04669,Rock Island 10,Rock_Island_10_2026_05_22_1 - Rock_Island_10_2026_05_22_12,GLIB,13,,
15,5/22/2026,"A. Fussell, R. Casella",Aerial,8:25,12:10,Photograph Count,1,B. Mason,Rock Island 10,26.96706,-81.04669,Rock Island 10,Rock_Island_10_2026_05_22_1 - Rock_Island_10_2026_05_22_12,TRHE,2,,
15,5/22/2026,"A. Fussell, R. Casella",Aerial,8:25,12:10,Photograph Count,1,B. Mason,Rock Island 10,26.96706,-81.04669,Rock Island 10,Rock_Island_10_2026_05_22_1 - Rock_Island_10_2026_05_22_12,GBHE,3,,
15,5/22/2026,"A. Fussell, R. Casella",Aerial,8:25,12:10,Photograph Count,1,B. Mason,Rock Island 10,26.96706,-81.04669,Rock Island 10,Rock_Island_10_2026_05_22_1 - Rock_Island_10_2026_05_22_12,ROSP,1,,
15,5/22/2026,"A. Fussell, R. Casella",Aerial,8:25,12:10,Photograph Count,1,B. Mason,Rock Island 11,26.9683,-81.04488,Rock Island 11,Rock_Island_11_2026_05_22_1 - Rock_Island_11_2026_05_22_19,WHIB,25,,
15,5/22/2026,"A. Fussell, R. Casella",Aerial,8:25,12:10,Photograph Count,1,B. Mason,Rock Island 11,26.9683,-81.04488,Rock Island 11,Rock_Island_11_2026_05_22_1 - Rock_Island_11_2026_05_22_19,GBHE,5,,
15,5/22/2026,"A. Fussell, R. Casella",Aerial,8:25,12:10,Photograph Count,1,B. Mason,Rock Island 11,26.9683,-81.04488,Rock Island 11,Rock_Island_11_2026_05_22_1 - Rock_Island_11_2026_05_22_19,GLIB,10,,
15,5/22/2026,"A. Fussell, R. Casella",Aerial,8:25,12:10,Photograph Count,1,B. Mason,Rock Island 11,26.9683,-81.04488,Rock Island 11,Rock_Island_11_2026_05_22_1 - Rock_Island_11_2026_05_22_19,LBHE,1,,
15,5/22/2026,"A. Fussell, R. Casella",Aerial,8:25,12:10,Photograph Count,1,B. Mason,Rock Island 11,26.9683,-81.04488,Rock Island 11,Rock_Island_11_2026_05_22_1 - Rock_Island_11_2026_05_22_19,ROSP,1,,
15,5/22/2026,"A. Fussell, R. Casella",Aerial,8:25,12:10,Photograph Count,1,B. Mason,Rock Island 12,26.96872,-81.04175,Rock Island 12,Rock_Island_12_2026_05_22_1 - Rock_Island_12_2026_05_22_11,WHIB,36,,
15,5/22/2026,"A. Fussell, R. Casella",Aerial,8:25,12:10,Photograph Count,1,B. Mason,Rock Island 12,26.96872,-81.04175,Rock Island 12,Rock_Island_12_2026_05_22_1 - Rock_Island_12_2026_05_22_11,SNEG,8,,
15,5/22/2026,"A. Fussell, R. Casella",Aerial,8:25,12:10,Photograph Count,1,B. Mason,Rock Island 12,26.96872,-81.04175,Rock Island 12,Rock_Island_12_2026_05_22_1 - Rock_Island_12_2026_05_22_11,TRHE,1,,
15,5/22/2026,"A. Fussell, R. Casella",Aerial,8:25,12:10,Photograph Count,1,B. Mason,Rock Island 12,26.96872,-81.04175,Rock Island 12,Rock_Island_12_2026_05_22_1 - Rock_Island_12_2026_05_22_11,ROSP,2,,
15,5/22/2026,"A. Fussell, R. Casella",Aerial,8:25,12:10,Photograph Count,1,B. Mason,Rock Island 12,26.96872,-81.04175,Rock Island 12,Rock_Island_12_2026_05_22_1 - Rock_Island_12_2026_05_22_11,GLIB,3,,
15,5/22/2026,"A. Fussell, R. Casella",Aerial,8:25,12:10,Photograph Count,1,B. Mason,Rock Island 13,26.96907,-81.03886,Rock Island 13,Rock_Island_13_2026_05_22_1 - Rock_Island_13_2026_05_22_11,GLIB,11,,
15,5/22/2026,"A. Fussell, R. Casella",Aerial,8:25,12:10,Photograph Count,1,B. Mason,Rock Island 13,26.96907,-81.03886,Rock Island 13,Rock_Island_13_2026_05_22_1 - Rock_Island_13_2026_05_22_11,WHIB,73,,
15,5/22/2026,"A. Fussell, R. Casella",Aerial,8:25,12:10,Photograph Count,1,B. Mason,Rock Island 13,26.96907,-81.03886,Rock Island 13,Rock_Island_13_2026_05_22_1 - Rock_Island_13_2026_05_22_11,GBHE,4,,
15,5/22/2026,"A. Fussell, R. Casella",Aerial,8:25,12:10,Photograph Count,1,B. Mason,Rock Island 13,26.96907,-81.03886,Rock Island 13,Rock_Island_13_2026_05_22_1 - Rock_Island_13_2026_05_22_11,ANHI,4,,
15,5/22/2026,"A. Fussell, R. Casella",Aerial,8:25,12:10,Photograph Count,1,B. Mason,Rock Island 13,26.96907,-81.03886,Rock Island 13,Rock_Island_13_2026_05_22_1 - Rock_Island_13_2026_05_22_11,ROSP,3,,
15,5/22/2026,"A. Fussell, R. Casella",Aerial,8:25,12:10,Photograph Count,1,B. Mason,Rock Island 13,26.96907,-81.03886,Rock Island 13,Rock_Island_13_2026_05_22_1 - Rock_Island_13_2026_05_22_11,GREG,2,,
15,5/22/2026,"A. Fussell, R. Casella",Aerial,8:25,12:10,Photograph Count,1,B. Mason,Rock Island 13,26.96907,-81.03886,Rock Island 13,Rock_Island_13_2026_05_22_1 - Rock_Island_13_2026_05_22_11,CAEG,1,,
15,5/22/2026,"A. Fussell, R. Casella",Aerial,8:25,12:10,Photograph Count,1,B. Mason,Rock Island 13,26.96907,-81.03886,Rock Island 13,Rock_Island_13_2026_05_22_1 - Rock_Island_13_2026_05_22_11,TRHE,1,,
15,5/22/2026,"A. Fussell, R. Casella",Aerial,8:25,12:10,Photograph Count,1,B. Mason,Rock Island 14,26.96968,-81.03663,Rock Island 14,Rock_Island_14_2026_05_22_1 - Rock_Island_14_2026_05_22_8,WHIB,58,,
15,5/22/2026,"A. Fussell, R. Casella",Aerial,8:25,12:10,Photograph Count,1,B. Mason,Rock Island 14,26.96968,-81.03663,Rock Island 14,Rock_Island_14_2026_05_22_1 - Rock_Island_14_2026_05_22_8,TRHE,4,,
15,5/22/2026,"A. Fussell, R. Casella",Aerial,8:25,12:10,Photograph Count,1,B. Mason,Rock Island 14,26.96968,-81.03663,Rock Island 14,Rock_Island_14_2026_05_22_1 - Rock_Island_14_2026_05_22_8,SNEG,3,,
15,5/22/2026,"A. Fussell, R. Casella",Aerial,8:25,12:10,Photograph Count,1,B. Mason,Rock Island 14,26.96968,-81.03663,Rock Island 14,Rock_Island_14_2026_05_22_1 - Rock_Island_14_2026_05_22_8,GLIB,11,,
15,5/22/2026,"A. Fussell, R. Casella",Aerial,8:25,12:10,Photograph Count,1,B. Mason,Rock Island 14,26.96968,-81.03663,Rock Island 14,Rock_Island_14_2026_05_22_1 - Rock_Island_14_2026_05_22_8,ANHI,1,,
15,5/22/2026,"A. Fussell, R. Casella",Aerial,8:25,12:10,Photograph Count,1,B. Mason,Rock Island 14,26.96968,-81.03663,Rock Island 14,Rock_Island_14_2026_05_22_1 - Rock_Island_14_2026_05_22_8,GBHE,3,,
15,5/22/2026,"A. Fussell, R. Casella",Aerial,8:25,12:10,Photograph Count,1,R. Casella,Clewiston Spit 1,26.77799,-80.89818,Clewiston Spit 1,Clewiston_Spit_1_2026_05_22_1 - Clewiston_Spit_1_2026_05_22_20,GREG,3,,
15,5/22/2026,"A. Fussell, R. Casella",Aerial,8:25,12:10,Photograph Count,1,R. Casella,Clewiston Spit 1,26.77799,-80.89818,Clewiston Spit 1,Clewiston_Spit_1_2026_05_22_1 - Clewiston_Spit_1_2026_05_22_20,CAEG,43,,
15,5/22/2026,"A. Fussell, R. Casella",Aerial,8:25,12:10,Photograph Count,1,R. Casella,Clewiston Spit 1,26.77799,-80.89818,Clewiston Spit 1,Clewiston_Spit_1_2026_05_22_1 - Clewiston_Spit_1_2026_05_22_20,GBHE,7,,
15,5/22/2026,"A. Fussell, R. Casella",Aerial,8:25,12:10,Photograph Count,1,R. Casella,Clewiston Spit 1,26.77799,-80.89818,Clewiston Spit 1,Clewiston_Spit_1_2026_05_22_1 - Clewiston_Spit_1_2026_05_22_20,SNEG,29,,
15,5/22/2026,"A. Fussell, R. Casella",Aerial,8:25,12:10,Photograph Count,1,R. Casella,Clewiston Spit 1,26.77799,-80.89818,Clewiston Spit 1,Clewiston_Spit_1_2026_05_22_1 - Clewiston_Spit_1_2026_05_22_20,ANHI,2,,
15,5/22/2026,"A. Fussell, R. Casella",Aerial,8:25,12:10,Photograph Count,1,R. Casella,Clewiston Spit 1,26.77799,-80.89818,Clewiston Spit 1,Clewiston_Spit_1_2026_05_22_1 - Clewiston_Spit_1_2026_05_22_20,TRHE,9,,
15,5/22/2026,"A. Fussell, R. Casella",Aerial,8:25,12:10,Photograph Count,1,R. Casella,Clewiston Spit 1,26.77799,-80.89818,Clewiston Spit 1,Clewiston_Spit_1_2026_05_22_1 - Clewiston_Spit_1_2026_05_22_20,WHIB,70,,
15,5/22/2026,"A. Fussell, R. Casella",Aerial,8:25,12:10,Photograph Count,1,R. Casella,Clewiston Spit 2,26.77224,-80.90241,Clewiston Spit 2,Clewiston_Spit_2_2026_05_22_1 - Clewiston_Spit_2_2026_05_22_9,SNEG,6,,
15,5/22/2026,"A. Fussell, R. Casella",Aerial,8:25,12:10,Photograph Count,1,R. Casella,Clewiston Spit 2,26.77224,-80.90241,Clewiston Spit 2,Clewiston_Spit_2_2026_05_22_1 - Clewiston_Spit_2_2026_05_22_9,GREG,8,,
15,5/22/2026,"A. Fussell, R. Casella",Aerial,8:25,12:10,Photograph Count,1,R. Casella,Lemkin Creek,27.20427,-80.88912,Lemkin Creek,Lemkin_Creek_2026_05_22_1 - Lemkin_Creek_2026_05_22_9,CAEG,38,,
15,5/22/2026,"A. Fussell, R. Casella",Aerial,8:25,12:10,Photograph Count,1,R. Casella,Lemkin Creek,27.20427,-80.88912,Lemkin Creek,Lemkin_Creek_2026_05_22_1 - Lemkin_Creek_2026_05_22_9,WHIB,82,,
15,5/22/2026,"A. Fussell, R. Casella",Aerial,8:25,12:10,Photograph Count,1,R. Casella,Lemkin Creek,27.20427,-80.88912,Lemkin Creek,Lemkin_Creek_2026_05_22_1 - Lemkin_Creek_2026_05_22_9,GBHE,8,,
15,5/22/2026,"A. Fussell, R. Casella",Aerial,8:25,12:10,Photograph Count,1,R. Casella,Lemkin Creek,27.20427,-80.88912,Lemkin Creek,Lemkin_Creek_2026_05_22_1 - Lemkin_Creek_2026_05_22_9,ANHI,6,,
15,5/22/2026,"A. Fussell, R. Casella",Aerial,8:25,12:10,Photograph Count,1,R. Casella,Lemkin Creek,27.20427,-80.88912,Lemkin Creek,Lemkin_Creek_2026_05_22_1 - Lemkin_Creek_2026_05_22_9,TRHE,2,,
15,5/22/2026,"A. Fussell, R. Casella",Aerial,8:25,12:10,Photograph Count,1,R. Casella,Little Bear Beach,26.72121,-80.84225,Little Bear Beach,Little_Bear_Beach_2026_05_22_1 - Little_Bear_Beach_2026_05_22_12,WHIB,45,,
15,5/22/2026,"A. Fussell, R. Casella",Aerial,8:25,12:10,Photograph Count,1,R. Casella,Little Bear Beach,26.72121,-80.84225,Little Bear Beach,Little_Bear_Beach_2026_05_22_1 - Little_Bear_Beach_2026_05_22_12,GREG,7,,
15,5/22/2026,"A. Fussell, R. Casella",Aerial,8:25,12:10,Photograph Count,1,R. Casella,Little Bear Beach,26.72121,-80.84225,Little Bear Beach,Little_Bear_Beach_2026_05_22_1 - Little_Bear_Beach_2026_05_22_12,CAEG,2,,
15,5/22/2026,"A. Fussell, R. Casella",Aerial,8:25,12:10,Photograph Count,1,R. Casella,Little Bear Beach,26.72121,-80.84225,Little Bear Beach,Little_Bear_Beach_2026_05_22_1 - Little_Bear_Beach_2026_05_22_12,SNEG,21,,
15,5/22/2026,"A. Fussell, R. Casella",Aerial,8:25,12:10,Photograph Count,1,R. Casella,Little Bear Beach,26.72121,-80.84225,Little Bear Beach,Little_Bear_Beach_2026_05_22_1 - Little_Bear_Beach_2026_05_22_12,GLIB,1,,
15,5/22/2026,"A. Fussell, R. Casella",Aerial,8:25,12:10,Photograph Count,1,R. Casella,Rock Island 5,26.95977,-81.05744,Rock Island 5,Rock_Island_5_2026_05_22_1 - Rock_Island_5_2026_05_22_7,WHIB,26,,
15,5/22/2026,"A. Fussell, R. Casella",Aerial,8:25,12:10,Photograph Count,1,R. Casella,Rock Island 5,26.95977,-81.05744,Rock Island 5,Rock_Island_5_2026_05_22_1 - Rock_Island_5_2026_05_22_7,GLIB,2,,
15,5/22/2026,"A. Fussell, R. Casella",Aerial,8:25,12:10,Photograph Count,1,R. Casella,Rock Island 6,26.96131,-81.05394,Rock Island 6,Rock_Island_6_2026_05_22_1 - Rock_Island_6_2026_05_22_5,WHIB,20,,
15,5/22/2026,"A. Fussell, R. Casella",Aerial,8:25,12:10,Photograph Count,1,R. Casella,Rock Island 6,26.96131,-81.05394,Rock Island 6,Rock_Island_6_2026_05_22_1 - Rock_Island_6_2026_05_22_5,SNEG,6,,
15,5/22/2026,"A. Fussell, R. Casella",Aerial,8:25,12:10,Photograph Count,1,R. Casella,Rock Island 6,26.96131,-81.05394,Rock Island 6,Rock_Island_6_2026_05_22_1 - Rock_Island_6_2026_05_22_5,GBHE,1,,
15,5/22/2026,"A. Fussell, R. Casella",Aerial,8:25,12:10,Photograph Count,1,R. Casella,Rock Island 6,26.96131,-81.05394,Rock Island 6,Rock_Island_6_2026_05_22_1 - Rock_Island_6_2026_05_22_5,GLIB,3,,
15,5/22/2026,"A. Fussell, R. Casella",Aerial,8:25,12:10,Photograph Count,1,R. Casella,Rock Island 8,26.96512,-81.04951,Rock Island 8,Rock_Island_8_2026_05_22_1 - Rock_Island_8_2026_05_22_4,ANHI,1,,
15,5/22/2026,"A. Fussell, R. Casella",Aerial,8:25,12:10,Photograph Count,1,R. Casella,Rock Island 8,26.96512,-81.04951,Rock Island 8,Rock_Island_8_2026_05_22_1 - Rock_Island_8_2026_05_22_4,WHIB,7,,
15,5/22/2026,"A. Fussell, R. Casella",Aerial,8:25,12:10,Photograph Count,1,R. Casella,Rock Island 8,26.96512,-81.04951,Rock Island 8,Rock_Island_8_2026_05_22_1 - Rock_Island_8_2026_05_22_4,SNEG,2,,
15,5/22/2026,"A. Fussell, R. Casella",Aerial,8:25,12:10,Photograph Count,1,R. Casella,Rock Island 8,26.96512,-81.04951,Rock Island 8,Rock_Island_8_2026_05_22_1 - Rock_Island_8_2026_05_22_4,GLIB,1,,
15,5/22/2026,"A. Fussell, R. Casella",Aerial,8:25,12:10,Photograph Count,1,R. Casella,Rock Island 9,26.9665,-81.04768,Rock Island 9,Rock_Island_9_2026_05_22_1 - Rock_Island_9_2026_05_22_12,WHIB,29,,
15,5/22/2026,"A. Fussell, R. Casella",Aerial,8:25,12:10,Photograph Count,1,R. Casella,Rock Island 9,26.9665,-81.04768,Rock Island 9,Rock_Island_9_2026_05_22_1 - Rock_Island_9_2026_05_22_12,CAEG,1,,
15,5/22/2026,"A. Fussell, R. Casella",Aerial,8:25,12:10,Photograph Count,1,R. Casella,Rock Island 10,26.96706,-81.04669,Rock Island 10,Rock_Island_10_2026_05_22_1 - Rock_Island_10_2026_05_22_12,WHIB,37,,
15,5/22/2026,"A. Fussell, R. Casella",Aerial,8:25,12:10,Photograph Count,1,R. Casella,Rock Island 10,26.96706,-81.04669,Rock Island 10,Rock_Island_10_2026_05_22_1 - Rock_Island_10_2026_05_22_12,GBHE,4,,
15,5/22/2026,"A. Fussell, R. Casella",Aerial,8:25,12:10,Photograph Count,1,R. Casella,Rock Island 10,26.96706,-81.04669,Rock Island 10,Rock_Island_10_2026_05_22_1 - Rock_Island_10_2026_05_22_12,CAEG,8,,
15,5/22/2026,"A. Fussell, R. Casella",Aerial,8:25,12:10,Photograph Count,1,R. Casella,Rock Island 10,26.96706,-81.04669,Rock Island 10,Rock_Island_10_2026_05_22_1 - Rock_Island_10_2026_05_22_12,SNEG,18,,
15,5/22/2026,"A. Fussell, R. Casella",Aerial,8:25,12:10,Photograph Count,1,R. Casella,Rock Island 10,26.96706,-81.04669,Rock Island 10,Rock_Island_10_2026_05_22_1 - Rock_Island_10_2026_05_22_12,ROSP,1,,
15,5/22/2026,"A. Fussell, R. Casella",Aerial,8:25,12:10,Photograph Count,1,R. Casella,Rock Island 10,26.96706,-81.04669,Rock Island 10,Rock_Island_10_2026_05_22_1 - Rock_Island_10_2026_05_22_12,TRHE,1,,
15,5/22/2026,"A. Fussell, R. Casella",Aerial,8:25,12:10,Photograph Count,1,R. Casella,Rock Island 10,26.96706,-81.04669,Rock Island 10,Rock_Island_10_2026_05_22_1 - Rock_Island_10_2026_05_22_12,GLIB,9,,
15,5/22/2026,"A. Fussell, R. Casella",Aerial,8:25,12:10,Photograph Count,1,R. Casella,Rock Island 11,26.9683,-81.04488,Rock Island 11,Rock_Island_11_2026_05_22_1 - Rock_Island_11_2026_05_22_19,WHIB,13,,
15,5/22/2026,"A. Fussell, R. Casella",Aerial,8:25,12:10,Photograph Count,1,R. Casella,Rock Island 11,26.9683,-81.04488,Rock Island 11,Rock_Island_11_2026_05_22_1 - Rock_Island_11_2026_05_22_19,ROSP,1,,
15,5/22/2026,"A. Fussell, R. Casella",Aerial,8:25,12:10,Photograph Count,1,R. Casella,Rock Island 11,26.9683,-81.04488,Rock Island 11,Rock_Island_11_2026_05_22_1 - Rock_Island_11_2026_05_22_19,SNEG,7,,
15,5/22/2026,"A. Fussell, R. Casella",Aerial,8:25,12:10,Photograph Count,1,R. Casella,Rock Island 11,26.9683,-81.04488,Rock Island 11,Rock_Island_11_2026_05_22_1 - Rock_Island_11_2026_05_22_19,GBHE,6,,
15,5/22/2026,"A. Fussell, R. Casella",Aerial,8:25,12:10,Photograph Count,1,R. Casella,Rock Island 11,26.9683,-81.04488,Rock Island 11,Rock_Island_11_2026_05_22_1 - Rock_Island_11_2026_05_22_19,GLIB,9,,
15,5/22/2026,"A. Fussell, R. Casella",Aerial,8:25,12:10,Photograph Count,1,R. Casella,Rock Island 11,26.9683,-81.04488,Rock Island 11,Rock_Island_11_2026_05_22_1 - Rock_Island_11_2026_05_22_19,ANHI,6,,
15,5/22/2026,"A. Fussell, R. Casella",Aerial,8:25,12:10,Photograph Count,1,R. Casella,Rock Island 11,26.9683,-81.04488,Rock Island 11,Rock_Island_11_2026_05_22_1 - Rock_Island_11_2026_05_22_19,LBHE,2,,
15,5/22/2026,"A. Fussell, R. Casella",Aerial,8:25,12:10,Photograph Count,1,R. Casella,Rock Island 12,26.96872,-81.04175,Rock Island 12,Rock_Island_12_2026_05_22_1 - Rock_Island_12_2026_05_22_11,SNEG,19,,
15,5/22/2026,"A. Fussell, R. Casella",Aerial,8:25,12:10,Photograph Count,1,R. Casella,Rock Island 12,26.96872,-81.04175,Rock Island 12,Rock_Island_12_2026_05_22_1 - Rock_Island_12_2026_05_22_11,GBHE,1,,
15,5/22/2026,"A. Fussell, R. Casella",Aerial,8:25,12:10,Photograph Count,1,R. Casella,Rock Island 12,26.96872,-81.04175,Rock Island 12,Rock_Island_12_2026_05_22_1 - Rock_Island_12_2026_05_22_11,ROSP,2,,
15,5/22/2026,"A. Fussell, R. Casella",Aerial,8:25,12:10,Photograph Count,1,R. Casella,Rock Island 12,26.96872,-81.04175,Rock Island 12,Rock_Island_12_2026_05_22_1 - Rock_Island_12_2026_05_22_11,ANHI,3,,
15,5/22/2026,"A. Fussell, R. Casella",Aerial,8:25,12:10,Photograph Count,1,R. Casella,Rock Island 12,26.96872,-81.04175,Rock Island 12,Rock_Island_12_2026_05_22_1 - Rock_Island_12_2026_05_22_11,WHIB,10,,
15,5/22/2026,"A. Fussell, R. Casella",Aerial,8:25,12:10,Photograph Count,1,R. Casella,Rock Island 13,26.96907,-81.03886,Rock Island 13,Rock_Island_13_2026_05_22_1 - Rock_Island_13_2026_05_22_11,WHIB,51,,
15,5/22/2026,"A. Fussell, R. Casella",Aerial,8:25,12:10,Photograph Count,1,R. Casella,Rock Island 13,26.96907,-81.03886,Rock Island 13,Rock_Island_13_2026_05_22_1 - Rock_Island_13_2026_05_22_11,ROSP,2,,
15,5/22/2026,"A. Fussell, R. Casella",Aerial,8:25,12:10,Photograph Count,1,R. Casella,Rock Island 13,26.96907,-81.03886,Rock Island 13,Rock_Island_13_2026_05_22_1 - Rock_Island_13_2026_05_22_11,ANHI,6,,
15,5/22/2026,"A. Fussell, R. Casella",Aerial,8:25,12:10,Photograph Count,1,R. Casella,Rock Island 13,26.96907,-81.03886,Rock Island 13,Rock_Island_13_2026_05_22_1 - Rock_Island_13_2026_05_22_11,GBHE,3,,
15,5/22/2026,"A. Fussell, R. Casella",Aerial,8:25,12:10,Photograph Count,1,R. Casella,Rock Island 13,26.96907,-81.03886,Rock Island 13,Rock_Island_13_2026_05_22_1 - Rock_Island_13_2026_05_22_11,CAEG,5,,
15,5/22/2026,"A. Fussell, R. Casella",Aerial,8:25,12:10,Photograph Count,1,R. Casella,Rock Island 13,26.96907,-81.03886,Rock Island 13,Rock_Island_13_2026_05_22_1 - Rock_Island_13_2026_05_22_11,GREG,2,,
15,5/22/2026,"A. Fussell, R. Casella",Aerial,8:25,12:10,Photograph Count,1,R. Casella,Rock Island 13,26.96907,-81.03886,Rock Island 13,Rock_Island_13_2026_05_22_1 - Rock_Island_13_2026_05_22_11,SNEG,9,,
15,5/22/2026,"A. Fussell, R. Casella",Aerial,8:25,12:10,Photograph Count,1,R. Casella,Rock Island 14,26.96968,-81.03663,Rock Island 14,Rock_Island_14_2026_05_22_1 - Rock_Island_14_2026_05_22_8,GLIB,16,,
15,5/22/2026,"A. Fussell, R. Casella",Aerial,8:25,12:10,Photograph Count,1,R. Casella,Rock Island 14,26.96968,-81.03663,Rock Island 14,Rock_Island_14_2026_05_22_1 - Rock_Island_14_2026_05_22_8,ANHI,6,,
15,5/22/2026,"A. Fussell, R. Casella",Aerial,8:25,12:10,Photograph Count,1,R. Casella,Rock Island 14,26.96968,-81.03663,Rock Island 14,Rock_Island_14_2026_05_22_1 - Rock_Island_14_2026_05_22_8,SNEG,4,,
15,5/22/2026,"A. Fussell, R. Casella",Aerial,8:25,12:10,Photograph Count,1,R. Casella,Rock Island 14,26.96968,-81.03663,Rock Island 14,Rock_Island_14_2026_05_22_1 - Rock_Island_14_2026_05_22_8,GBHE,3,,
15,5/22/2026,"A. Fussell, R. Casella",Aerial,8:25,12:10,Photograph Count,1,R. Casella,Rock Island 14,26.96968,-81.03663,Rock Island 14,Rock_Island_14_2026_05_22_1 - Rock_Island_14_2026_05_22_8,WHIB,24,,
15,5/22/2026,"A. Fussell, R. Casella",Aerial,8:25,12:10,Photograph Count,1,R. Casella,Rock Island 14,26.96968,-81.03663,Rock Island 14,Rock_Island_14_2026_05_22_1 - Rock_Island_14_2026_05_22_8,CAEG,3,,
16,6/2/2026,"A. Fussell, R. Casella",Aerial,8:20,11:40,Aerial Count,2,R. Casella,84,26.72121,-80.84225,Little Bear Beach,Little_Bear_Beach_2026_06_02_1 - Little_Bear_Beach_2026_06_02_10,WHIB,,50,
16,6/2/2026,"A. Fussell, R. Casella",Aerial,8:20,11:40,Aerial Count,2,R. Casella,84,26.72121,-80.84225,Little Bear Beach,Little_Bear_Beach_2026_06_02_1 - Little_Bear_Beach_2026_06_02_10,ROSP,,10,
16,6/2/2026,"A. Fussell, R. Casella",Aerial,8:20,11:40,Aerial Count,2,R. Casella,85,26.77799,-80.89818,Clewiston Spit 1,Clewiston_Spit_1_2026_06_02_1 - Clewiston_Spit_1_2026_06_02_26,ROSP,,20,
16,6/2/2026,"A. Fussell, R. Casella",Aerial,8:20,11:40,Aerial Count,2,R. Casella,85,26.77799,-80.89818,Clewiston Spit 1,Clewiston_Spit_1_2026_06_02_1 - Clewiston_Spit_1_2026_06_02_26,WHIB,,60,
16,6/2/2026,"A. Fussell, R. Casella",Aerial,8:20,11:40,Aerial Count,2,R. Casella,85,26.77799,-80.89818,Clewiston Spit 1,Clewiston_Spit_1_2026_06_02_1 - Clewiston_Spit_1_2026_06_02_26,SNEG,,30,
16,6/2/2026,"A. Fussell, R. Casella",Aerial,8:20,11:40,Aerial Count,2,R. Casella,86,26.77224,-80.90241,Clewiston Spit 2,Clewiston_Spit_2_2026_06_02_1 - Clewiston_Spit_2_2026_06_02_10,GREG,,10,
16,6/2/2026,"A. Fussell, R. Casella",Aerial,8:20,11:40,Aerial Count,2,R. Casella,86,26.77224,-80.90241,Clewiston Spit 2,Clewiston_Spit_2_2026_06_02_1 - Clewiston_Spit_2_2026_06_02_10,ROSP,,15,
16,6/2/2026,"A. Fussell, R. Casella",Aerial,8:20,11:40,Aerial Count,2,R. Casella,86,26.77224,-80.90241,Clewiston Spit 2,Clewiston_Spit_2_2026_06_02_1 - Clewiston_Spit_2_2026_06_02_10,SNEG,,25,
16,6/2/2026,"A. Fussell, R. Casella",Aerial,8:20,11:40,Aerial Count,2,R. Casella,87,26.96131,-81.05394,Rock Island 6,Rock_Island_6_2026_06_02_1 - Rock_Island_6_2026_06_02_5,WHIB,,20,
16,6/2/2026,"A. Fussell, R. Casella",Aerial,8:20,11:40,Aerial Count,2,R. Casella,87,26.96131,-81.05394,Rock Island 6,Rock_Island_6_2026_06_02_1 - Rock_Island_6_2026_06_02_5,SNEG,,15,
16,6/2/2026,"A. Fussell, R. Casella",Aerial,8:20,11:40,Aerial Count,2,R. Casella,88,26.95977,-81.05744,Rock Island 5,Rock_Island_5_2026_06_02_1 - Rock_Island_5_2026_06_02_9,WHIB,,25,
16,6/2/2026,"A. Fussell, R. Casella",Aerial,8:20,11:40,Aerial Count,2,R. Casella,89,26.96357,-81.05149,Rock Island 7,Rock_Island_7_2026_06_02_1 - Rock_Island_7_2026_06_02_8,CAEG,,10,
16,6/2/2026,"A. Fussell, R. Casella",Aerial,8:20,11:40,Aerial Count,2,R. Casella,89,26.96357,-81.05149,Rock Island 7,Rock_Island_7_2026_06_02_1 - Rock_Island_7_2026_06_02_8,WHIB,,15,
16,6/2/2026,"A. Fussell, R. Casella",Aerial,8:20,11:40,Aerial Count,2,R. Casella,90,26.9665,-81.04768,Rock Island 9,Rock_Island_9_2026_06_02_1 - Rock_Island_9_2026_06_02_5,SNEG,,20,
16,6/2/2026,"A. Fussell, R. Casella",Aerial,8:20,11:40,Aerial Count,2,R. Casella,90,26.9665,-81.04768,Rock Island 9,Rock_Island_9_2026_06_02_1 - Rock_Island_9_2026_06_02_5,WHIB,,30,
16,6/2/2026,"A. Fussell, R. Casella",Aerial,8:20,11:40,Aerial Count,2,R. Casella,91,26.96706,-81.04669,Rock Island 10,Rock_Island_10_2026_06_02_1 - Rock_Island_10_2026_06_02_10,WHIB,,30,
16,6/2/2026,"A. Fussell, R. Casella",Aerial,8:20,11:40,Aerial Count,2,R. Casella,91,26.96706,-81.04669,Rock Island 10,Rock_Island_10_2026_06_02_1 - Rock_Island_10_2026_06_02_10,ROSP,,5,
16,6/2/2026,"A. Fussell, R. Casella",Aerial,8:20,11:40,Aerial Count,2,R. Casella,92,26.9683,-81.04488,Rock Island 11,Rock_Island_11_2026_06_02_1 - Rock_Island_11_2026_06_02_12,WHIB,,30,
16,6/2/2026,"A. Fussell, R. Casella",Aerial,8:20,11:40,Aerial Count,2,R. Casella,92,26.9683,-81.04488,Rock Island 11,Rock_Island_11_2026_06_02_1 - Rock_Island_11_2026_06_02_12,GBHE,,2,
16,6/2/2026,"A. Fussell, R. Casella",Aerial,8:20,11:40,Aerial Count,2,R. Casella,93,26.96872,-81.04175,Rock Island 12,Rock_Island_12_2026_06_02_1 - Rock_Island_12_2026_06_02_10,WHIB,,15,
16,6/2/2026,"A. Fussell, R. Casella",Aerial,8:20,11:40,Aerial Count,2,R. Casella,93,26.96872,-81.04175,Rock Island 12,Rock_Island_12_2026_06_02_1 - Rock_Island_12_2026_06_02_10,SNEG,,20,
16,6/2/2026,"A. Fussell, R. Casella",Aerial,8:20,11:40,Aerial Count,2,R. Casella,94,26.96907,-81.03886,Rock Island 13,Rock_Island_13_2026_06_02_1 - Rock_Island_13_2026_06_02_16,WHIB,,20,
16,6/2/2026,"A. Fussell, R. Casella",Aerial,8:20,11:40,Aerial Count,2,R. Casella,94,26.96907,-81.03886,Rock Island 13,Rock_Island_13_2026_06_02_1 - Rock_Island_13_2026_06_02_16,CAEG,,20,
16,6/2/2026,"A. Fussell, R. Casella",Aerial,8:20,11:40,Aerial Count,2,R. Casella,95,26.96968,-81.03663,Rock Island 14,Rock_Island_14_2026_06_02_1 - Rock_Island_14_2026_06_02_8,WHIB,,25,
16,6/2/2026,"A. Fussell, R. Casella",Aerial,8:20,11:40,Aerial Count,2,R. Casella,95,26.96968,-81.03663,Rock Island 14,Rock_Island_14_2026_06_02_1 - Rock_Island_14_2026_06_02_8,SNEG,,10,
16,6/2/2026,"A. Fussell, R. Casella",Aerial,8:20,11:40,Aerial Count,2,R. Casella,96,27.1725,-80.837639,Eagle Bay Island,Eagle_Bay_2026_06_02_1 - Eagle_Bay_2026_06_02_19,WHIB,,200,
16,6/2/2026,"A. Fussell, R. Casella",Aerial,8:20,11:40,Aerial Count,2,R. Casella,97,27.20427,-80.88912,Lemkin Creek,Lemkin_Creek_2026_06_02_1 - Lemkin_Creek_2026_06_02_18,WHIB,,35,
16,6/2/2026,"A. Fussell, R. Casella",Aerial,8:20,11:40,Aerial Count,2,R. Casella,97,27.20427,-80.88912,Lemkin Creek,Lemkin_Creek_2026_06_02_1 - Lemkin_Creek_2026_06_02_18,CAEG,,25,
16,6/2/2026,"A. Fussell, R. Casella",Aerial,8:20,11:40,Aerial Count,2,A. Fussell,84,26.72121,-80.84225,Little Bear Beach,Little_Bear_Beach_2026_06_02_1 - Little_Bear_Beach_2026_06_02_10,WHIB,,100,
16,6/2/2026,"A. Fussell, R. Casella",Aerial,8:20,11:40,Aerial Count,2,A. Fussell,84,26.72121,-80.84225,Little Bear Beach,Little_Bear_Beach_2026_06_02_1 - Little_Bear_Beach_2026_06_02_10,CAEG,,20,
16,6/2/2026,"A. Fussell, R. Casella",Aerial,8:20,11:40,Aerial Count,2,A. Fussell,85,26.77799,-80.89818,Clewiston Spit 1,Clewiston_Spit_1_2026_06_02_1 - Clewiston_Spit_1_2026_06_02_26,WHIB,,150,
16,6/2/2026,"A. Fussell, R. Casella",Aerial,8:20,11:40,Aerial Count,2,A. Fussell,85,26.77799,-80.89818,Clewiston Spit 1,Clewiston_Spit_1_2026_06_02_1 - Clewiston_Spit_1_2026_06_02_26,CAEG,,50,
16,6/2/2026,"A. Fussell, R. Casella",Aerial,8:20,11:40,Aerial Count,2,A. Fussell,86,26.77224,-80.90241,Clewiston Spit 2,Clewiston_Spit_2_2026_06_02_1 - Clewiston_Spit_2_2026_06_02_10,ROSP,,3,
16,6/2/2026,"A. Fussell, R. Casella",Aerial,8:20,11:40,Aerial Count,2,A. Fussell,86,26.77224,-80.90241,Clewiston Spit 2,Clewiston_Spit_2_2026_06_02_1 - Clewiston_Spit_2_2026_06_02_10,WHIB,,30,
16,6/2/2026,"A. Fussell, R. Casella",Aerial,8:20,11:40,Aerial Count,2,A. Fussell,87,26.96131,-81.05394,Rock Island 6,Rock_Island_6_2026_06_02_1 - Rock_Island_6_2026_06_02_5,CAEG,,20,
16,6/2/2026,"A. Fussell, R. Casella",Aerial,8:20,11:40,Aerial Count,2,A. Fussell,94,26.96907,-81.03886,Rock Island 13,Rock_Island_13_2026_06_02_1 - Rock_Island_13_2026_06_02_16,CAEG/WHIB,,50,
16,6/2/2026,"A. Fussell, R. Casella",Aerial,8:20,11:40,Aerial Count,2,A. Fussell,96,27.1725,-80.837639,Eagle Bay Island,Eagle_Bay_2026_06_02_1 - Eagle_Bay_2026_06_02_19,WHIB,,200,
16,6/2/2026,"A. Fussell, R. Casella",Aerial,8:20,11:40,Aerial Count,2,A. Fussell,97,27.20427,-80.88912,Lemkin Creek,Lemkin_Creek_2026_06_02_1 - Lemkin_Creek_2026_06_02_18,WHIB,,50,
16,6/2/2026,"A. Fussell, R. Casella",Aerial,8:20,11:40,Aerial Count,2,A. Fussell,97,27.20427,-80.88912,Lemkin Creek,Lemkin_Creek_2026_06_02_1 - Lemkin_Creek_2026_06_02_18,CAEG,,20,
16,6/2/2026,"A. Fussell, R. Casella",Aerial,8:20,11:40,Photograph Count,1,R. Casella,Clewiston Spit 1,26.77799,-80.89818,Clewiston Spit 1,Clewiston_Spit_1_2026_06_02_1 - Clewiston_Spit_1_2026_06_02_26,WHIB,175,,
16,6/2/2026,"A. Fussell, R. Casella",Aerial,8:20,11:40,Photograph Count,1,R. Casella,Clewiston Spit 1,26.77799,-80.89818,Clewiston Spit 1,Clewiston_Spit_1_2026_06_02_1 - Clewiston_Spit_1_2026_06_02_26,CAEG,121,,
16,6/2/2026,"A. Fussell, R. Casella",Aerial,8:20,11:40,Photograph Count,1,R. Casella,Clewiston Spit 1,26.77799,-80.89818,Clewiston Spit 1,Clewiston_Spit_1_2026_06_02_1 - Clewiston_Spit_1_2026_06_02_26,SNEG,111,,
16,6/2/2026,"A. Fussell, R. Casella",Aerial,8:20,11:40,Photograph Count,1,R. Casella,Clewiston Spit 1,26.77799,-80.89818,Clewiston Spit 1,Clewiston_Spit_1_2026_06_02_1 - Clewiston_Spit_1_2026_06_02_26,ANHI,3,,
16,6/2/2026,"A. Fussell, R. Casella",Aerial,8:20,11:40,Photograph Count,1,R. Casella,Clewiston Spit 1,26.77799,-80.89818,Clewiston Spit 1,Clewiston_Spit_1_2026_06_02_1 - Clewiston_Spit_1_2026_06_02_26,GBHE,6,,
16,6/2/2026,"A. Fussell, R. Casella",Aerial,8:20,11:40,Photograph Count,1,R. Casella,Clewiston Spit 1,26.77799,-80.89818,Clewiston Spit 1,Clewiston_Spit_1_2026_06_02_1 - Clewiston_Spit_1_2026_06_02_26,TRHE,2,,
16,6/2/2026,"A. Fussell, R. Casella",Aerial,8:20,11:40,Photograph Count,1,R. Casella,Clewiston Spit 1,26.77799,-80.89818,Clewiston Spit 1,Clewiston_Spit_1_2026_06_02_1 - Clewiston_Spit_1_2026_06_02_26,GREG,1,,
16,6/2/2026,"A. Fussell, R. Casella",Aerial,8:20,11:40,Photograph Count,1,R. Casella,Clewiston Spit 1,26.77799,-80.89818,Clewiston Spit 1,Clewiston_Spit_1_2026_06_02_1 - Clewiston_Spit_1_2026_06_02_26,GLIB,5,,
16,6/2/2026,"A. Fussell, R. Casella",Aerial,8:20,11:40,Photograph Count,1,R. Casella,Clewiston Spit 2,26.77224,-80.90241,Clewiston Spit 2,Clewiston_Spit_2_2026_06_02_1 - Clewiston_Spit_2_2026_06_02_10,GREG,19,,
16,6/2/2026,"A. Fussell, R. Casella",Aerial,8:20,11:40,Photograph Count,1,R. Casella,Clewiston Spit 2,26.77224,-80.90241,Clewiston Spit 2,Clewiston_Spit_2_2026_06_02_1 - Clewiston_Spit_2_2026_06_02_10,GBHE,2,,
16,6/2/2026,"A. Fussell, R. Casella",Aerial,8:20,11:40,Photograph Count,1,R. Casella,Clewiston Spit 2,26.77224,-80.90241,Clewiston Spit 2,Clewiston_Spit_2_2026_06_02_1 - Clewiston_Spit_2_2026_06_02_10,ROSP,7,,
16,6/2/2026,"A. Fussell, R. Casella",Aerial,8:20,11:40,Photograph Count,1,R. Casella,Clewiston Spit 2,26.77224,-80.90241,Clewiston Spit 2,Clewiston_Spit_2_2026_06_02_1 - Clewiston_Spit_2_2026_06_02_10,WHIB,4,,
16,6/2/2026,"A. Fussell, R. Casella",Aerial,8:20,11:40,Photograph Count,1,R. Casella,Clewiston Spit 2,26.77224,-80.90241,Clewiston Spit 2,Clewiston_Spit_2_2026_06_02_1 - Clewiston_Spit_2_2026_06_02_10,SNEG,3,,
16,6/2/2026,"A. Fussell, R. Casella",Aerial,8:20,11:40,Photograph Count,1,R. Casella,Clewiston Spit 2,26.77224,-80.90241,Clewiston Spit 2,Clewiston_Spit_2_2026_06_02_1 - Clewiston_Spit_2_2026_06_02_10,ANHI,1,,
16,6/2/2026,"A. Fussell, R. Casella",Aerial,8:20,11:40,Photograph Count,1,R. Casella,Eagle Bay Island,27.1725,-80.837639,Eagle Bay Island,Eagle_Bay_2026_06_02_1 - Eagle_Bay_2026_06_02_19,WHIB,313,,
16,6/2/2026,"A. Fussell, R. Casella",Aerial,8:20,11:40,Photograph Count,1,R. Casella,Eagle Bay Island,27.1725,-80.837639,Eagle Bay Island,Eagle_Bay_2026_06_02_1 - Eagle_Bay_2026_06_02_19,CAEG,302,,
16,6/2/2026,"A. Fussell, R. Casella",Aerial,8:20,11:40,Photograph Count,1,R. Casella,Lemkin Creek,27.20427,-80.88912,Lemkin Creek,Lemkin_Creek_2026_06_02_1 - Lemkin_Creek_2026_06_02_18,WHIB,107,,
16,6/2/2026,"A. Fussell, R. Casella",Aerial,8:20,11:40,Photograph Count,1,R. Casella,Lemkin Creek,27.20427,-80.88912,Lemkin Creek,Lemkin_Creek_2026_06_02_1 - Lemkin_Creek_2026_06_02_18,CAEG,118,,
16,6/2/2026,"A. Fussell, R. Casella",Aerial,8:20,11:40,Photograph Count,1,R. Casella,Lemkin Creek,27.20427,-80.88912,Lemkin Creek,Lemkin_Creek_2026_06_02_1 - Lemkin_Creek_2026_06_02_18,GBHE,2,,
16,6/2/2026,"A. Fussell, R. Casella",Aerial,8:20,11:40,Photograph Count,1,R. Casella,Little Bear Beach,26.72121,-80.84225,Little Bear Beach,Little_Bear_Beach_2026_06_02_1 - Little_Bear_Beach_2026_06_02_10,WHIB,158,,
16,6/2/2026,"A. Fussell, R. Casella",Aerial,8:20,11:40,Photograph Count,1,R. Casella,Little Bear Beach,26.72121,-80.84225,Little Bear Beach,Little_Bear_Beach_2026_06_02_1 - Little_Bear_Beach_2026_06_02_10,CAEG,62,,
16,6/2/2026,"A. Fussell, R. Casella",Aerial,8:20,11:40,Photograph Count,1,R. Casella,Little Bear Beach,26.72121,-80.84225,Little Bear Beach,Little_Bear_Beach_2026_06_02_1 - Little_Bear_Beach_2026_06_02_10,SNEG,37,,
16,6/2/2026,"A. Fussell, R. Casella",Aerial,8:20,11:40,Photograph Count,1,R. Casella,Little Bear Beach,26.72121,-80.84225,Little Bear Beach,Little_Bear_Beach_2026_06_02_1 - Little_Bear_Beach_2026_06_02_10,GLIB,8,,
16,6/2/2026,"A. Fussell, R. Casella",Aerial,8:20,11:40,Photograph Count,1,R. Casella,Little Bear Beach,26.72121,-80.84225,Little Bear Beach,Little_Bear_Beach_2026_06_02_1 - Little_Bear_Beach_2026_06_02_10,GREG,12,,
16,6/2/2026,"A. Fussell, R. Casella",Aerial,8:20,11:40,Photograph Count,1,R. Casella,Rock Island 5,26.95977,-81.05744,Rock Island 5,Rock_Island_5_2026_06_02_1 - Rock_Island_5_2026_06_02_9,WHIB,56,,
16,6/2/2026,"A. Fussell, R. Casella",Aerial,8:20,11:40,Photograph Count,1,R. Casella,Rock Island 5,26.95977,-81.05744,Rock Island 5,Rock_Island_5_2026_06_02_1 - Rock_Island_5_2026_06_02_9,CAEG,19,,
16,6/2/2026,"A. Fussell, R. Casella",Aerial,8:20,11:40,Photograph Count,1,R. Casella,Rock Island 5,26.95977,-81.05744,Rock Island 5,Rock_Island_5_2026_06_02_1 - Rock_Island_5_2026_06_02_9,SNEG,1,,
16,6/2/2026,"A. Fussell, R. Casella",Aerial,8:20,11:40,Photograph Count,1,R. Casella,Rock Island 6,26.96131,-81.05394,Rock Island 6,Rock_Island_6_2026_06_02_1 - Rock_Island_6_2026_06_02_5,WHIB,4,,
16,6/2/2026,"A. Fussell, R. Casella",Aerial,8:20,11:40,Photograph Count,1,R. Casella,Rock Island 6,26.96131,-81.05394,Rock Island 6,Rock_Island_6_2026_06_02_1 - Rock_Island_6_2026_06_02_5,CAEG,16,,
16,6/2/2026,"A. Fussell, R. Casella",Aerial,8:20,11:40,Photograph Count,1,R. Casella,Rock Island 6,26.96131,-81.05394,Rock Island 6,Rock_Island_6_2026_06_02_1 - Rock_Island_6_2026_06_02_5,SNEG,4,,
16,6/2/2026,"A. Fussell, R. Casella",Aerial,8:20,11:40,Photograph Count,1,R. Casella,Rock Island 7,26.96357,-81.05149,Rock Island 7,Rock_Island_7_2026_06_02_1 - Rock_Island_7_2026_06_02_8,WHIB,3,,
16,6/2/2026,"A. Fussell, R. Casella",Aerial,8:20,11:40,Photograph Count,1,R. Casella,Rock Island 7,26.96357,-81.05149,Rock Island 7,Rock_Island_7_2026_06_02_1 - Rock_Island_7_2026_06_02_8,SNEG,15,,
16,6/2/2026,"A. Fussell, R. Casella",Aerial,8:20,11:40,Photograph Count,1,R. Casella,Rock Island 7,26.96357,-81.05149,Rock Island 7,Rock_Island_7_2026_06_02_1 - Rock_Island_7_2026_06_02_8,CAEG,46,,
16,6/2/2026,"A. Fussell, R. Casella",Aerial,8:20,11:40,Photograph Count,1,R. Casella,Rock Island 9,26.9665,-81.04768,Rock Island 9,Rock_Island_9_2026_06_02_1 - Rock_Island_9_2026_06_02_5,WHIB,25,,
16,6/2/2026,"A. Fussell, R. Casella",Aerial,8:20,11:40,Photograph Count,1,R. Casella,Rock Island 9,26.9665,-81.04768,Rock Island 9,Rock_Island_9_2026_06_02_1 - Rock_Island_9_2026_06_02_5,CAEG,25,,
16,6/2/2026,"A. Fussell, R. Casella",Aerial,8:20,11:40,Photograph Count,1,R. Casella,Rock Island 10,26.96706,-81.04669,Rock Island 10,Rock_Island_10_2026_06_02_1 - Rock_Island_10_2026_06_02_10,WHIB,41,,
16,6/2/2026,"A. Fussell, R. Casella",Aerial,8:20,11:40,Photograph Count,1,R. Casella,Rock Island 10,26.96706,-81.04669,Rock Island 10,Rock_Island_10_2026_06_02_1 - Rock_Island_10_2026_06_02_10,SNEG,26,,
16,6/2/2026,"A. Fussell, R. Casella",Aerial,8:20,11:40,Photograph Count,1,R. Casella,Rock Island 10,26.96706,-81.04669,Rock Island 10,Rock_Island_10_2026_06_02_1 - Rock_Island_10_2026_06_02_10,TRHE,1,,
16,6/2/2026,"A. Fussell, R. Casella",Aerial,8:20,11:40,Photograph Count,1,R. Casella,Rock Island 10,26.96706,-81.04669,Rock Island 10,Rock_Island_10_2026_06_02_1 - Rock_Island_10_2026_06_02_10,ROSP,2,,
16,6/2/2026,"A. Fussell, R. Casella",Aerial,8:20,11:40,Photograph Count,1,R. Casella,Rock Island 10,26.96706,-81.04669,Rock Island 10,Rock_Island_10_2026_06_02_1 - Rock_Island_10_2026_06_02_10,ANHI,4,,
16,6/2/2026,"A. Fussell, R. Casella",Aerial,8:20,11:40,Photograph Count,1,R. Casella,Rock Island 10,26.96706,-81.04669,Rock Island 10,Rock_Island_10_2026_06_02_1 - Rock_Island_10_2026_06_02_10,GLIB,5,,
16,6/2/2026,"A. Fussell, R. Casella",Aerial,8:20,11:40,Photograph Count,1,R. Casella,Rock Island 10,26.96706,-81.04669,Rock Island 10,Rock_Island_10_2026_06_02_1 - Rock_Island_10_2026_06_02_10,GBHE,7,,
16,6/2/2026,"A. Fussell, R. Casella",Aerial,8:20,11:40,Photograph Count,1,R. Casella,Rock Island 11,26.9683,-81.04488,Rock Island 11,Rock_Island_11_2026_06_02_1 - Rock_Island_11_2026_06_02_12,WHIB,20,,
16,6/2/2026,"A. Fussell, R. Casella",Aerial,8:20,11:40,Photograph Count,1,R. Casella,Rock Island 11,26.9683,-81.04488,Rock Island 11,Rock_Island_11_2026_06_02_1 - Rock_Island_11_2026_06_02_12,GLIB,9,,
16,6/2/2026,"A. Fussell, R. Casella",Aerial,8:20,11:40,Photograph Count,1,R. Casella,Rock Island 11,26.9683,-81.04488,Rock Island 11,Rock_Island_11_2026_06_02_1 - Rock_Island_11_2026_06_02_12,SNEG,14,,
16,6/2/2026,"A. Fussell, R. Casella",Aerial,8:20,11:40,Photograph Count,1,R. Casella,Rock Island 11,26.9683,-81.04488,Rock Island 11,Rock_Island_11_2026_06_02_1 - Rock_Island_11_2026_06_02_12,CAEG,8,,
16,6/2/2026,"A. Fussell, R. Casella",Aerial,8:20,11:40,Photograph Count,1,R. Casella,Rock Island 11,26.9683,-81.04488,Rock Island 11,Rock_Island_11_2026_06_02_1 - Rock_Island_11_2026_06_02_12,GBHE,1,,
16,6/2/2026,"A. Fussell, R. Casella",Aerial,8:20,11:40,Photograph Count,1,R. Casella,Rock Island 11,26.9683,-81.04488,Rock Island 11,Rock_Island_11_2026_06_02_1 - Rock_Island_11_2026_06_02_12,TRHE,2,,
16,6/2/2026,"A. Fussell, R. Casella",Aerial,8:20,11:40,Photograph Count,1,R. Casella,Rock Island 11,26.9683,-81.04488,Rock Island 11,Rock_Island_11_2026_06_02_1 - Rock_Island_11_2026_06_02_12,ANHI,2,,
16,6/2/2026,"A. Fussell, R. Casella",Aerial,8:20,11:40,Photograph Count,1,R. Casella,Rock Island 11,26.9683,-81.04488,Rock Island 11,Rock_Island_11_2026_06_02_1 - Rock_Island_11_2026_06_02_12,ROSP,4,,
16,6/2/2026,"A. Fussell, R. Casella",Aerial,8:20,11:40,Photograph Count,1,R. Casella,Rock Island 12,26.96872,-81.04175,Rock Island 12,Rock_Island_12_2026_06_02_1 - Rock_Island_12_2026_06_02_10,WHIB,12,,
16,6/2/2026,"A. Fussell, R. Casella",Aerial,8:20,11:40,Photograph Count,1,R. Casella,Rock Island 12,26.96872,-81.04175,Rock Island 12,Rock_Island_12_2026_06_02_1 - Rock_Island_12_2026_06_02_10,CAEG,21,,
16,6/2/2026,"A. Fussell, R. Casella",Aerial,8:20,11:40,Photograph Count,1,R. Casella,Rock Island 12,26.96872,-81.04175,Rock Island 12,Rock_Island_12_2026_06_02_1 - Rock_Island_12_2026_06_02_10,GLIB,10,,
16,6/2/2026,"A. Fussell, R. Casella",Aerial,8:20,11:40,Photograph Count,1,R. Casella,Rock Island 12,26.96872,-81.04175,Rock Island 12,Rock_Island_12_2026_06_02_1 - Rock_Island_12_2026_06_02_10,SNEG,2,,
16,6/2/2026,"A. Fussell, R. Casella",Aerial,8:20,11:40,Photograph Count,1,R. Casella,Rock Island 13,26.96907,-81.03886,Rock Island 13,Rock_Island_13_2026_06_02_1 - Rock_Island_13_2026_06_02_16,CAEG,34,,
16,6/2/2026,"A. Fussell, R. Casella",Aerial,8:20,11:40,Photograph Count,1,R. Casella,Rock Island 13,26.96907,-81.03886,Rock Island 13,Rock_Island_13_2026_06_02_1 - Rock_Island_13_2026_06_02_16,ANHI,4,,
16,6/2/2026,"A. Fussell, R. Casella",Aerial,8:20,11:40,Photograph Count,1,R. Casella,Rock Island 13,26.96907,-81.03886,Rock Island 13,Rock_Island_13_2026_06_02_1 - Rock_Island_13_2026_06_02_16,GREG,5,,
16,6/2/2026,"A. Fussell, R. Casella",Aerial,8:20,11:40,Photograph Count,1,R. Casella,Rock Island 13,26.96907,-81.03886,Rock Island 13,Rock_Island_13_2026_06_02_1 - Rock_Island_13_2026_06_02_16,WHIB,39,,
16,6/2/2026,"A. Fussell, R. Casella",Aerial,8:20,11:40,Photograph Count,1,R. Casella,Rock Island 13,26.96907,-81.03886,Rock Island 13,Rock_Island_13_2026_06_02_1 - Rock_Island_13_2026_06_02_16,GLIB,28,,
16,6/2/2026,"A. Fussell, R. Casella",Aerial,8:20,11:40,Photograph Count,1,R. Casella,Rock Island 13,26.96907,-81.03886,Rock Island 13,Rock_Island_13_2026_06_02_1 - Rock_Island_13_2026_06_02_16,TRHE,1,,
16,6/2/2026,"A. Fussell, R. Casella",Aerial,8:20,11:40,Photograph Count,1,R. Casella,Rock Island 14,26.96968,-81.03663,Rock Island 14,Rock_Island_14_2026_06_02_1 - Rock_Island_14_2026_06_02_8,WHIB,21,,
16,6/2/2026,"A. Fussell, R. Casella",Aerial,8:20,11:40,Photograph Count,1,R. Casella,Rock Island 14,26.96968,-81.03663,Rock Island 14,Rock_Island_14_2026_06_02_1 - Rock_Island_14_2026_06_02_8,GLIB,9,,
16,6/2/2026,"A. Fussell, R. Casella",Aerial,8:20,11:40,Photograph Count,1,R. Casella,Rock Island 14,26.96968,-81.03663,Rock Island 14,Rock_Island_14_2026_06_02_1 - Rock_Island_14_2026_06_02_8,CAEG,29,,
16,6/2/2026,"A. Fussell, R. Casella",Aerial,8:20,11:40,Photograph Count,1,R. Casella,Rock Island 14,26.96968,-81.03663,Rock Island 14,Rock_Island_14_2026_06_02_1 - Rock_Island_14_2026_06_02_8,ANHI,6,,
16,6/2/2026,"A. Fussell, R. Casella",Aerial,8:20,11:40,Photograph Count,1,R. Casella,Rock Island 14,26.96968,-81.03663,Rock Island 14,Rock_Island_14_2026_06_02_1 - Rock_Island_14_2026_06_02_8,TRHE,1,,
16,6/2/2026,"A. Fussell, R. Casella",Aerial,8:20,11:40,Photograph Count,1,R. Casella,Rock Island 14,26.96968,-81.03663,Rock Island 14,Rock_Island_14_2026_06_02_1 - Rock_Island_14_2026_06_02_8,GBHE,4,,
16,6/2/2026,"A. Fussell, R. Casella",Aerial,8:20,11:40,Photograph Count,1,B. Mason,Clewiston Spit 1,26.77799,-80.89818,Clewiston Spit 1,Clewiston_Spit_1_2026_06_02_1 - Clewiston_Spit_1_2026_06_02_26,SNEG,66,,
16,6/2/2026,"A. Fussell, R. Casella",Aerial,8:20,11:40,Photograph Count,1,B. Mason,Clewiston Spit 1,26.77799,-80.89818,Clewiston Spit 1,Clewiston_Spit_1_2026_06_02_1 - Clewiston_Spit_1_2026_06_02_26,CAEG,43,,
16,6/2/2026,"A. Fussell, R. Casella",Aerial,8:20,11:40,Photograph Count,1,B. Mason,Clewiston Spit 1,26.77799,-80.89818,Clewiston Spit 1,Clewiston_Spit_1_2026_06_02_1 - Clewiston_Spit_1_2026_06_02_26,WHIB,188,,
16,6/2/2026,"A. Fussell, R. Casella",Aerial,8:20,11:40,Photograph Count,1,B. Mason,Clewiston Spit 1,26.77799,-80.89818,Clewiston Spit 1,Clewiston_Spit_1_2026_06_02_1 - Clewiston_Spit_1_2026_06_02_26,GBHE,6,,
16,6/2/2026,"A. Fussell, R. Casella",Aerial,8:20,11:40,Photograph Count,1,B. Mason,Clewiston Spit 1,26.77799,-80.89818,Clewiston Spit 1,Clewiston_Spit_1_2026_06_02_1 - Clewiston_Spit_1_2026_06_02_26,GLIB,6,,
16,6/2/2026,"A. Fussell, R. Casella",Aerial,8:20,11:40,Photograph Count,1,B. Mason,Clewiston Spit 1,26.77799,-80.89818,Clewiston Spit 1,Clewiston_Spit_1_2026_06_02_1 - Clewiston_Spit_1_2026_06_02_26,TRHE,2,,
16,6/2/2026,"A. Fussell, R. Casella",Aerial,8:20,11:40,Photograph Count,1,B. Mason,Clewiston Spit 1,26.77799,-80.89818,Clewiston Spit 1,Clewiston_Spit_1_2026_06_02_1 - Clewiston_Spit_1_2026_06_02_26,GREG,1,,
16,6/2/2026,"A. Fussell, R. Casella",Aerial,8:20,11:40,Photograph Count,1,B. Mason,Clewiston Spit 1,26.77799,-80.89818,Clewiston Spit 1,Clewiston_Spit_1_2026_06_02_1 - Clewiston_Spit_1_2026_06_02_26,ANHI,2,,
16,6/2/2026,"A. Fussell, R. Casella",Aerial,8:20,11:40,Photograph Count,1,B. Mason,Clewiston Spit 1,26.77799,-80.89818,Clewiston Spit 1,Clewiston_Spit_1_2026_06_02_1 - Clewiston_Spit_1_2026_06_02_26,LBHE,2,,
16,6/2/2026,"A. Fussell, R. Casella",Aerial,8:20,11:40,Photograph Count,1,B. Mason,Clewiston Spit 2,26.77224,-80.90241,Clewiston Spit 2,Clewiston_Spit_2_2026_06_02_1 - Clewiston_Spit_2_2026_06_02_10,ROSP,4,,
16,6/2/2026,"A. Fussell, R. Casella",Aerial,8:20,11:40,Photograph Count,1,B. Mason,Clewiston Spit 2,26.77224,-80.90241,Clewiston Spit 2,Clewiston_Spit_2_2026_06_02_1 - Clewiston_Spit_2_2026_06_02_10,SNEG,2,,
16,6/2/2026,"A. Fussell, R. Casella",Aerial,8:20,11:40,Photograph Count,1,B. Mason,Clewiston Spit 2,26.77224,-80.90241,Clewiston Spit 2,Clewiston_Spit_2_2026_06_02_1 - Clewiston_Spit_2_2026_06_02_10,WHIB,11,,
16,6/2/2026,"A. Fussell, R. Casella",Aerial,8:20,11:40,Photograph Count,1,B. Mason,Clewiston Spit 2,26.77224,-80.90241,Clewiston Spit 2,Clewiston_Spit_2_2026_06_02_1 - Clewiston_Spit_2_2026_06_02_10,GBHE,2,,
16,6/2/2026,"A. Fussell, R. Casella",Aerial,8:20,11:40,Photograph Count,1,B. Mason,Clewiston Spit 2,26.77224,-80.90241,Clewiston Spit 2,Clewiston_Spit_2_2026_06_02_1 - Clewiston_Spit_2_2026_06_02_10,GREG,10,,
16,6/2/2026,"A. Fussell, R. Casella",Aerial,8:20,11:40,Photograph Count,1,B. Mason,Eagle Bay Island,27.1725,-80.837639,Eagle Bay Island,Eagle_Bay_2026_06_02_1 - Eagle_Bay_2026_06_02_19,CAEG,322,,
16,6/2/2026,"A. Fussell, R. Casella",Aerial,8:20,11:40,Photograph Count,1,B. Mason,Eagle Bay Island,27.1725,-80.837639,Eagle Bay Island,Eagle_Bay_2026_06_02_1 - Eagle_Bay_2026_06_02_19,WHIB,288,,
16,6/2/2026,"A. Fussell, R. Casella",Aerial,8:20,11:40,Photograph Count,1,B. Mason,Eagle Bay Island,27.1725,-80.837639,Eagle Bay Island,Eagle_Bay_2026_06_02_1 - Eagle_Bay_2026_06_02_19,GLIB,45,,
16,6/2/2026,"A. Fussell, R. Casella",Aerial,8:20,11:40,Photograph Count,1,B. Mason,Lemkin Creek,27.20427,-80.88912,Lemkin Creek,Lemkin_Creek_2026_06_02_1 - Lemkin_Creek_2026_06_02_18,CAEG,113,,
16,6/2/2026,"A. Fussell, R. Casella",Aerial,8:20,11:40,Photograph Count,1,B. Mason,Lemkin Creek,27.20427,-80.88912,Lemkin Creek,Lemkin_Creek_2026_06_02_1 - Lemkin_Creek_2026_06_02_18,WHIB,144,,
16,6/2/2026,"A. Fussell, R. Casella",Aerial,8:20,11:40,Photograph Count,1,B. Mason,Lemkin Creek,27.20427,-80.88912,Lemkin Creek,Lemkin_Creek_2026_06_02_1 - Lemkin_Creek_2026_06_02_18,ANHI,1,,
16,6/2/2026,"A. Fussell, R. Casella",Aerial,8:20,11:40,Photograph Count,1,B. Mason,Lemkin Creek,27.20427,-80.88912,Lemkin Creek,Lemkin_Creek_2026_06_02_1 - Lemkin_Creek_2026_06_02_18,GBHE,2,,
16,6/2/2026,"A. Fussell, R. Casella",Aerial,8:20,11:40,Photograph Count,1,B. Mason,Little Bear Beach,26.72121,-80.84225,Little Bear Beach,Little_Bear_Beach_2026_06_02_1 - Little_Bear_Beach_2026_06_02_10,WHIB,188,,
16,6/2/2026,"A. Fussell, R. Casella",Aerial,8:20,11:40,Photograph Count,1,B. Mason,Little Bear Beach,26.72121,-80.84225,Little Bear Beach,Little_Bear_Beach_2026_06_02_1 - Little_Bear_Beach_2026_06_02_10,GREG,12,,
16,6/2/2026,"A. Fussell, R. Casella",Aerial,8:20,11:40,Photograph Count,1,B. Mason,Little Bear Beach,26.72121,-80.84225,Little Bear Beach,Little_Bear_Beach_2026_06_02_1 - Little_Bear_Beach_2026_06_02_10,SNEG,31,,
16,6/2/2026,"A. Fussell, R. Casella",Aerial,8:20,11:40,Photograph Count,1,B. Mason,Little Bear Beach,26.72121,-80.84225,Little Bear Beach,Little_Bear_Beach_2026_06_02_1 - Little_Bear_Beach_2026_06_02_10,CAEG,58,,
16,6/2/2026,"A. Fussell, R. Casella",Aerial,8:20,11:40,Photograph Count,1,B. Mason,Little Bear Beach,26.72121,-80.84225,Little Bear Beach,Little_Bear_Beach_2026_06_02_1 - Little_Bear_Beach_2026_06_02_10,GLIB,5,,
16,6/2/2026,"A. Fussell, R. Casella",Aerial,8:20,11:40,Photograph Count,1,B. Mason,Rock Island 5,26.95977,-81.05744,Rock Island 5,Rock_Island_5_2026_06_02_1 - Rock_Island_5_2026_06_02_9,WHIB,57,,
16,6/2/2026,"A. Fussell, R. Casella",Aerial,8:20,11:40,Photograph Count,1,B. Mason,Rock Island 5,26.95977,-81.05744,Rock Island 5,Rock_Island_5_2026_06_02_1 - Rock_Island_5_2026_06_02_9,CAEG,33,,
16,6/2/2026,"A. Fussell, R. Casella",Aerial,8:20,11:40,Photograph Count,1,B. Mason,Rock Island 5,26.95977,-81.05744,Rock Island 5,Rock_Island_5_2026_06_02_1 - Rock_Island_5_2026_06_02_9,SNEG,1,,
16,6/2/2026,"A. Fussell, R. Casella",Aerial,8:20,11:40,Photograph Count,1,B. Mason,Rock Island 6,26.96131,-81.05394,Rock Island 6,Rock_Island_6_2026_06_02_1 - Rock_Island_6_2026_06_02_5,SNEG,1,,
16,6/2/2026,"A. Fussell, R. Casella",Aerial,8:20,11:40,Photograph Count,1,B. Mason,Rock Island 6,26.96131,-81.05394,Rock Island 6,Rock_Island_6_2026_06_02_1 - Rock_Island_6_2026_06_02_5,CAEG,21,,
16,6/2/2026,"A. Fussell, R. Casella",Aerial,8:20,11:40,Photograph Count,1,B. Mason,Rock Island 6,26.96131,-81.05394,Rock Island 6,Rock_Island_6_2026_06_02_1 - Rock_Island_6_2026_06_02_5,WHIB,4,,
16,6/2/2026,"A. Fussell, R. Casella",Aerial,8:20,11:40,Photograph Count,1,B. Mason,Rock Island 6,26.96131,-81.05394,Rock Island 6,Rock_Island_6_2026_06_02_1 - Rock_Island_6_2026_06_02_5,GLIB,1,,
16,6/2/2026,"A. Fussell, R. Casella",Aerial,8:20,11:40,Photograph Count,1,B. Mason,Rock Island 7,26.96357,-81.05149,Rock Island 7,Rock_Island_7_2026_06_02_1 - Rock_Island_7_2026_06_02_8,CAEG,60,,
16,6/2/2026,"A. Fussell, R. Casella",Aerial,8:20,11:40,Photograph Count,1,B. Mason,Rock Island 7,26.96357,-81.05149,Rock Island 7,Rock_Island_7_2026_06_02_1 - Rock_Island_7_2026_06_02_8,WHIB,4,,
16,6/2/2026,"A. Fussell, R. Casella",Aerial,8:20,11:40,Photograph Count,1,B. Mason,Rock Island 7,26.96357,-81.05149,Rock Island 7,Rock_Island_7_2026_06_02_1 - Rock_Island_7_2026_06_02_8,SNEG,4,,
16,6/2/2026,"A. Fussell, R. Casella",Aerial,8:20,11:40,Photograph Count,1,B. Mason,Rock Island 9,26.9665,-81.04768,Rock Island 9,Rock_Island_9_2026_06_02_1 - Rock_Island_9_2026_06_02_5,GLIB,1,,
16,6/2/2026,"A. Fussell, R. Casella",Aerial,8:20,11:40,Photograph Count,1,B. Mason,Rock Island 9,26.9665,-81.04768,Rock Island 9,Rock_Island_9_2026_06_02_1 - Rock_Island_9_2026_06_02_5,CAEG,22,,
16,6/2/2026,"A. Fussell, R. Casella",Aerial,8:20,11:40,Photograph Count,1,B. Mason,Rock Island 9,26.9665,-81.04768,Rock Island 9,Rock_Island_9_2026_06_02_1 - Rock_Island_9_2026_06_02_5,WHIB,34,,
16,6/2/2026,"A. Fussell, R. Casella",Aerial,8:20,11:40,Photograph Count,1,B. Mason,Rock Island 10,26.96706,-81.04669,Rock Island 10,Rock_Island_10_2026_06_02_1 - Rock_Island_10_2026_06_02_10,GBHE,3,,
16,6/2/2026,"A. Fussell, R. Casella",Aerial,8:20,11:40,Photograph Count,1,B. Mason,Rock Island 10,26.96706,-81.04669,Rock Island 10,Rock_Island_10_2026_06_02_1 - Rock_Island_10_2026_06_02_10,WHIB,45,,
16,6/2/2026,"A. Fussell, R. Casella",Aerial,8:20,11:40,Photograph Count,1,B. Mason,Rock Island 10,26.96706,-81.04669,Rock Island 10,Rock_Island_10_2026_06_02_1 - Rock_Island_10_2026_06_02_10,GLIB,20,,
16,6/2/2026,"A. Fussell, R. Casella",Aerial,8:20,11:40,Photograph Count,1,B. Mason,Rock Island 10,26.96706,-81.04669,Rock Island 10,Rock_Island_10_2026_06_02_1 - Rock_Island_10_2026_06_02_10,SNEG,8,,
16,6/2/2026,"A. Fussell, R. Casella",Aerial,8:20,11:40,Photograph Count,1,B. Mason,Rock Island 10,26.96706,-81.04669,Rock Island 10,Rock_Island_10_2026_06_02_1 - Rock_Island_10_2026_06_02_10,ROSP,1,,
16,6/2/2026,"A. Fussell, R. Casella",Aerial,8:20,11:40,Photograph Count,1,B. Mason,Rock Island 10,26.96706,-81.04669,Rock Island 10,Rock_Island_10_2026_06_02_1 - Rock_Island_10_2026_06_02_10,ANHI,1,,
16,6/2/2026,"A. Fussell, R. Casella",Aerial,8:20,11:40,Photograph Count,1,B. Mason,Rock Island 10,26.96706,-81.04669,Rock Island 10,Rock_Island_10_2026_06_02_1 - Rock_Island_10_2026_06_02_10,TRHE,1,,
16,6/2/2026,"A. Fussell, R. Casella",Aerial,8:20,11:40,Photograph Count,1,B. Mason,Rock Island 11,26.9683,-81.04488,Rock Island 11,Rock_Island_11_2026_06_02_1 - Rock_Island_11_2026_06_02_12,WHIB,19,,
16,6/2/2026,"A. Fussell, R. Casella",Aerial,8:20,11:40,Photograph Count,1,B. Mason,Rock Island 11,26.9683,-81.04488,Rock Island 11,Rock_Island_11_2026_06_02_1 - Rock_Island_11_2026_06_02_12,CAEG,11,,
16,6/2/2026,"A. Fussell, R. Casella",Aerial,8:20,11:40,Photograph Count,1,B. Mason,Rock Island 11,26.9683,-81.04488,Rock Island 11,Rock_Island_11_2026_06_02_1 - Rock_Island_11_2026_06_02_12,SNEG,11,,
16,6/2/2026,"A. Fussell, R. Casella",Aerial,8:20,11:40,Photograph Count,1,B. Mason,Rock Island 11,26.9683,-81.04488,Rock Island 11,Rock_Island_11_2026_06_02_1 - Rock_Island_11_2026_06_02_12,GLIB,9,,
16,6/2/2026,"A. Fussell, R. Casella",Aerial,8:20,11:40,Photograph Count,1,B. Mason,Rock Island 11,26.9683,-81.04488,Rock Island 11,Rock_Island_11_2026_06_02_1 - Rock_Island_11_2026_06_02_12,ANHI,3,,
16,6/2/2026,"A. Fussell, R. Casella",Aerial,8:20,11:40,Photograph Count,1,B. Mason,Rock Island 11,26.9683,-81.04488,Rock Island 11,Rock_Island_11_2026_06_02_1 - Rock_Island_11_2026_06_02_12,GBHE,2,,
16,6/2/2026,"A. Fussell, R. Casella",Aerial,8:20,11:40,Photograph Count,1,B. Mason,Rock Island 12,26.96872,-81.04175,Rock Island 12,Rock_Island_12_2026_06_02_1 - Rock_Island_12_2026_06_02_10,WHIB,16,,
16,6/2/2026,"A. Fussell, R. Casella",Aerial,8:20,11:40,Photograph Count,1,B. Mason,Rock Island 12,26.96872,-81.04175,Rock Island 12,Rock_Island_12_2026_06_02_1 - Rock_Island_12_2026_06_02_10,CAEG,18,,
16,6/2/2026,"A. Fussell, R. Casella",Aerial,8:20,11:40,Photograph Count,1,B. Mason,Rock Island 12,26.96872,-81.04175,Rock Island 12,Rock_Island_12_2026_06_02_1 - Rock_Island_12_2026_06_02_10,SNEG,2,,
16,6/2/2026,"A. Fussell, R. Casella",Aerial,8:20,11:40,Photograph Count,1,B. Mason,Rock Island 12,26.96872,-81.04175,Rock Island 12,Rock_Island_12_2026_06_02_1 - Rock_Island_12_2026_06_02_10,GLIB,3,,
16,6/2/2026,"A. Fussell, R. Casella",Aerial,8:20,11:40,Photograph Count,1,B. Mason,Rock Island 13,26.96907,-81.03886,Rock Island 13,Rock_Island_13_2026_06_02_1 - Rock_Island_13_2026_06_02_16,CAEG,18,,
16,6/2/2026,"A. Fussell, R. Casella",Aerial,8:20,11:40,Photograph Count,1,B. Mason,Rock Island 13,26.96907,-81.03886,Rock Island 13,Rock_Island_13_2026_06_02_1 - Rock_Island_13_2026_06_02_16,WHIB,54,,
16,6/2/2026,"A. Fussell, R. Casella",Aerial,8:20,11:40,Photograph Count,1,B. Mason,Rock Island 13,26.96907,-81.03886,Rock Island 13,Rock_Island_13_2026_06_02_1 - Rock_Island_13_2026_06_02_16,GLIB,16,,
16,6/2/2026,"A. Fussell, R. Casella",Aerial,8:20,11:40,Photograph Count,1,B. Mason,Rock Island 13,26.96907,-81.03886,Rock Island 13,Rock_Island_13_2026_06_02_1 - Rock_Island_13_2026_06_02_16,GREG,4,,
16,6/2/2026,"A. Fussell, R. Casella",Aerial,8:20,11:40,Photograph Count,1,B. Mason,Rock Island 13,26.96907,-81.03886,Rock Island 13,Rock_Island_13_2026_06_02_1 - Rock_Island_13_2026_06_02_16,ANHI,5,,
16,6/2/2026,"A. Fussell, R. Casella",Aerial,8:20,11:40,Photograph Count,1,B. Mason,Rock Island 13,26.96907,-81.03886,Rock Island 13,Rock_Island_13_2026_06_02_1 - Rock_Island_13_2026_06_02_16,TRHE,1,,
16,6/2/2026,"A. Fussell, R. Casella",Aerial,8:20,11:40,Photograph Count,1,B. Mason,Rock Island 14,26.96968,-81.03663,Rock Island 14,Rock_Island_14_2026_06_02_1 - Rock_Island_14_2026_06_02_8,CAEG,32,,
16,6/2/2026,"A. Fussell, R. Casella",Aerial,8:20,11:40,Photograph Count,1,B. Mason,Rock Island 14,26.96968,-81.03663,Rock Island 14,Rock_Island_14_2026_06_02_1 - Rock_Island_14_2026_06_02_8,TRHE,1,,
16,6/2/2026,"A. Fussell, R. Casella",Aerial,8:20,11:40,Photograph Count,1,B. Mason,Rock Island 14,26.96968,-81.03663,Rock Island 14,Rock_Island_14_2026_06_02_1 - Rock_Island_14_2026_06_02_8,WHIB,28,,
16,6/2/2026,"A. Fussell, R. Casella",Aerial,8:20,11:40,Photograph Count,1,B. Mason,Rock Island 14,26.96968,-81.03663,Rock Island 14,Rock_Island_14_2026_06_02_1 - Rock_Island_14_2026_06_02_8,GLIB,9,,
16,6/2/2026,"A. Fussell, R. Casella",Aerial,8:20,11:40,Photograph Count,1,B. Mason,Rock Island 14,26.96968,-81.03663,Rock Island 14,Rock_Island_14_2026_06_02_1 - Rock_Island_14_2026_06_02_8,ANHI,6,,
16,6/2/2026,"A. Fussell, R. Casella",Aerial,8:20,11:40,Photograph Count,1,B. Mason,Rock Island 14,26.96968,-81.03663,Rock Island 14,Rock_Island_14_2026_06_02_1 - Rock_Island_14_2026_06_02_8,GBHE,4,,
