Survey ID,Date,Observers,Colony Name,Start Time ,End Time,Survey Notes,Nest ID,New Nest,Species,Nest Status,Number of Eggs,Number of Chicks,Number of Fledglings,Number of Dead Eggs,Number of Dead Chicks,,,,,,,,
1,4/3/2025,"A. Fussell, B. Mason, J. Chastant",Clewiston Spit,9:47,10:55,"Initial transect setup; in tree before transect: ROSP - 10 nests all with at least 1 chick, most have 3 chicks that are branched; GREG - about 35 nests; SNEG about 20 nests",CS1,Yes,WHIB,Occupied,1,1,,,,,,,,,,,
1,4/3/2025,"A. Fussell, B. Mason, J. Chastant",Clewiston Spit,9:47,10:55,"Initial transect setup; in tree before transect: ROSP - 10 nests all with at least 1 chick, most have 3 chicks that are branched; GREG - about 35 nests; SNEG about 20 nests",CS2,Yes,WHIB,Occupied,2,1,,,,,,,,,,,
1,4/3/2025,"A. Fussell, B. Mason, J. Chastant",Clewiston Spit,9:47,10:55,"Initial transect setup; in tree before transect: ROSP - 10 nests all with at least 1 chick, most have 3 chicks that are branched; GREG - about 35 nests; SNEG about 20 nests",CS3,Yes,SNEG,Occupied,2,2,,,,,,,,,,,
1,4/3/2025,"A. Fussell, B. Mason, J. Chastant",Clewiston Spit,9:47,10:55,"Initial transect setup; in tree before transect: ROSP - 10 nests all with at least 1 chick, most have 3 chicks that are branched; GREG - about 35 nests; SNEG about 20 nests",CS4,Yes,WHIB,Occupied,4,,,,,,,,,,,,
1,4/3/2025,"A. Fussell, B. Mason, J. Chastant",Clewiston Spit,9:47,10:55,"Initial transect setup; in tree before transect: ROSP - 10 nests all with at least 1 chick, most have 3 chicks that are branched; GREG - about 35 nests; SNEG about 20 nests",CS5,Yes,WHIB,Occupied,5,,,,,,,,,,,,
1,4/3/2025,"A. Fussell, B. Mason, J. Chastant",Clewiston Spit,9:47,10:55,"Initial transect setup; in tree before transect: ROSP - 10 nests all with at least 1 chick, most have 3 chicks that are branched; GREG - about 35 nests; SNEG about 20 nests",CS6,Yes,WHIB,Occupied,3,,,,,,,,,,,,
1,4/3/2025,"A. Fussell, B. Mason, J. Chastant",Clewiston Spit,9:47,10:55,"Initial transect setup; in tree before transect: ROSP - 10 nests all with at least 1 chick, most have 3 chicks that are branched; GREG - about 35 nests; SNEG about 20 nests",CS7,Yes,WHIB,Occupied,2,,,,,,,,,,,,
1,4/3/2025,"A. Fussell, B. Mason, J. Chastant",Clewiston Spit,9:47,10:55,"Initial transect setup; in tree before transect: ROSP - 10 nests all with at least 1 chick, most have 3 chicks that are branched; GREG - about 35 nests; SNEG about 20 nests",CS8,Yes,WHIB,Occupied,4,,,,,,,,,,,,
1,4/3/2025,"A. Fussell, B. Mason, J. Chastant",Clewiston Spit,9:47,10:55,"Initial transect setup; in tree before transect: ROSP - 10 nests all with at least 1 chick, most have 3 chicks that are branched; GREG - about 35 nests; SNEG about 20 nests",CS9,Yes,WHIB,Occupied,3,,,,,,,,,,,,
1,4/3/2025,"A. Fussell, B. Mason, J. Chastant",Clewiston Spit,9:47,10:55,"Initial transect setup; in tree before transect: ROSP - 10 nests all with at least 1 chick, most have 3 chicks that are branched; GREG - about 35 nests; SNEG about 20 nests",CS10,Yes,WHIB,Occupied,3,,,,,,,,,,,,
1,4/3/2025,"A. Fussell, B. Mason, J. Chastant",Clewiston Spit,9:47,10:55,"Initial transect setup; in tree before transect: ROSP - 10 nests all with at least 1 chick, most have 3 chicks that are branched; GREG - about 35 nests; SNEG about 20 nests",CS11,Yes,WHIB,Occupied,2,,,,,,,,,,,,
1,4/3/2025,"A. Fussell, B. Mason, J. Chastant",Clewiston Spit,9:47,10:55,"Initial transect setup; in tree before transect: ROSP - 10 nests all with at least 1 chick, most have 3 chicks that are branched; GREG - about 35 nests; SNEG about 20 nests",CS12,Yes,WHIB,Occupied,3,,,,,,,,,,,,
1,4/3/2025,"A. Fussell, B. Mason, J. Chastant",Clewiston Spit,9:47,10:55,"Initial transect setup; in tree before transect: ROSP - 10 nests all with at least 1 chick, most have 3 chicks that are branched; GREG - about 35 nests; SNEG about 20 nests",CS13,Yes,WHIB,Occupied,3,,,,,,,,,,,,
1,4/3/2025,"A. Fussell, B. Mason, J. Chastant",Clewiston Spit,9:47,10:55,"Initial transect setup; in tree before transect: ROSP - 10 nests all with at least 1 chick, most have 3 chicks that are branched; GREG - about 35 nests; SNEG about 20 nests",CS14,Yes,SNEG,Occupied,4,,,,,,,,,,,,
1,4/3/2025,"A. Fussell, B. Mason, J. Chastant",Clewiston Spit,9:47,10:55,"Initial transect setup; in tree before transect: ROSP - 10 nests all with at least 1 chick, most have 3 chicks that are branched; GREG - about 35 nests; SNEG about 20 nests",CS15,Yes,SNEG,Occupied,3,,,,,,,,,,,,
1,4/3/2025,"A. Fussell, B. Mason, J. Chastant",Clewiston Spit,9:47,10:55,"Initial transect setup; in tree before transect: ROSP - 10 nests all with at least 1 chick, most have 3 chicks that are branched; GREG - about 35 nests; SNEG about 20 nests",CS16,Yes,SNEG,Occupied,3,,,,,,,,,,,,
1,4/3/2025,"A. Fussell, B. Mason, J. Chastant",Clewiston Spit,9:47,10:55,"Initial transect setup; in tree before transect: ROSP - 10 nests all with at least 1 chick, most have 3 chicks that are branched; GREG - about 35 nests; SNEG about 20 nests",CS17,Yes,SNEG,Occupied,3,,,,,,,,,,,,
1,4/3/2025,"A. Fussell, B. Mason, J. Chastant",Clewiston Spit,9:47,10:55,"Initial transect setup; in tree before transect: ROSP - 10 nests all with at least 1 chick, most have 3 chicks that are branched; GREG - about 35 nests; SNEG about 20 nests",CS18,Yes,TRHE,Occupied,3,,,,,,,,,,,,
1,4/3/2025,"A. Fussell, B. Mason, J. Chastant",Clewiston Spit,9:47,10:55,"Initial transect setup; in tree before transect: ROSP - 10 nests all with at least 1 chick, most have 3 chicks that are branched; GREG - about 35 nests; SNEG about 20 nests",CS19,Yes,SNEG,Occupied,4,,,,,,,,,,,,
1,4/3/2025,"A. Fussell, B. Mason, J. Chastant",Clewiston Spit,9:47,10:55,"Initial transect setup; in tree before transect: ROSP - 10 nests all with at least 1 chick, most have 3 chicks that are branched; GREG - about 35 nests; SNEG about 20 nests",CS20,Yes,SNEG,Occupied,5,,,,,,,,,,,,
1,4/3/2025,"A. Fussell, B. Mason, J. Chastant",Clewiston Spit,9:47,10:55,"Initial transect setup; in tree before transect: ROSP - 10 nests all with at least 1 chick, most have 3 chicks that are branched; GREG - about 35 nests; SNEG about 20 nests",CS21,Yes,SNEG,Occupied,3,,,,,,,,,,,,
1,4/3/2025,"A. Fussell, B. Mason, J. Chastant",Clewiston Spit,9:47,10:55,"Initial transect setup; in tree before transect: ROSP - 10 nests all with at least 1 chick, most have 3 chicks that are branched; GREG - about 35 nests; SNEG about 20 nests",CS22,Yes,GLIB,Occupied,3,,,,,,,,,,,,
1,4/3/2025,"A. Fussell, B. Mason, J. Chastant",Clewiston Spit,9:47,10:55,"Initial transect setup; in tree before transect: ROSP - 10 nests all with at least 1 chick, most have 3 chicks that are branched; GREG - about 35 nests; SNEG about 20 nests",CS23,Yes,SNEG,Occupied,3,,,,,,,,,,,,
1,4/3/2025,"A. Fussell, B. Mason, J. Chastant",Clewiston Spit,9:47,10:55,"Initial transect setup; in tree before transect: ROSP - 10 nests all with at least 1 chick, most have 3 chicks that are branched; GREG - about 35 nests; SNEG about 20 nests",CS24,Yes,SNEG,Occupied,3,,,,,,,,,,,,
1,4/3/2025,"A. Fussell, B. Mason, J. Chastant",Clewiston Spit,9:47,10:55,"Initial transect setup; in tree before transect: ROSP - 10 nests all with at least 1 chick, most have 3 chicks that are branched; GREG - about 35 nests; SNEG about 20 nests",CS25,Yes,SNEG,Occupied,4,,,,,,,,,,,,
1,4/3/2025,"A. Fussell, B. Mason, J. Chastant",Clewiston Spit,9:47,10:55,"Initial transect setup; in tree before transect: ROSP - 10 nests all with at least 1 chick, most have 3 chicks that are branched; GREG - about 35 nests; SNEG about 20 nests",CS26,Yes,SNEG,Occupied,3,,,,,,,,,,,,
1,4/3/2025,"A. Fussell, B. Mason, J. Chastant",Clewiston Spit,9:47,10:55,"Initial transect setup; in tree before transect: ROSP - 10 nests all with at least 1 chick, most have 3 chicks that are branched; GREG - about 35 nests; SNEG about 20 nests",CS27,Yes,TRHE,Occupied,3,,,,,,,,,,,,
1,4/3/2025,"A. Fussell, B. Mason, J. Chastant",Clewiston Spit,9:47,10:55,"Initial transect setup; in tree before transect: ROSP - 10 nests all with at least 1 chick, most have 3 chicks that are branched; GREG - about 35 nests; SNEG about 20 nests",CS28,Yes,SNEG,Occupied,3,,,,,,,,,,,,
1,4/3/2025,"A. Fussell, B. Mason, J. Chastant",Clewiston Spit,9:47,10:55,"Initial transect setup; in tree before transect: ROSP - 10 nests all with at least 1 chick, most have 3 chicks that are branched; GREG - about 35 nests; SNEG about 20 nests",CS29,Yes,SNEG,Occupied,4,,,,,,,,,,,,
1,4/3/2025,"A. Fussell, B. Mason, J. Chastant",Clewiston Spit,9:47,10:55,"Initial transect setup; in tree before transect: ROSP - 10 nests all with at least 1 chick, most have 3 chicks that are branched; GREG - about 35 nests; SNEG about 20 nests",CS30,Yes,SNEG,Occupied,4,,,,,,,,,,,,
1,4/3/2025,"A. Fussell, B. Mason, J. Chastant",Clewiston Spit,9:47,10:55,"Initial transect setup; in tree before transect: ROSP - 10 nests all with at least 1 chick, most have 3 chicks that are branched; GREG - about 35 nests; SNEG about 20 nests",CS31,Yes,SNEG,Occupied,5,,,,,,,,,,,,
1,4/3/2025,"A. Fussell, B. Mason, J. Chastant",Clewiston Spit,9:47,10:55,"Initial transect setup; in tree before transect: ROSP - 10 nests all with at least 1 chick, most have 3 chicks that are branched; GREG - about 35 nests; SNEG about 20 nests",CS32,Yes,SNEG,Occupied,4,,,,,,,,,,,,
1,4/3/2025,"A. Fussell, B. Mason, J. Chastant",Clewiston Spit,9:47,10:55,"Initial transect setup; in tree before transect: ROSP - 10 nests all with at least 1 chick, most have 3 chicks that are branched; GREG - about 35 nests; SNEG about 20 nests",CS33,Yes,SNEG,Occupied,,3,,,,,,,,,,,
1,4/3/2025,"A. Fussell, B. Mason, J. Chastant",Clewiston Spit,9:47,10:55,"Initial transect setup; in tree before transect: ROSP - 10 nests all with at least 1 chick, most have 3 chicks that are branched; GREG - about 35 nests; SNEG about 20 nests",CS34,Yes,SNEG,Occupied,1,3,,,,,,,,,,,
1,4/3/2025,"A. Fussell, B. Mason, J. Chastant",Clewiston Spit,9:47,10:55,"Initial transect setup; in tree before transect: ROSP - 10 nests all with at least 1 chick, most have 3 chicks that are branched; GREG - about 35 nests; SNEG about 20 nests",CS35,Yes,SNEG,Occupied,3,,,,,,,,,,,,
1,4/3/2025,"A. Fussell, B. Mason, J. Chastant",Clewiston Spit,9:47,10:55,"Initial transect setup; in tree before transect: ROSP - 10 nests all with at least 1 chick, most have 3 chicks that are branched; GREG - about 35 nests; SNEG about 20 nests",CS36,Yes,SNEG,Occupied,4,,,,,,,,,,,,
1,4/3/2025,"A. Fussell, B. Mason, J. Chastant",Clewiston Spit,9:47,10:55,"Initial transect setup; in tree before transect: ROSP - 10 nests all with at least 1 chick, most have 3 chicks that are branched; GREG - about 35 nests; SNEG about 20 nests",CS37,Yes,GREG,Occupied,3,,,,,,,,,,,,
1,4/3/2025,"A. Fussell, B. Mason, J. Chastant",Clewiston Spit,9:47,10:55,"Initial transect setup; in tree before transect: ROSP - 10 nests all with at least 1 chick, most have 3 chicks that are branched; GREG - about 35 nests; SNEG about 20 nests",CS38,Yes,GREG,Occupied,,3,,,,,,,,,,,
1,4/3/2025,"A. Fussell, B. Mason, J. Chastant",Clewiston Spit,9:47,10:55,"Initial transect setup; in tree before transect: ROSP - 10 nests all with at least 1 chick, most have 3 chicks that are branched; GREG - about 35 nests; SNEG about 20 nests",CS39,Yes,GREG,Occupied,,3,,,,,,,,,,,
1,4/3/2025,"A. Fussell, B. Mason, J. Chastant",Clewiston Spit,9:47,10:55,"Initial transect setup; in tree before transect: ROSP - 10 nests all with at least 1 chick, most have 3 chicks that are branched; GREG - about 35 nests; SNEG about 20 nests",CS40,Yes,SNEG,Occupied,4,,,,,,,,,,,,
1,4/3/2025,"A. Fussell, B. Mason, J. Chastant",Clewiston Spit,9:47,10:55,"Initial transect setup; in tree before transect: ROSP - 10 nests all with at least 1 chick, most have 3 chicks that are branched; GREG - about 35 nests; SNEG about 20 nests",CS41,Yes,SNEG,Occupied,4,,,,,,,,,,,,
1,4/3/2025,"A. Fussell, B. Mason, J. Chastant",Clewiston Spit,9:47,10:55,"Initial transect setup; in tree before transect: ROSP - 10 nests all with at least 1 chick, most have 3 chicks that are branched; GREG - about 35 nests; SNEG about 20 nests",CS42,Yes,SNEG,Occupied,4,,,,,,,,,,,,
1,4/3/2025,"A. Fussell, B. Mason, J. Chastant",Clewiston Spit,9:47,10:55,"Initial transect setup; in tree before transect: ROSP - 10 nests all with at least 1 chick, most have 3 chicks that are branched; GREG - about 35 nests; SNEG about 20 nests",CS43,Yes,SNEG,Occupied,3,,,,,,,,,,,,
1,4/3/2025,"A. Fussell, B. Mason, J. Chastant",Clewiston Spit,9:47,10:55,"Initial transect setup; in tree before transect: ROSP - 10 nests all with at least 1 chick, most have 3 chicks that are branched; GREG - about 35 nests; SNEG about 20 nests",CS44,Yes,GREG,Occupied,3,,,,,,,,,,,,
1,4/3/2025,"A. Fussell, B. Mason, J. Chastant",Clewiston Spit,9:47,10:55,"Initial transect setup; in tree before transect: ROSP - 10 nests all with at least 1 chick, most have 3 chicks that are branched; GREG - about 35 nests; SNEG about 20 nests",CS45,Yes,GREG,Occupied,,3,,,,,,,,,,,
1,4/3/2025,"A. Fussell, B. Mason, J. Chastant",Clewiston Spit,9:47,10:55,"Initial transect setup; in tree before transect: ROSP - 10 nests all with at least 1 chick, most have 3 chicks that are branched; GREG - about 35 nests; SNEG about 20 nests",CS46,Yes,SNEG,Occupied,3,,,,,,,,,,,,
1,4/3/2025,"A. Fussell, B. Mason, J. Chastant",Clewiston Spit,9:47,10:55,"Initial transect setup; in tree before transect: ROSP - 10 nests all with at least 1 chick, most have 3 chicks that are branched; GREG - about 35 nests; SNEG about 20 nests",CS47,Yes,SNEG,Occupied,3,,,,,,,,,,,,
1,4/3/2025,"A. Fussell, B. Mason, J. Chastant",Clewiston Spit,9:47,10:55,"Initial transect setup; in tree before transect: ROSP - 10 nests all with at least 1 chick, most have 3 chicks that are branched; GREG - about 35 nests; SNEG about 20 nests",CS48,Yes,GREG,Occupied,,2,,,,,,,,,,,
1,4/3/2025,"A. Fussell, B. Mason, J. Chastant",Clewiston Spit,9:47,10:55,"Initial transect setup; in tree before transect: ROSP - 10 nests all with at least 1 chick, most have 3 chicks that are branched; GREG - about 35 nests; SNEG about 20 nests",CS49,Yes,SNEG,Occupied,4,,,,,,,,,,,,
1,4/3/2025,"A. Fussell, B. Mason, J. Chastant",Clewiston Spit,9:47,10:55,"Initial transect setup; in tree before transect: ROSP - 10 nests all with at least 1 chick, most have 3 chicks that are branched; GREG - about 35 nests; SNEG about 20 nests",CS50,Yes,GREG,Occupied,3,,,,,,,,,,,,
2,4/7/2025,"B. Mason, A. Fussell, M. Baranski",Little Bear Beach,8:43,9:28,Initial transect setup,LBB1,Yes,TRHE,Occupied,3,,,,,,,,,,,,
2,4/7/2025,"B. Mason, A. Fussell, M. Baranski",Little Bear Beach,8:43,9:28,Initial transect setup,LBB2,Yes,WHIB,Occupied,3,,,,,,,,,,,,
2,4/7/2025,"B. Mason, A. Fussell, M. Baranski",Little Bear Beach,8:43,9:28,Initial transect setup,LBB3,Yes,WHIB,Occupied,3,,,,,,,,,,,,
2,4/7/2025,"B. Mason, A. Fussell, M. Baranski",Little Bear Beach,8:43,9:28,Initial transect setup,LBB4,Yes,WHIB,Occupied,3,,,,,,,,,,,,
2,4/7/2025,"B. Mason, A. Fussell, M. Baranski",Little Bear Beach,8:43,9:28,Initial transect setup,LBB5,Yes,WHIB,Occupied,3,,,,,,,,,,,,
2,4/7/2025,"B. Mason, A. Fussell, M. Baranski",Little Bear Beach,8:43,9:28,Initial transect setup,LBB6,Yes,WHIB,Occupied,1,,,,,,,,,,,,
2,4/7/2025,"B. Mason, A. Fussell, M. Baranski",Little Bear Beach,8:43,9:28,Initial transect setup,LBB7,Yes,WHIB,Occupied,3,,,,,,,,,,,,
2,4/7/2025,"B. Mason, A. Fussell, M. Baranski",Little Bear Beach,8:43,9:28,Initial transect setup,LBB8,Yes,WHIB,Occupied,2,,,,,,,,,,,,
2,4/7/2025,"B. Mason, A. Fussell, M. Baranski",Little Bear Beach,8:43,9:28,Initial transect setup,LBB9,Yes,TRHE,Occupied,4,,,,,,,,,,,,
2,4/7/2025,"B. Mason, A. Fussell, M. Baranski",Little Bear Beach,8:43,9:28,Initial transect setup,LBB10,Yes,WHIB,Occupied,2,,,,,,,,,,,,
2,4/7/2025,"B. Mason, A. Fussell, M. Baranski",Little Bear Beach,8:43,9:28,Initial transect setup,LBB11,Yes,WHIB,Occupied,2,1,,,,,,,,,,,
2,4/7/2025,"B. Mason, A. Fussell, M. Baranski",Little Bear Beach,8:43,9:28,Initial transect setup,LBB12,Yes,SNEG,Occupied,3,,,,,,,,,,,,
2,4/7/2025,"B. Mason, A. Fussell, M. Baranski",Little Bear Beach,8:43,9:28,Initial transect setup,LBB13,Yes,TRHE,Occupied,4,,,,,,,,,,,,
2,4/7/2025,"B. Mason, A. Fussell, M. Baranski",Little Bear Beach,8:43,9:28,Initial transect setup,LBB14,Yes,WHIB,Occupied,1,1,,,,,,,,,,,
2,4/7/2025,"B. Mason, A. Fussell, M. Baranski",Little Bear Beach,8:43,9:28,Initial transect setup,LBB15,Yes,WHIB,Occupied,,2,,,,,,,,,,,
2,4/7/2025,"B. Mason, A. Fussell, M. Baranski",Little Bear Beach,8:43,9:28,Initial transect setup,LBB16,Yes,WHIB,Occupied,3,,,,,,,,,,,,
2,4/7/2025,"B. Mason, A. Fussell, M. Baranski",Little Bear Beach,8:43,9:28,Initial transect setup,LBB17,Yes,WHIB,Occupied,3,,,,,,,,,,,,
2,4/7/2025,"B. Mason, A. Fussell, M. Baranski",Little Bear Beach,8:43,9:28,Initial transect setup,LBB18,Yes,WHIB,Occupied,3,,,,,,,,,,,,
2,4/7/2025,"B. Mason, A. Fussell, M. Baranski",Little Bear Beach,8:43,9:28,Initial transect setup,LBB19,Yes,WHIB,Occupied,2,,,,,,,,,,,,
2,4/7/2025,"B. Mason, A. Fussell, M. Baranski",Little Bear Beach,8:43,9:28,Initial transect setup,LBB20,Yes,TRHE,Occupied,3,,,,,,,,,,,,
2,4/7/2025,"B. Mason, A. Fussell, M. Baranski",Little Bear Beach,8:43,9:28,Initial transect setup,LBB21,Yes,TRHE,Occupied,3,,,,,,,,,,,,
2,4/7/2025,"B. Mason, A. Fussell, M. Baranski",Little Bear Beach,8:43,9:28,Initial transect setup,LBB22,Yes,TRHE,Occupied,3,,,,,,,,,,,,
2,4/7/2025,"B. Mason, A. Fussell, M. Baranski",Little Bear Beach,8:43,9:28,Initial transect setup,LBB23,Yes,GREG,Occupied,3,,,,,,,,,,,,
2,4/7/2025,"B. Mason, A. Fussell, M. Baranski",Little Bear Beach,8:43,9:28,Initial transect setup,LBB24,Yes,SNEG,Occupied,4,,,,,,,,,,,,
2,4/7/2025,"B. Mason, A. Fussell, M. Baranski",Little Bear Beach,8:43,9:28,Initial transect setup,LBB25,Yes,GREG,Occupied,,1,,,,,,,,,,,
2,4/7/2025,"B. Mason, A. Fussell, M. Baranski",Little Bear Beach,8:43,9:28,Initial transect setup,LBB26,Yes,SNEG,Occupied,3,,,,,,,,,,,,
2,4/7/2025,"B. Mason, A. Fussell, M. Baranski",Little Bear Beach,8:43,9:28,Initial transect setup,LBB27,Yes,SNEG,Occupied,3,,,,,,,,,,,,
2,4/7/2025,"B. Mason, A. Fussell, M. Baranski",Little Bear Beach,8:43,9:28,Initial transect setup,LBB28,Yes,SNEG,Occupied,4,,,,,,,,,,,,
2,4/7/2025,"B. Mason, A. Fussell, M. Baranski",Little Bear Beach,8:43,9:28,Initial transect setup,LBB29,Yes,SNEG,Occupied,4,,,,,,,,,,,,
2,4/7/2025,"B. Mason, A. Fussell, M. Baranski",Little Bear Beach,8:43,9:28,Initial transect setup,LBB30,Yes,SNEG,Occupied,2,,,,,,,,,,,,
2,4/7/2025,"B. Mason, A. Fussell, M. Baranski",Little Bear Beach,8:43,9:28,Initial transect setup,LBB31,Yes,SNEG,Occupied,1,,,,,,,,,,,,
2,4/7/2025,"B. Mason, A. Fussell, M. Baranski",Little Bear Beach,8:43,9:28,Initial transect setup,LBB32,Yes,TRHE,Occupied,2,,,,,,,,,,,,
2,4/7/2025,"B. Mason, A. Fussell, M. Baranski",Little Bear Beach,8:43,9:28,Initial transect setup,LBB33,Yes,WHIB,Occupied,1,,,,,,,,,,,,
2,4/7/2025,"B. Mason, A. Fussell, M. Baranski",Little Bear Beach,8:43,9:28,Initial transect setup,LBB34,Yes,WHIB,Occupied,2,,,,,,,,,,,,
2,4/7/2025,"B. Mason, A. Fussell, M. Baranski",Little Bear Beach,8:43,9:28,Initial transect setup,LBB35,Yes,WHIB,Occupied,3,,,,,,,,,,,,
2,4/7/2025,"B. Mason, A. Fussell, M. Baranski",Little Bear Beach,8:43,9:28,Initial transect setup,LBB36,Yes,WHIB,Occupied,2,,,,,,,,,,,,
2,4/7/2025,"B. Mason, A. Fussell, M. Baranski",Little Bear Beach,8:43,9:28,Initial transect setup,LBB37,Yes,WHIB,Occupied,3,,,,,,,,,,,,
2,4/7/2025,"B. Mason, A. Fussell, M. Baranski",Little Bear Beach,8:43,9:28,Initial transect setup,LBB38,Yes,WHIB,Occupied,2,,,,,,,,,,,,
2,4/7/2025,"B. Mason, A. Fussell, M. Baranski",Little Bear Beach,8:43,9:28,Initial transect setup,LBB39,Yes,WHIB,Occupied,2,,,,,,,,,,,,
2,4/7/2025,"B. Mason, A. Fussell, M. Baranski",Little Bear Beach,8:43,9:28,Initial transect setup,LBB40,Yes,WHIB,Occupied,2,,,,,,,,,,,,
2,4/7/2025,"B. Mason, A. Fussell, M. Baranski",Little Bear Beach,8:43,9:28,Initial transect setup,LBB41,Yes,WHIB,Occupied,3,,,,,,,,,,,,
2,4/7/2025,"B. Mason, A. Fussell, M. Baranski",Little Bear Beach,8:43,9:28,Initial transect setup,LBB42,Yes,WHIB,Occupied,3,,,,,,,,,,,,
2,4/7/2025,"B. Mason, A. Fussell, M. Baranski",Little Bear Beach,8:43,9:28,Initial transect setup,LBB43,Yes,WHIB,Occupied,2,,,,,,,,,,,,
2,4/7/2025,"B. Mason, A. Fussell, M. Baranski",Little Bear Beach,8:43,9:28,Initial transect setup,LBB44,Yes,WHIB,Occupied,1,2,,,,,,,,,,,
2,4/7/2025,"B. Mason, A. Fussell, M. Baranski",Little Bear Beach,8:43,9:28,Initial transect setup,LBB45,Yes,WHIB,Occupied,2,,,,,,,,,,,,
2,4/7/2025,"B. Mason, A. Fussell, M. Baranski",Little Bear Beach,8:43,9:28,Initial transect setup,LBB46,Yes,WHIB,Occupied,3,,,,,,,,,,,,
2,4/7/2025,"B. Mason, A. Fussell, M. Baranski",Little Bear Beach,8:43,9:28,Initial transect setup,LBB47,Yes,WHIB,Occupied,1,,,,,,,,,,,,
2,4/7/2025,"B. Mason, A. Fussell, M. Baranski",Little Bear Beach,8:43,9:28,Initial transect setup,LBB48,Yes,WHIB,Occupied,2,,,,,,,,,,,,
2,4/7/2025,"B. Mason, A. Fussell, M. Baranski",Little Bear Beach,8:43,9:28,Initial transect setup,LBB49,Yes,WHIB,Occupied,2,,,,,,,,,,,,
2,4/7/2025,"B. Mason, A. Fussell, M. Baranski",Little Bear Beach,8:43,9:28,Initial transect setup,LBB50,Yes,WHIB,Occupied,2,,,,,,,,,,,,
2,4/7/2025,"B. Mason, A. Fussell, M. Baranski",Little Bear Beach,8:43,9:28,Initial transect setup,LBB51,Yes,TRHE,Occupied,2,,,,,,,,,,,,
3,4/7/2025,"A. Fussell, B. Mason, M. Baranski",Clewiston Spit,10:08,some time before 11:42 (info from Lake O Wading Birds group chat),"on tree before beginning transect: 50 GREG, 6 SNEG, 5 ROSP, and 7 fledgling ROSP",CS1,No,WHIB,Occupied,,2,,,,,,,,,,,
3,4/7/2025,"A. Fussell, B. Mason, M. Baranski",Clewiston Spit,10:08,,"on tree before beginning transect: 50 GREG, 6 SNEG, 5 ROSP, and 7 fledgling ROSP",CS2,No,WHIB,Occupied,,3,,,,,,,,,,,
3,4/7/2025,"A. Fussell, B. Mason, M. Baranski",Clewiston Spit,10:08,,"on tree before beginning transect: 50 GREG, 6 SNEG, 5 ROSP, and 7 fledgling ROSP",CS3,No,SNEG,Occupied,,4,,,,,,,,,,,
3,4/7/2025,"A. Fussell, B. Mason, M. Baranski",Clewiston Spit,10:08,,"on tree before beginning transect: 50 GREG, 6 SNEG, 5 ROSP, and 7 fledgling ROSP",CS4,No,WHIB,Occupied,4,,,,,,,,,,,,
3,4/7/2025,"A. Fussell, B. Mason, M. Baranski",Clewiston Spit,10:08,,"on tree before beginning transect: 50 GREG, 6 SNEG, 5 ROSP, and 7 fledgling ROSP",CS5,No,WHIB,Occupied,4,1,,,,,,,,,,,
3,4/7/2025,"A. Fussell, B. Mason, M. Baranski",Clewiston Spit,10:08,,"on tree before beginning transect: 50 GREG, 6 SNEG, 5 ROSP, and 7 fledgling ROSP",CS6,No,WHIB,Occupied,1,2,,,,,,,,,,,
3,4/7/2025,"A. Fussell, B. Mason, M. Baranski",Clewiston Spit,10:08,,"on tree before beginning transect: 50 GREG, 6 SNEG, 5 ROSP, and 7 fledgling ROSP",CS7,No,WHIB,Occupied,2,,,,,,,,,,,,
3,4/7/2025,"A. Fussell, B. Mason, M. Baranski",Clewiston Spit,10:08,,"on tree before beginning transect: 50 GREG, 6 SNEG, 5 ROSP, and 7 fledgling ROSP",CS8,No,WHIB,Occupied,2,2,,,,,,,,,,,
3,4/7/2025,"A. Fussell, B. Mason, M. Baranski",Clewiston Spit,10:08,,"on tree before beginning transect: 50 GREG, 6 SNEG, 5 ROSP, and 7 fledgling ROSP",CS9,No,WHIB,Occupied,1,2,,,,,,,,,,,
3,4/7/2025,"A. Fussell, B. Mason, M. Baranski",Clewiston Spit,10:08,,"on tree before beginning transect: 50 GREG, 6 SNEG, 5 ROSP, and 7 fledgling ROSP",CS10,No,WHIB,Occupied,1,2,,,,,,,,,,,
3,4/7/2025,"A. Fussell, B. Mason, M. Baranski",Clewiston Spit,10:08,,"on tree before beginning transect: 50 GREG, 6 SNEG, 5 ROSP, and 7 fledgling ROSP",CS11,No,WHIB,Occupied,4,,,,,,,,,,,,
3,4/7/2025,"A. Fussell, B. Mason, M. Baranski",Clewiston Spit,10:08,,"on tree before beginning transect: 50 GREG, 6 SNEG, 5 ROSP, and 7 fledgling ROSP",CS12,No,WHIB,Occupied,1,2,,,,,,,,,,,
3,4/7/2025,"A. Fussell, B. Mason, M. Baranski",Clewiston Spit,10:08,,"on tree before beginning transect: 50 GREG, 6 SNEG, 5 ROSP, and 7 fledgling ROSP",CS13,No,WHIB,Occupied,2,1,,,,,,,,,,,
3,4/7/2025,"A. Fussell, B. Mason, M. Baranski",Clewiston Spit,10:08,,"on tree before beginning transect: 50 GREG, 6 SNEG, 5 ROSP, and 7 fledgling ROSP",CS14,No,SNEG,Occupied,4,,,,,,,,,,,,
3,4/7/2025,"A. Fussell, B. Mason, M. Baranski",Clewiston Spit,10:08,,"on tree before beginning transect: 50 GREG, 6 SNEG, 5 ROSP, and 7 fledgling ROSP",CS15,No,SNEG,Occupied,3,,,,,,,,,,,,
3,4/7/2025,"A. Fussell, B. Mason, M. Baranski",Clewiston Spit,10:08,,"on tree before beginning transect: 50 GREG, 6 SNEG, 5 ROSP, and 7 fledgling ROSP",CS16,No,SNEG,Occupied,3,,,,,,,,,,,,
3,4/7/2025,"A. Fussell, B. Mason, M. Baranski",Clewiston Spit,10:08,,"on tree before beginning transect: 50 GREG, 6 SNEG, 5 ROSP, and 7 fledgling ROSP",CS17,No,SNEG,Occupied,2,2,,,,,,,,,,,
3,4/7/2025,"A. Fussell, B. Mason, M. Baranski",Clewiston Spit,10:08,,"on tree before beginning transect: 50 GREG, 6 SNEG, 5 ROSP, and 7 fledgling ROSP",CS18,No,TRHE,Occupied,1,2,,,,,,,,,,,
3,4/7/2025,"A. Fussell, B. Mason, M. Baranski",Clewiston Spit,10:08,,"on tree before beginning transect: 50 GREG, 6 SNEG, 5 ROSP, and 7 fledgling ROSP",CS19,No,SNEG,Occupied,3,1,,,,,,,,,,,
3,4/7/2025,"A. Fussell, B. Mason, M. Baranski",Clewiston Spit,10:08,,"on tree before beginning transect: 50 GREG, 6 SNEG, 5 ROSP, and 7 fledgling ROSP",CS20,No,SNEG,Occupied,5,,,,,,,,,,,,
3,4/7/2025,"A. Fussell, B. Mason, M. Baranski",Clewiston Spit,10:08,,"on tree before beginning transect: 50 GREG, 6 SNEG, 5 ROSP, and 7 fledgling ROSP",CS21,No,SNEG,Occupied,3,,,,,,,,,,,,
3,4/7/2025,"A. Fussell, B. Mason, M. Baranski",Clewiston Spit,10:08,,"on tree before beginning transect: 50 GREG, 6 SNEG, 5 ROSP, and 7 fledgling ROSP",CS22,No,GLIB,Occupied,3,,,,,,,,,,,,
3,4/7/2025,"A. Fussell, B. Mason, M. Baranski",Clewiston Spit,10:08,,"on tree before beginning transect: 50 GREG, 6 SNEG, 5 ROSP, and 7 fledgling ROSP",CS23,No,SNEG,Occupied,3,,,,,,,,,,,,
3,4/7/2025,"A. Fussell, B. Mason, M. Baranski",Clewiston Spit,10:08,,"on tree before beginning transect: 50 GREG, 6 SNEG, 5 ROSP, and 7 fledgling ROSP",CS24,No,SNEG,Occupied,3,,,,,,,,,,,,
3,4/7/2025,"A. Fussell, B. Mason, M. Baranski",Clewiston Spit,10:08,,"on tree before beginning transect: 50 GREG, 6 SNEG, 5 ROSP, and 7 fledgling ROSP",CS25,No,SNEG,Occupied,2,2,,,,,,,,,,,
3,4/7/2025,"A. Fussell, B. Mason, M. Baranski",Clewiston Spit,10:08,,"on tree before beginning transect: 50 GREG, 6 SNEG, 5 ROSP, and 7 fledgling ROSP",CS26,No,SNEG,Occupied,4,,,,,,,,,,,,
3,4/7/2025,"A. Fussell, B. Mason, M. Baranski",Clewiston Spit,10:08,,"on tree before beginning transect: 50 GREG, 6 SNEG, 5 ROSP, and 7 fledgling ROSP",CS27,No,TRHE,Occupied,3,,,,,,,,,,,,
3,4/7/2025,"A. Fussell, B. Mason, M. Baranski",Clewiston Spit,10:08,,"on tree before beginning transect: 50 GREG, 6 SNEG, 5 ROSP, and 7 fledgling ROSP",CS28,No,SNEG,Occupied,3,,,,,,,,,,,,
3,4/7/2025,"A. Fussell, B. Mason, M. Baranski",Clewiston Spit,10:08,,"on tree before beginning transect: 50 GREG, 6 SNEG, 5 ROSP, and 7 fledgling ROSP",CS29,No,SNEG,Occupied,4,,,,,,,,,,,,
3,4/7/2025,"A. Fussell, B. Mason, M. Baranski",Clewiston Spit,10:08,,"on tree before beginning transect: 50 GREG, 6 SNEG, 5 ROSP, and 7 fledgling ROSP",CS30,No,SNEG,,,,,,,,,,,,,,
3,4/7/2025,"A. Fussell, B. Mason, M. Baranski",Clewiston Spit,10:08,,"on tree before beginning transect: 50 GREG, 6 SNEG, 5 ROSP, and 7 fledgling ROSP",CS31,No,SNEG,Occupied,4,1,,,,,,,,,,,
3,4/7/2025,"A. Fussell, B. Mason, M. Baranski",Clewiston Spit,10:08,,"on tree before beginning transect: 50 GREG, 6 SNEG, 5 ROSP, and 7 fledgling ROSP",CS32,No,SNEG,Occupied,3,2,,,,,,,,,,,
3,4/7/2025,"A. Fussell, B. Mason, M. Baranski",Clewiston Spit,10:08,,"on tree before beginning transect: 50 GREG, 6 SNEG, 5 ROSP, and 7 fledgling ROSP",CS33,No,SNEG,Occupied,,3,,,,,,,,,,,
3,4/7/2025,"A. Fussell, B. Mason, M. Baranski",Clewiston Spit,10:08,,"on tree before beginning transect: 50 GREG, 6 SNEG, 5 ROSP, and 7 fledgling ROSP",CS34,No,SNEG,Occupied,,3,,,,,,,,,,,
3,4/7/2025,"A. Fussell, B. Mason, M. Baranski",Clewiston Spit,10:08,,"on tree before beginning transect: 50 GREG, 6 SNEG, 5 ROSP, and 7 fledgling ROSP",CS35,No,SNEG,Occupied,4,,,,,,,,,,,,
3,4/7/2025,"A. Fussell, B. Mason, M. Baranski",Clewiston Spit,10:08,,"on tree before beginning transect: 50 GREG, 6 SNEG, 5 ROSP, and 7 fledgling ROSP",CS36,No,SNEG,Occupied,3,1,,,,,,,,,,,
3,4/7/2025,"A. Fussell, B. Mason, M. Baranski",Clewiston Spit,10:08,,"on tree before beginning transect: 50 GREG, 6 SNEG, 5 ROSP, and 7 fledgling ROSP",CS37,No,GREG,Occupied,2,,,,,,,,,,,,
3,4/7/2025,"A. Fussell, B. Mason, M. Baranski",Clewiston Spit,10:08,,"on tree before beginning transect: 50 GREG, 6 SNEG, 5 ROSP, and 7 fledgling ROSP",CS38,No,GREG,Occupied,,4,,,,,,,,,,,
3,4/7/2025,"A. Fussell, B. Mason, M. Baranski",Clewiston Spit,10:08,,"on tree before beginning transect: 50 GREG, 6 SNEG, 5 ROSP, and 7 fledgling ROSP",CS39,No,GREG,Occupied,,3,,,,,,,,,,,
3,4/7/2025,"A. Fussell, B. Mason, M. Baranski",Clewiston Spit,10:08,,"on tree before beginning transect: 50 GREG, 6 SNEG, 5 ROSP, and 7 fledgling ROSP",CS40,No,SNEG,Occupied,4,,,,,,,,,,,,
3,4/7/2025,"A. Fussell, B. Mason, M. Baranski",Clewiston Spit,10:08,,"on tree before beginning transect: 50 GREG, 6 SNEG, 5 ROSP, and 7 fledgling ROSP",CS41,No,SNEG,Occupied,4,,,,,,,,,,,,
3,4/7/2025,"A. Fussell, B. Mason, M. Baranski",Clewiston Spit,10:08,,"on tree before beginning transect: 50 GREG, 6 SNEG, 5 ROSP, and 7 fledgling ROSP",CS42,No,SNEG,Occupied,2,2,,,,,,,,,,,
3,4/7/2025,"A. Fussell, B. Mason, M. Baranski",Clewiston Spit,10:08,,"on tree before beginning transect: 50 GREG, 6 SNEG, 5 ROSP, and 7 fledgling ROSP",CS43,No,SNEG,Occupied,4,,,,,,,,,,,,
3,4/7/2025,"A. Fussell, B. Mason, M. Baranski",Clewiston Spit,10:08,,"on tree before beginning transect: 50 GREG, 6 SNEG, 5 ROSP, and 7 fledgling ROSP",CS44,No,GREG,Empty,,,,,,,,,,,,,
3,4/7/2025,"A. Fussell, B. Mason, M. Baranski",Clewiston Spit,10:08,,"on tree before beginning transect: 50 GREG, 6 SNEG, 5 ROSP, and 7 fledgling ROSP",CS45,No,GREG,Occupied,,3,,,,,,,,,,,
3,4/7/2025,"A. Fussell, B. Mason, M. Baranski",Clewiston Spit,10:08,,"on tree before beginning transect: 50 GREG, 6 SNEG, 5 ROSP, and 7 fledgling ROSP",CS47,No,SNEG,Occupied,3,,,,,,,,,,,,
3,4/7/2025,"A. Fussell, B. Mason, M. Baranski",Clewiston Spit,10:08,,"on tree before beginning transect: 50 GREG, 6 SNEG, 5 ROSP, and 7 fledgling ROSP",CS46,No,SNEG,Occupied,2,2,,,,,,,,,,,
3,4/7/2025,"A. Fussell, B. Mason, M. Baranski",Clewiston Spit,10:08,,"on tree before beginning transect: 50 GREG, 6 SNEG, 5 ROSP, and 7 fledgling ROSP",CS48,No,GREG,Occupied,,,2,,,,,,,,,,
3,4/7/2025,"A. Fussell, B. Mason, M. Baranski",Clewiston Spit,10:08,,"on tree before beginning transect: 50 GREG, 6 SNEG, 5 ROSP, and 7 fledgling ROSP",CS49,No,SNEG,Occupied,4,,,,,,,,,,,,
3,4/7/2025,"A. Fussell, B. Mason, M. Baranski",Clewiston Spit,10:08,,"on tree before beginning transect: 50 GREG, 6 SNEG, 5 ROSP, and 7 fledgling ROSP",CS50,No,GREG,Occupied,2,1,,,,,,,,,,,
4,4/11/2025,"A. Fussell, J. Mulling, Volunteer",Rock Islands,9:38,11:45,Volunteer is Garcy Momplaisir from Aquatic Plants Lab at FLREC; Transects were set on two different islands. The first transect started at 9:38am and the second started at 11:10am,RI1,Yes,TRHE,Occupied,4,,,,,,,,,,,,
4,4/11/2025,"A. Fussell, J. Mulling, Volunteer",Rock Islands,9:38,11:45,Volunteer is Garcy Momplaisir from Aquatic Plants Lab at FLREC; Transects were set on two different islands. The first transect started at 9:38am and the second started at 11:10am,RI2,Yes,GLIB,Occupied,3,,,,,,,,,,,,
4,4/11/2025,"A. Fussell, J. Mulling, Volunteer",Rock Islands,9:38,11:45,Volunteer is Garcy Momplaisir from Aquatic Plants Lab at FLREC; Transects were set on two different islands. The first transect started at 9:38am and the second started at 11:10am,RI3,Yes,SNEG,Occupied,3,,,,,,,,,,,,
4,4/11/2025,"A. Fussell, J. Mulling, Volunteer",Rock Islands,9:38,11:45,Volunteer is Garcy Momplaisir from Aquatic Plants Lab at FLREC; Transects were set on two different islands. The first transect started at 9:38am and the second started at 11:10am,RI4,Yes,SNEG,Occupied,2,,,,,,,,,,,,
4,4/11/2025,"A. Fussell, J. Mulling, Volunteer",Rock Islands,9:38,11:45,Volunteer is Garcy Momplaisir from Aquatic Plants Lab at FLREC; Transects were set on two different islands. The first transect started at 9:38am and the second started at 11:10am,RI5,Yes,SNEG,Occupied,4,,,,,,,,,,,,
4,4/11/2025,"A. Fussell, J. Mulling, Volunteer",Rock Islands,9:38,11:45,Volunteer is Garcy Momplaisir from Aquatic Plants Lab at FLREC; Transects were set on two different islands. The first transect started at 9:38am and the second started at 11:10am,RI6,Yes,SMWT,Occupied,3,,,,,,,,,,,,
4,4/11/2025,"A. Fussell, J. Mulling, Volunteer",Rock Islands,9:38,11:45,Volunteer is Garcy Momplaisir from Aquatic Plants Lab at FLREC; Transects were set on two different islands. The first transect started at 9:38am and the second started at 11:10am,RI7,Yes,SNEG,Occupied,4,,,,,,,,,,,,
4,4/11/2025,"A. Fussell, J. Mulling, Volunteer",Rock Islands,9:38,11:45,Volunteer is Garcy Momplaisir from Aquatic Plants Lab at FLREC; Transects were set on two different islands. The first transect started at 9:38am and the second started at 11:10am,RI8,Yes,ANHI,Occupied,,,3,,,,,,,,,,
4,4/11/2025,"A. Fussell, J. Mulling, Volunteer",Rock Islands,9:38,11:45,Volunteer is Garcy Momplaisir from Aquatic Plants Lab at FLREC; Transects were set on two different islands. The first transect started at 9:38am and the second started at 11:10am,RI9,Yes,ROSP,Occupied,,2,,,,,,,,,,,
4,4/11/2025,"A. Fussell, J. Mulling, Volunteer",Rock Islands,9:38,11:45,Volunteer is Garcy Momplaisir from Aquatic Plants Lab at FLREC; Transects were set on two different islands. The first transect started at 9:38am and the second started at 11:10am,RI10,Yes,ROSP,Occupied,2,2,,,,,,,,,,,
4,4/11/2025,"A. Fussell, J. Mulling, Volunteer",Rock Islands,9:38,11:45,Volunteer is Garcy Momplaisir from Aquatic Plants Lab at FLREC; Transects were set on two different islands. The first transect started at 9:38am and the second started at 11:10am,RI11,Yes,GLIB,Occupied,,,4,,,,,,,,,,
4,4/11/2025,"A. Fussell, J. Mulling, Volunteer",Rock Islands,9:38,11:45,Volunteer is Garcy Momplaisir from Aquatic Plants Lab at FLREC; Transects were set on two different islands. The first transect started at 9:38am and the second started at 11:10am,RI12,Yes,TRHE,Occupied,4,,,,,,,,,,,,
4,4/11/2025,"A. Fussell, J. Mulling, Volunteer",Rock Islands,9:38,11:45,Volunteer is Garcy Momplaisir from Aquatic Plants Lab at FLREC; Transects were set on two different islands. The first transect started at 9:38am and the second started at 11:10am,RI13,Yes,GREG,Occupied,,2,,,,,,,,,,,
4,4/11/2025,"A. Fussell, J. Mulling, Volunteer",Rock Islands,9:38,11:45,Volunteer is Garcy Momplaisir from Aquatic Plants Lab at FLREC; Transects were set on two different islands. The first transect started at 9:38am and the second started at 11:10am,RI14,Yes,SNEG,Occupied,3,,,,,,,,,,,,
4,4/11/2025,"A. Fussell, J. Mulling, Volunteer",Rock Islands,9:38,11:45,Volunteer is Garcy Momplaisir from Aquatic Plants Lab at FLREC; Transects were set on two different islands. The first transect started at 9:38am and the second started at 11:10am,RI15,Yes,SMWT,Occupied,2,,,,,,,,,,,,
4,4/11/2025,"A. Fussell, J. Mulling, Volunteer",Rock Islands,9:38,11:45,Volunteer is Garcy Momplaisir from Aquatic Plants Lab at FLREC; Transects were set on two different islands. The first transect started at 9:38am and the second started at 11:10am,RI16,Yes,SNEG,Occupied,2,,,,,,,,,,,,
4,4/11/2025,"A. Fussell, J. Mulling, Volunteer",Rock Islands,9:38,11:45,Volunteer is Garcy Momplaisir from Aquatic Plants Lab at FLREC; Transects were set on two different islands. The first transect started at 9:38am and the second started at 11:10am,RI17,Yes,ROSP,Occupied,2,,,,,,,,,,,,
4,4/11/2025,"A. Fussell, J. Mulling, Volunteer",Rock Islands,9:38,11:45,Volunteer is Garcy Momplaisir from Aquatic Plants Lab at FLREC; Transects were set on two different islands. The first transect started at 9:38am and the second started at 11:10am,RI18,Yes,ROSP,Occupied,,,3,,,,,,,,,,
4,4/11/2025,"A. Fussell, J. Mulling, Volunteer",Rock Islands,9:38,11:45,Volunteer is Garcy Momplaisir from Aquatic Plants Lab at FLREC; Transects were set on two different islands. The first transect started at 9:38am and the second started at 11:10am,RI19,Yes,SNEG,Occupied,,4,,,,,,,,,,,
4,4/11/2025,"A. Fussell, J. Mulling, Volunteer",Rock Islands,9:38,11:45,Volunteer is Garcy Momplaisir from Aquatic Plants Lab at FLREC; Transects were set on two different islands. The first transect started at 9:38am and the second started at 11:10am,RI20,Yes,SNEG,Occupied,,2,,,,,,,,,,,
4,4/11/2025,"A. Fussell, J. Mulling, Volunteer",Rock Islands,9:38,11:45,Volunteer is Garcy Momplaisir from Aquatic Plants Lab at FLREC; Transects were set on two different islands. The first transect started at 9:38am and the second started at 11:10am,RI21,Yes,SNEG,Occupied,4,,,,,,,,,,,,
4,4/11/2025,"A. Fussell, J. Mulling, Volunteer",Rock Islands,9:38,11:45,Volunteer is Garcy Momplaisir from Aquatic Plants Lab at FLREC; Transects were set on two different islands. The first transect started at 9:38am and the second started at 11:10am,RI22,Yes,GREG,Occupied,,3,,,,,,,,,,,
4,4/11/2025,"A. Fussell, J. Mulling, Volunteer",Rock Islands,9:38,11:45,Volunteer is Garcy Momplaisir from Aquatic Plants Lab at FLREC; Transects were set on two different islands. The first transect started at 9:38am and the second started at 11:10am,RI23,Yes,ANHI,Occupied,2,,,,,,,,,,,,
4,4/11/2025,"A. Fussell, J. Mulling, Volunteer",Rock Islands,9:38,11:45,Volunteer is Garcy Momplaisir from Aquatic Plants Lab at FLREC; Transects were set on two different islands. The first transect started at 9:38am and the second started at 11:10am,RI24,Yes,SNEG,Occupied,3,,,,,,,,,,,,
4,4/11/2025,"A. Fussell, J. Mulling, Volunteer",Rock Islands,9:38,11:45,Volunteer is Garcy Momplaisir from Aquatic Plants Lab at FLREC; Transects were set on two different islands. The first transect started at 9:38am and the second started at 11:10am,RI25,Yes,GREG,Occupied,,2,,,,,,,,,,,
4,4/11/2025,"A. Fussell, J. Mulling, Volunteer",Rock Islands,9:38,11:45,Volunteer is Garcy Momplaisir from Aquatic Plants Lab at FLREC; Transects were set on two different islands. The first transect started at 9:38am and the second started at 11:10am,RI26,Yes,GREG,Occupied,,2,,,,,,,,,,,
4,4/11/2025,"A. Fussell, J. Mulling, Volunteer",Rock Islands,9:38,11:45,Volunteer is Garcy Momplaisir from Aquatic Plants Lab at FLREC; Transects were set on two different islands. The first transect started at 9:38am and the second started at 11:10am,RI27,Yes,GLIB,Occupied,4,,,,,,,,,,,,
4,4/11/2025,"A. Fussell, J. Mulling, Volunteer",Rock Islands,9:38,11:45,Volunteer is Garcy Momplaisir from Aquatic Plants Lab at FLREC; Transects were set on two different islands. The first transect started at 9:38am and the second started at 11:10am,RI28,Yes,SNEG,Occupied,2,2,,,,,,,,,,,
4,4/11/2025,"A. Fussell, J. Mulling, Volunteer",Rock Islands,9:38,11:45,Volunteer is Garcy Momplaisir from Aquatic Plants Lab at FLREC; Transects were set on two different islands. The first transect started at 9:38am and the second started at 11:10am,RI29,Yes,SNEG,Occupied,4,,,,,,,,,,,,
4,4/11/2025,"A. Fussell, J. Mulling, Volunteer",Rock Islands,9:38,11:45,Volunteer is Garcy Momplaisir from Aquatic Plants Lab at FLREC; Transects were set on two different islands. The first transect started at 9:38am and the second started at 11:10am,RI30,Yes,TRHE,Occupied,3,,,,,,,,,,,,
4,4/11/2025,"A. Fussell, J. Mulling, Volunteer",Rock Islands,9:38,11:45,Volunteer is Garcy Momplaisir from Aquatic Plants Lab at FLREC; Transects were set on two different islands. The first transect started at 9:38am and the second started at 11:10am,RI31,Yes,TRHE,Occupied,1,2,,,,,,,,,,,
4,4/11/2025,"A. Fussell, J. Mulling, Volunteer",Rock Islands,9:38,11:45,Volunteer is Garcy Momplaisir from Aquatic Plants Lab at FLREC; Transects were set on two different islands. The first transect started at 9:38am and the second started at 11:10am,RI32,Yes,ANHI,Occupied,,,5,,,,,,,,,,
4,4/11/2025,"A. Fussell, J. Mulling, Volunteer",Rock Islands,9:38,11:45,Volunteer is Garcy Momplaisir from Aquatic Plants Lab at FLREC; Transects were set on two different islands. The first transect started at 9:38am and the second started at 11:10am,RI33,Yes,GREG,Occupied,,,1,,,,,,,,,,
4,4/11/2025,"A. Fussell, J. Mulling, Volunteer",Rock Islands,9:38,11:45,Volunteer is Garcy Momplaisir from Aquatic Plants Lab at FLREC; Transects were set on two different islands. The first transect started at 9:38am and the second started at 11:10am,RI34,Yes,GREG,Occupied,,,2,,,,,,,,,,
4,4/11/2025,"A. Fussell, J. Mulling, Volunteer",Rock Islands,9:38,11:45,Volunteer is Garcy Momplaisir from Aquatic Plants Lab at FLREC; Transects were set on two different islands. The first transect started at 9:38am and the second started at 11:10am,RI35,Yes,GREG,Occupied,,3,,,,,,,,,,,
4,4/11/2025,"A. Fussell, J. Mulling, Volunteer",Rock Islands,9:38,11:45,Volunteer is Garcy Momplaisir from Aquatic Plants Lab at FLREC; Transects were set on two different islands. The first transect started at 9:38am and the second started at 11:10am,RI36,Yes,TRHE,Occupied,4,,,,,,,,,,,,
4,4/11/2025,"A. Fussell, J. Mulling, Volunteer",Rock Islands,9:38,11:45,Volunteer is Garcy Momplaisir from Aquatic Plants Lab at FLREC; Transects were set on two different islands. The first transect started at 9:38am and the second started at 11:10am,RI2-1,Yes,ROSP,Occupied,1,,,,,,,,,,,,
4,4/11/2025,"A. Fussell, J. Mulling, Volunteer",Rock Islands,9:38,11:45,Volunteer is Garcy Momplaisir from Aquatic Plants Lab at FLREC; Transects were set on two different islands. The first transect started at 9:38am and the second started at 11:10am,RI2-2,Yes,TRHE,Occupied,4,,,,,,,,,,,,
4,4/11/2025,"A. Fussell, J. Mulling, Volunteer",Rock Islands,9:38,11:45,Volunteer is Garcy Momplaisir from Aquatic Plants Lab at FLREC; Transects were set on two different islands. The first transect started at 9:38am and the second started at 11:10am,RI2-3,Yes,SNEG,Occupied,4,,,,,,,,,,,,
4,4/11/2025,"A. Fussell, J. Mulling, Volunteer",Rock Islands,9:38,11:45,Volunteer is Garcy Momplaisir from Aquatic Plants Lab at FLREC; Transects were set on two different islands. The first transect started at 9:38am and the second started at 11:10am,RI2-4,Yes,SNEG,Occupied,4,,,,,,,,,,,,
4,4/11/2025,"A. Fussell, J. Mulling, Volunteer",Rock Islands,9:38,11:45,Volunteer is Garcy Momplaisir from Aquatic Plants Lab at FLREC; Transects were set on two different islands. The first transect started at 9:38am and the second started at 11:10am,RI2-5,Yes,TRHE,Occupied,4,,,,,,,,,,,,
4,4/11/2025,"A. Fussell, J. Mulling, Volunteer",Rock Islands,9:38,11:45,Volunteer is Garcy Momplaisir from Aquatic Plants Lab at FLREC; Transects were set on two different islands. The first transect started at 9:38am and the second started at 11:10am,RI2-6,Yes,SNEG,Occupied,4,,,,,,,,,,,,
4,4/11/2025,"A. Fussell, J. Mulling, Volunteer",Rock Islands,9:38,11:45,Volunteer is Garcy Momplaisir from Aquatic Plants Lab at FLREC; Transects were set on two different islands. The first transect started at 9:38am and the second started at 11:10am,RI2-7,Yes,SNEG,Occupied,,3,,,,,,,,,,,
4,4/11/2025,"A. Fussell, J. Mulling, Volunteer",Rock Islands,9:38,11:45,Volunteer is Garcy Momplaisir from Aquatic Plants Lab at FLREC; Transects were set on two different islands. The first transect started at 9:38am and the second started at 11:10am,RI2-8,Yes,SNEG,Occupied,5,,,,,,,,,,,,
4,4/11/2025,"A. Fussell, J. Mulling, Volunteer",Rock Islands,9:38,11:45,Volunteer is Garcy Momplaisir from Aquatic Plants Lab at FLREC; Transects were set on two different islands. The first transect started at 9:38am and the second started at 11:10am,RI2-9,Yes,SNEG,Occupied,3,,,,,,,,,,,,
4,4/11/2025,"A. Fussell, J. Mulling, Volunteer",Rock Islands,9:38,11:45,Volunteer is Garcy Momplaisir from Aquatic Plants Lab at FLREC; Transects were set on two different islands. The first transect started at 9:38am and the second started at 11:10am,RI2-10,Yes,SNEG,Occupied,3,,,,,,,,,,,,
4,4/11/2025,"A. Fussell, J. Mulling, Volunteer",Rock Islands,9:38,11:45,Volunteer is Garcy Momplaisir from Aquatic Plants Lab at FLREC; Transects were set on two different islands. The first transect started at 9:38am and the second started at 11:10am,RI2-11,Yes,TRHE,Occupied,,3,,,,,,,,,,,
4,4/11/2025,"A. Fussell, J. Mulling, Volunteer",Rock Islands,9:38,11:45,Volunteer is Garcy Momplaisir from Aquatic Plants Lab at FLREC; Transects were set on two different islands. The first transect started at 9:38am and the second started at 11:10am,RI2-12,Yes,SNEG,Occupied,2,2,,,,,,,,,,,
4,4/11/2025,"A. Fussell, J. Mulling, Volunteer",Rock Islands,9:38,11:45,Volunteer is Garcy Momplaisir from Aquatic Plants Lab at FLREC; Transects were set on two different islands. The first transect started at 9:38am and the second started at 11:10am,RI2-13,Yes,TRHE,Occupied,,3,,,,,,,,,,,
4,4/11/2025,"A. Fussell, J. Mulling, Volunteer",Rock Islands,9:38,11:45,Volunteer is Garcy Momplaisir from Aquatic Plants Lab at FLREC; Transects were set on two different islands. The first transect started at 9:38am and the second started at 11:10am,RI2-14,Yes,SNEG,Occupied,3,,,,,,,,,,,,
4,4/11/2025,"A. Fussell, J. Mulling, Volunteer",Rock Islands,9:38,11:45,Volunteer is Garcy Momplaisir from Aquatic Plants Lab at FLREC; Transects were set on two different islands. The first transect started at 9:38am and the second started at 11:10am,RI2-15,Yes,SNEG,Occupied,4,,,,,,,,,,,,
4,4/11/2025,"A. Fussell, J. Mulling, Volunteer",Rock Islands,9:38,11:45,Volunteer is Garcy Momplaisir from Aquatic Plants Lab at FLREC; Transects were set on two different islands. The first transect started at 9:38am and the second started at 11:10am,RI2-16,Yes,TRHE,Occupied,3,1,,,,,,,,,,,
4,4/11/2025,"A. Fussell, J. Mulling, Volunteer",Rock Islands,9:38,11:45,Volunteer is Garcy Momplaisir from Aquatic Plants Lab at FLREC; Transects were set on two different islands. The first transect started at 9:38am and the second started at 11:10am,RI2-17,Yes,TRHE,Occupied,3,,,,,,,,,,,,
4,4/11/2025,"A. Fussell, J. Mulling, Volunteer",Rock Islands,9:38,11:45,Volunteer is Garcy Momplaisir from Aquatic Plants Lab at FLREC; Transects were set on two different islands. The first transect started at 9:38am and the second started at 11:10am,RI2-18,Yes,SNEG,Occupied,4,,,,,,,,,,,,
4,4/11/2025,"A. Fussell, J. Mulling, Volunteer",Rock Islands,9:38,11:45,Volunteer is Garcy Momplaisir from Aquatic Plants Lab at FLREC; Transects were set on two different islands. The first transect started at 9:38am and the second started at 11:10am,RI2-19,Yes,SNEG,Occupied,3,,,,,,,,,,,,
4,4/11/2025,"A. Fussell, J. Mulling, Volunteer",Rock Islands,9:38,11:45,Volunteer is Garcy Momplaisir from Aquatic Plants Lab at FLREC; Transects were set on two different islands. The first transect started at 9:38am and the second started at 11:10am,RI2-20,Yes,SNEG,Occupied,4,,,,,,,,,,,,
5,4/14/2025,"A. Fussell, J. Mulling, Volunteer",Little Bear Beach,9:03,10:40,Volunteer is Garcy Momplaisir from Aquatic Plants Lab at FLREC; Transects were set on two different islands. The first transect started at 9:38am and the second started at 11:10am,LBB1,No,TRHE,Occupied,3,,,,,,,,,,,,
5,4/14/2025,"A. Fussell, J. Mulling, Volunteer",Little Bear Beach,9:03,10:40,Volunteer is Garcy Momplaisir from Aquatic Plants Lab at FLREC; Transects were set on two different islands. The first transect started at 9:38am and the second started at 11:10am,LBB2,No,WHIB,Occupied,2,,,,,,,,,,,,
5,4/14/2025,"A. Fussell, J. Mulling, Volunteer",Little Bear Beach,9:03,10:40,Volunteer is Garcy Momplaisir from Aquatic Plants Lab at FLREC; Transects were set on two different islands. The first transect started at 9:38am and the second started at 11:10am,LBB3,No,WHIB,Occupied,2,,,,,,,,,,,,
5,4/14/2025,"A. Fussell, J. Mulling, Volunteer",Little Bear Beach,9:03,10:40,Volunteer is Garcy Momplaisir from Aquatic Plants Lab at FLREC; Transects were set on two different islands. The first transect started at 9:38am and the second started at 11:10am,LBB4,No,WHIB,Occupied,3,,,,,,,,,,,,
5,4/14/2025,"A. Fussell, J. Mulling, Volunteer",Little Bear Beach,9:03,10:40,Volunteer is Garcy Momplaisir from Aquatic Plants Lab at FLREC; Transects were set on two different islands. The first transect started at 9:38am and the second started at 11:10am,LBB5,No,WHIB,Occupied,2,1,,,,,,,,,,,
5,4/14/2025,"A. Fussell, J. Mulling, Volunteer",Little Bear Beach,9:03,10:40,Volunteer is Garcy Momplaisir from Aquatic Plants Lab at FLREC; Transects were set on two different islands. The first transect started at 9:38am and the second started at 11:10am,LBB6,No,WHIB,Occupied,1,,,,,,,,,,,,
5,4/14/2025,"A. Fussell, J. Mulling, Volunteer",Little Bear Beach,9:03,10:40,Volunteer is Garcy Momplaisir from Aquatic Plants Lab at FLREC; Transects were set on two different islands. The first transect started at 9:38am and the second started at 11:10am,LBB7,No,WHIB,Occupied,2,1,,,,,,,,,,,
5,4/14/2025,"A. Fussell, J. Mulling, Volunteer",Little Bear Beach,9:03,10:40,Volunteer is Garcy Momplaisir from Aquatic Plants Lab at FLREC; Transects were set on two different islands. The first transect started at 9:38am and the second started at 11:10am,LBB8,No,WHIB,Occupied,1,1,,,,,,,,,,,
5,4/14/2025,"A. Fussell, J. Mulling, Volunteer",Little Bear Beach,9:03,10:40,Volunteer is Garcy Momplaisir from Aquatic Plants Lab at FLREC; Transects were set on two different islands. The first transect started at 9:38am and the second started at 11:10am,LBB9,No,TRHE,Occupied,,3,,,,,,,,,,,
5,4/14/2025,"A. Fussell, J. Mulling, Volunteer",Little Bear Beach,9:03,10:40,Volunteer is Garcy Momplaisir from Aquatic Plants Lab at FLREC; Transects were set on two different islands. The first transect started at 9:38am and the second started at 11:10am,LBB10,No,WHIB,Occupied,2,,,,,,,,,,,,
5,4/14/2025,"A. Fussell, J. Mulling, Volunteer",Little Bear Beach,9:03,10:40,Volunteer is Garcy Momplaisir from Aquatic Plants Lab at FLREC; Transects were set on two different islands. The first transect started at 9:38am and the second started at 11:10am,LBB11,No,WHIB,Occupied,,2,,,,,,,,,,,
5,4/14/2025,"A. Fussell, J. Mulling, Volunteer",Little Bear Beach,9:03,10:40,Volunteer is Garcy Momplaisir from Aquatic Plants Lab at FLREC; Transects were set on two different islands. The first transect started at 9:38am and the second started at 11:10am,LBB12,No,SNEG,Occupied,3,,,,,,,,,,,,
5,4/14/2025,"A. Fussell, J. Mulling, Volunteer",Little Bear Beach,9:03,10:40,Volunteer is Garcy Momplaisir from Aquatic Plants Lab at FLREC; Transects were set on two different islands. The first transect started at 9:38am and the second started at 11:10am,LBB13,No,TRHE,Occupied,1,2,,,,,,,,,,,
5,4/14/2025,"A. Fussell, J. Mulling, Volunteer",Little Bear Beach,9:03,10:40,Volunteer is Garcy Momplaisir from Aquatic Plants Lab at FLREC; Transects were set on two different islands. The first transect started at 9:38am and the second started at 11:10am,LBB14,No,WHIB,Occupied,2,,,,,,,,,,,,
5,4/14/2025,"A. Fussell, J. Mulling, Volunteer",Little Bear Beach,9:03,10:40,Volunteer is Garcy Momplaisir from Aquatic Plants Lab at FLREC; Transects were set on two different islands. The first transect started at 9:38am and the second started at 11:10am,LBB15,No,WHIB,Occupied,1,2,,,,,,,,,,,
5,4/14/2025,"A. Fussell, J. Mulling, Volunteer",Little Bear Beach,9:03,10:40,Volunteer is Garcy Momplaisir from Aquatic Plants Lab at FLREC; Transects were set on two different islands. The first transect started at 9:38am and the second started at 11:10am,LBB16,No,WHIB,Occupied,,3,,,,,,,,,,,
5,4/14/2025,"A. Fussell, J. Mulling, Volunteer",Little Bear Beach,9:03,10:40,Volunteer is Garcy Momplaisir from Aquatic Plants Lab at FLREC; Transects were set on two different islands. The first transect started at 9:38am and the second started at 11:10am,LBB17,No,WHIB,Occupied,1,2,,,,,,,,,,,
5,4/14/2025,"A. Fussell, J. Mulling, Volunteer",Little Bear Beach,9:03,10:40,Volunteer is Garcy Momplaisir from Aquatic Plants Lab at FLREC; Transects were set on two different islands. The first transect started at 9:38am and the second started at 11:10am,LBB18,No,WHIB,Occupied,1,1,,,,,,,,,,,
5,4/14/2025,"A. Fussell, J. Mulling, Volunteer",Little Bear Beach,9:03,10:40,Volunteer is Garcy Momplaisir from Aquatic Plants Lab at FLREC; Transects were set on two different islands. The first transect started at 9:38am and the second started at 11:10am,LBB19,No,WHIB,Occupied,2,,,,,,,,,,,,
5,4/14/2025,"A. Fussell, J. Mulling, Volunteer",Little Bear Beach,9:03,10:40,Volunteer is Garcy Momplaisir from Aquatic Plants Lab at FLREC; Transects were set on two different islands. The first transect started at 9:38am and the second started at 11:10am,LBB20,No,TRHE,Occupied,3,,,,,,,,,,,,
5,4/14/2025,"A. Fussell, J. Mulling, Volunteer",Little Bear Beach,9:03,10:40,Volunteer is Garcy Momplaisir from Aquatic Plants Lab at FLREC; Transects were set on two different islands. The first transect started at 9:38am and the second started at 11:10am,LBB21,No,TRHE,Occupied,3,,,,,,,,,,,,
5,4/14/2025,"A. Fussell, J. Mulling, Volunteer",Little Bear Beach,9:03,10:40,Volunteer is Garcy Momplaisir from Aquatic Plants Lab at FLREC; Transects were set on two different islands. The first transect started at 9:38am and the second started at 11:10am,LBB22,No,TRHE,Occupied,3,,,,,,,,,,,,
5,4/14/2025,"A. Fussell, J. Mulling, Volunteer",Little Bear Beach,9:03,10:40,Volunteer is Garcy Momplaisir from Aquatic Plants Lab at FLREC; Transects were set on two different islands. The first transect started at 9:38am and the second started at 11:10am,LBB23,No,GREG,Occupied,3,,,,,,,,,,,,
5,4/14/2025,"A. Fussell, J. Mulling, Volunteer",Little Bear Beach,9:03,10:40,Volunteer is Garcy Momplaisir from Aquatic Plants Lab at FLREC; Transects were set on two different islands. The first transect started at 9:38am and the second started at 11:10am,LBB24,No,SNEG,Occupied,1,3,,,,,,,,,,,
5,4/14/2025,"A. Fussell, J. Mulling, Volunteer",Little Bear Beach,9:03,10:40,Volunteer is Garcy Momplaisir from Aquatic Plants Lab at FLREC; Transects were set on two different islands. The first transect started at 9:38am and the second started at 11:10am,LBB25,No,GREG,Occupied,,2,,,,,,,,,,,
5,4/14/2025,"A. Fussell, J. Mulling, Volunteer",Little Bear Beach,9:03,10:40,Volunteer is Garcy Momplaisir from Aquatic Plants Lab at FLREC; Transects were set on two different islands. The first transect started at 9:38am and the second started at 11:10am,LBB26,No,SNEG,Occupied,3,,,,,,,,,,,,
5,4/14/2025,"A. Fussell, J. Mulling, Volunteer",Little Bear Beach,9:03,10:40,Volunteer is Garcy Momplaisir from Aquatic Plants Lab at FLREC; Transects were set on two different islands. The first transect started at 9:38am and the second started at 11:10am,LBB27,No,SNEG,Occupied,2,1,,,,,,,,,,,
5,4/14/2025,"A. Fussell, J. Mulling, Volunteer",Little Bear Beach,9:03,10:40,Volunteer is Garcy Momplaisir from Aquatic Plants Lab at FLREC; Transects were set on two different islands. The first transect started at 9:38am and the second started at 11:10am,LBB28,No,SNEG,Occupied,1,2,,,,,,,,,,,
5,4/14/2025,"A. Fussell, J. Mulling, Volunteer",Little Bear Beach,9:03,10:40,Volunteer is Garcy Momplaisir from Aquatic Plants Lab at FLREC; Transects were set on two different islands. The first transect started at 9:38am and the second started at 11:10am,LBB29,No,SNEG,Occupied,1,2,,,,,,,,,,,
5,4/14/2025,"A. Fussell, J. Mulling, Volunteer",Little Bear Beach,9:03,10:40,Volunteer is Garcy Momplaisir from Aquatic Plants Lab at FLREC; Transects were set on two different islands. The first transect started at 9:38am and the second started at 11:10am,LBB30,No,SNEG,Occupied,,3,,,,,,,,,,,
5,4/14/2025,"A. Fussell, J. Mulling, Volunteer",Little Bear Beach,9:03,10:40,Volunteer is Garcy Momplaisir from Aquatic Plants Lab at FLREC; Transects were set on two different islands. The first transect started at 9:38am and the second started at 11:10am,LBB31,No,SNEG,Occupied,3,,,,,,,,,,,,
5,4/14/2025,"A. Fussell, J. Mulling, Volunteer",Little Bear Beach,9:03,10:40,Volunteer is Garcy Momplaisir from Aquatic Plants Lab at FLREC; Transects were set on two different islands. The first transect started at 9:38am and the second started at 11:10am,LBB32,No,TRHE,Occupied,,2,,,,,,,,,,,
5,4/14/2025,"A. Fussell, J. Mulling, Volunteer",Little Bear Beach,9:03,10:40,Volunteer is Garcy Momplaisir from Aquatic Plants Lab at FLREC; Transects were set on two different islands. The first transect started at 9:38am and the second started at 11:10am,LBB33,No,WHIB,Destroyed or Gone,,,,,,,,,,,,,
5,4/14/2025,"A. Fussell, J. Mulling, Volunteer",Little Bear Beach,9:03,10:40,Volunteer is Garcy Momplaisir from Aquatic Plants Lab at FLREC; Transects were set on two different islands. The first transect started at 9:38am and the second started at 11:10am,LBB34,No,WHIB,Occupied,2,,,,,,,,,,,,
5,4/14/2025,"A. Fussell, J. Mulling, Volunteer",Little Bear Beach,9:03,10:40,Volunteer is Garcy Momplaisir from Aquatic Plants Lab at FLREC; Transects were set on two different islands. The first transect started at 9:38am and the second started at 11:10am,LBB35,No,WHIB,Occupied,1,2,,,,,,,,,,,
5,4/14/2025,"A. Fussell, J. Mulling, Volunteer",Little Bear Beach,9:03,10:40,Volunteer is Garcy Momplaisir from Aquatic Plants Lab at FLREC; Transects were set on two different islands. The first transect started at 9:38am and the second started at 11:10am,LBB36,No,WHIB,Occupied,2,,,,,,,,,,,,
5,4/14/2025,"A. Fussell, J. Mulling, Volunteer",Little Bear Beach,9:03,10:40,Volunteer is Garcy Momplaisir from Aquatic Plants Lab at FLREC; Transects were set on two different islands. The first transect started at 9:38am and the second started at 11:10am,LBB37,No,WHIB,Occupied,3,,,,,,,,,,,,
5,4/14/2025,"A. Fussell, J. Mulling, Volunteer",Little Bear Beach,9:03,10:40,Volunteer is Garcy Momplaisir from Aquatic Plants Lab at FLREC; Transects were set on two different islands. The first transect started at 9:38am and the second started at 11:10am,LBB38,No,WHIB,Occupied,2,,,,,,,,,,,,
5,4/14/2025,"A. Fussell, J. Mulling, Volunteer",Little Bear Beach,9:03,10:40,Volunteer is Garcy Momplaisir from Aquatic Plants Lab at FLREC; Transects were set on two different islands. The first transect started at 9:38am and the second started at 11:10am,LBB39,No,WHIB,Occupied,2,,,,,,,,,,,,
5,4/14/2025,"A. Fussell, J. Mulling, Volunteer",Little Bear Beach,9:03,10:40,Volunteer is Garcy Momplaisir from Aquatic Plants Lab at FLREC; Transects were set on two different islands. The first transect started at 9:38am and the second started at 11:10am,LBB40,No,WHIB,Occupied,2,,,,,,,,,,,,
5,4/14/2025,"A. Fussell, J. Mulling, Volunteer",Little Bear Beach,9:03,10:40,Volunteer is Garcy Momplaisir from Aquatic Plants Lab at FLREC; Transects were set on two different islands. The first transect started at 9:38am and the second started at 11:10am,LBB41,No,WHIB,Occupied,3,,,,,,,,,,,,
5,4/14/2025,"A. Fussell, J. Mulling, Volunteer",Little Bear Beach,9:03,10:40,Volunteer is Garcy Momplaisir from Aquatic Plants Lab at FLREC; Transects were set on two different islands. The first transect started at 9:38am and the second started at 11:10am,LBB42,No,WHIB,Occupied,3,,,,,,,,,,,,
5,4/14/2025,"A. Fussell, J. Mulling, Volunteer",Little Bear Beach,9:03,10:40,Volunteer is Garcy Momplaisir from Aquatic Plants Lab at FLREC; Transects were set on two different islands. The first transect started at 9:38am and the second started at 11:10am,LBB43,No,WHIB,Occupied,2,,,,,,,,,,,,
5,4/14/2025,"A. Fussell, J. Mulling, Volunteer",Little Bear Beach,9:03,10:40,Volunteer is Garcy Momplaisir from Aquatic Plants Lab at FLREC; Transects were set on two different islands. The first transect started at 9:38am and the second started at 11:10am,LBB44,No,WHIB,Occupied,3,,,,,,,,,,,,
5,4/14/2025,"A. Fussell, J. Mulling, Volunteer",Little Bear Beach,9:03,10:40,Volunteer is Garcy Momplaisir from Aquatic Plants Lab at FLREC; Transects were set on two different islands. The first transect started at 9:38am and the second started at 11:10am,LBB45,No,WHIB,Occupied,2,,,,,,,,,,,,
5,4/14/2025,"A. Fussell, J. Mulling, Volunteer",Little Bear Beach,9:03,10:40,Volunteer is Garcy Momplaisir from Aquatic Plants Lab at FLREC; Transects were set on two different islands. The first transect started at 9:38am and the second started at 11:10am,LBB46,No,WHIB,Occupied,3,,,,,,,,,,,,
5,4/14/2025,"A. Fussell, J. Mulling, Volunteer",Little Bear Beach,9:03,10:40,Volunteer is Garcy Momplaisir from Aquatic Plants Lab at FLREC; Transects were set on two different islands. The first transect started at 9:38am and the second started at 11:10am,LBB47,No,WHIB,Occupied,3,,,,,,,,,,,,
5,4/14/2025,"A. Fussell, J. Mulling, Volunteer",Little Bear Beach,9:03,10:40,Volunteer is Garcy Momplaisir from Aquatic Plants Lab at FLREC; Transects were set on two different islands. The first transect started at 9:38am and the second started at 11:10am,LBB48,No,WHIB,Occupied,2,,,,,,,,,,,,
5,4/14/2025,"A. Fussell, J. Mulling, Volunteer",Little Bear Beach,9:03,10:40,Volunteer is Garcy Momplaisir from Aquatic Plants Lab at FLREC; Transects were set on two different islands. The first transect started at 9:38am and the second started at 11:10am,LBB49,No,WHIB,Occupied,1,,,,,,,,,,,,
5,4/14/2025,"A. Fussell, J. Mulling, Volunteer",Little Bear Beach,9:03,10:40,Volunteer is Garcy Momplaisir from Aquatic Plants Lab at FLREC; Transects were set on two different islands. The first transect started at 9:38am and the second started at 11:10am,LBB50,No,WHIB,Occupied,2,,,,,,,,,,,,
5,4/14/2025,"A. Fussell, J. Mulling, Volunteer",Little Bear Beach,9:03,10:40,Volunteer is Garcy Momplaisir from Aquatic Plants Lab at FLREC; Transects were set on two different islands. The first transect started at 9:38am and the second started at 11:10am,LBB51,No,TRHE,Occupied,,3,,,,,,,,,,,
6,4/14/2025,"A. Fussell, J. Mulling, Volunteer",Clewiston Spit,11:18,12:15,Volunteer is Garcy Momplaisir from Aquatic Plants Lab at FLREC; Transects were set on two different islands. The first transect started at 9:38am and the second started at 11:10am,CS1,No,WHIB,Occupied,,,2,,,,,,,,,,
6,4/14/2025,"A. Fussell, J. Mulling, Volunteer",Clewiston Spit,11:18,12:15,"On tree before transect: 45 GREG, 6 ROSP",CS2,No,WHIB,Occupied,,,3,,,,,,,,,,
6,4/14/2025,"A. Fussell, J. Mulling, Volunteer",Clewiston Spit,11:18,12:15,"On tree before transect: 45 GREG, 6 ROSP",CS3,No,SNEG,Occupied,,,3,,,,,,,,,,
6,4/14/2025,"A. Fussell, J. Mulling, Volunteer",Clewiston Spit,11:18,12:15,"On tree before transect: 45 GREG, 6 ROSP",CS4,No,WHIB,Occupied,2,2,,,,,,,,,,,
6,4/14/2025,"A. Fussell, J. Mulling, Volunteer",Clewiston Spit,11:18,12:15,"On tree before transect: 45 GREG, 6 ROSP",CS5,No,WHIB,Occupied,1,1,,,1,,,,,,,,
6,4/14/2025,"A. Fussell, J. Mulling, Volunteer",Clewiston Spit,11:18,12:15,"On tree before transect: 45 GREG, 6 ROSP",CS6,No,WHIB,Occupied,,3,,,,,,,,,,,
6,4/14/2025,"A. Fussell, J. Mulling, Volunteer",Clewiston Spit,11:18,12:15,"On tree before transect: 45 GREG, 6 ROSP",CS7,No,WHIB,Occupied,,3,,,,,,,,,,,
6,4/14/2025,"A. Fussell, J. Mulling, Volunteer",Clewiston Spit,11:18,12:15,"On tree before transect: 45 GREG, 6 ROSP",CS8,No,WHIB,Occupied,,3,,,,,,,,,,,
6,4/14/2025,"A. Fussell, J. Mulling, Volunteer",Clewiston Spit,11:18,12:15,"On tree before transect: 45 GREG, 6 ROSP",CS9,No,WHIB,Occupied,,2,,,,,,,,,,,
6,4/14/2025,"A. Fussell, J. Mulling, Volunteer",Clewiston Spit,11:18,12:15,"On tree before transect: 45 GREG, 6 ROSP",CS10,No,WHIB,Occupied,1,1,,,,,,,,,,,
6,4/14/2025,"A. Fussell, J. Mulling, Volunteer",Clewiston Spit,11:18,12:15,"On tree before transect: 45 GREG, 6 ROSP",CS11,No,WHIB,Occupied,1,,,,,,,,,,,,
6,4/14/2025,"A. Fussell, J. Mulling, Volunteer",Clewiston Spit,11:18,12:15,"On tree before transect: 45 GREG, 6 ROSP",CS12,No,WHIB,Empty,,,,,,,,,,,,,
6,4/14/2025,"A. Fussell, J. Mulling, Volunteer",Clewiston Spit,11:18,12:15,"On tree before transect: 45 GREG, 6 ROSP",CS13,No,WHIB,Empty,,,,,,,,,,,,,
6,4/14/2025,"A. Fussell, J. Mulling, Volunteer",Clewiston Spit,11:18,12:15,"On tree before transect: 45 GREG, 6 ROSP",CS14,No,SNEG,Occupied,4,,,,,,,,,,,,
6,4/14/2025,"A. Fussell, J. Mulling, Volunteer",Clewiston Spit,11:18,12:15,"On tree before transect: 45 GREG, 6 ROSP",CS15,No,SNEG,Occupied,3,,,,,,,,,,,,
6,4/14/2025,"A. Fussell, J. Mulling, Volunteer",Clewiston Spit,11:18,12:15,"On tree before transect: 45 GREG, 6 ROSP",CS16,No,SNEG,Occupied,3,,,,,,,,,,,,
6,4/14/2025,"A. Fussell, J. Mulling, Volunteer",Clewiston Spit,11:18,12:15,"On tree before transect: 45 GREG, 6 ROSP",CS17,No,SNEG,Occupied,,3,,,,,,,,,,,
6,4/14/2025,"A. Fussell, J. Mulling, Volunteer",Clewiston Spit,11:18,12:15,"On tree before transect: 45 GREG, 6 ROSP",CS18,No,TRHE,Occupied,,3,,,,,,,,,,,
6,4/14/2025,"A. Fussell, J. Mulling, Volunteer",Clewiston Spit,11:18,12:15,"On tree before transect: 45 GREG, 6 ROSP",CS19,No,SNEG,Occupied,,3,,,,,,,,,,,
6,4/14/2025,"A. Fussell, J. Mulling, Volunteer",Clewiston Spit,11:18,12:15,"On tree before transect: 45 GREG, 6 ROSP",CS20,No,SNEG,Occupied,5,,,,,,,,,,,,
6,4/14/2025,"A. Fussell, J. Mulling, Volunteer",Clewiston Spit,11:18,12:15,"On tree before transect: 45 GREG, 6 ROSP",CS21,No,SNEG,Occupied,3,,,,,,,,,,,,
6,4/14/2025,"A. Fussell, J. Mulling, Volunteer",Clewiston Spit,11:18,12:15,"On tree before transect: 45 GREG, 6 ROSP",CS22,No,GLIB,Occupied,4,,,,,,,,,,,,
6,4/14/2025,"A. Fussell, J. Mulling, Volunteer",Clewiston Spit,11:18,12:15,"On tree before transect: 45 GREG, 6 ROSP",CS23,No,SNEG,Occupied,1,2,,,,,,,,,,,
6,4/14/2025,"A. Fussell, J. Mulling, Volunteer",Clewiston Spit,11:18,12:15,"On tree before transect: 45 GREG, 6 ROSP",CS24,No,SNEG,Occupied,3,,,,,,,,,,,,
6,4/14/2025,"A. Fussell, J. Mulling, Volunteer",Clewiston Spit,11:18,12:15,"On tree before transect: 45 GREG, 6 ROSP",CS25,No,SNEG,Occupied,,4,,,,,,,,,,,
6,4/14/2025,"A. Fussell, J. Mulling, Volunteer",Clewiston Spit,11:18,12:15,"On tree before transect: 45 GREG, 6 ROSP",CS26,No,SNEG,Occupied,4,,,,,,,,,,,,
6,4/14/2025,"A. Fussell, J. Mulling, Volunteer",Clewiston Spit,11:18,12:15,"On tree before transect: 45 GREG, 6 ROSP",CS27,No,TRHE,Occupied,2,1,,,,,,,,,,,
7689676r,4/14/2025,"A. Fussell, J. Mulling, Volunteer",Clewiston Spit,11:18,12:15,"On tree before transect: 45 GREG, 6 ROSP",CS28,No,SNEG,Occupied,3,,,,,,,,,,,,
6,4/14/2025,"A. Fussell, J. Mulling, Volunteer",Clewiston Spit,11:18,12:15,"On tree before transect: 45 GREG, 6 ROSP",CS29,No,SNEG,Occupied,4,,,,,,,,,,,,
6,4/14/2025,"A. Fussell, J. Mulling, Volunteer",Clewiston Spit,11:18,12:15,"On tree before transect: 45 GREG, 6 ROSP",CS30,No,SNEG,,,,,,,,,,,,,,
6,4/14/2025,"A. Fussell, J. Mulling, Volunteer",Clewiston Spit,11:18,12:15,"On tree before transect: 45 GREG, 6 ROSP",CS31,No,SNEG,Occupied,,4,,,,,,,,,,,
6,4/14/2025,"A. Fussell, J. Mulling, Volunteer",Clewiston Spit,11:18,12:15,"On tree before transect: 45 GREG, 6 ROSP",CS32,No,SNEG,Occupied,,4,,,,,,,,,,,
6,4/14/2025,"A. Fussell, J. Mulling, Volunteer",Clewiston Spit,11:18,12:15,"On tree before transect: 45 GREG, 6 ROSP",CS33,No,SNEG,Occupied,,,,,1,,,,,,,,
6,4/14/2025,"A. Fussell, J. Mulling, Volunteer",Clewiston Spit,11:18,12:15,"On tree before transect: 45 GREG, 6 ROSP",CS34,No,SNEG,Occupied,,4,,,,,,,,,,,
6,4/14/2025,"A. Fussell, J. Mulling, Volunteer",Clewiston Spit,11:18,12:15,"On tree before transect: 45 GREG, 6 ROSP",CS35,No,SNEG,Occupied,4,,,,,,,,,,,,
6,4/14/2025,"A. Fussell, J. Mulling, Volunteer",Clewiston Spit,11:18,12:15,"On tree before transect: 45 GREG, 6 ROSP",CS36,No,SNEG,Occupied,1,3,,,,,,,,,,,
6,4/14/2025,"A. Fussell, J. Mulling, Volunteer",Clewiston Spit,11:18,12:15,"On tree before transect: 45 GREG, 6 ROSP",CS37,No,GREG,Occupied,,,3,,,,,,,,,,
6,4/14/2025,"A. Fussell, J. Mulling, Volunteer",Clewiston Spit,11:18,12:15,"On tree before transect: 45 GREG, 6 ROSP",CS38,No,GREG,Occupied,,2,,,,,,,,,,,
6,4/14/2025,"A. Fussell, J. Mulling, Volunteer",Clewiston Spit,11:18,12:15,"On tree before transect: 45 GREG, 6 ROSP",CS39,No,GREG,Occupied,,2,,,,,,,,,,,
6,4/14/2025,"A. Fussell, J. Mulling, Volunteer",Clewiston Spit,11:18,12:15,"On tree before transect: 45 GREG, 6 ROSP",CS40,No,SNEG,Occupied,,3,,,,,,,,,,,
6,4/14/2025,"A. Fussell, J. Mulling, Volunteer",Clewiston Spit,11:18,12:15,"On tree before transect: 45 GREG, 6 ROSP",CS41,No,SNEG,Occupied,4,,,,,,,,,,,,
6,4/14/2025,"A. Fussell, J. Mulling, Volunteer",Clewiston Spit,11:18,12:15,"On tree before transect: 45 GREG, 6 ROSP",CS42,No,SNEG,Occupied,1,3,,,,,,,,,,,
6,4/14/2025,"A. Fussell, J. Mulling, Volunteer",Clewiston Spit,11:18,12:15,"On tree before transect: 45 GREG, 6 ROSP",CS43,No,SNEG,Occupied,4,,,,,,,,,,,,
6,4/14/2025,"A. Fussell, J. Mulling, Volunteer",Clewiston Spit,11:18,12:15,"On tree before transect: 45 GREG, 6 ROSP",CS44,No,GREG,Empty,,,,,,,,,,,,,
6,4/14/2025,"A. Fussell, J. Mulling, Volunteer",Clewiston Spit,11:18,12:15,"On tree before transect: 45 GREG, 6 ROSP",CS45,No,GREG,Occupied,,2,,,,,,,,,,,
6,4/14/2025,"A. Fussell, J. Mulling, Volunteer",Clewiston Spit,11:18,12:15,"On tree before transect: 45 GREG, 6 ROSP",CS46,No,SNEG,Occupied,,4,,,,,,,,,,,
6,4/14/2025,"A. Fussell, J. Mulling, Volunteer",Clewiston Spit,11:18,12:15,"On tree before transect: 45 GREG, 6 ROSP",CS47,No,SNEG,Occupied,,3,,,,,,,,,,,
6,4/14/2025,"A. Fussell, J. Mulling, Volunteer",Clewiston Spit,11:18,12:15,"On tree before transect: 45 GREG, 6 ROSP",CS48,No,GREG,Occupied,,3,,,,,,,,,,,
6,4/14/2025,"A. Fussell, J. Mulling, Volunteer",Clewiston Spit,11:18,12:15,"On tree before transect: 45 GREG, 6 ROSP",CS49,No,SNEG,Occupied,,3,,,,,,,,,,,
6,4/14/2025,"A. Fussell, J. Mulling, Volunteer",Clewiston Spit,11:18,12:15,"On tree before transect: 45 GREG, 6 ROSP",CS50,No,GREG,Occupied,,3,,,,,,,,,,,
7,4/15/2025,"A. Fussell, J. Mulling",Moonshine Bay,10:24,12:09,Airboat trails drying up; first visit to set up transect,MB1,Yes,WHIB,Occupied,2,,,,,,,,,,,,
7,4/15/2025,"A. Fussell, J. Mulling",Moonshine Bay,10:24,12:09,Airboat trails drying up; first visit to set up transect,MB2,Yes,WHIB,Occupied,3,,,,,,,,,,,,
7,4/15/2025,"A. Fussell, J. Mulling",Moonshine Bay,10:24,12:09,Airboat trails drying up; first visit to set up transect,MB3,Yes,WHIB,Occupied,3,,,,,,,,,,,,
7,4/15/2025,"A. Fussell, J. Mulling",Moonshine Bay,10:24,12:09,Airboat trails drying up; first visit to set up transect,MB4,Yes,WHIB,Occupied,3,,,,,,,,,,,,
7,4/15/2025,"A. Fussell, J. Mulling",Moonshine Bay,10:24,12:09,Airboat trails drying up; first visit to set up transect,MB5,Yes,WHIB,Occupied,2,,,,,,,,,,,,
7,4/15/2025,"A. Fussell, J. Mulling",Moonshine Bay,10:24,12:09,Airboat trails drying up; first visit to set up transect,MB6,Yes,GLIB,Occupied,4,,,,,,,,,,,,
7,4/15/2025,"A. Fussell, J. Mulling",Moonshine Bay,10:24,12:09,Airboat trails drying up; first visit to set up transect,MB7,Yes,WHIB,Occupied,3,,,,,,,,,,,,
7,4/15/2025,"A. Fussell, J. Mulling",Moonshine Bay,10:24,12:09,Airboat trails drying up; first visit to set up transect,MB8,Yes,WHIB,Occupied,2,,,,,,,,,,,,
7,4/15/2025,"A. Fussell, J. Mulling",Moonshine Bay,10:24,12:09,Airboat trails drying up; first visit to set up transect,MB9,Yes,WHIB,Occupied,3,,,,,,,,,,,,
7,4/15/2025,"A. Fussell, J. Mulling",Moonshine Bay,10:24,12:09,Airboat trails drying up; first visit to set up transect,MB10,Yes,WHIB,Occupied,2,,,,,,,,,,,,
7,4/15/2025,"A. Fussell, J. Mulling",Moonshine Bay,10:24,12:09,Airboat trails drying up; first visit to set up transect,MB11,Yes,WHIB,Occupied,2,,,,,,,,,,,,
7,4/15/2025,"A. Fussell, J. Mulling",Moonshine Bay,10:24,12:09,Airboat trails drying up; first visit to set up transect,MB12,Yes,WHIB,Occupied,3,,,,,,,,,,,,
7,4/15/2025,"A. Fussell, J. Mulling",Moonshine Bay,10:24,12:09,Airboat trails drying up; first visit to set up transect,MB13,Yes,WHIB,Occupied,1,,,,,,,,,,,,
7,4/15/2025,"A. Fussell, J. Mulling",Moonshine Bay,10:24,12:09,Airboat trails drying up; first visit to set up transect,MB14,Yes,WHIB,Occupied,1,,,,,,,,,,,,
7,4/15/2025,"A. Fussell, J. Mulling",Moonshine Bay,10:24,12:09,Airboat trails drying up; first visit to set up transect,MB15,Yes,WHIB,Occupied,2,,,,,,,,,,,,
7,4/15/2025,"A. Fussell, J. Mulling",Moonshine Bay,10:24,12:09,Airboat trails drying up; first visit to set up transect,MB16,Yes,WHIB,Occupied,3,,,,,,,,,,,,
7,4/15/2025,"A. Fussell, J. Mulling",Moonshine Bay,10:24,12:09,Airboat trails drying up; first visit to set up transect,MB17,Yes,WHIB,Occupied,3,,,,,,,,,,,,
7,4/15/2025,"A. Fussell, J. Mulling",Moonshine Bay,10:24,12:09,Airboat trails drying up; first visit to set up transect,MB18,Yes,WHIB,Occupied,2,,,,,,,,,,,,
7,4/15/2025,"A. Fussell, J. Mulling",Moonshine Bay,10:24,12:09,Airboat trails drying up; first visit to set up transect,MB19,Yes,WHIB,Occupied,3,,,,,,,,,,,,
7,4/15/2025,"A. Fussell, J. Mulling",Moonshine Bay,10:24,12:09,Airboat trails drying up; first visit to set up transect,MB20,Yes,WHIB,Occupied,2,,,,,,,,,,,,
7,4/15/2025,"A. Fussell, J. Mulling",Moonshine Bay,10:24,12:09,Airboat trails drying up; first visit to set up transect,MB21,Yes,WHIB,Occupied,3,,,,,,,,,,,,
7,4/15/2025,"A. Fussell, J. Mulling",Moonshine Bay,10:24,12:09,Airboat trails drying up; first visit to set up transect,MB22,Yes,WHIB,Occupied,3,,,,,,,,,,,,
7,4/15/2025,"A. Fussell, J. Mulling",Moonshine Bay,10:24,12:09,Airboat trails drying up; first visit to set up transect,MB23,Yes,WHIB,Occupied,3,,,,,,,,,,,,
7,4/15/2025,"A. Fussell, J. Mulling",Moonshine Bay,10:24,12:09,Airboat trails drying up; first visit to set up transect,MB24,Yes,WHIB,Occupied,2,,,,,,,,,,,,
7,4/15/2025,"A. Fussell, J. Mulling",Moonshine Bay,10:24,12:09,Airboat trails drying up; first visit to set up transect,MB25,Yes,WHIB,Occupied,2,,,,,,,,,,,,
7,4/15/2025,"A. Fussell, J. Mulling",Moonshine Bay,10:24,12:09,Airboat trails drying up; first visit to set up transect,MB26,Yes,WHIB,Occupied,3,,,,,,,,,,,,
7,4/15/2025,"A. Fussell, J. Mulling",Moonshine Bay,10:24,12:09,Airboat trails drying up; first visit to set up transect,MB27,Yes,WHIB,Occupied,2,,,,,,,,,,,,
7,4/15/2025,"A. Fussell, J. Mulling",Moonshine Bay,10:24,12:09,Airboat trails drying up; first visit to set up transect,MB28,Yes,WHIB,Occupied,3,,,,,,,,,,,,
7,4/15/2025,"A. Fussell, J. Mulling",Moonshine Bay,10:24,12:09,Airboat trails drying up; first visit to set up transect,MB29,Yes,WHIB,Occupied,2,,,,,,,,,,,,
7,4/15/2025,"A. Fussell, J. Mulling",Moonshine Bay,10:24,12:09,Airboat trails drying up; first visit to set up transect,MB30,Yes,WHIB,Occupied,3,,,,,,,,,,,,
7,4/15/2025,"A. Fussell, J. Mulling",Moonshine Bay,10:24,12:09,Airboat trails drying up; first visit to set up transect,MB31,Yes,WHIB,Occupied,3,,,,,,,,,,,,
7,4/15/2025,"A. Fussell, J. Mulling",Moonshine Bay,10:24,12:09,Airboat trails drying up; first visit to set up transect,MB32,Yes,GLIB,Occupied,3,,,,,,,,,,,,
7,4/15/2025,"A. Fussell, J. Mulling",Moonshine Bay,10:24,12:09,Airboat trails drying up; first visit to set up transect,MB33,Yes,WHIB,Occupied,2,,,,,,,,,,,,
7,4/15/2025,"A. Fussell, J. Mulling",Moonshine Bay,10:24,12:09,Airboat trails drying up; first visit to set up transect,MB34,Yes,WHIB,Occupied,2,,,,,,,,,,,,
7,4/15/2025,"A. Fussell, J. Mulling",Moonshine Bay,10:24,12:09,Airboat trails drying up; first visit to set up transect,MB35,Yes,WHIB,Occupied,3,,,,,,,,,,,,
7,4/15/2025,"A. Fussell, J. Mulling",Moonshine Bay,10:24,12:09,Airboat trails drying up; first visit to set up transect,MB36,Yes,GLIB,Occupied,3,,,,,,,,,,,,
7,4/15/2025,"A. Fussell, J. Mulling",Moonshine Bay,10:24,12:09,Airboat trails drying up; first visit to set up transect,MB37,Yes,WHIB,Occupied,3,,,,,,,,,,,,
7,4/15/2025,"A. Fussell, J. Mulling",Moonshine Bay,10:24,12:09,Airboat trails drying up; first visit to set up transect,MB38,Yes,WHIB,Occupied,3,,,,,,,,,,,,
7,4/15/2025,"A. Fussell, J. Mulling",Moonshine Bay,10:24,12:09,Airboat trails drying up; first visit to set up transect,MB39,Yes,WHIB,Occupied,2,,,,,,,,,,,,
7,4/15/2025,"A. Fussell, J. Mulling",Moonshine Bay,10:24,12:09,Airboat trails drying up; first visit to set up transect,MB40,Yes,WHIB,Occupied,2,,,,,,,,,,,,
7,4/15/2025,"A. Fussell, J. Mulling",Moonshine Bay,10:24,12:09,Airboat trails drying up; first visit to set up transect,MB41,Yes,WHIB,Occupied,3,,,,,,,,,,,,
7,4/15/2025,"A. Fussell, J. Mulling",Moonshine Bay,10:24,12:09,Airboat trails drying up; first visit to set up transect,MB42,Yes,GLIB,Occupied,4,,,,,,,,,,,,
7,4/15/2025,"A. Fussell, J. Mulling",Moonshine Bay,10:24,12:09,Airboat trails drying up; first visit to set up transect,MB43,Yes,WHIB,Occupied,2,,,,,,,,,,,,
7,4/15/2025,"A. Fussell, J. Mulling",Moonshine Bay,10:24,12:09,Airboat trails drying up; first visit to set up transect,MB44,Yes,WHIB,Occupied,3,,,,,,,,,,,,
7,4/15/2025,"A. Fussell, J. Mulling",Moonshine Bay,10:24,12:09,Airboat trails drying up; first visit to set up transect,MB45,Yes,WHIB,Occupied,2,,,,,,,,,,,,
7,4/15/2025,"A. Fussell, J. Mulling",Moonshine Bay,10:24,12:09,Airboat trails drying up; first visit to set up transect,MB46,Yes,GLIB,Occupied,4,,,,,,,,,,,,
7,4/15/2025,"A. Fussell, J. Mulling",Moonshine Bay,10:24,12:09,Airboat trails drying up; first visit to set up transect,MB47,Yes,GLIB,Occupied,3,,,,,,,,,,,,
7,4/15/2025,"A. Fussell, J. Mulling",Moonshine Bay,10:24,12:09,Airboat trails drying up; first visit to set up transect,MB48,Yes,WHIB,Occupied,3,,,,,,,,,,,,
7,4/15/2025,"A. Fussell, J. Mulling",Moonshine Bay,10:24,12:09,Airboat trails drying up; first visit to set up transect,MB49,Yes,WHIB,Occupied,3,,,,,,,,,,,,
7,4/15/2025,"A. Fussell, J. Mulling",Moonshine Bay,10:24,12:09,Airboat trails drying up; first visit to set up transect,MB50,Yes,WHIB,Occupied,3,,,,,,,,,,,,
8,4/21/2025,"A. Fussell, J. Mulling",Rock Islands,9:15,12:03,finished transect 1 at 10:23 and transect 2 at 12:03,RI1,No,TRHE,Occupied,,3,,,,,,,,,,,
8,4/21/2025,"A. Fussell, J. Mulling",Rock Islands,9:15,12:03,finished transect 1 at 10:23 and transect 2 at 12:03,RI2,No,GLIB,Occupied,4,,,,,,,,,,,,
8,4/21/2025,"A. Fussell, J. Mulling",Rock Islands,9:15,12:03,finished transect 1 at 10:23 and transect 2 at 12:03,RI3,No,SNEG,Occupied,3,,,,,,,,,,,,
8,4/21/2025,"A. Fussell, J. Mulling",Rock Islands,9:15,12:03,finished transect 1 at 10:23 and transect 2 at 12:03,RI4,No,SNEG,Occupied,2,,,,,,,,,,,,
8,4/21/2025,"A. Fussell, J. Mulling",Rock Islands,9:15,12:03,finished transect 1 at 10:23 and transect 2 at 12:03,RI5,No,SNEG,Occupied,,2,,,,,,,,,,,
8,4/21/2025,"A. Fussell, J. Mulling",Rock Islands,9:15,12:03,finished transect 1 at 10:23 and transect 2 at 12:03,RI6,No,SMWT,Destroyed or Gone,,,,,,,,,,,,,
8,4/21/2025,"A. Fussell, J. Mulling",Rock Islands,9:15,12:03,finished transect 1 at 10:23 and transect 2 at 12:03,RI7,No,SNEG,Occupied,4,,,,,,,,,,,,
8,4/21/2025,"A. Fussell, J. Mulling",Rock Islands,9:15,12:03,finished transect 1 at 10:23 and transect 2 at 12:03,RI8,No,ANHI,Destroyed or Gone,,,,,,,,,,,,,
8,4/21/2025,"A. Fussell, J. Mulling",Rock Islands,9:15,12:03,finished transect 1 at 10:23 and transect 2 at 12:03,RI9,No,ROSP,Occupied,,3,,,,,,,,,,,
8,4/21/2025,"A. Fussell, J. Mulling",Rock Islands,9:15,12:03,finished transect 1 at 10:23 and transect 2 at 12:03,RI10,No,ROSP,Occupied,,3,,,,,,,,,,,
8,4/21/2025,"A. Fussell, J. Mulling",Rock Islands,9:15,12:03,finished transect 1 at 10:23 and transect 2 at 12:03,RI11,No,GLIB,Occupied,1,,,,,,,,,,,,
8,4/21/2025,"A. Fussell, J. Mulling",Rock Islands,9:15,12:03,finished transect 1 at 10:23 and transect 2 at 12:03,RI12,No,TRHE,Occupied,,,,,,,,,,,,,
8,4/21/2025,"A. Fussell, J. Mulling",Rock Islands,9:15,12:03,finished transect 1 at 10:23 and transect 2 at 12:03,RI13,No,GREG,Occupied,,2,,,,,,,,,,,
8,4/21/2025,"A. Fussell, J. Mulling",Rock Islands,9:15,12:03,finished transect 1 at 10:23 and transect 2 at 12:03,RI14,No,SNEG,Occupied,3,,,,,,,,,,,,
8,4/21/2025,"A. Fussell, J. Mulling",Rock Islands,9:15,12:03,finished transect 1 at 10:23 and transect 2 at 12:03,RI15,No,SMWT,Empty,,,,,,,,,,,,,
8,4/21/2025,"A. Fussell, J. Mulling",Rock Islands,9:15,12:03,finished transect 1 at 10:23 and transect 2 at 12:03,RI16,No,SNEG,Occupied,2,,,,,,,,,,,,
8,4/21/2025,"A. Fussell, J. Mulling",Rock Islands,9:15,12:03,finished transect 1 at 10:23 and transect 2 at 12:03,RI17,No,ROSP,Occupied,2,,,,,,,,,,,,
8,4/21/2025,"A. Fussell, J. Mulling",Rock Islands,9:15,12:03,finished transect 1 at 10:23 and transect 2 at 12:03,RI18,No,ROSP,Empty,,,,,,,,,,,,,
8,4/21/2025,"A. Fussell, J. Mulling",Rock Islands,9:15,12:03,finished transect 1 at 10:23 and transect 2 at 12:03,RI19,No,SNEG,Occupied,,,2,,,,,,,,,,
8,4/21/2025,"A. Fussell, J. Mulling",Rock Islands,9:15,12:03,finished transect 1 at 10:23 and transect 2 at 12:03,RI20,No,SNEG,Occupied,,,2,,,,,,,,,,
8,4/21/2025,"A. Fussell, J. Mulling",Rock Islands,9:15,12:03,finished transect 1 at 10:23 and transect 2 at 12:03,RI21,No,SNEG,Occupied,,4,,,,,,,,,,,
8,4/21/2025,"A. Fussell, J. Mulling",Rock Islands,9:15,12:03,finished transect 1 at 10:23 and transect 2 at 12:03,RI22,No,GREG,Occupied,,,3,,,,,,,,,,
8,4/21/2025,"A. Fussell, J. Mulling",Rock Islands,9:15,12:03,finished transect 1 at 10:23 and transect 2 at 12:03,RI23,No,ANHI,Occupied,1,1,,,,,,,,,,,
8,4/21/2025,"A. Fussell, J. Mulling",Rock Islands,9:15,12:03,finished transect 1 at 10:23 and transect 2 at 12:03,RI24,No,SNEG,Occupied,3,,,,,,,,,,,,
8,4/21/2025,"A. Fussell, J. Mulling",Rock Islands,9:15,12:03,finished transect 1 at 10:23 and transect 2 at 12:03,RI25,No,GREG,Occupied,,,2,,,,,,,,,,
8,4/21/2025,"A. Fussell, J. Mulling",Rock Islands,9:15,12:03,finished transect 1 at 10:23 and transect 2 at 12:03,RI26,No,GREG,Occupied,,,2,,,,,,,,,,
8,4/21/2025,"A. Fussell, J. Mulling",Rock Islands,9:15,12:03,finished transect 1 at 10:23 and transect 2 at 12:03,RI27,No,GLIB,Occupied,3,,,,,,,,,,,,
8,4/21/2025,"A. Fussell, J. Mulling",Rock Islands,9:15,12:03,finished transect 1 at 10:23 and transect 2 at 12:03,RI28,No,SNEG,Occupied,,3,,,,,,,,,,,
8,4/21/2025,"A. Fussell, J. Mulling",Rock Islands,9:15,12:03,finished transect 1 at 10:23 and transect 2 at 12:03,RI29,No,SNEG,Occupied,2,2,,,,,,,,,,,
8,4/21/2025,"A. Fussell, J. Mulling",Rock Islands,9:15,12:03,finished transect 1 at 10:23 and transect 2 at 12:03,RI30,No,TRHE,Occupied,,3,,,,,,,,,,,
8,4/21/2025,"A. Fussell, J. Mulling",Rock Islands,9:15,12:03,finished transect 1 at 10:23 and transect 2 at 12:03,RI31,No,TRHE,Occupied,,,3,,,,,,,,,,
8,4/21/2025,"A. Fussell, J. Mulling",Rock Islands,9:15,12:03,finished transect 1 at 10:23 and transect 2 at 12:03,RI32,No,ANHI,Destroyed or Gone,,,,,,,,,,,,,
8,4/21/2025,"A. Fussell, J. Mulling",Rock Islands,9:15,12:03,finished transect 1 at 10:23 and transect 2 at 12:03,RI33,No,GREG,Empty,,,,,,,,,,,,,
8,4/21/2025,"A. Fussell, J. Mulling",Rock Islands,9:15,12:03,finished transect 1 at 10:23 and transect 2 at 12:03,RI34,No,GREG,Occupied,,,2,,,,,,,,,,
8,4/21/2025,"A. Fussell, J. Mulling",Rock Islands,9:15,12:03,finished transect 1 at 10:23 and transect 2 at 12:03,RI35,No,GREG,Occupied,,,4,,,,,,,,,,
8,4/21/2025,"A. Fussell, J. Mulling",Rock Islands,9:15,12:03,finished transect 1 at 10:23 and transect 2 at 12:03,RI36,No,TRHE,Occupied,1,2,,,,,,,,,,,
8,4/21/2025,"A. Fussell, J. Mulling",Rock Islands,9:15,12:03,finished transect 1 at 10:23 and transect 2 at 12:03,RI37,Yes,SNEG,Occupied,3,,,,,,,,,,,,
8,4/21/2025,"A. Fussell, J. Mulling",Rock Islands,9:15,12:03,finished transect 1 at 10:23 and transect 2 at 12:03,RI38,Yes,TRHE,Occupied,,3,,,,,,,,,,,
8,4/21/2025,"A. Fussell, J. Mulling",Rock Islands,9:15,12:03,finished transect 1 at 10:23 and transect 2 at 12:03,RI39,Yes,SNEG,Occupied,3,,,,,,,,,,,,
8,4/21/2025,"A. Fussell, J. Mulling",Rock Islands,9:15,12:03,finished transect 1 at 10:23 and transect 2 at 12:03,RI40,Yes,SNEG,Occupied,1,2,,,,,,,,,,,
8,4/21/2025,"A. Fussell, J. Mulling",Rock Islands,9:15,12:03,finished transect 1 at 10:23 and transect 2 at 12:03,RI41,Yes,TRHE,Occupied,,3,,,,,,,,,,,
8,4/21/2025,"A. Fussell, J. Mulling",Rock Islands,9:15,12:03,finished transect 1 at 10:23 and transect 2 at 12:03,RI42,Yes,SNEG,Occupied,3,,,,,,,,,,,,
8,4/21/2025,"A. Fussell, J. Mulling",Rock Islands,9:15,12:03,finished transect 1 at 10:23 and transect 2 at 12:03,RI43,Yes,SNEG,Occupied,,3,,,,,,,,,,,
8,4/21/2025,"A. Fussell, J. Mulling",Rock Islands,9:15,12:03,finished transect 1 at 10:23 and transect 2 at 12:03,RI44,Yes,GLIB,Occupied,2,,,,,,,,,,,,
8,4/21/2025,"A. Fussell, J. Mulling",Rock Islands,9:15,12:03,finished transect 1 at 10:23 and transect 2 at 12:03,RI45,Yes,GREG,Occupied,,,2,,,,,,,,,,
8,4/21/2025,"A. Fussell, J. Mulling",Rock Islands,9:15,12:03,finished transect 1 at 10:23 and transect 2 at 12:03,RI46,Yes,SNEG,Occupied,,3,,,,,,,,,,,
8,4/21/2025,"A. Fussell, J. Mulling",Rock Islands,9:15,12:03,finished transect 1 at 10:23 and transect 2 at 12:03,RI47,Yes,SNEG,Occupied,,3,,,,,,,,,,,
8,4/21/2025,"A. Fussell, J. Mulling",Rock Islands,9:15,12:03,finished transect 1 at 10:23 and transect 2 at 12:03,RI48,Yes,SNEG,Occupied,,,3,,,,,,,,,,
8,4/21/2025,"A. Fussell, J. Mulling",Rock Islands,9:15,12:03,finished transect 1 at 10:23 and transect 2 at 12:03,RI49,Yes,GREG,Occupied,,,2,,,,,,,,,,
8,4/21/2025,"A. Fussell, J. Mulling",Rock Islands,9:15,12:03,finished transect 1 at 10:23 and transect 2 at 12:03,RI2-1,No,ROSP,Occupied,3,,,,,,,,,,,,
8,4/21/2025,"A. Fussell, J. Mulling",Rock Islands,9:15,12:03,finished transect 1 at 10:23 and transect 2 at 12:03,RI2-2,No,TRHE,Occupied,1,3,,,,,,,,,,,
8,4/21/2025,"A. Fussell, J. Mulling",Rock Islands,9:15,12:03,finished transect 1 at 10:23 and transect 2 at 12:03,RI2-3,No,SNEG,Occupied,2,2,,,,,,,,,,,
8,4/21/2025,"A. Fussell, J. Mulling",Rock Islands,9:15,12:03,finished transect 1 at 10:23 and transect 2 at 12:03,RI2-4,No,SNEG,Occupied,,,4,,,,,,,,,,
8,4/21/2025,"A. Fussell, J. Mulling",Rock Islands,9:15,12:03,finished transect 1 at 10:23 and transect 2 at 12:03,RI2-5,No,TRHE,Occupied,1,3,,,,,,,,,,,
8,4/21/2025,"A. Fussell, J. Mulling",Rock Islands,9:15,12:03,finished transect 1 at 10:23 and transect 2 at 12:03,RI2-6,No,SNEG,Occupied,1,,2,,,,,,,,,,
8,4/21/2025,"A. Fussell, J. Mulling",Rock Islands,9:15,12:03,finished transect 1 at 10:23 and transect 2 at 12:03,RI2-7,No,SNEG,Occupied,,,4,,,,,,,,,,
8,4/21/2025,"A. Fussell, J. Mulling",Rock Islands,9:15,12:03,finished transect 1 at 10:23 and transect 2 at 12:03,RI2-8,No,SNEG,Occupied,1,3,,,,,,,,,,,
8,4/21/2025,"A. Fussell, J. Mulling",Rock Islands,9:15,12:03,finished transect 1 at 10:23 and transect 2 at 12:03,RI2-9,No,SNEG,Occupied,3,,,,,,,,,,,,
8,4/21/2025,"A. Fussell, J. Mulling",Rock Islands,9:15,12:03,finished transect 1 at 10:23 and transect 2 at 12:03,RI2-10,No,SNEG,Occupied,1,1,,,,,,,,,,,
8,4/21/2025,"A. Fussell, J. Mulling",Rock Islands,9:15,12:03,finished transect 1 at 10:23 and transect 2 at 12:03,RI2-11,No,TRHE,Empty,,,,,1,,,,,,,,
8,4/21/2025,"A. Fussell, J. Mulling",Rock Islands,9:15,12:03,finished transect 1 at 10:23 and transect 2 at 12:03,RI2-12,No,SNEG,Occupied,,,3,,,,,,,,,,
8,4/21/2025,"A. Fussell, J. Mulling",Rock Islands,9:15,12:03,finished transect 1 at 10:23 and transect 2 at 12:03,RI2-13,No,TRHE,Occupied,,,4,,,,,,,,,,
8,4/21/2025,"A. Fussell, J. Mulling",Rock Islands,9:15,12:03,finished transect 1 at 10:23 and transect 2 at 12:03,RI2-14,No,SNEG,Occupied,3,,,,,,,,,,,,
8,4/21/2025,"A. Fussell, J. Mulling",Rock Islands,9:15,12:03,finished transect 1 at 10:23 and transect 2 at 12:03,RI2-15,No,SNEG,Occupied,3,,,,,,,,,,,,
8,4/21/2025,"A. Fussell, J. Mulling",Rock Islands,9:15,12:03,finished transect 1 at 10:23 and transect 2 at 12:03,RI2-16,No,TRHE,Occupied,3,,,,,,,,,,,,
8,4/21/2025,"A. Fussell, J. Mulling",Rock Islands,9:15,12:03,finished transect 1 at 10:23 and transect 2 at 12:03,RI2-17,No,TRHE,Empty,,,,,,,,,,,,,
8,4/21/2025,"A. Fussell, J. Mulling",Rock Islands,9:15,12:03,finished transect 1 at 10:23 and transect 2 at 12:03,RI2-18,No,SNEG,Occupied,1,,2,,,,,,,,,,
8,4/21/2025,"A. Fussell, J. Mulling",Rock Islands,9:15,12:03,finished transect 1 at 10:23 and transect 2 at 12:03,RI2-19,No,SNEG,Occupied,3,,,,,,,,,,,,
8,4/21/2025,"A. Fussell, J. Mulling",Rock Islands,9:15,12:03,finished transect 1 at 10:23 and transect 2 at 12:03,RI2-20,No,SNEG,Occupied,,4,,,,,,,,,,,
8,4/21/2025,"A. Fussell, J. Mulling",Rock Islands,9:15,12:03,finished transect 1 at 10:23 and transect 2 at 12:03,RI2-21,Yes,ROSP,Occupied,3,,,,,,,,,,,,
8,4/21/2025,"A. Fussell, J. Mulling",Rock Islands,9:15,12:03,finished transect 1 at 10:23 and transect 2 at 12:03,RI2-22,Yes,SNEG,Occupied,3,,,,,,,,,,,,
8,4/21/2025,"A. Fussell, J. Mulling",Rock Islands,9:15,12:03,finished transect 1 at 10:23 and transect 2 at 12:03,RI2-23,Yes,SNEG,Occupied,2,,,,,,,,,,,,
8,4/21/2025,"A. Fussell, J. Mulling",Rock Islands,9:15,12:03,finished transect 1 at 10:23 and transect 2 at 12:03,RI2-24,Yes,SNEG,Occupied,1,,,,,,,,,,,,
8,4/21/2025,"A. Fussell, J. Mulling",Rock Islands,9:15,12:03,finished transect 1 at 10:23 and transect 2 at 12:03,RI2-25,Yes,SNEG,Occupied,3,,,,,,,,,,,,
8,4/21/2025,"A. Fussell, J. Mulling",Rock Islands,9:15,12:03,finished transect 1 at 10:23 and transect 2 at 12:03,RI2-26,Yes,TRHE,Occupied,3,,,,,,,,,,,,
8,4/21/2025,"A. Fussell, J. Mulling",Rock Islands,9:15,12:03,finished transect 1 at 10:23 and transect 2 at 12:03,RI2-27,Yes,SNEG,Occupied,3,,,,,,,,,,,,
8,4/21/2025,"A. Fussell, J. Mulling",Rock Islands,9:15,12:03,finished transect 1 at 10:23 and transect 2 at 12:03,RI2-28,Yes,SNEG,Occupied,1,1,,,,,,,,,,,
8,4/21/2025,"A. Fussell, J. Mulling",Rock Islands,9:15,12:03,finished transect 1 at 10:23 and transect 2 at 12:03,RI2-29,Yes,TRHE,Occupied,2,1,,,,,,,,,,,
8,4/21/2025,"A. Fussell, J. Mulling",Rock Islands,9:15,12:03,finished transect 1 at 10:23 and transect 2 at 12:03,RI2-30,Yes,GLIB,Occupied,1,,,,,,,,,,,,
8,4/21/2025,"A. Fussell, J. Mulling",Rock Islands,9:15,12:03,finished transect 1 at 10:23 and transect 2 at 12:03,RI2-31,Yes,SNEG,Occupied,3,,,,,,,,,,,,
9,4/22/2025,"B. Mason, Volunteer",Clewiston Spit,8:22,9:40,"volunteer is Megan Reid from the Aquatic Plant Lab at FLREC; on tree before transect: B. Mason counted 51 nests - 35 GREG (mostly fledglings), 3 ROSP, 13 SNEG; Megan counted 41 nests",CS1,No,WHIB,Empty,,,,,,,,,,,,,
9,4/22/2025,"B. Mason, Volunteer",Clewiston Spit,8:22,9:40,"volunteer is Megan Reid from the Aquatic Plant Lab at FLREC; on tree before transect: B. Mason counted 51 nests - 35 GREG (mostly fledglings), 3 ROSP, 13 SNEG; Megan counted 41 nests",CS2,No,WHIB,Empty,,,,,,,,,,,,,
9,4/22/2025,"B. Mason, Volunteer",Clewiston Spit,8:22,9:40,"volunteer is Megan Reid from the Aquatic Plant Lab at FLREC; on tree before transect: B. Mason counted 51 nests - 35 GREG (mostly fledglings), 3 ROSP, 13 SNEG; Megan counted 41 nests",CS3,No,SNEG,Empty,,,,,,,,,,,,,
9,4/22/2025,"B. Mason, Volunteer",Clewiston Spit,8:22,9:40,"volunteer is Megan Reid from the Aquatic Plant Lab at FLREC; on tree before transect: B. Mason counted 51 nests - 35 GREG (mostly fledglings), 3 ROSP, 13 SNEG; Megan counted 41 nests",CS4,No,WHIB,Empty,,,,,,,,,,,,,
9,4/22/2025,"B. Mason, Volunteer",Clewiston Spit,8:22,9:40,"volunteer is Megan Reid from the Aquatic Plant Lab at FLREC; on tree before transect: B. Mason counted 51 nests - 35 GREG (mostly fledglings), 3 ROSP, 13 SNEG; Megan counted 41 nests",CS5,No,WHIB,Empty,,,,,1,,,,,,,,
9,4/22/2025,"B. Mason, Volunteer",Clewiston Spit,8:22,9:40,"volunteer is Megan Reid from the Aquatic Plant Lab at FLREC; on tree before transect: B. Mason counted 51 nests - 35 GREG (mostly fledglings), 3 ROSP, 13 SNEG; Megan counted 41 nests",CS6,No,WHIB,Empty,,,,,,,,,,,,,
9,4/22/2025,"B. Mason, Volunteer",Clewiston Spit,8:22,9:40,"volunteer is Megan Reid from the Aquatic Plant Lab at FLREC; on tree before transect: B. Mason counted 51 nests - 35 GREG (mostly fledglings), 3 ROSP, 13 SNEG; Megan counted 41 nests",CS7,No,WHIB,Empty,,,,,,,,,,,,,
9,4/22/2025,"B. Mason, Volunteer",Clewiston Spit,8:22,9:40,"volunteer is Megan Reid from the Aquatic Plant Lab at FLREC; on tree before transect: B. Mason counted 51 nests - 35 GREG (mostly fledglings), 3 ROSP, 13 SNEG; Megan counted 41 nests",CS8,No,WHIB,Empty,,,,,,,,,,,,,
9,4/22/2025,"B. Mason, Volunteer",Clewiston Spit,8:22,9:40,"volunteer is Megan Reid from the Aquatic Plant Lab at FLREC; on tree before transect: B. Mason counted 51 nests - 35 GREG (mostly fledglings), 3 ROSP, 13 SNEG; Megan counted 41 nests",CS9,No,WHIB,Empty,,,,,,,,,,,,,
9,4/22/2025,"B. Mason, Volunteer",Clewiston Spit,8:22,9:40,"volunteer is Megan Reid from the Aquatic Plant Lab at FLREC; on tree before transect: B. Mason counted 51 nests - 35 GREG (mostly fledglings), 3 ROSP, 13 SNEG; Megan counted 41 nests",CS10,No,WHIB,Empty,,,,1,,,,,,,,,
9,4/22/2025,"B. Mason, Volunteer",Clewiston Spit,8:22,9:40,"volunteer is Megan Reid from the Aquatic Plant Lab at FLREC; on tree before transect: B. Mason counted 51 nests - 35 GREG (mostly fledglings), 3 ROSP, 13 SNEG; Megan counted 41 nests",CS11,No,WHIB,Empty,,,,,,,,,,,,,
9,4/22/2025,"B. Mason, Volunteer",Clewiston Spit,8:22,9:40,"volunteer is Megan Reid from the Aquatic Plant Lab at FLREC; on tree before transect: B. Mason counted 51 nests - 35 GREG (mostly fledglings), 3 ROSP, 13 SNEG; Megan counted 41 nests",CS12,No,WHIB,Empty,,,,,,,,,,,,,
9,4/22/2025,"B. Mason, Volunteer",Clewiston Spit,8:22,9:40,"volunteer is Megan Reid from the Aquatic Plant Lab at FLREC; on tree before transect: B. Mason counted 51 nests - 35 GREG (mostly fledglings), 3 ROSP, 13 SNEG; Megan counted 41 nests",CS13,No,WHIB,Empty,,,,,,,,,,,,,
9,4/22/2025,"B. Mason, Volunteer",Clewiston Spit,8:22,9:40,"volunteer is Megan Reid from the Aquatic Plant Lab at FLREC; on tree before transect: B. Mason counted 51 nests - 35 GREG (mostly fledglings), 3 ROSP, 13 SNEG; Megan counted 41 nests",CS14,No,SNEG,Occupied,,4,,,,,,,,,,,
9,4/22/2025,"B. Mason, Volunteer",Clewiston Spit,8:22,9:40,"volunteer is Megan Reid from the Aquatic Plant Lab at FLREC; on tree before transect: B. Mason counted 51 nests - 35 GREG (mostly fledglings), 3 ROSP, 13 SNEG; Megan counted 41 nests",CS15,No,SNEG,Occupied,,3,,,,,,,,,,,
9,4/22/2025,"B. Mason, Volunteer",Clewiston Spit,8:22,9:40,"volunteer is Megan Reid from the Aquatic Plant Lab at FLREC; on tree before transect: B. Mason counted 51 nests - 35 GREG (mostly fledglings), 3 ROSP, 13 SNEG; Megan counted 41 nests",CS16,No,SNEG,Occupied,,3,,,,,,,,,,,
9,4/22/2025,"B. Mason, Volunteer",Clewiston Spit,8:22,9:40,"volunteer is Megan Reid from the Aquatic Plant Lab at FLREC; on tree before transect: B. Mason counted 51 nests - 35 GREG (mostly fledglings), 3 ROSP, 13 SNEG; Megan counted 41 nests",CS17,No,SNEG,Occupied,,,2,,,,,,,,,,
9,4/22/2025,"B. Mason, Volunteer",Clewiston Spit,8:22,9:40,"volunteer is Megan Reid from the Aquatic Plant Lab at FLREC; on tree before transect: B. Mason counted 51 nests - 35 GREG (mostly fledglings), 3 ROSP, 13 SNEG; Megan counted 41 nests",CS18,No,TRHE,Occupied,,,3,,1,,,,,,,,
9,4/22/2025,"B. Mason, Volunteer",Clewiston Spit,8:22,9:40,"volunteer is Megan Reid from the Aquatic Plant Lab at FLREC; on tree before transect: B. Mason counted 51 nests - 35 GREG (mostly fledglings), 3 ROSP, 13 SNEG; Megan counted 41 nests",CS19,No,SNEG,Occupied,,,3,,,,,,,,,,
9,4/22/2025,"B. Mason, Volunteer",Clewiston Spit,8:22,9:40,"volunteer is Megan Reid from the Aquatic Plant Lab at FLREC; on tree before transect: B. Mason counted 51 nests - 35 GREG (mostly fledglings), 3 ROSP, 13 SNEG; Megan counted 41 nests",CS20,No,SNEG,Occupied,1,3,,,,,,,,,,,
9,4/22/2025,"B. Mason, Volunteer",Clewiston Spit,8:22,9:40,"volunteer is Megan Reid from the Aquatic Plant Lab at FLREC; on tree before transect: B. Mason counted 51 nests - 35 GREG (mostly fledglings), 3 ROSP, 13 SNEG; Megan counted 41 nests",CS21,No,SNEG,Occupied,1,2,,,,,,,,,,,
9,4/22/2025,"B. Mason, Volunteer",Clewiston Spit,8:22,9:40,"volunteer is Megan Reid from the Aquatic Plant Lab at FLREC; on tree before transect: B. Mason counted 51 nests - 35 GREG (mostly fledglings), 3 ROSP, 13 SNEG; Megan counted 41 nests",CS22,No,GLIB,Occupied,3,1,,,,,,,,,,,
9,4/22/2025,"B. Mason, Volunteer",Clewiston Spit,8:22,9:40,"volunteer is Megan Reid from the Aquatic Plant Lab at FLREC; on tree before transect: B. Mason counted 51 nests - 35 GREG (mostly fledglings), 3 ROSP, 13 SNEG; Megan counted 41 nests",CS23,No,SNEG,Occupied,,1,2,,,,,,,,,,
9,4/22/2025,"B. Mason, Volunteer",Clewiston Spit,8:22,9:40,"volunteer is Megan Reid from the Aquatic Plant Lab at FLREC; on tree before transect: B. Mason counted 51 nests - 35 GREG (mostly fledglings), 3 ROSP, 13 SNEG; Megan counted 41 nests",CS24,No,SNEG,Occupied,1,2,,,,,,,,,,,
9,4/22/2025,"B. Mason, Volunteer",Clewiston Spit,8:22,9:40,"volunteer is Megan Reid from the Aquatic Plant Lab at FLREC; on tree before transect: B. Mason counted 51 nests - 35 GREG (mostly fledglings), 3 ROSP, 13 SNEG; Megan counted 41 nests",CS25,No,SNEG,Empty,,,,,1,,,,,,,,
9,4/22/2025,"B. Mason, Volunteer",Clewiston Spit,8:22,9:40,"volunteer is Megan Reid from the Aquatic Plant Lab at FLREC; on tree before transect: B. Mason counted 51 nests - 35 GREG (mostly fledglings), 3 ROSP, 13 SNEG; Megan counted 41 nests",CS26,No,SNEG,Occupied,2,2,,,,,,,,,,,
9,4/22/2025,"B. Mason, Volunteer",Clewiston Spit,8:22,9:40,"volunteer is Megan Reid from the Aquatic Plant Lab at FLREC; on tree before transect: B. Mason counted 51 nests - 35 GREG (mostly fledglings), 3 ROSP, 13 SNEG; Megan counted 41 nests",CS27,No,TRHE,Occupied,,3,,,,,,,,,,,
9,4/22/2025,"B. Mason, Volunteer",Clewiston Spit,8:22,9:40,"volunteer is Megan Reid from the Aquatic Plant Lab at FLREC; on tree before transect: B. Mason counted 51 nests - 35 GREG (mostly fledglings), 3 ROSP, 13 SNEG; Megan counted 41 nests",CS28,No,SNEG,Occupied,,3,,,,,,,,,,,
9,4/22/2025,"B. Mason, Volunteer",Clewiston Spit,8:22,9:40,"volunteer is Megan Reid from the Aquatic Plant Lab at FLREC; on tree before transect: B. Mason counted 51 nests - 35 GREG (mostly fledglings), 3 ROSP, 13 SNEG; Megan counted 41 nests",CS29,No,SNEG,Occupied,,4,,,,,,,,,,,
9,4/22/2025,"B. Mason, Volunteer",Clewiston Spit,8:22,9:40,"volunteer is Megan Reid from the Aquatic Plant Lab at FLREC; on tree before transect: B. Mason counted 51 nests - 35 GREG (mostly fledglings), 3 ROSP, 13 SNEG; Megan counted 41 nests",CS30,No,SNEG,Occupied,3,,,,,,,,,,,,
9,4/22/2025,"B. Mason, Volunteer",Clewiston Spit,8:22,9:40,"volunteer is Megan Reid from the Aquatic Plant Lab at FLREC; on tree before transect: B. Mason counted 51 nests - 35 GREG (mostly fledglings), 3 ROSP, 13 SNEG; Megan counted 41 nests",CS31,No,SNEG,Occupied,,,2,,1,,,,,,,,
9,4/22/2025,"B. Mason, Volunteer",Clewiston Spit,8:22,9:40,"volunteer is Megan Reid from the Aquatic Plant Lab at FLREC; on tree before transect: B. Mason counted 51 nests - 35 GREG (mostly fledglings), 3 ROSP, 13 SNEG; Megan counted 41 nests",CS32,No,SNEG,Occupied,,,3,,1,,,,,,,,
9,4/22/2025,"B. Mason, Volunteer",Clewiston Spit,8:22,9:40,"volunteer is Megan Reid from the Aquatic Plant Lab at FLREC; on tree before transect: B. Mason counted 51 nests - 35 GREG (mostly fledglings), 3 ROSP, 13 SNEG; Megan counted 41 nests",CS33,No,SNEG,Empty,,,,,1,,,,,,,,
9,4/22/2025,"B. Mason, Volunteer",Clewiston Spit,8:22,9:40,"volunteer is Megan Reid from the Aquatic Plant Lab at FLREC; on tree before transect: B. Mason counted 51 nests - 35 GREG (mostly fledglings), 3 ROSP, 13 SNEG; Megan counted 41 nests",CS34,No,SNEG,Empty,,,,,,,,,,,,,
9,4/22/2025,"B. Mason, Volunteer",Clewiston Spit,8:22,9:40,"volunteer is Megan Reid from the Aquatic Plant Lab at FLREC; on tree before transect: B. Mason counted 51 nests - 35 GREG (mostly fledglings), 3 ROSP, 13 SNEG; Megan counted 41 nests",CS35,No,SNEG,Occupied,2,2,,,,,,,,,,,
9,4/22/2025,"B. Mason, Volunteer",Clewiston Spit,8:22,9:40,"volunteer is Megan Reid from the Aquatic Plant Lab at FLREC; on tree before transect: B. Mason counted 51 nests - 35 GREG (mostly fledglings), 3 ROSP, 13 SNEG; Megan counted 41 nests",CS36,No,SNEG,Empty,,,,1,,,,,,,,,
9,4/22/2025,"B. Mason, Volunteer",Clewiston Spit,8:22,9:40,"volunteer is Megan Reid from the Aquatic Plant Lab at FLREC; on tree before transect: B. Mason counted 51 nests - 35 GREG (mostly fledglings), 3 ROSP, 13 SNEG; Megan counted 41 nests",CS37,No,GREG,Empty,,,,,,,,,,,,,
9,4/22/2025,"B. Mason, Volunteer",Clewiston Spit,8:22,9:40,"volunteer is Megan Reid from the Aquatic Plant Lab at FLREC; on tree before transect: B. Mason counted 51 nests - 35 GREG (mostly fledglings), 3 ROSP, 13 SNEG; Megan counted 41 nests",CS38,No,GREG,Occupied,2,,,,,,,,,,,,
9,4/22/2025,"B. Mason, Volunteer",Clewiston Spit,8:22,9:40,"volunteer is Megan Reid from the Aquatic Plant Lab at FLREC; on tree before transect: B. Mason counted 51 nests - 35 GREG (mostly fledglings), 3 ROSP, 13 SNEG; Megan counted 41 nests",CS39,No,GREG,Occupied,,,2,,,,,,,,,,
9,4/22/2025,"B. Mason, Volunteer",Clewiston Spit,8:22,9:40,"volunteer is Megan Reid from the Aquatic Plant Lab at FLREC; on tree before transect: B. Mason counted 51 nests - 35 GREG (mostly fledglings), 3 ROSP, 13 SNEG; Megan counted 41 nests",CS40,No,SNEG,Empty,,,,,1,,,,,,,,
9,4/22/2025,"B. Mason, Volunteer",Clewiston Spit,8:22,9:40,"volunteer is Megan Reid from the Aquatic Plant Lab at FLREC; on tree before transect: B. Mason counted 51 nests - 35 GREG (mostly fledglings), 3 ROSP, 13 SNEG; Megan counted 41 nests",CS41,No,SNEG,Occupied,,4,,,,,,,,,,,
9,4/22/2025,"B. Mason, Volunteer",Clewiston Spit,8:22,9:40,"volunteer is Megan Reid from the Aquatic Plant Lab at FLREC; on tree before transect: B. Mason counted 51 nests - 35 GREG (mostly fledglings), 3 ROSP, 13 SNEG; Megan counted 41 nests",CS42,No,SNEG,Occupied,,,,1,,,,,,,,,
9,4/22/2025,"B. Mason, Volunteer",Clewiston Spit,8:22,9:40,"volunteer is Megan Reid from the Aquatic Plant Lab at FLREC; on tree before transect: B. Mason counted 51 nests - 35 GREG (mostly fledglings), 3 ROSP, 13 SNEG; Megan counted 41 nests",CS43,No,SNEG,Occupied,2,2,,,,,,,,,,,
9,4/22/2025,"B. Mason, Volunteer",Clewiston Spit,8:22,9:40,"volunteer is Megan Reid from the Aquatic Plant Lab at FLREC; on tree before transect: B. Mason counted 51 nests - 35 GREG (mostly fledglings), 3 ROSP, 13 SNEG; Megan counted 41 nests",CS44,No,GREG,Empty,,,,,,,,,,,,,
9,4/22/2025,"B. Mason, Volunteer",Clewiston Spit,8:22,9:40,"volunteer is Megan Reid from the Aquatic Plant Lab at FLREC; on tree before transect: B. Mason counted 51 nests - 35 GREG (mostly fledglings), 3 ROSP, 13 SNEG; Megan counted 41 nests",CS45,No,GREG,Empty,,,,,,,,,,,,,
9,4/22/2025,"B. Mason, Volunteer",Clewiston Spit,8:22,9:40,"volunteer is Megan Reid from the Aquatic Plant Lab at FLREC; on tree before transect: B. Mason counted 51 nests - 35 GREG (mostly fledglings), 3 ROSP, 13 SNEG; Megan counted 41 nests",CS46,No,SNEG,Empty,,,,,,,,,,,,,
9,4/22/2025,"B. Mason, Volunteer",Clewiston Spit,8:22,9:40,"volunteer is Megan Reid from the Aquatic Plant Lab at FLREC; on tree before transect: B. Mason counted 51 nests - 35 GREG (mostly fledglings), 3 ROSP, 13 SNEG; Megan counted 41 nests",CS47,No,SNEG,Occupied,,,3,,,,,,,,,,
9,4/22/2025,"B. Mason, Volunteer",Clewiston Spit,8:22,9:40,"volunteer is Megan Reid from the Aquatic Plant Lab at FLREC; on tree before transect: B. Mason counted 51 nests - 35 GREG (mostly fledglings), 3 ROSP, 13 SNEG; Megan counted 41 nests",CS48,No,GREG,Empty,,,,,,,,,,,,,
9,4/22/2025,"B. Mason, Volunteer",Clewiston Spit,8:22,9:40,"volunteer is Megan Reid from the Aquatic Plant Lab at FLREC; on tree before transect: B. Mason counted 51 nests - 35 GREG (mostly fledglings), 3 ROSP, 13 SNEG; Megan counted 41 nests",CS49,No,SNEG,Occupied,,,3,,,,,,,,,,
9,4/22/2025,"B. Mason, Volunteer",Clewiston Spit,8:22,9:40,"volunteer is Megan Reid from the Aquatic Plant Lab at FLREC; on tree before transect: B. Mason counted 51 nests - 35 GREG (mostly fledglings), 3 ROSP, 13 SNEG; Megan counted 41 nests",CS50,No,GREG,Occupied,,,3,,,,,,,,,,
9,4/22/2025,"B. Mason, Volunteer",Clewiston Spit,8:22,9:40,"volunteer is Megan Reid from the Aquatic Plant Lab at FLREC; on tree before transect: B. Mason counted 51 nests - 35 GREG (mostly fledglings), 3 ROSP, 13 SNEG; Megan counted 41 nests",CS51,Yes,SNEG,Occupied,4,,,,,,,,,,,,
9,4/22/2025,"B. Mason, Volunteer",Clewiston Spit,8:22,9:40,"volunteer is Megan Reid from the Aquatic Plant Lab at FLREC; on tree before transect: B. Mason counted 51 nests - 35 GREG (mostly fledglings), 3 ROSP, 13 SNEG; Megan counted 41 nests",CS52,Yes,UNKN,Empty,,,,,,,,,,,,,
10,4/23/2025,"B. Mason, Volunteer",Little Bear Beach,10:21,11:29,volunteer is Megan Reid from the Aquatic Plant Lab at FLREC,LBB1,No,TRHE,Occupied,,3,,,,,,,,,,,
10,4/23/2025,"B. Mason, Volunteer",Little Bear Beach,10:21,11:29,volunteer is Megan Reid from the Aquatic Plant Lab at FLREC,LBB2,No,WHIB,Occupied,,2,,,,,,,,,,,
10,4/23/2025,"B. Mason, Volunteer",Little Bear Beach,10:21,11:29,volunteer is Megan Reid from the Aquatic Plant Lab at FLREC,LBB3,No,WHIB,Occupied,,2,,,,,,,,,,,
10,4/23/2025,"B. Mason, Volunteer",Little Bear Beach,10:21,11:29,volunteer is Megan Reid from the Aquatic Plant Lab at FLREC,LBB4,No,WHIB,Occupied,3,,,,,,,,,,,,
10,4/23/2025,"B. Mason, Volunteer",Little Bear Beach,10:21,11:29,volunteer is Megan Reid from the Aquatic Plant Lab at FLREC,LBB5,No,WHIB,Occupied,,3,,,,,,,,,,,
10,4/23/2025,"B. Mason, Volunteer",Little Bear Beach,10:21,11:29,volunteer is Megan Reid from the Aquatic Plant Lab at FLREC,LBB6,No,WHIB,Occupied,,3,,,,,,,,,,,
10,4/23/2025,"B. Mason, Volunteer",Little Bear Beach,10:21,11:29,volunteer is Megan Reid from the Aquatic Plant Lab at FLREC,LBB7,No,WHIB,Occupied,,2,,,,,,,,,,,
10,4/23/2025,"B. Mason, Volunteer",Little Bear Beach,10:21,11:29,volunteer is Megan Reid from the Aquatic Plant Lab at FLREC,LBB8,No,WHIB,Occupied,,2,,,,,,,,,,,
10,4/23/2025,"B. Mason, Volunteer",Little Bear Beach,10:21,11:29,volunteer is Megan Reid from the Aquatic Plant Lab at FLREC,LBB9,No,TRHE,Empty,,,,,,,,,,,,,
10,4/23/2025,"B. Mason, Volunteer",Little Bear Beach,10:21,11:29,volunteer is Megan Reid from the Aquatic Plant Lab at FLREC,LBB10,No,WHIB,Occupied,,2,,,,,,,,,,,
10,4/23/2025,"B. Mason, Volunteer",Little Bear Beach,10:21,11:29,volunteer is Megan Reid from the Aquatic Plant Lab at FLREC,LBB11,No,WHIB,Occupied,,,3,,,,,,,,,,
10,4/23/2025,"B. Mason, Volunteer",Little Bear Beach,10:21,11:29,volunteer is Megan Reid from the Aquatic Plant Lab at FLREC,LBB12,No,SNEG,Occupied,,3,,,,,,,,,,,
10,4/23/2025,"B. Mason, Volunteer",Little Bear Beach,10:21,11:29,volunteer is Megan Reid from the Aquatic Plant Lab at FLREC,LBB13,No,TRHE,Occupied,,,4,,,,,,,,,,
10,4/23/2025,"B. Mason, Volunteer",Little Bear Beach,10:21,11:29,volunteer is Megan Reid from the Aquatic Plant Lab at FLREC,LBB14,No,WHIB,Occupied,3,,,,,,,,,,,,
10,4/23/2025,"B. Mason, Volunteer",Little Bear Beach,10:21,11:29,volunteer is Megan Reid from the Aquatic Plant Lab at FLREC,LBB15,No,WHIB,Occupied,,,2,,,,,,,,,,
10,4/23/2025,"B. Mason, Volunteer",Little Bear Beach,10:21,11:29,volunteer is Megan Reid from the Aquatic Plant Lab at FLREC,LBB16,No,WHIB,Empty,,,,,,,,,,,,,
10,4/23/2025,"B. Mason, Volunteer",Little Bear Beach,10:21,11:29,volunteer is Megan Reid from the Aquatic Plant Lab at FLREC,LBB17,No,WHIB,Empty,,,,,,,,,,,,,
10,4/23/2025,"B. Mason, Volunteer",Little Bear Beach,10:21,11:29,volunteer is Megan Reid from the Aquatic Plant Lab at FLREC,LBB18,No,WHIB,Empty,,,,,,,,,,,,,
10,4/23/2025,"B. Mason, Volunteer",Little Bear Beach,10:21,11:29,volunteer is Megan Reid from the Aquatic Plant Lab at FLREC,LBB19,No,WHIB,Occupied,,2,,,,,,,,,,,
10,4/23/2025,"B. Mason, Volunteer",Little Bear Beach,10:21,11:29,volunteer is Megan Reid from the Aquatic Plant Lab at FLREC,LBB20,No,TRHE,Occupied,,3,,,,,,,,,,,
10,4/23/2025,"B. Mason, Volunteer",Little Bear Beach,10:21,11:29,volunteer is Megan Reid from the Aquatic Plant Lab at FLREC,LBB21,No,TRHE,Occupied,,3,,,,,,,,,,,
10,4/23/2025,"B. Mason, Volunteer",Little Bear Beach,10:21,11:29,volunteer is Megan Reid from the Aquatic Plant Lab at FLREC,LBB22,No,TRHE,Occupied,,3,,,,,,,,,,,
10,4/23/2025,"B. Mason, Volunteer",Little Bear Beach,10:21,11:29,volunteer is Megan Reid from the Aquatic Plant Lab at FLREC,LBB23,No,GREG,Occupied,2,1,,,,,,,,,,,
10,4/23/2025,"B. Mason, Volunteer",Little Bear Beach,10:21,11:29,volunteer is Megan Reid from the Aquatic Plant Lab at FLREC,LBB24,No,SNEG,Occupied,1,3,,,,,,,,,,,
10,4/23/2025,"B. Mason, Volunteer",Little Bear Beach,10:21,11:29,volunteer is Megan Reid from the Aquatic Plant Lab at FLREC,LBB25,No,GREG,Occupied,,2,,,,,,,,,,,
10,4/23/2025,"B. Mason, Volunteer",Little Bear Beach,10:21,11:29,volunteer is Megan Reid from the Aquatic Plant Lab at FLREC,LBB26,No,SNEG,Empty,,,,,1,,,,,,,,
10,4/23/2025,"B. Mason, Volunteer",Little Bear Beach,10:21,11:29,volunteer is Megan Reid from the Aquatic Plant Lab at FLREC,LBB27,No,SNEG,Occupied,,3,,,,,,,,,,,
10,4/23/2025,"B. Mason, Volunteer",Little Bear Beach,10:21,11:29,volunteer is Megan Reid from the Aquatic Plant Lab at FLREC,LBB28,No,SNEG,Occupied,,4,,,,,,,,,,,
10,4/23/2025,"B. Mason, Volunteer",Little Bear Beach,10:21,11:29,volunteer is Megan Reid from the Aquatic Plant Lab at FLREC,LBB29,No,SNEG,Occupied,,1,3,,,,,,,,,,
10,4/23/2025,"B. Mason, Volunteer",Little Bear Beach,10:21,11:29,volunteer is Megan Reid from the Aquatic Plant Lab at FLREC,LBB30,No,SNEG,Empty,,,,,,,,,,,,,
10,4/23/2025,"B. Mason, Volunteer",Little Bear Beach,10:21,11:29,volunteer is Megan Reid from the Aquatic Plant Lab at FLREC,LBB31,No,SNEG,Occupied,3,,,,,,,,,,,,
10,4/23/2025,"B. Mason, Volunteer",Little Bear Beach,10:21,11:29,volunteer is Megan Reid from the Aquatic Plant Lab at FLREC,LBB32,No,TRHE,Occupied,,3,,,,,,,,,,,
10,4/23/2025,"B. Mason, Volunteer",Little Bear Beach,10:21,11:29,volunteer is Megan Reid from the Aquatic Plant Lab at FLREC,LBB33,No,WHIB,Occupied,,2,,,,,,,,,,,
10,4/23/2025,"B. Mason, Volunteer",Little Bear Beach,10:21,11:29,volunteer is Megan Reid from the Aquatic Plant Lab at FLREC,LBB34,No,WHIB,Occupied,,2,,,,,,,,,,,
10,4/23/2025,"B. Mason, Volunteer",Little Bear Beach,10:21,11:29,volunteer is Megan Reid from the Aquatic Plant Lab at FLREC,LBB35,No,WHIB,Occupied,,2,,,,,,,,,,,
10,4/23/2025,"B. Mason, Volunteer",Little Bear Beach,10:21,11:29,volunteer is Megan Reid from the Aquatic Plant Lab at FLREC,LBB36,No,WHIB,Empty,,,,,,,,,,,,,
10,4/23/2025,"B. Mason, Volunteer",Little Bear Beach,10:21,11:29,volunteer is Megan Reid from the Aquatic Plant Lab at FLREC,LBB37,No,WHIB,Occupied,1,2,,,,,,,,,,,
10,4/23/2025,"B. Mason, Volunteer",Little Bear Beach,10:21,11:29,volunteer is Megan Reid from the Aquatic Plant Lab at FLREC,LBB38,No,WHIB,Occupied,1,2,,,,,,,,,,,
10,4/23/2025,"B. Mason, Volunteer",Little Bear Beach,10:21,11:29,volunteer is Megan Reid from the Aquatic Plant Lab at FLREC,LBB39,No,WHIB,Occupied,1,1,,,,,,,,,,,
10,4/23/2025,"B. Mason, Volunteer",Little Bear Beach,10:21,11:29,volunteer is Megan Reid from the Aquatic Plant Lab at FLREC,LBB40,No,WHIB,Occupied,,2,,,,,,,,,,,
10,4/23/2025,"B. Mason, Volunteer",Little Bear Beach,10:21,11:29,volunteer is Megan Reid from the Aquatic Plant Lab at FLREC,LBB41,No,WHIB,Occupied,,3,,,,,,,,,,,
10,4/23/2025,"B. Mason, Volunteer",Little Bear Beach,10:21,11:29,volunteer is Megan Reid from the Aquatic Plant Lab at FLREC,LBB42,No,WHIB,Occupied,,3,,,,,,,,,,,
10,4/23/2025,"B. Mason, Volunteer",Little Bear Beach,10:21,11:29,volunteer is Megan Reid from the Aquatic Plant Lab at FLREC,LBB43,No,WHIB,Occupied,,2,,,,,,,,,,,
10,4/23/2025,"B. Mason, Volunteer",Little Bear Beach,10:21,11:29,volunteer is Megan Reid from the Aquatic Plant Lab at FLREC,LBB44,No,WHIB,Occupied,,2,,,,,,,,,,,
10,4/23/2025,"B. Mason, Volunteer",Little Bear Beach,10:21,11:29,volunteer is Megan Reid from the Aquatic Plant Lab at FLREC,LBB45,No,WHIB,Occupied,,2,,,,,,,,,,,
10,4/23/2025,"B. Mason, Volunteer",Little Bear Beach,10:21,11:29,volunteer is Megan Reid from the Aquatic Plant Lab at FLREC,LBB46,No,WHIB,Occupied,2,1,,,,,,,,,,,
10,4/23/2025,"B. Mason, Volunteer",Little Bear Beach,10:21,11:29,volunteer is Megan Reid from the Aquatic Plant Lab at FLREC,LBB47,No,WHIB,Occupied,1,1,,,,,,,,,,,
10,4/23/2025,"B. Mason, Volunteer",Little Bear Beach,10:21,11:29,volunteer is Megan Reid from the Aquatic Plant Lab at FLREC,LBB48,No,WHIB,Occupied,,2,,,,,,,,,,,
10,4/23/2025,"B. Mason, Volunteer",Little Bear Beach,10:21,11:29,volunteer is Megan Reid from the Aquatic Plant Lab at FLREC,LBB49,No,WHIB,Occupied,,1,,,,,,,,,,,
10,4/23/2025,"B. Mason, Volunteer",Little Bear Beach,10:21,11:29,volunteer is Megan Reid from the Aquatic Plant Lab at FLREC,LBB50,No,WHIB,Occupied,,2,,,,,,,,,,,
10,4/23/2025,"B. Mason, Volunteer",Little Bear Beach,10:21,11:29,volunteer is Megan Reid from the Aquatic Plant Lab at FLREC,LBB51,No,TRHE,Occupied,,,3,,,,,,,,,,
10,4/23/2025,"B. Mason, Volunteer",Little Bear Beach,10:21,11:29,volunteer is Megan Reid from the Aquatic Plant Lab at FLREC,LBB52,Yes,WHIB,Occupied,2,1,,,,,,,,,,,
11,4/25/2025,"B. Mason, A. Fussell",Moonshine Bay,,9:40,,MB1,No,WHIB,Occupied,3,,,,,,,,,,,,
11,4/25/2025,"B. Mason, A. Fussell",Moonshine Bay,,9:40,,MB2,No,WHIB,Occupied,3,,,,,,,,,,,,
11,4/25/2025,"B. Mason, A. Fussell",Moonshine Bay,,9:40,,MB3,No,WHIB,Occupied,3,,,,,,,,,,,,
11,4/25/2025,"B. Mason, A. Fussell",Moonshine Bay,,9:40,,MB4,No,WHIB,Occupied,2,1,,,,,,,,,,,
11,4/25/2025,"B. Mason, A. Fussell",Moonshine Bay,,9:40,,MB5,No,WHIB,Occupied,1,1,,,,,,,,,,,
11,4/25/2025,"B. Mason, A. Fussell",Moonshine Bay,,9:40,,MB6,No,GLIB,Occupied,4,,,,,,,,,,,,
11,4/25/2025,"B. Mason, A. Fussell",Moonshine Bay,,9:40,,MB7,No,WHIB,Occupied,3,,,,,,,,,,,,
11,4/25/2025,"B. Mason, A. Fussell",Moonshine Bay,,9:40,,MB8,No,WHIB,Destroyed or Gone,,,,,,,,,,,,,
11,4/25/2025,"B. Mason, A. Fussell",Moonshine Bay,,9:40,,MB9,No,WHIB,Occupied,3,,,,,,,,,,,,
11,4/25/2025,"B. Mason, A. Fussell",Moonshine Bay,,9:40,,MB10,No,WHIB,Occupied,1,1,,,,,,,,,,,
11,4/25/2025,"B. Mason, A. Fussell",Moonshine Bay,,9:40,,MB11,No,WHIB,Occupied,2,,,,,,,,,,,,
11,4/25/2025,"B. Mason, A. Fussell",Moonshine Bay,,9:40,,MB12,No,WHIB,Occupied,3,,,,,,,,,,,,
11,4/25/2025,"B. Mason, A. Fussell",Moonshine Bay,,9:40,,MB13,No,WHIB,Occupied,1,,,,,,,,,,,,
11,4/25/2025,"B. Mason, A. Fussell",Moonshine Bay,,9:40,,MB14,No,WHIB,Occupied,1,1,,,,,,,,,,,
11,4/25/2025,"B. Mason, A. Fussell",Moonshine Bay,,9:40,,MB15,No,WHIB,Destroyed or Gone,,,,,,,,,,,,,
11,4/25/2025,"B. Mason, A. Fussell",Moonshine Bay,,9:40,,MB16,No,WHIB,Occupied,2,,,,,,,,,,,,
11,4/25/2025,"B. Mason, A. Fussell",Moonshine Bay,,9:40,,MB17,No,WHIB,Occupied,3,,,,,,,,,,,,
11,4/25/2025,"B. Mason, A. Fussell",Moonshine Bay,,9:40,,MB18,No,WHIB,Destroyed or Gone,,,,,,,,,,,,,
11,4/25/2025,"B. Mason, A. Fussell",Moonshine Bay,,9:40,,MB19,No,WHIB,Occupied,2,1,,,,,,,,,,,
11,4/25/2025,"B. Mason, A. Fussell",Moonshine Bay,,9:40,,MB20,No,WHIB,Occupied,2,,,,,,,,,,,,
11,4/25/2025,"B. Mason, A. Fussell",Moonshine Bay,,9:40,,MB21,No,WHIB,Occupied,3,,,,,,,,,,,,
11,4/25/2025,"B. Mason, A. Fussell",Moonshine Bay,,9:40,,MB22,No,WHIB,Occupied,3,,,,,,,,,,,,
11,4/25/2025,"B. Mason, A. Fussell",Moonshine Bay,,9:40,,MB23,No,WHIB,Occupied,3,,,,,,,,,,,,
11,4/25/2025,"B. Mason, A. Fussell",Moonshine Bay,,9:40,,MB24,No,WHIB,Occupied,2,,,,,,,,,,,,
11,4/25/2025,"B. Mason, A. Fussell",Moonshine Bay,,9:40,,MB25,No,WHIB,,,,,,,,,,,,,,
11,4/25/2025,"B. Mason, A. Fussell",Moonshine Bay,,9:40,,MB26,No,WHIB,Occupied,2,2,,,,,,,,,,,
11,4/25/2025,"B. Mason, A. Fussell",Moonshine Bay,,9:40,,MB27,No,WHIB,Occupied,1,,,,,,,,,,,,
11,4/25/2025,"B. Mason, A. Fussell",Moonshine Bay,,9:40,,MB28,No,WHIB,Occupied,3,,,,,,,,,,,,
11,4/25/2025,"B. Mason, A. Fussell",Moonshine Bay,,9:40,,MB29,No,WHIB,Occupied,2,,,,,,,,,,,,
11,4/25/2025,"B. Mason, A. Fussell",Moonshine Bay,,9:40,,MB30,No,WHIB,Occupied,3,,,,,,,,,,,,
11,4/25/2025,"B. Mason, A. Fussell",Moonshine Bay,,9:40,,MB31,No,WHIB,Destroyed or Gone,,,,,,,,,,,,,
11,4/25/2025,"B. Mason, A. Fussell",Moonshine Bay,,9:40,,MB32,No,GLIB,Occupied,3,,,,,,,,,,,,
11,4/25/2025,"B. Mason, A. Fussell",Moonshine Bay,,9:40,,MB33,No,WHIB,Occupied,2,,,,,,,,,,,,
11,4/25/2025,"B. Mason, A. Fussell",Moonshine Bay,,9:40,,MB34,No,WHIB,Occupied,2,,,,,,,,,,,,
11,4/25/2025,"B. Mason, A. Fussell",Moonshine Bay,,9:40,,MB35,No,WHIB,Occupied,2,,,,,,,,,,,,
11,4/25/2025,"B. Mason, A. Fussell",Moonshine Bay,,9:40,,MB36,No,GLIB,Destroyed or Gone,,,,,,,,,,,,,
11,4/25/2025,"B. Mason, A. Fussell",Moonshine Bay,,9:40,,MB37,No,WHIB,Occupied,3,,,,,,,,,,,,
11,4/25/2025,"B. Mason, A. Fussell",Moonshine Bay,,9:40,,MB38,No,WHIB,Destroyed or Gone,,,,,,,,,,,,,
11,4/25/2025,"B. Mason, A. Fussell",Moonshine Bay,,9:40,,MB39,No,WHIB,Destroyed or Gone,,,,,,,,,,,,,
11,4/25/2025,"B. Mason, A. Fussell",Moonshine Bay,,9:40,,MB40,No,WHIB,Occupied,2,,,,,,,,,,,,
11,4/25/2025,"B. Mason, A. Fussell",Moonshine Bay,,9:40,,MB41,No,WHIB,Occupied,3,,,,,,,,,,,,
11,4/25/2025,"B. Mason, A. Fussell",Moonshine Bay,,9:40,,MB42,No,GLIB,Occupied,4,,,,,,,,,,,,
11,4/25/2025,"B. Mason, A. Fussell",Moonshine Bay,,9:40,,MB43,No,WHIB,Destroyed or Gone,,,,,,,,,,,,,
11,4/25/2025,"B. Mason, A. Fussell",Moonshine Bay,,9:40,,MB44,No,WHIB,Occupied,2,1,,,,,,,,,,,
11,4/25/2025,"B. Mason, A. Fussell",Moonshine Bay,,9:40,,MB45,No,WHIB,Occupied,2,,,,,,,,,,,,
11,4/25/2025,"B. Mason, A. Fussell",Moonshine Bay,,9:40,,MB46,No,GLIB,Occupied,2,,,,,,,,,,,,
11,4/25/2025,"B. Mason, A. Fussell",Moonshine Bay,,9:40,,MB47,No,GLIB,Occupied,3,,,,,,,,,,,,
11,4/25/2025,"B. Mason, A. Fussell",Moonshine Bay,,9:40,,MB48,No,WHIB,Occupied,2,1,,,,,,,,,,,
11,4/25/2025,"B. Mason, A. Fussell",Moonshine Bay,,9:40,,MB49,No,WHIB,Occupied,3,,,,,,,,,,,,
11,4/25/2025,"B. Mason, A. Fussell",Moonshine Bay,,9:40,,MB50,No,WHIB,Occupied,1,2,,,,,,,,,,,
12,4/28/2025,"A. Fussell, J. Mulling",Rock Islands,9:40,10:28,partly cloudy,RI1,No,TRHE,Occupied,,,1,,,,,,,,,,
12,4/28/2025,"A. Fussell, J. Mulling",Rock Islands,9:40,10:28,partly cloudy,RI2,No,GLIB,Occupied,4,,,,,,,,,,,,
12,4/28/2025,"A. Fussell, J. Mulling",Rock Islands,9:40,10:28,partly cloudy,RI3,No,SNEG,Occupied,,3,,,,,,,,,,,
12,4/28/2025,"A. Fussell, J. Mulling",Rock Islands,9:40,10:28,partly cloudy,RI4,No,SNEG,Empty,,,,,,,,,,,,,
12,4/28/2025,"A. Fussell, J. Mulling",Rock Islands,9:40,10:28,partly cloudy,RI5,No,SNEG,Occupied,,,3,,,,,,,,,,
12,4/28/2025,"A. Fussell, J. Mulling",Rock Islands,9:40,10:28,partly cloudy,RI6,No,SMWT,Destroyed or Gone,,,,,,,,,,,,,
12,4/28/2025,"A. Fussell, J. Mulling",Rock Islands,9:40,10:28,partly cloudy,RI7,No,SNEG,Occupied,1,3,,,,,,,,,,,
12,4/28/2025,"A. Fussell, J. Mulling",Rock Islands,9:40,10:28,partly cloudy,RI8,No,ANHI,Destroyed or Gone,,,,,,,,,,,,,
12,4/28/2025,"A. Fussell, J. Mulling",Rock Islands,9:40,10:28,partly cloudy,RI9,No,ROSP,Occupied,,,3,,,,,,,,,,
12,4/28/2025,"A. Fussell, J. Mulling",Rock Islands,9:40,10:28,partly cloudy,RI10,No,ROSP,Occupied,,,3,,,,,,,,,,
12,4/28/2025,"A. Fussell, J. Mulling",Rock Islands,9:40,10:28,partly cloudy,RI11,No,GLIB,Occupied,5,,,,,,,,,,,,
12,4/28/2025,"A. Fussell, J. Mulling",Rock Islands,9:40,10:28,partly cloudy,RI12,No,TRHE,Occupied,,,3,,,,,,,,,,
12,4/28/2025,"A. Fussell, J. Mulling",Rock Islands,9:40,10:28,partly cloudy,RI13,No,GREG,Occupied,,,2,,,,,,,,,,
12,4/28/2025,"A. Fussell, J. Mulling",Rock Islands,9:40,10:28,partly cloudy,RI14,No,SNEG,Occupied,1,2,,,,,,,,,,,
12,4/28/2025,"A. Fussell, J. Mulling",Rock Islands,9:40,10:28,partly cloudy,RI15,No,GLIB,Occupied,3,,,,,,,,,,,,
12,4/28/2025,"A. Fussell, J. Mulling",Rock Islands,9:40,10:28,partly cloudy,RI16,No,SNEG,Occupied,,2,,,,,,,,,,,
12,4/28/2025,"A. Fussell, J. Mulling",Rock Islands,9:40,10:28,partly cloudy,RI17,No,ROSP,Destroyed or Gone,,,,,,,,,,,,,
12,4/28/2025,"A. Fussell, J. Mulling",Rock Islands,9:40,10:28,partly cloudy,RI18,No,ROSP,Destroyed or Gone,,,,,,,,,,,,,
12,4/28/2025,"A. Fussell, J. Mulling",Rock Islands,9:40,10:28,partly cloudy,RI19,No,SNEG,Destroyed or Gone,,,,,,,,,,,,,
12,4/28/2025,"A. Fussell, J. Mulling",Rock Islands,9:40,10:28,partly cloudy,RI20,No,SNEG,Empty,,,,,,,,,,,,,
12,4/28/2025,"A. Fussell, J. Mulling",Rock Islands,9:40,10:28,partly cloudy,RI21,No,SNEG,Empty,,,,,,,,,,,,,
12,4/28/2025,"A. Fussell, J. Mulling",Rock Islands,9:40,10:28,partly cloudy,RI22,No,GREG,Occupied,,,3,,,,,,,,,,
12,4/28/2025,"A. Fussell, J. Mulling",Rock Islands,9:40,10:28,partly cloudy,RI23,No,ANHI,Occupied,,2,,,,,,,,,,,
12,4/28/2025,"A. Fussell, J. Mulling",Rock Islands,9:40,10:28,partly cloudy,RI24,No,SNEG,Occupied,3,,,,,,,,,,,,
12,4/28/2025,"A. Fussell, J. Mulling",Rock Islands,9:40,10:28,partly cloudy,RI25,No,GREG,Occupied,,,3,,,,,,,,,,
12,4/28/2025,"A. Fussell, J. Mulling",Rock Islands,9:40,10:28,partly cloudy,RI26,No,GREG,Empty,,,,,,,,,,,,,
12,4/28/2025,"A. Fussell, J. Mulling",Rock Islands,9:40,10:28,partly cloudy,RI27,No,GLIB,Occupied,3,,,,,,,,,,,,
12,4/28/2025,"A. Fussell, J. Mulling",Rock Islands,9:40,10:28,partly cloudy,RI28,No,SNEG,Destroyed or Gone,,,,,,,,,,,,,
12,4/28/2025,"A. Fussell, J. Mulling",Rock Islands,9:40,10:28,partly cloudy,RI29,No,SNEG,Occupied,1,3,,,,,,,,,,,
12,4/28/2025,"A. Fussell, J. Mulling",Rock Islands,9:40,10:28,partly cloudy,RI30,No,TRHE,Empty,,,,,,,,,,,,,
12,4/28/2025,"A. Fussell, J. Mulling",Rock Islands,9:40,10:28,partly cloudy,RI31,No,TRHE,Empty,,,,,,,,,,,,,
12,4/28/2025,"A. Fussell, J. Mulling",Rock Islands,9:40,10:28,partly cloudy,RI32,No,ANHI,Destroyed or Gone,,,,,,,,,,,,,
12,4/28/2025,"A. Fussell, J. Mulling",Rock Islands,9:40,10:28,partly cloudy,RI33,No,GREG,Empty,,,,,,,,,,,,,
12,4/28/2025,"A. Fussell, J. Mulling",Rock Islands,9:40,10:28,partly cloudy,RI34,No,GREG,Occupied,,,2,,,,,,,,,,
12,4/28/2025,"A. Fussell, J. Mulling",Rock Islands,9:40,10:28,partly cloudy,RI35,No,GREG,Empty,,,,,,,,,,,,,
12,4/28/2025,"A. Fussell, J. Mulling",Rock Islands,9:40,10:28,partly cloudy,RI36,No,TRHE,Occupied,,3,,,,,,,,,,,
12,4/28/2025,"A. Fussell, J. Mulling",Rock Islands,9:40,10:28,partly cloudy,RI37,No,SNEG,Occupied,3,,,,,,,,,,,,
12,4/28/2025,"A. Fussell, J. Mulling",Rock Islands,9:40,10:28,partly cloudy,RI38,No,TRHE,Occupied,,,,,,,,,,,,,
12,4/28/2025,"A. Fussell, J. Mulling",Rock Islands,9:40,10:28,partly cloudy,RI39,No,SNEG,Occupied,3,,,,,,,,,,,,
12,4/28/2025,"A. Fussell, J. Mulling",Rock Islands,9:40,10:28,partly cloudy,RI40,No,SNEG,Occupied,,3,,,,,,,,,,,
12,4/28/2025,"A. Fussell, J. Mulling",Rock Islands,9:40,10:28,partly cloudy,RI41,No,TRHE,Occupied,,,3,,,,,,,,,,
12,4/28/2025,"A. Fussell, J. Mulling",Rock Islands,9:40,10:28,partly cloudy,RI42,No,SNEG,Occupied,,3,,,,,,,,,,,
12,4/28/2025,"A. Fussell, J. Mulling",Rock Islands,9:40,10:28,partly cloudy,RI43,No,SNEG,Occupied,,,3,,,,,,,,,,
12,4/28/2025,"A. Fussell, J. Mulling",Rock Islands,9:40,10:28,partly cloudy,RI44,No,GLIB,Occupied,2,,,,,,,,,,,,
12,4/28/2025,"A. Fussell, J. Mulling",Rock Islands,9:40,10:28,partly cloudy,RI45,No,GREG,Occupied,,,2,,,,,,,,,,
12,4/28/2025,"A. Fussell, J. Mulling",Rock Islands,9:40,10:28,partly cloudy,RI46,No,SNEG,Occupied,,4,,,,,,,,,,,
12,4/28/2025,"A. Fussell, J. Mulling",Rock Islands,9:40,10:28,partly cloudy,RI47,No,SNEG,Destroyed or Gone,,,,,,,,,,,,,
12,4/28/2025,"A. Fussell, J. Mulling",Rock Islands,9:40,10:28,partly cloudy,RI48,No,SNEG,Occupied,,,3,,,,,,,,,,
12,4/28/2025,"A. Fussell, J. Mulling",Rock Islands,9:40,10:28,partly cloudy,RI49,No,GREG,Empty,,,,,,,,,,,,,
12,4/28/2025,"A. Fussell, J. Mulling",Rock Islands,9:40,10:28,partly cloudy,RI50,Yes,GLIB,Occupied,3,,,,,,,,,,,,
12,4/28/2025,"A. Fussell, J. Mulling",Rock Islands,9:40,10:28,partly cloudy,RI51,Yes,SNEG,Occupied,2,,,,,,,,,,,,
12,4/28/2025,"A. Fussell, J. Mulling",Rock Islands,10:36,11:00,,RI2-1,No,ROSP,Occupied,3,,,,,,,,,,,,
12,4/28/2025,"A. Fussell, J. Mulling",Rock Islands,10:36,11:00,,RI2-2,No,TRHE,Occupied,,3,,,,,,,,,,,
12,4/28/2025,"A. Fussell, J. Mulling",Rock Islands,10:36,11:00,,RI2-3,No,SNEG,Occupied,,3,,,,,,,,,,,
12,4/28/2025,"A. Fussell, J. Mulling",Rock Islands,10:36,11:00,,RI2-4,No,SNEG,Occupied,,,4,,,,,,,,,,
12,4/28/2025,"A. Fussell, J. Mulling",Rock Islands,10:36,11:00,,RI2-5,No,TRHE,Occupied,,,3,,,,,,,,,,
12,4/28/2025,"A. Fussell, J. Mulling",Rock Islands,10:36,11:00,,RI2-6,No,SNEG,Occupied,,,2,,,,,,,,,,
12,4/28/2025,"A. Fussell, J. Mulling",Rock Islands,10:36,11:00,,RI2-7,No,SNEG,Empty,,,,,,,,,,,,,
12,4/28/2025,"A. Fussell, J. Mulling",Rock Islands,10:36,11:00,,RI2-8,No,SNEG,Occupied,,4,,,,,,,,,,,
12,4/28/2025,"A. Fussell, J. Mulling",Rock Islands,10:36,11:00,,RI2-9,No,SNEG,Occupied,,3,,,,,,,,,,,
12,4/28/2025,"A. Fussell, J. Mulling",Rock Islands,10:36,11:00,,RI2-10,No,SNEG,Occupied,1,2,,,,,,,,,,,
12,4/28/2025,"A. Fussell, J. Mulling",Rock Islands,10:36,11:00,,RI2-11,No,TRHE,Empty,,,,,,,,,,,,,
12,4/28/2025,"A. Fussell, J. Mulling",Rock Islands,10:36,11:00,,RI2-12,No,SNEG,Occupied,,,3,,,,,,,,,,
12,4/28/2025,"A. Fussell, J. Mulling",Rock Islands,10:36,11:00,,RI2-13,No,TRHE,Occupied,,,3,,,,,,,,,,
12,4/28/2025,"A. Fussell, J. Mulling",Rock Islands,10:36,11:00,,RI2-14,No,SNEG,Occupied,1,1,,,,,,,,,,,
12,4/28/2025,"A. Fussell, J. Mulling",Rock Islands,10:36,11:00,,RI2-15,No,SNEG,Occupied,,,4,,,,,,,,,,
12,4/28/2025,"A. Fussell, J. Mulling",Rock Islands,10:36,11:00,,RI2-16,No,TRHE,Occupied,,,3,,,,,,,,,,
12,4/28/2025,"A. Fussell, J. Mulling",Rock Islands,10:36,11:00,,RI2-17,No,SNEG,Occupied,3,,,,,,,,,,,,
12,4/28/2025,"A. Fussell, J. Mulling",Rock Islands,10:36,11:00,,RI2-18,No,SNEG,Occupied,,,3,,,,,,,,,,
12,4/28/2025,"A. Fussell, J. Mulling",Rock Islands,10:36,11:00,,RI2-19,No,SNEG,Occupied,1,2,,,,,,,,,,,
12,4/28/2025,"A. Fussell, J. Mulling",Rock Islands,10:36,11:00,,RI2-20,No,SNEG,Occupied,,3,,,,,,,,,,,
12,4/28/2025,"A. Fussell, J. Mulling",Rock Islands,10:36,11:00,,RI2-21,No,ROSP,Occupied,3,,,,,,,,,,,,
12,4/28/2025,"A. Fussell, J. Mulling",Rock Islands,10:36,11:00,,RI2-22,No,SNEG,Occupied,1,2,,,,,,,,,,,
12,4/28/2025,"A. Fussell, J. Mulling",Rock Islands,10:36,11:00,,RI2-23,No,SNEG,Occupied,2,,,,,,,,,,,,
12,4/28/2025,"A. Fussell, J. Mulling",Rock Islands,10:36,11:00,,RI2-24,No,SNEG,Occupied,3,,,,,,,,,,,,
12,4/28/2025,"A. Fussell, J. Mulling",Rock Islands,10:36,11:00,,RI2-25,No,SNEG,Occupied,3,,,,,,,,,,,,
12,4/28/2025,"A. Fussell, J. Mulling",Rock Islands,10:36,11:00,,RI2-26,No,TRHE,Occupied,,2,,,,,,,,,,,
12,4/28/2025,"A. Fussell, J. Mulling",Rock Islands,10:36,11:00,,RI2-27,No,SNEG,Occupied,,3,,,,,,,,,,,
12,4/28/2025,"A. Fussell, J. Mulling",Rock Islands,10:36,11:00,,RI2-28,No,SNEG,Occupied,,,2,,,,,,,,,,
12,4/28/2025,"A. Fussell, J. Mulling",Rock Islands,10:36,11:00,,RI2-29,No,TRHE,Occupied,,3,,,,,,,,,,,
12,4/28/2025,"A. Fussell, J. Mulling",Rock Islands,10:36,11:00,,RI2-30,No,GLIB,Occupied,3,,,,,,,,,,,,
12,4/28/2025,"A. Fussell, J. Mulling",Rock Islands,10:36,11:00,,RI2-31,No,SNEG,Occupied,3,,,,,,,,,,,,
13,4/30/2025,"A. Fussell, M. Marquis",Clewiston Spit,10:40,11:27,Tree at start count: GREG 30/17; ROSP 3/2 - most all are fledglings,CS1,No,WHIB,Empty,,,,,,,,,,,,,
13,4/30/2025,"A. Fussell, M. Marquis",Clewiston Spit,10:40,11:27,Tree at start count: GREG 30/17; ROSP 3/2 - most all are fledglings,CS2,No,WHIB,Empty,,,,,,,,,,,,,
13,4/30/2025,"A. Fussell, M. Marquis",Clewiston Spit,10:40,11:27,Tree at start count: GREG 30/17; ROSP 3/2 - most all are fledglings,CS3,No,SNEG,Empty,,,,,,,,,,,,,
13,4/30/2025,"A. Fussell, M. Marquis",Clewiston Spit,10:40,11:27,Tree at start count: GREG 30/17; ROSP 3/2 - most all are fledglings,CS4,No,WHIB,Empty,,,,,,,,,,,,,
13,4/30/2025,"A. Fussell, M. Marquis",Clewiston Spit,10:40,11:27,Tree at start count: GREG 30/17; ROSP 3/2 - most all are fledglings,CS5,No,WHIB,Empty,,,,,,,,,,,,,
13,4/30/2025,"A. Fussell, M. Marquis",Clewiston Spit,10:40,11:27,Tree at start count: GREG 30/17; ROSP 3/2 - most all are fledglings,CS6,No,WHIB,Empty,,,,,,,,,,,,,
13,4/30/2025,"A. Fussell, M. Marquis",Clewiston Spit,10:40,11:27,Tree at start count: GREG 30/17; ROSP 3/2 - most all are fledglings,CS7,No,WHIB,Empty,,,,,,,,,,,,,
13,4/30/2025,"A. Fussell, M. Marquis",Clewiston Spit,10:40,11:27,Tree at start count: GREG 30/17; ROSP 3/2 - most all are fledglings,CS8,No,WHIB,Empty,,,,,,,,,,,,,
13,4/30/2025,"A. Fussell, M. Marquis",Clewiston Spit,10:40,11:27,Tree at start count: GREG 30/17; ROSP 3/2 - most all are fledglings,CS9,No,WHIB,Empty,,,,,,,,,,,,,
13,4/30/2025,"A. Fussell, M. Marquis",Clewiston Spit,10:40,11:27,Tree at start count: GREG 30/17; ROSP 3/2 - most all are fledglings,CS10,No,WHIB,Empty,,,,,,,,,,,,,
13,4/30/2025,"A. Fussell, M. Marquis",Clewiston Spit,10:40,11:27,Tree at start count: GREG 30/17; ROSP 3/2 - most all are fledglings,CS11,No,WHIB,Empty,,,,,,,,,,,,,
13,4/30/2025,"A. Fussell, M. Marquis",Clewiston Spit,10:40,11:27,Tree at start count: GREG 30/17; ROSP 3/2 - most all are fledglings,CS12,No,WHIB,Empty,,,,,,,,,,,,,
13,4/30/2025,"A. Fussell, M. Marquis",Clewiston Spit,10:40,11:27,Tree at start count: GREG 30/17; ROSP 3/2 - most all are fledglings,CS13,No,WHIB,Empty,,,,,,,,,,,,,
13,4/30/2025,"A. Fussell, M. Marquis",Clewiston Spit,10:40,11:27,Tree at start count: GREG 30/17; ROSP 3/2 - most all are fledglings,CS14,No,SNEG,Occupied,,,3,,,,,,,,,,
13,4/30/2025,"A. Fussell, M. Marquis",Clewiston Spit,10:40,11:27,Tree at start count: GREG 30/17; ROSP 3/2 - most all are fledglings,CS15,No,SNEG,Occupied,,,3,,,,,,,,,,
13,4/30/2025,"A. Fussell, M. Marquis",Clewiston Spit,10:40,11:27,Tree at start count: GREG 30/17; ROSP 3/2 - most all are fledglings,CS16,No,SNEG,Occupied,,,2,,,,,,,,,,
13,4/30/2025,"A. Fussell, M. Marquis",Clewiston Spit,10:40,11:27,Tree at start count: GREG 30/17; ROSP 3/2 - most all are fledglings,CS17,No,SNEG,Empty,,,,,,,,,,,,,
13,4/30/2025,"A. Fussell, M. Marquis",Clewiston Spit,10:40,11:27,Tree at start count: GREG 30/17; ROSP 3/2 - most all are fledglings,CS18,No,TRHE,Empty,,,,,,,,,,,,,
13,4/30/2025,"A. Fussell, M. Marquis",Clewiston Spit,10:40,11:27,Tree at start count: GREG 30/17; ROSP 3/2 - most all are fledglings,CS19,No,SNEG,Empty,,,,,,,,,,,,,
13,4/30/2025,"A. Fussell, M. Marquis",Clewiston Spit,10:40,11:27,Tree at start count: GREG 30/17; ROSP 3/2 - most all are fledglings,CS20,No,SNEG,Occupied,,,2,,,,,,,,,,
13,4/30/2025,"A. Fussell, M. Marquis",Clewiston Spit,10:40,11:27,Tree at start count: GREG 30/17; ROSP 3/2 - most all are fledglings,CS21,No,SNEG,Occupied,,3,,,,,,,,,,,
13,4/30/2025,"A. Fussell, M. Marquis",Clewiston Spit,10:40,11:27,Tree at start count: GREG 30/17; ROSP 3/2 - most all are fledglings,CS22,No,GLIB,Occupied,2,1,,,,,,,,,,,
13,4/30/2025,"A. Fussell, M. Marquis",Clewiston Spit,10:40,11:27,Tree at start count: GREG 30/17; ROSP 3/2 - most all are fledglings,CS23,No,SNEG,Empty,,,,,1,,,,,,,,
13,4/30/2025,"A. Fussell, M. Marquis",Clewiston Spit,10:40,11:27,Tree at start count: GREG 30/17; ROSP 3/2 - most all are fledglings,CS24,No,SNEG,Occupied,,3,,,,,,,,,,,
13,4/30/2025,"A. Fussell, M. Marquis",Clewiston Spit,10:40,11:27,Tree at start count: GREG 30/17; ROSP 3/2 - most all are fledglings,CS25,No,SNEG,Empty,,,,,,,,,,,,,
13,4/30/2025,"A. Fussell, M. Marquis",Clewiston Spit,10:40,11:27,Tree at start count: GREG 30/17; ROSP 3/2 - most all are fledglings,CS26,No,SNEG,Occupied,,2,2,,,,,,,,,,
13,4/30/2025,"A. Fussell, M. Marquis",Clewiston Spit,10:40,11:27,Tree at start count: GREG 30/17; ROSP 3/2 - most all are fledglings,CS27,No,TRHE,Occupied,,,2,,,,,,,,,,
13,4/30/2025,"A. Fussell, M. Marquis",Clewiston Spit,10:40,11:27,Tree at start count: GREG 30/17; ROSP 3/2 - most all are fledglings,CS28,No,SNEG,Empty,,,,,,,,,,,,,
13,4/30/2025,"A. Fussell, M. Marquis",Clewiston Spit,10:40,11:27,Tree at start count: GREG 30/17; ROSP 3/2 - most all are fledglings,CS29,No,SNEG,Occupied,,,3,,,,,,,,,,
13,4/30/2025,"A. Fussell, M. Marquis",Clewiston Spit,10:40,11:27,Tree at start count: GREG 30/17; ROSP 3/2 - most all are fledglings,CS30,No,SNEG,Empty,,,,,,,,,,,,,
13,4/30/2025,"A. Fussell, M. Marquis",Clewiston Spit,10:40,11:27,Tree at start count: GREG 30/17; ROSP 3/2 - most all are fledglings,CS31,No,SNEG,Empty,,,,,1,,,,,,,,
13,4/30/2025,"A. Fussell, M. Marquis",Clewiston Spit,10:40,11:27,Tree at start count: GREG 30/17; ROSP 3/2 - most all are fledglings,CS32,No,SNEG,Empty,,,,,1,,,,,,,,
13,4/30/2025,"A. Fussell, M. Marquis",Clewiston Spit,10:40,11:27,Tree at start count: GREG 30/17; ROSP 3/2 - most all are fledglings,CS33,No,SNEG,Empty,,,,,1,,,,,,,,
13,4/30/2025,"A. Fussell, M. Marquis",Clewiston Spit,10:40,11:27,Tree at start count: GREG 30/17; ROSP 3/2 - most all are fledglings,CS34,No,SNEG,Empty,,,,,,,,,,,,,
13,4/30/2025,"A. Fussell, M. Marquis",Clewiston Spit,10:40,11:27,Tree at start count: GREG 30/17; ROSP 3/2 - most all are fledglings,CS35,No,SNEG,Occupied,,3,,,,,,,,,,,
13,4/30/2025,"A. Fussell, M. Marquis",Clewiston Spit,10:40,11:27,Tree at start count: GREG 30/17; ROSP 3/2 - most all are fledglings,CS36,No,SNEG,Empty,,,,,,,,,,,,,
13,4/30/2025,"A. Fussell, M. Marquis",Clewiston Spit,10:40,11:27,Tree at start count: GREG 30/17; ROSP 3/2 - most all are fledglings,CS37,No,GREG,Empty,,,,,,,,,,,,,
13,4/30/2025,"A. Fussell, M. Marquis",Clewiston Spit,10:40,11:27,Tree at start count: GREG 30/17; ROSP 3/2 - most all are fledglings,CS38,No,GREG,Occupied,,,1,,,,,,,,,,
13,4/30/2025,"A. Fussell, M. Marquis",Clewiston Spit,10:40,11:27,Tree at start count: GREG 30/17; ROSP 3/2 - most all are fledglings,CS39,No,GREG,Empty,,,,,,,,,,,,,
13,4/30/2025,"A. Fussell, M. Marquis",Clewiston Spit,10:40,11:27,Tree at start count: GREG 30/17; ROSP 3/2 - most all are fledglings,CS40,No,SNEG,Empty,,,,,,,,,,,,,
13,4/30/2025,"A. Fussell, M. Marquis",Clewiston Spit,10:40,11:27,Tree at start count: GREG 30/17; ROSP 3/2 - most all are fledglings,CS41,No,SNEG,Occupied,,,2,,,,,,,,,,
13,4/30/2025,"A. Fussell, M. Marquis",Clewiston Spit,10:40,11:27,Tree at start count: GREG 30/17; ROSP 3/2 - most all are fledglings,CS42,No,SNEG,Occupied,1,,,,,,,,,,,,
13,4/30/2025,"A. Fussell, M. Marquis",Clewiston Spit,10:40,11:27,Tree at start count: GREG 30/17; ROSP 3/2 - most all are fledglings,CS43,No,SNEG,Occupied,,4,,,,,,,,,,,
13,4/30/2025,"A. Fussell, M. Marquis",Clewiston Spit,10:40,11:27,Tree at start count: GREG 30/17; ROSP 3/2 - most all are fledglings,CS44,No,GREG,Empty,,,,,,,,,,,,,
13,4/30/2025,"A. Fussell, M. Marquis",Clewiston Spit,10:40,11:27,Tree at start count: GREG 30/17; ROSP 3/2 - most all are fledglings,CS45,No,GREG,Empty,,,,,,,,,,,,,
13,4/30/2025,"A. Fussell, M. Marquis",Clewiston Spit,10:40,11:27,Tree at start count: GREG 30/17; ROSP 3/2 - most all are fledglings,CS46,No,SNEG,Empty,,,,,,,,,,,,,
13,4/30/2025,"A. Fussell, M. Marquis",Clewiston Spit,10:40,11:27,Tree at start count: GREG 30/17; ROSP 3/2 - most all are fledglings,CS47,No,SNEG,Empty,,,,,,,,,,,,,
13,4/30/2025,"A. Fussell, M. Marquis",Clewiston Spit,10:40,11:27,Tree at start count: GREG 30/17; ROSP 3/2 - most all are fledglings,CS48,No,GREG,Empty,,,,,,,,,,,,,
13,4/30/2025,"A. Fussell, M. Marquis",Clewiston Spit,10:40,11:27,Tree at start count: GREG 30/17; ROSP 3/2 - most all are fledglings,CS49,No,SNEG,Empty,,,,,1,,,,,,,,
13,4/30/2025,"A. Fussell, M. Marquis",Clewiston Spit,10:40,11:27,Tree at start count: GREG 30/17; ROSP 3/2 - most all are fledglings,CS50,No,GREG,Occupied,,,3,,,,,,,,,,
13,4/30/2025,"A. Fussell, M. Marquis",Clewiston Spit,10:40,11:27,Tree at start count: GREG 30/17; ROSP 3/2 - most all are fledglings,CS51,No,SNEG,Occupied,3,1,,,,,,,,,,,
13,4/30/2025,"A. Fussell, M. Marquis",Clewiston Spit,10:40,11:27,Tree at start count: GREG 30/17; ROSP 3/2 - most all are fledglings,CS52,No,UNKN,Empty,,,,,,,,,,,,,
14,5/1/2025,"A. Fussell, J. Mulling",Moonshine Bay,9:11,10:00,,MB1,No,WHIB,Occupied,3,,,,,,,,,,,,
14,5/1/2025,"A. Fussell, J. Mulling",Moonshine Bay,9:11,10:00,,MB2,No,WHIB,Occupied,,3,,,,,,,,,,,
14,5/1/2025,"A. Fussell, J. Mulling",Moonshine Bay,9:11,10:00,,MB3,No,WHIB,Occupied,3,,,,,,,,,,,,
14,5/1/2025,"A. Fussell, J. Mulling",Moonshine Bay,9:11,10:00,,MB4,No,WHIB,Occupied,,4,,,,,,,,,,,
14,5/1/2025,"A. Fussell, J. Mulling",Moonshine Bay,9:11,10:00,,MB5,No,WHIB,Occupied,,2,,,,,,,,,,,
14,5/1/2025,"A. Fussell, J. Mulling",Moonshine Bay,9:11,10:00,,MB6,No,GLIB,Occupied,4,,,,,,,,,,,,
14,5/1/2025,"A. Fussell, J. Mulling",Moonshine Bay,9:11,10:00,,MB7,No,WHIB,Occupied,3,,,,,,,,,,,,
14,5/1/2025,"A. Fussell, J. Mulling",Moonshine Bay,9:11,10:00,,MB8,No,WHIB,Destroyed or Gone,,,,,,,,,,,,,
14,5/1/2025,"A. Fussell, J. Mulling",Moonshine Bay,9:11,10:00,,MB9,No,WHIB,Empty,,,,,,,,,,,,,
14,5/1/2025,"A. Fussell, J. Mulling",Moonshine Bay,9:11,10:00,,MB10,No,WHIB,Empty,,,,,2,,,,,,,,
14,5/1/2025,"A. Fussell, J. Mulling",Moonshine Bay,9:11,10:00,,MB11,No,WHIB,Destroyed or Gone,,,,,,,,,,,,,
14,5/1/2025,"A. Fussell, J. Mulling",Moonshine Bay,9:11,10:00,,MB12,No,WHIB,Occupied,,2,,,,,,,,,,,
14,5/1/2025,"A. Fussell, J. Mulling",Moonshine Bay,9:11,10:00,,MB13,No,WHIB,Destroyed or Gone,,,,,,,,,,,,,
14,5/1/2025,"A. Fussell, J. Mulling",Moonshine Bay,9:11,10:00,,MB14,No,WHIB,Occupied,,2,,,,,,,,,,,
14,5/1/2025,"A. Fussell, J. Mulling",Moonshine Bay,9:11,10:00,,MB15,No,WHIB,Destroyed or Gone,,,,,,,,,,,,,
14,5/1/2025,"A. Fussell, J. Mulling",Moonshine Bay,9:11,10:00,,MB16,No,WHIB,Empty,,,,,,,,,,,,,
14,5/1/2025,"A. Fussell, J. Mulling",Moonshine Bay,9:11,10:00,,MB17,No,WHIB,Occupied,3,,,,,,,,,,,,
14,5/1/2025,"A. Fussell, J. Mulling",Moonshine Bay,9:11,10:00,,MB18,No,WHIB,Destroyed or Gone,,,,,,,,,,,,,
14,5/1/2025,"A. Fussell, J. Mulling",Moonshine Bay,9:11,10:00,,MB19,No,WHIB,Occupied,1,2,,,,,,,,,,,
14,5/1/2025,"A. Fussell, J. Mulling",Moonshine Bay,9:11,10:00,,MB20,No,WHIB,Occupied,2,,,,,,,,,,,,
14,5/1/2025,"A. Fussell, J. Mulling",Moonshine Bay,9:11,10:00,,MB21,No,WHIB,Occupied,1,2,,,,,,,,,,,
14,5/1/2025,"A. Fussell, J. Mulling",Moonshine Bay,9:11,10:00,,MB22,No,WHIB,Destroyed or Gone,,,,,,,,,,,,,
14,5/1/2025,"A. Fussell, J. Mulling",Moonshine Bay,9:11,10:00,,MB23,No,WHIB,Occupied,3,,,,,,,,,,,,
14,5/1/2025,"A. Fussell, J. Mulling",Moonshine Bay,9:11,10:00,,MB24,No,WHIB,Occupied,1,1,,,,,,,,,,,
14,5/1/2025,"A. Fussell, J. Mulling",Moonshine Bay,9:11,10:00,,MB25,No,WHIB,Occupied,,1,,,,,,,,,,,
14,5/1/2025,"A. Fussell, J. Mulling",Moonshine Bay,9:11,10:00,,MB26,No,WHIB,Occupied,,2,,,,,,,,,,,
14,5/1/2025,"A. Fussell, J. Mulling",Moonshine Bay,9:11,10:00,,MB27,No,WHIB,Destroyed or Gone,,,,,,,,,,,,,
14,5/1/2025,"A. Fussell, J. Mulling",Moonshine Bay,9:11,10:00,,MB28,No,WHIB,Destroyed or Gone,,,,,,,,,,,,,
14,5/1/2025,"A. Fussell, J. Mulling",Moonshine Bay,9:11,10:00,,MB29,No,WHIB,Occupied,3,,,,,,,,,,,,
14,5/1/2025,"A. Fussell, J. Mulling",Moonshine Bay,9:11,10:00,,MB30,No,WHIB,Occupied,1,,,,,,,,,,,,
14,5/1/2025,"A. Fussell, J. Mulling",Moonshine Bay,9:11,10:00,,MB31,No,WHIB,Destroyed or Gone,,,,,,,,,,,,,
14,5/1/2025,"A. Fussell, J. Mulling",Moonshine Bay,9:11,10:00,,MB32,No,GLIB,Occupied,2,1,,,,,,,,,,,
14,5/1/2025,"A. Fussell, J. Mulling",Moonshine Bay,9:11,10:00,,MB33,No,WHIB,Occupied,2,,,,,,,,,,,,
14,5/1/2025,"A. Fussell, J. Mulling",Moonshine Bay,9:11,10:00,,MB34,No,WHIB,Destroyed or Gone,,,,,,,,,,,,,
14,5/1/2025,"A. Fussell, J. Mulling",Moonshine Bay,9:11,10:00,,MB35,No,WHIB,Occupied,2,1,,,,,,,,,,,
14,5/1/2025,"A. Fussell, J. Mulling",Moonshine Bay,9:11,10:00,,MB36,No,GLIB,Destroyed or Gone,,,,,,,,,,,,,
14,5/1/2025,"A. Fussell, J. Mulling",Moonshine Bay,9:11,10:00,,MB37,No,WHIB,Occupied,2,1,,,,,,,,,,,
14,5/1/2025,"A. Fussell, J. Mulling",Moonshine Bay,9:11,10:00,,MB38,No,WHIB,Destroyed or Gone,,,,,,,,,,,,,
14,5/1/2025,"A. Fussell, J. Mulling",Moonshine Bay,9:11,10:00,,MB39,No,WHIB,Destroyed or Gone,,,,,,,,,,,,,
14,5/1/2025,"A. Fussell, J. Mulling",Moonshine Bay,9:11,10:00,,MB40,No,WHIB,Destroyed or Gone,,,,,,,,,,,,,
14,5/1/2025,"A. Fussell, J. Mulling",Moonshine Bay,9:11,10:00,,MB41,No,WHIB,Destroyed or Gone,,,,,,,,,,,,,
14,5/1/2025,"A. Fussell, J. Mulling",Moonshine Bay,9:11,10:00,,MB42,No,GLIB,Occupied,2,1,,,,,,,,,,,
14,5/1/2025,"A. Fussell, J. Mulling",Moonshine Bay,9:11,10:00,,MB43,No,WHIB,Destroyed or Gone,,,,,,,,,,,,,
14,5/1/2025,"A. Fussell, J. Mulling",Moonshine Bay,9:11,10:00,,MB44,No,WHIB,Occupied,1,2,,,,,,,,,,,
14,5/1/2025,"A. Fussell, J. Mulling",Moonshine Bay,9:11,10:00,,MB45,No,WHIB,Occupied,2,,,,,,,,,,,,
14,5/1/2025,"A. Fussell, J. Mulling",Moonshine Bay,9:11,10:00,,MB46,No,GLIB,Occupied,2,,,,,,,,,,,,
14,5/1/2025,"A. Fussell, J. Mulling",Moonshine Bay,9:11,10:00,,MB47,No,GLIB,Occupied,1,2,,,,,,,,,,,
14,5/1/2025,"A. Fussell, J. Mulling",Moonshine Bay,9:11,10:00,,MB48,No,WHIB,Occupied,,1,,1,,,,,,,,,
14,5/1/2025,"A. Fussell, J. Mulling",Moonshine Bay,9:11,10:00,,MB49,No,WHIB,Occupied,2,1,,,,,,,,,,,
14,5/1/2025,"A. Fussell, J. Mulling",Moonshine Bay,9:11,10:00,,MB50,No,WHIB,Occupied,,2,,,,,,,,,,,
15,5/6/2025,"A. Fussell, Volunteer",Rock Islands,9:35,11:10,Volunteers are Enesto Alwaiez and Gabrella De La Fe; first transect started at 9:35 and finished at 10:28,RI1,No,TRHE,Empty,,,,,,,,,,,,,
15,5/6/2025,"A. Fussell, Volunteer",Rock Islands,9:35,11:10,Volunteers are Enesto Alwaiez and Gabrella De La Fe; first transect started at 9:35 and finished at 10:28,RI2,No,GLIB,Occupied,1,3,,,,,,,,,,,
15,5/6/2025,"A. Fussell, Volunteer",Rock Islands,9:35,11:10,Volunteers are Enesto Alwaiez and Gabrella De La Fe; first transect started at 9:35 and finished at 10:28,RI3,No,SNEG,Destroyed or Gone,,,,,,,,,,,,,
15,5/6/2025,"A. Fussell, Volunteer",Rock Islands,9:35,11:10,Volunteers are Enesto Alwaiez and Gabrella De La Fe; first transect started at 9:35 and finished at 10:28,RI4,No,SNEG,Destroyed or Gone,,,,,,,,,,,,,
15,5/6/2025,"A. Fussell, Volunteer",Rock Islands,9:35,11:10,Volunteers are Enesto Alwaiez and Gabrella De La Fe; first transect started at 9:35 and finished at 10:28,RI5,No,SNEG,Occupied,,,3,,,,,,,,,,
15,5/6/2025,"A. Fussell, Volunteer",Rock Islands,9:35,11:10,Volunteers are Enesto Alwaiez and Gabrella De La Fe; first transect started at 9:35 and finished at 10:28,RI6,No,SMWT,Destroyed or Gone,,,,,,,,,,,,,
15,5/6/2025,"A. Fussell, Volunteer",Rock Islands,9:35,11:10,Volunteers are Enesto Alwaiez and Gabrella De La Fe; first transect started at 9:35 and finished at 10:28,RI7,No,SNEG,Occupied,,,2,,,,,,,,,,
15,5/6/2025,"A. Fussell, Volunteer",Rock Islands,9:35,11:10,Volunteers are Enesto Alwaiez and Gabrella De La Fe; first transect started at 9:35 and finished at 10:28,RI8,No,ANHI,Destroyed or Gone,,,,,,,,,,,,,
15,5/6/2025,"A. Fussell, Volunteer",Rock Islands,9:35,11:10,Volunteers are Enesto Alwaiez and Gabrella De La Fe; first transect started at 9:35 and finished at 10:28,RI9,No,ROSP,Destroyed or Gone,,,,,,,,,,,,,
15,5/6/2025,"A. Fussell, Volunteer",Rock Islands,9:35,11:10,Volunteers are Enesto Alwaiez and Gabrella De La Fe; first transect started at 9:35 and finished at 10:28,RI10,No,ROSP,Occupied,,,3,,,,,,,,,,
15,5/6/2025,"A. Fussell, Volunteer",Rock Islands,9:35,11:10,Volunteers are Enesto Alwaiez and Gabrella De La Fe; first transect started at 9:35 and finished at 10:28,RI11,No,GLIB,Occupied,5,,,,,,,,,,,,
15,5/6/2025,"A. Fussell, Volunteer",Rock Islands,9:35,11:10,Volunteers are Enesto Alwaiez and Gabrella De La Fe; first transect started at 9:35 and finished at 10:28,RI12,No,TRHE,Destroyed or Gone,,,,,,,,,,,,,
15,5/6/2025,"A. Fussell, Volunteer",Rock Islands,9:35,11:10,Volunteers are Enesto Alwaiez and Gabrella De La Fe; first transect started at 9:35 and finished at 10:28,RI13,No,GREG,Empty,,,,,,,,,,,,,
15,5/6/2025,"A. Fussell, Volunteer",Rock Islands,9:35,11:10,Volunteers are Enesto Alwaiez and Gabrella De La Fe; first transect started at 9:35 and finished at 10:28,RI14,No,SNEG,Occupied,,3,,,,,,,,,,,
15,5/6/2025,"A. Fussell, Volunteer",Rock Islands,9:35,11:10,Volunteers are Enesto Alwaiez and Gabrella De La Fe; first transect started at 9:35 and finished at 10:28,RI15,No,GLIB,Occupied,3,,,,,,,,,,,,
15,5/6/2025,"A. Fussell, Volunteer",Rock Islands,9:35,11:10,Volunteers are Enesto Alwaiez and Gabrella De La Fe; first transect started at 9:35 and finished at 10:28,RI16,No,SNEG,Occupied,,,2,,,,,,,,,,
15,5/6/2025,"A. Fussell, Volunteer",Rock Islands,9:35,11:10,Volunteers are Enesto Alwaiez and Gabrella De La Fe; first transect started at 9:35 and finished at 10:28,RI17,No,ROSP,Destroyed or Gone,,,,,,,,,,,,,
15,5/6/2025,"A. Fussell, Volunteer",Rock Islands,9:35,11:10,Volunteers are Enesto Alwaiez and Gabrella De La Fe; first transect started at 9:35 and finished at 10:28,RI18,No,ROSP,Destroyed or Gone,,,,,,,,,,,,,
15,5/6/2025,"A. Fussell, Volunteer",Rock Islands,9:35,11:10,Volunteers are Enesto Alwaiez and Gabrella De La Fe; first transect started at 9:35 and finished at 10:28,RI19,No,SNEG,Destroyed or Gone,,,,,,,,,,,,,
15,5/6/2025,"A. Fussell, Volunteer",Rock Islands,9:35,11:10,Volunteers are Enesto Alwaiez and Gabrella De La Fe; first transect started at 9:35 and finished at 10:28,RI20,No,SNEG,Empty,,,,,,,,,,,,,
15,5/6/2025,"A. Fussell, Volunteer",Rock Islands,9:35,11:10,Volunteers are Enesto Alwaiez and Gabrella De La Fe; first transect started at 9:35 and finished at 10:28,RI21,No,CAEG,Occupied,1,,,,,,,,,,,,
15,5/6/2025,"A. Fussell, Volunteer",Rock Islands,9:35,11:10,Volunteers are Enesto Alwaiez and Gabrella De La Fe; first transect started at 9:35 and finished at 10:28,RI22,No,GREG,Empty,,,,,,,,,,,,,
15,5/6/2025,"A. Fussell, Volunteer",Rock Islands,9:35,11:10,Volunteers are Enesto Alwaiez and Gabrella De La Fe; first transect started at 9:35 and finished at 10:28,RI23,No,ANHI,Occupied,,,1,,,,,,,,,,
15,5/6/2025,"A. Fussell, Volunteer",Rock Islands,9:35,11:10,Volunteers are Enesto Alwaiez and Gabrella De La Fe; first transect started at 9:35 and finished at 10:28,RI24,No,SNEG,Empty,,,,,,,,,,,,,
15,5/6/2025,"A. Fussell, Volunteer",Rock Islands,9:35,11:10,Volunteers are Enesto Alwaiez and Gabrella De La Fe; first transect started at 9:35 and finished at 10:28,RI25,No,GREG,Empty,,,,,1,,,,,,,,
15,5/6/2025,"A. Fussell, Volunteer",Rock Islands,9:35,11:10,Volunteers are Enesto Alwaiez and Gabrella De La Fe; first transect started at 9:35 and finished at 10:28,RI26,No,GREG,Empty,,,,,,,,,,,,,
15,5/6/2025,"A. Fussell, Volunteer",Rock Islands,9:35,11:10,Volunteers are Enesto Alwaiez and Gabrella De La Fe; first transect started at 9:35 and finished at 10:28,RI27,No,GLIB,Occupied,1,2,,,,,,,,,,,
15,5/6/2025,"A. Fussell, Volunteer",Rock Islands,9:35,11:10,Volunteers are Enesto Alwaiez and Gabrella De La Fe; first transect started at 9:35 and finished at 10:28,RI28,No,SNEG,Destroyed or Gone,,,,,,,,,,,,,
15,5/6/2025,"A. Fussell, Volunteer",Rock Islands,9:35,11:10,Volunteers are Enesto Alwaiez and Gabrella De La Fe; first transect started at 9:35 and finished at 10:28,RI29,No,SNEG,Empty,,,,,,,,,,,,,
15,5/6/2025,"A. Fussell, Volunteer",Rock Islands,9:35,11:10,Volunteers are Enesto Alwaiez and Gabrella De La Fe; first transect started at 9:35 and finished at 10:28,RI30,No,TRHE,Empty,,,2,,1,,,,,,,,
15,5/6/2025,"A. Fussell, Volunteer",Rock Islands,9:35,11:10,Volunteers are Enesto Alwaiez and Gabrella De La Fe; first transect started at 9:35 and finished at 10:28,RI31,No,TRHE,Empty,,,,,,,,,,,,,
15,5/6/2025,"A. Fussell, Volunteer",Rock Islands,9:35,11:10,Volunteers are Enesto Alwaiez and Gabrella De La Fe; first transect started at 9:35 and finished at 10:28,RI32,No,ANHI,Destroyed or Gone,,,,,,,,,,,,,
15,5/6/2025,"A. Fussell, Volunteer",Rock Islands,9:35,11:10,Volunteers are Enesto Alwaiez and Gabrella De La Fe; first transect started at 9:35 and finished at 10:28,RI33,No,GREG,Empty,,,,,,,,,,,,,
15,5/6/2025,"A. Fussell, Volunteer",Rock Islands,9:35,11:10,Volunteers are Enesto Alwaiez and Gabrella De La Fe; first transect started at 9:35 and finished at 10:28,RI34,No,GREG,Empty,,,,,,,,,,,,,
15,5/6/2025,"A. Fussell, Volunteer",Rock Islands,9:35,11:10,Volunteers are Enesto Alwaiez and Gabrella De La Fe; first transect started at 9:35 and finished at 10:28,RI35,No,GREG,Empty,,,,,,,,,,,,,
15,5/6/2025,"A. Fussell, Volunteer",Rock Islands,9:35,11:10,Volunteers are Enesto Alwaiez and Gabrella De La Fe; first transect started at 9:35 and finished at 10:28,RI36,No,TRHE,Empty,,,,,,,,,,,,,
15,5/6/2025,"A. Fussell, Volunteer",Rock Islands,9:35,11:10,Volunteers are Enesto Alwaiez and Gabrella De La Fe; first transect started at 9:35 and finished at 10:28,RI37,No,SNEG,Occupied,1,2,,,,,,,,,,,
15,5/6/2025,"A. Fussell, Volunteer",Rock Islands,9:35,11:10,Volunteers are Enesto Alwaiez and Gabrella De La Fe; first transect started at 9:35 and finished at 10:28,RI38,No,TRHE,Occupied,,,2,,,,,,,,,,
15,5/6/2025,"A. Fussell, Volunteer",Rock Islands,9:35,11:10,Volunteers are Enesto Alwaiez and Gabrella De La Fe; first transect started at 9:35 and finished at 10:28,RI39,No,SNEG,Occupied,1,2,,,,,,,,,,,
15,5/6/2025,"A. Fussell, Volunteer",Rock Islands,9:35,11:10,Volunteers are Enesto Alwaiez and Gabrella De La Fe; first transect started at 9:35 and finished at 10:28,RI40,No,SNEG,Occupied,,3,,,,,,,,,,,
15,5/6/2025,"A. Fussell, Volunteer",Rock Islands,9:35,11:10,Volunteers are Enesto Alwaiez and Gabrella De La Fe; first transect started at 9:35 and finished at 10:28,RI41,No,TRHE,Occupied,,,1,,1,,,,,,,,
15,5/6/2025,"A. Fussell, Volunteer",Rock Islands,9:35,11:10,Volunteers are Enesto Alwaiez and Gabrella De La Fe; first transect started at 9:35 and finished at 10:28,RI42,No,SNEG,Occupied,,,3,,,,,,,,,,
15,5/6/2025,"A. Fussell, Volunteer",Rock Islands,9:35,11:10,Volunteers are Enesto Alwaiez and Gabrella De La Fe; first transect started at 9:35 and finished at 10:28,RI43,No,SNEG,Empty,,,,,,,,,,,,,
15,5/6/2025,"A. Fussell, Volunteer",Rock Islands,9:35,11:10,Volunteers are Enesto Alwaiez and Gabrella De La Fe; first transect started at 9:35 and finished at 10:28,RI44,No,GLIB,Occupied,1,1,,,,,,,,,,,
15,5/6/2025,"A. Fussell, Volunteer",Rock Islands,9:35,11:10,Volunteers are Enesto Alwaiez and Gabrella De La Fe; first transect started at 9:35 and finished at 10:28,RI45,No,GREG,Empty,,,,,,,,,,,,,
15,5/6/2025,"A. Fussell, Volunteer",Rock Islands,9:35,11:10,Volunteers are Enesto Alwaiez and Gabrella De La Fe; first transect started at 9:35 and finished at 10:28,RI46,No,SNEG,Empty,,,,,,,,,,,,,
15,5/6/2025,"A. Fussell, Volunteer",Rock Islands,9:35,11:10,Volunteers are Enesto Alwaiez and Gabrella De La Fe; first transect started at 9:35 and finished at 10:28,RI47,No,SNEG,Destroyed or Gone,,,,,,,,,,,,,
15,5/6/2025,"A. Fussell, Volunteer",Rock Islands,9:35,11:10,Volunteers are Enesto Alwaiez and Gabrella De La Fe; first transect started at 9:35 and finished at 10:28,RI48,No,SNEG,Empty,,,,,,,,,,,,,
15,5/6/2025,"A. Fussell, Volunteer",Rock Islands,9:35,11:10,Volunteers are Enesto Alwaiez and Gabrella De La Fe; first transect started at 9:35 and finished at 10:28,RI49,No,GREG,Empty,,,,,,,,,,,,,
15,5/6/2025,"A. Fussell, Volunteer",Rock Islands,9:35,11:10,Volunteers are Enesto Alwaiez and Gabrella De La Fe; first transect started at 9:35 and finished at 10:28,RI50,No,GLIB,Empty,,,,,,,,,,,,,
15,5/6/2025,"A. Fussell, Volunteer",Rock Islands,9:35,11:10,Volunteers are Enesto Alwaiez and Gabrella De La Fe; first transect started at 9:35 and finished at 10:28,RI2-1,No,ROSP,Empty,,,,,,,,,,,,,
15,5/6/2025,"A. Fussell, Volunteer",Rock Islands,9:35,11:10,Volunteers are Enesto Alwaiez and Gabrella De La Fe; first transect started at 9:35 and finished at 10:28,RI2-2,No,TRHE,Occupied,,,2,,,,,,,,,,
15,5/6/2025,"A. Fussell, Volunteer",Rock Islands,9:35,11:10,Volunteers are Enesto Alwaiez and Gabrella De La Fe; first transect started at 9:35 and finished at 10:28,RI2-3,No,SNEG,Occupied,,,3,,,,,,,,,,
15,5/6/2025,"A. Fussell, Volunteer",Rock Islands,9:35,11:10,Volunteers are Enesto Alwaiez and Gabrella De La Fe; first transect started at 9:35 and finished at 10:28,RI2-4,No,SNEG,Empty,,,,,,,,,,,,,
15,5/6/2025,"A. Fussell, Volunteer",Rock Islands,9:35,11:10,Volunteers are Enesto Alwaiez and Gabrella De La Fe; first transect started at 9:35 and finished at 10:28,RI2-5,No,TRHE,Occupied,,,2,,,,,,,,,,
15,5/6/2025,"A. Fussell, Volunteer",Rock Islands,9:35,11:10,Volunteers are Enesto Alwaiez and Gabrella De La Fe; first transect started at 9:35 and finished at 10:28,RI2-6,No,SNEG,Occupied,2,,,,,,,,,,,,
15,5/6/2025,"A. Fussell, Volunteer",Rock Islands,9:35,11:10,Volunteers are Enesto Alwaiez and Gabrella De La Fe; first transect started at 9:35 and finished at 10:28,RI2-7,No,CAEG,Occupied,3,,,,,,,,,,,,
15,5/6/2025,"A. Fussell, Volunteer",Rock Islands,9:35,11:10,Volunteers are Enesto Alwaiez and Gabrella De La Fe; first transect started at 9:35 and finished at 10:28,RI2-8,No,SNEG,Empty,,,,,,,,,,,,,
15,5/6/2025,"A. Fussell, Volunteer",Rock Islands,9:35,11:10,Volunteers are Enesto Alwaiez and Gabrella De La Fe; first transect started at 9:35 and finished at 10:28,RI2-9,No,SNEG,Occupied,,,3,,,,,,,,,,
15,5/6/2025,"A. Fussell, Volunteer",Rock Islands,9:35,11:10,Volunteers are Enesto Alwaiez and Gabrella De La Fe; first transect started at 9:35 and finished at 10:28,RI2-10,No,SNEG,Destroyed or Gone,,,,,,,,,,,,,
15,5/6/2025,"A. Fussell, Volunteer",Rock Islands,9:35,11:10,Volunteers are Enesto Alwaiez and Gabrella De La Fe; first transect started at 9:35 and finished at 10:28,RI2-11,No,TRHE,Empty,,,,,,,,,,,,,
15,5/6/2025,"A. Fussell, Volunteer",Rock Islands,9:35,11:10,Volunteers are Enesto Alwaiez and Gabrella De La Fe; first transect started at 9:35 and finished at 10:28,RI2-12,No,CAEG,Occupied,3,,,,,,,,,,,,
15,5/6/2025,"A. Fussell, Volunteer",Rock Islands,9:35,11:10,Volunteers are Enesto Alwaiez and Gabrella De La Fe; first transect started at 9:35 and finished at 10:28,RI2-13,No,TRHE,Empty,,,,,,,,,,,,,
15,5/6/2025,"A. Fussell, Volunteer",Rock Islands,9:35,11:10,Volunteers are Enesto Alwaiez and Gabrella De La Fe; first transect started at 9:35 and finished at 10:28,RI2-14,No,SNEG,Empty,,,,,,,,,,,,,
15,5/6/2025,"A. Fussell, Volunteer",Rock Islands,9:35,11:10,Volunteers are Enesto Alwaiez and Gabrella De La Fe; first transect started at 9:35 and finished at 10:28,RI2-15,No,SNEG,Empty,,,,,,,,,,,,,
15,5/6/2025,"A. Fussell, Volunteer",Rock Islands,9:35,11:10,Volunteers are Enesto Alwaiez and Gabrella De La Fe; first transect started at 9:35 and finished at 10:28,RI2-16,No,TRHE,Empty,,,,,,,,,,,,,
15,5/6/2025,"A. Fussell, Volunteer",Rock Islands,9:35,11:10,Volunteers are Enesto Alwaiez and Gabrella De La Fe; first transect started at 9:35 and finished at 10:28,RI2-17,No,SNEG,Occupied,3,,,,,,,,,,,,
15,5/6/2025,"A. Fussell, Volunteer",Rock Islands,9:35,11:10,Volunteers are Enesto Alwaiez and Gabrella De La Fe; first transect started at 9:35 and finished at 10:28,RI2-18,No,SNEG,Destroyed or Gone,,,,,,,,,,,,,
15,5/6/2025,"A. Fussell, Volunteer",Rock Islands,9:35,11:10,Volunteers are Enesto Alwaiez and Gabrella De La Fe; first transect started at 9:35 and finished at 10:28,RI2-19,No,SNEG,Occupied,,,3,,,,,,,,,,
15,5/6/2025,"A. Fussell, Volunteer",Rock Islands,9:35,11:10,Volunteers are Enesto Alwaiez and Gabrella De La Fe; first transect started at 9:35 and finished at 10:28,RI2-20,No,SNEG,Occupied,,,1,,,,,,,,,,
15,5/6/2025,"A. Fussell, Volunteer",Rock Islands,9:35,11:10,Volunteers are Enesto Alwaiez and Gabrella De La Fe; first transect started at 9:35 and finished at 10:28,RI2-21,No,ROSP,Occupied,3,1,,,,,,,,,,,
15,5/6/2025,"A. Fussell, Volunteer",Rock Islands,9:35,11:10,Volunteers are Enesto Alwaiez and Gabrella De La Fe; first transect started at 9:35 and finished at 10:28,RI2-22,No,SNEG,Occupied,,3,,,,,,,,,,,
15,5/6/2025,"A. Fussell, Volunteer",Rock Islands,9:35,11:10,Volunteers are Enesto Alwaiez and Gabrella De La Fe; first transect started at 9:35 and finished at 10:28,RI2-23,No,SNEG,Occupied,2,,,,,,,,,,,,
15,5/6/2025,"A. Fussell, Volunteer",Rock Islands,9:35,11:10,Volunteers are Enesto Alwaiez and Gabrella De La Fe; first transect started at 9:35 and finished at 10:28,RI2-24,No,SNEG,Occupied,3,,,,,,,,,,,,
15,5/6/2025,"A. Fussell, Volunteer",Rock Islands,9:35,11:10,Volunteers are Enesto Alwaiez and Gabrella De La Fe; first transect started at 9:35 and finished at 10:28,RI2-25,No,SNEG,Occupied,3,,,,,,,,,,,,
15,5/6/2025,"A. Fussell, Volunteer",Rock Islands,9:35,11:10,Volunteers are Enesto Alwaiez and Gabrella De La Fe; first transect started at 9:35 and finished at 10:28,RI2-26,No,TRHE,Occupied,,,2,,,,,,,,,,
15,5/6/2025,"A. Fussell, Volunteer",Rock Islands,9:35,11:10,Volunteers are Enesto Alwaiez and Gabrella De La Fe; first transect started at 9:35 and finished at 10:28,RI2-27,No,SNEG,Occupied,,,3,,,,,,,,,,
15,5/6/2025,"A. Fussell, Volunteer",Rock Islands,9:35,11:10,Volunteers are Enesto Alwaiez and Gabrella De La Fe; first transect started at 9:35 and finished at 10:28,RI2-28,No,SNEG,Destroyed or Gone,,,,,,,,,,,,,
15,5/6/2025,"A. Fussell, Volunteer",Rock Islands,9:35,11:10,Volunteers are Enesto Alwaiez and Gabrella De La Fe; first transect started at 9:35 and finished at 10:28,RI2-29,No,TRHE,Empty,,,,,,,,,,,,,
15,5/6/2025,"A. Fussell, Volunteer",Rock Islands,9:35,11:10,Volunteers are Enesto Alwaiez and Gabrella De La Fe; first transect started at 9:35 and finished at 10:28,RI2-30,No,GLIB,Occupied,3,,,,,,,,,,,,
15,5/6/2025,"A. Fussell, Volunteer",Rock Islands,9:35,11:10,Volunteers are Enesto Alwaiez and Gabrella De La Fe; first transect started at 9:35 and finished at 10:28,RI2-31,No,SNEG,Occupied,1,1,,,,,,,,,,,
16,5/7/2025,"A. Fussell, J. Mulling",Little Bear Beach,8:55,9:32,,LBB1,No,TRHE,Occupied,,,2,,,,,,,,,,
16,5/7/2025,"A. Fussell, J. Mulling",Little Bear Beach,8:55,9:32,,LBB2,No,WHIB,Empty,,,,,2,,,,,,,,
16,5/7/2025,"A. Fussell, J. Mulling",Little Bear Beach,8:55,9:32,,LBB3,No,WHIB,Empty,,,,,1,,,,,,,,
16,5/7/2025,"A. Fussell, J. Mulling",Little Bear Beach,8:55,9:32,,LBB4,No,WHIB,Empty,,,,1,,,,,,,,,
16,5/7/2025,"A. Fussell, J. Mulling",Little Bear Beach,8:55,9:32,,LBB5,No,WHIB,Empty,,,,,,,,,,,,,
16,5/7/2025,"A. Fussell, J. Mulling",Little Bear Beach,8:55,9:32,,LBB6,No,WHIB,Empty,,,,,,,,,,,,,
16,5/7/2025,"A. Fussell, J. Mulling",Little Bear Beach,8:55,9:32,,LBB7,No,WHIB,Empty,,,,,1,,,,,,,,
16,5/7/2025,"A. Fussell, J. Mulling",Little Bear Beach,8:55,9:32,,LBB8,No,WHIB,Empty,,,,,,,,,,,,,
16,5/7/2025,"A. Fussell, J. Mulling",Little Bear Beach,8:55,9:32,,LBB9,No,TRHE,Empty,,,,,,,,,,,,,
16,5/7/2025,"A. Fussell, J. Mulling",Little Bear Beach,8:55,9:32,,LBB10,No,WHIB,Empty,,,,,,,,,,,,,
16,5/7/2025,"A. Fussell, J. Mulling",Little Bear Beach,8:55,9:32,,LBB11,No,WHIB,Empty,,,,,,,,,,,,,
16,5/7/2025,"A. Fussell, J. Mulling",Little Bear Beach,8:55,9:32,,LBB12,No,SNEG,Occupied,,,1,,,,,,,,,,
16,5/7/2025,"A. Fussell, J. Mulling",Little Bear Beach,8:55,9:32,,LBB13,No,TRHE,Occupied,,,1,,,,,,,,,,
16,5/7/2025,"A. Fussell, J. Mulling",Little Bear Beach,8:55,9:32,,LBB14,No,WHIB,Empty,,,,,,,,,,,,,
16,5/7/2025,"A. Fussell, J. Mulling",Little Bear Beach,8:55,9:32,,LBB15,No,WHIB,Empty,,,,,,,,,,,,,
16,5/7/2025,"A. Fussell, J. Mulling",Little Bear Beach,8:55,9:32,,LBB16,No,WHIB,Empty,,,,,,,,,,,,,
16,5/7/2025,"A. Fussell, J. Mulling",Little Bear Beach,8:55,9:32,,LBB17,No,WHIB,Empty,,,,,,,,,,,,,
16,5/7/2025,"A. Fussell, J. Mulling",Little Bear Beach,8:55,9:32,,LBB18,No,WHIB,Empty,,,,,1,,,,,,,,
16,5/7/2025,"A. Fussell, J. Mulling",Little Bear Beach,8:55,9:32,,LBB19,No,WHIB,Empty,,,,,1,,,,,,,,
16,5/7/2025,"A. Fussell, J. Mulling",Little Bear Beach,8:55,9:32,,LBB20,No,TRHE,Occupied,,,2,,,,,,,,,,
16,5/7/2025,"A. Fussell, J. Mulling",Little Bear Beach,8:55,9:32,,LBB21,No,TRHE,Empty,,,,,1,,,,,,,,
16,5/7/2025,"A. Fussell, J. Mulling",Little Bear Beach,8:55,9:32,,LBB22,No,TRHE,Empty,,,,,,,,,,,,,
16,5/7/2025,"A. Fussell, J. Mulling",Little Bear Beach,8:55,9:32,,LBB23,No,GREG,Occupied,,2,,,1,,,,,,,,
16,5/7/2025,"A. Fussell, J. Mulling",Little Bear Beach,8:55,9:32,,LBB24,No,SNEG,Empty,,,,,,,,,,,,,
16,5/7/2025,"A. Fussell, J. Mulling",Little Bear Beach,8:55,9:32,,LBB25,No,GREG,Occupied,,,1,,,,,,,,,,
16,5/7/2025,"A. Fussell, J. Mulling",Little Bear Beach,8:55,9:32,,LBB26,No,SNEG,Empty,,,,,,,,,,,,,
16,5/7/2025,"A. Fussell, J. Mulling",Little Bear Beach,8:55,9:32,,LBB27,No,SNEG,Empty,,,,,,,,,,,,,
16,5/7/2025,"A. Fussell, J. Mulling",Little Bear Beach,8:55,9:32,,LBB28,No,SNEG,Empty,,,,,,,,,,,,,
16,5/7/2025,"A. Fussell, J. Mulling",Little Bear Beach,8:55,9:32,,LBB29,No,SNEG,Empty,,,,,,,,,,,,,
16,5/7/2025,"A. Fussell, J. Mulling",Little Bear Beach,8:55,9:32,,LBB30,No,SNEG,Empty,,,,,,,,,,,,,
16,5/7/2025,"A. Fussell, J. Mulling",Little Bear Beach,8:55,9:32,,LBB31,No,SNEG,Occupied,,2,,,,,,,,,,,
16,5/7/2025,"A. Fussell, J. Mulling",Little Bear Beach,8:55,9:32,,LBB32,No,TRHE,Occupied,,,2,,,,,,,,,,
16,5/7/2025,"A. Fussell, J. Mulling",Little Bear Beach,8:55,9:32,,LBB33,No,WHIB,Empty,,,,,,,,,,,,,
16,5/7/2025,"A. Fussell, J. Mulling",Little Bear Beach,8:55,9:32,,LBB34,No,WHIB,Empty,,,,,,,,,,,,,
16,5/7/2025,"A. Fussell, J. Mulling",Little Bear Beach,8:55,9:32,,LBB35,No,WHIB,Empty,,,,,,,,,,,,,
16,5/7/2025,"A. Fussell, J. Mulling",Little Bear Beach,8:55,9:32,,LBB36,No,WHIB,Empty,,,,,1,,,,,,,,
16,5/7/2025,"A. Fussell, J. Mulling",Little Bear Beach,8:55,9:32,,LBB37,No,WHIB,Occupied,,,1,,,,,,,,,,
16,5/7/2025,"A. Fussell, J. Mulling",Little Bear Beach,8:55,9:32,,LBB38,No,WHIB,Empty,,,,,,,,,,,,,
16,5/7/2025,"A. Fussell, J. Mulling",Little Bear Beach,8:55,9:32,,LBB39,No,WHIB,Empty,,,,,,,,,,,,,
16,5/7/2025,"A. Fussell, J. Mulling",Little Bear Beach,8:55,9:32,,LBB40,No,WHIB,Empty,,,,,,,,,,,,,
16,5/7/2025,"A. Fussell, J. Mulling",Little Bear Beach,8:55,9:32,,LBB41,No,WHIB,Empty,,,,,,,,,,,,,
16,5/7/2025,"A. Fussell, J. Mulling",Little Bear Beach,8:55,9:32,,LBB42,No,WHIB,Empty,,,,,,,,,,,,,
16,5/7/2025,"A. Fussell, J. Mulling",Little Bear Beach,8:55,9:32,,LBB43,No,WHIB,Occupied,,2,,,,,,,,,,,
16,5/7/2025,"A. Fussell, J. Mulling",Little Bear Beach,8:55,9:32,,LBB44,No,WHIB,Empty,,,,,1,,,,,,,,
16,5/7/2025,"A. Fussell, J. Mulling",Little Bear Beach,8:55,9:32,,LBB45,No,WHIB,Empty,,,,,,,,,,,,,
16,5/7/2025,"A. Fussell, J. Mulling",Little Bear Beach,8:55,9:32,,LBB46,No,WHIB,Empty,,,,,,,,,,,,,
16,5/7/2025,"A. Fussell, J. Mulling",Little Bear Beach,8:55,9:32,,LBB47,No,WHIB,Empty,,,,,,,,,,,,,
16,5/7/2025,"A. Fussell, J. Mulling",Little Bear Beach,8:55,9:32,,LBB48,No,WHIB,Empty,,,,,,,,,,,,,
16,5/7/2025,"A. Fussell, J. Mulling",Little Bear Beach,8:55,9:32,,LBB49,No,WHIB,Empty,,,,,,,,,,,,,
16,5/7/2025,"A. Fussell, J. Mulling",Little Bear Beach,8:55,9:32,,LBB50,No,WHIB,Empty,,,,,,,,,,,,,
16,5/7/2025,"A. Fussell, J. Mulling",Little Bear Beach,8:55,9:32,,LBB51,No,TRHE,Empty,,,,,,,,,,,,,
16,5/7/2025,"A. Fussell, J. Mulling",Little Bear Beach,8:55,9:32,,LBB52,No,WHIB,Empty,,,,,,,,,,,,,
16,5/7/2025,"A. Fussell, J. Mulling",Clewiston Spit,10:30,10:57,"Tree at start count: GREG 40 (25 H), 4 ROSP, 2 ROSP Adult, 2 SNEG A",CS1,No,WHIB,Empty,,,,,,,,,,,,,
16,5/7/2025,"A. Fussell, J. Mulling",Clewiston Spit,10:30,10:57,"Tree at start count: GREG 40 (25 H), 4 ROSP, 2 ROSP Adult, 2 SNEG A",CS2,No,WHIB,Empty,,,,,,,,,,,,,
16,5/7/2025,"A. Fussell, J. Mulling",Clewiston Spit,10:30,10:57,"Tree at start count: GREG 40 (25 H), 4 ROSP, 2 ROSP Adult, 2 SNEG A",CS3,No,SNEG,Empty,,,,,,,,,,,,,
16,5/7/2025,"A. Fussell, J. Mulling",Clewiston Spit,10:30,10:57,"Tree at start count: GREG 40 (25 H), 4 ROSP, 2 ROSP Adult, 2 SNEG A",CS4,No,WHIB,Empty,,,,,,,,,,,,,
16,5/7/2025,"A. Fussell, J. Mulling",Clewiston Spit,10:30,10:57,"Tree at start count: GREG 40 (25 H), 4 ROSP, 2 ROSP Adult, 2 SNEG A",CS5,No,WHIB,Empty,,,,,,,,,,,,,
16,5/7/2025,"A. Fussell, J. Mulling",Clewiston Spit,10:30,10:57,"Tree at start count: GREG 40 (25 H), 4 ROSP, 2 ROSP Adult, 2 SNEG A",CS6,No,WHIB,Empty,,,,,,,,,,,,,
16,5/7/2025,"A. Fussell, J. Mulling",Clewiston Spit,10:30,10:57,"Tree at start count: GREG 40 (25 H), 4 ROSP, 2 ROSP Adult, 2 SNEG A",CS7,No,WHIB,Empty,,,,,,,,,,,,,
16,5/7/2025,"A. Fussell, J. Mulling",Clewiston Spit,10:30,10:57,"Tree at start count: GREG 40 (25 H), 4 ROSP, 2 ROSP Adult, 2 SNEG A",CS8,No,WHIB,Empty,,,,,,,,,,,,,
16,5/7/2025,"A. Fussell, J. Mulling",Clewiston Spit,10:30,10:57,"Tree at start count: GREG 40 (25 H), 4 ROSP, 2 ROSP Adult, 2 SNEG A",CS9,No,WHIB,Empty,,,,,,,,,,,,,
16,5/7/2025,"A. Fussell, J. Mulling",Clewiston Spit,10:30,10:57,"Tree at start count: GREG 40 (25 H), 4 ROSP, 2 ROSP Adult, 2 SNEG A",CS10,No,WHIB,Empty,,,,,,,,,,,,,
16,5/7/2025,"A. Fussell, J. Mulling",Clewiston Spit,10:30,10:57,"Tree at start count: GREG 40 (25 H), 4 ROSP, 2 ROSP Adult, 2 SNEG A",CS11,No,WHIB,Empty,,,,,,,,,,,,,
16,5/7/2025,"A. Fussell, J. Mulling",Clewiston Spit,10:30,10:57,"Tree at start count: GREG 40 (25 H), 4 ROSP, 2 ROSP Adult, 2 SNEG A",CS12,No,WHIB,Empty,,,,,,,,,,,,,
16,5/7/2025,"A. Fussell, J. Mulling",Clewiston Spit,10:30,10:57,"Tree at start count: GREG 40 (25 H), 4 ROSP, 2 ROSP Adult, 2 SNEG A",CS13,No,WHIB,Empty,,,,,,,,,,,,,
16,5/7/2025,"A. Fussell, J. Mulling",Clewiston Spit,10:30,10:57,"Tree at start count: GREG 40 (25 H), 4 ROSP, 2 ROSP Adult, 2 SNEG A",CS14,No,SNEG,Empty,,,,,,,,,,,,,
16,5/7/2025,"A. Fussell, J. Mulling",Clewiston Spit,10:30,10:57,"Tree at start count: GREG 40 (25 H), 4 ROSP, 2 ROSP Adult, 2 SNEG A",CS15,No,SNEG,Occupied,,,2,,,,,,,,,,
16,5/7/2025,"A. Fussell, J. Mulling",Clewiston Spit,10:30,10:57,"Tree at start count: GREG 40 (25 H), 4 ROSP, 2 ROSP Adult, 2 SNEG A",CS16,No,SNEG,Occupied,,,2,,,,,,,,,,
16,5/7/2025,"A. Fussell, J. Mulling",Clewiston Spit,10:30,10:57,"Tree at start count: GREG 40 (25 H), 4 ROSP, 2 ROSP Adult, 2 SNEG A",CS17,No,SNEG,Empty,,,,,,,,,,,,,
16,5/7/2025,"A. Fussell, J. Mulling",Clewiston Spit,10:30,10:57,"Tree at start count: GREG 40 (25 H), 4 ROSP, 2 ROSP Adult, 2 SNEG A",CS18,No,TRHE,Empty,,,,,,,,,,,,,
16,5/7/2025,"A. Fussell, J. Mulling",Clewiston Spit,10:30,10:57,"Tree at start count: GREG 40 (25 H), 4 ROSP, 2 ROSP Adult, 2 SNEG A",CS19,No,SNEG,Occupied,,,2,,,,,,,,,,
16,5/7/2025,"A. Fussell, J. Mulling",Clewiston Spit,10:30,10:57,"Tree at start count: GREG 40 (25 H), 4 ROSP, 2 ROSP Adult, 2 SNEG A",CS20,No,SNEG,Occupied,,,2,,,,,,,,,,
16,5/7/2025,"A. Fussell, J. Mulling",Clewiston Spit,10:30,10:57,"Tree at start count: GREG 40 (25 H), 4 ROSP, 2 ROSP Adult, 2 SNEG A",CS21,No,SNEG,Occupied,,,2,,,,,,,,,,
16,5/7/2025,"A. Fussell, J. Mulling",Clewiston Spit,10:30,10:57,"Tree at start count: GREG 40 (25 H), 4 ROSP, 2 ROSP Adult, 2 SNEG A",CS22,No,GLIB,Destroyed or Gone,,,,,,,,,,,,,
16,5/7/2025,"A. Fussell, J. Mulling",Clewiston Spit,10:30,10:57,"Tree at start count: GREG 40 (25 H), 4 ROSP, 2 ROSP Adult, 2 SNEG A",CS23,No,SNEG,Empty,,,,,,,,,,,,,
16,5/7/2025,"A. Fussell, J. Mulling",Clewiston Spit,10:30,10:57,"Tree at start count: GREG 40 (25 H), 4 ROSP, 2 ROSP Adult, 2 SNEG A",CS24,No,SNEG,Occupied,,,2,,,,,,,,,,
16,5/7/2025,"A. Fussell, J. Mulling",Clewiston Spit,10:30,10:57,"Tree at start count: GREG 40 (25 H), 4 ROSP, 2 ROSP Adult, 2 SNEG A",CS25,No,SNEG,Empty,,,,,,,,,,,,,
16,5/7/2025,"A. Fussell, J. Mulling",Clewiston Spit,10:30,10:57,"Tree at start count: GREG 40 (25 H), 4 ROSP, 2 ROSP Adult, 2 SNEG A",CS26,No,SNEG,Occupied,,,2,,,,,,,,,,
16,5/7/2025,"A. Fussell, J. Mulling",Clewiston Spit,10:30,10:57,"Tree at start count: GREG 40 (25 H), 4 ROSP, 2 ROSP Adult, 2 SNEG A",CS27,No,TRHE,Empty,,,,,,,,,,,,,
16,5/7/2025,"A. Fussell, J. Mulling",Clewiston Spit,10:30,10:57,"Tree at start count: GREG 40 (25 H), 4 ROSP, 2 ROSP Adult, 2 SNEG A",CS28,No,SNEG,Empty,,,,,,,,,,,,,
16,5/7/2025,"A. Fussell, J. Mulling",Clewiston Spit,10:30,10:57,"Tree at start count: GREG 40 (25 H), 4 ROSP, 2 ROSP Adult, 2 SNEG A",CS29,No,SNEG,Occupied,,,2,,,,,,,,,,
16,5/7/2025,"A. Fussell, J. Mulling",Clewiston Spit,10:30,10:57,"Tree at start count: GREG 40 (25 H), 4 ROSP, 2 ROSP Adult, 2 SNEG A",CS30,No,SNEG,Empty,,,,,,,,,,,,,
16,5/7/2025,"A. Fussell, J. Mulling",Clewiston Spit,10:30,10:57,"Tree at start count: GREG 40 (25 H), 4 ROSP, 2 ROSP Adult, 2 SNEG A",CS31,No,SNEG,Empty,,,,,,,,,,,,,
16,5/7/2025,"A. Fussell, J. Mulling",Clewiston Spit,10:30,10:57,"Tree at start count: GREG 40 (25 H), 4 ROSP, 2 ROSP Adult, 2 SNEG A",CS32,No,SNEG,Empty,,,,,,,,,,,,,
16,5/7/2025,"A. Fussell, J. Mulling",Clewiston Spit,10:30,10:57,"Tree at start count: GREG 40 (25 H), 4 ROSP, 2 ROSP Adult, 2 SNEG A",CS33,No,SNEG,Empty,,,,,,,,,,,,,
16,5/7/2025,"A. Fussell, J. Mulling",Clewiston Spit,10:30,10:57,"Tree at start count: GREG 40 (25 H), 4 ROSP, 2 ROSP Adult, 2 SNEG A",CS34,No,SNEG,Empty,,,,,,,,,,,,,
16,5/7/2025,"A. Fussell, J. Mulling",Clewiston Spit,10:30,10:57,"Tree at start count: GREG 40 (25 H), 4 ROSP, 2 ROSP Adult, 2 SNEG A",CS35,No,SNEG,Occupied,,,1,,,,,,,,,,
16,5/7/2025,"A. Fussell, J. Mulling",Clewiston Spit,10:30,10:57,"Tree at start count: GREG 40 (25 count by J. Mulling), 4 ROSP (2 count by J. Mulling), 2 SNEG",CS36,No,SNEG,Empty,,,,,,,,,,,,,
16,5/7/2025,"A. Fussell, J. Mulling",Clewiston Spit,10:30,10:57,"Tree at start count: GREG 40 (25 H), 4 ROSP, 2 ROSP Adult, 2 SNEG A",CS37,No,GREG,Empty,,,,,,,,,,,,,
16,5/7/2025,"A. Fussell, J. Mulling",Clewiston Spit,10:30,10:57,"Tree at start count: GREG 40 (25 H), 4 ROSP, 2 ROSP Adult, 2 SNEG A",CS38,No,GREG,Empty,,,,,,,,,,,,,
16,5/7/2025,"A. Fussell, J. Mulling",Clewiston Spit,10:30,10:57,"Tree at start count: GREG 40 (25 H), 4 ROSP, 2 ROSP Adult, 2 SNEG A",CS39,No,GREG,Empty,,,,,,,,,,,,,
16,5/7/2025,"A. Fussell, J. Mulling",Clewiston Spit,10:30,10:57,"Tree at start count: GREG 40 (25 H), 4 ROSP, 2 ROSP Adult, 2 SNEG A",CS40,No,SNEG,Empty,,,,,,,,,,,,,
16,5/7/2025,"A. Fussell, J. Mulling",Clewiston Spit,10:30,10:57,"Tree at start count: GREG 40 (25 H), 4 ROSP, 2 ROSP Adult, 2 SNEG A",CS41,No,SNEG,Empty,,,,,,,,,,,,,
16,5/7/2025,"A. Fussell, J. Mulling",Clewiston Spit,10:30,10:57,"Tree at start count: GREG 40 (25 H), 4 ROSP, 2 ROSP Adult, 2 SNEG A",CS42,No,SNEG,Occupied,1,,,,,,,,,,,,
16,5/7/2025,"A. Fussell, J. Mulling",Clewiston Spit,10:30,10:57,"Tree at start count: GREG 40 (25 H), 4 ROSP, 2 ROSP Adult, 2 SNEG A",CS43,No,SNEG,Occupied,,,3,,1,,,,,,,,
16,5/7/2025,"A. Fussell, J. Mulling",Clewiston Spit,10:30,10:57,"Tree at start count: GREG 40 (25 H), 4 ROSP, 2 ROSP Adult, 2 SNEG A",CS44,No,GREG,Empty,,,,,,,,,,,,,
16,5/7/2025,"A. Fussell, J. Mulling",Clewiston Spit,10:30,10:57,"Tree at start count: GREG 40 (25 H), 4 ROSP, 2 ROSP Adult, 2 SNEG A",CS45,No,GREG,Empty,,,,,,,,,,,,,
16,5/7/2025,"A. Fussell, J. Mulling",Clewiston Spit,10:30,10:57,"Tree at start count: GREG 40 (25 H), 4 ROSP, 2 ROSP Adult, 2 SNEG A",CS46,No,SNEG,Empty,,,,,,,,,,,,,
16,5/7/2025,"A. Fussell, J. Mulling",Clewiston Spit,10:30,10:57,"Tree at start count: GREG 40 (25 H), 4 ROSP, 2 ROSP Adult, 2 SNEG A",CS47,No,SNEG,Empty,,,,,,,,,,,,,
16,5/7/2025,"A. Fussell, J. Mulling",Clewiston Spit,10:30,10:57,"Tree at start count: GREG 40 (25 H), 4 ROSP, 2 ROSP Adult, 2 SNEG A",CS48,No,GREG,Empty,,,,,,,,,,,,,
16,5/7/2025,"A. Fussell, J. Mulling",Clewiston Spit,10:30,10:57,"Tree at start count: GREG 40 (25 H), 4 ROSP, 2 ROSP Adult, 2 SNEG A",CS49,No,SNEG,Empty,,,,,,,,,,,,,
16,5/7/2025,"A. Fussell, J. Mulling",Clewiston Spit,10:30,10:57,"Tree at start count: GREG 40 (25 H), 4 ROSP, 2 ROSP Adult, 2 SNEG A",CS50,No,GREG,Occupied,,,2,,,,,,,,,,
16,5/7/2025,"A. Fussell, J. Mulling",Clewiston Spit,10:30,10:57,"Tree at start count: GREG 40 (25 H), 4 ROSP, 2 ROSP Adult, 2 SNEG A",CS51,No,SNEG,Occupied,,4,,,,,,,,,,,
16,5/7/2025,"A. Fussell, J. Mulling",Clewiston Spit,10:30,10:57,"Tree at start count: GREG 40 (25 H), 4 ROSP, 2 ROSP Adult, 2 SNEG A",CS52,No,UNKN,Empty,,,,,,,,,,,,,
17,5/8/2025,"A. Fussell, Volunteer",Moonshine Bay,9:08,9:45,Volunteer is E. Merrero,MB1,No,WHIB,Occupied,,3,,,,,,,,,,,
17,5/8/2025,"A. Fussell, Volunteer",Moonshine Bay,9:08,9:45,Volunteer is E. Merrero,MB2,No,WHIB,Occupied,,,2,,,,,,,,,,
17,5/8/2025,"A. Fussell, Volunteer",Moonshine Bay,9:08,9:45,Volunteer is E. Merrero,MB3,No,WHIB,Occupied,1,2,,,,,,,,,,,
17,5/8/2025,"A. Fussell, Volunteer",Moonshine Bay,9:08,9:45,Volunteer is E. Merrero,MB4,No,WHIB,Occupied,,,2,,,,,,,,,,
17,5/8/2025,"A. Fussell, Volunteer",Moonshine Bay,9:08,9:45,Volunteer is E. Merrero,MB5,No,WHIB,Occupied,,,1,,,,,,,,,,
17,5/8/2025,"A. Fussell, Volunteer",Moonshine Bay,9:08,9:45,Volunteer is E. Merrero,MB6,No,GLIB,Occupied,4,,,,,,,,,,,,
17,5/8/2025,"A. Fussell, Volunteer",Moonshine Bay,9:08,9:45,Volunteer is E. Merrero,MB7,No,WHIB,Destroyed or Gone,,,,,,,,,,,,,
17,5/8/2025,"A. Fussell, Volunteer",Moonshine Bay,9:08,9:45,Volunteer is E. Merrero,MB8,No,WHIB,Destroyed or Gone,,,,,,,,,,,,,
17,5/8/2025,"A. Fussell, Volunteer",Moonshine Bay,9:08,9:45,Volunteer is E. Merrero,MB9,No,WHIB,Destroyed or Gone,,,,,,,,,,,,,
17,5/8/2025,"A. Fussell, Volunteer",Moonshine Bay,9:08,9:45,Volunteer is E. Merrero,MB10,No,WHIB,Destroyed or Gone,,,,,1,,,,,,,,
17,5/8/2025,"A. Fussell, Volunteer",Moonshine Bay,9:08,9:45,Volunteer is E. Merrero,MB11,No,WHIB,Destroyed or Gone,,,,,,,,,,,,,
17,5/8/2025,"A. Fussell, Volunteer",Moonshine Bay,9:08,9:45,Volunteer is E. Merrero,MB12,No,WHIB,Occupied,,,1,,,,,,,,,,
17,5/8/2025,"A. Fussell, Volunteer",Moonshine Bay,9:08,9:45,Volunteer is E. Merrero,MB13,No,WHIB,Destroyed or Gone,,,,,,,,,,,,,
17,5/8/2025,"A. Fussell, Volunteer",Moonshine Bay,9:08,9:45,Volunteer is E. Merrero,MB14,No,WHIB,Destroyed or Gone,,,,,,,,,,,,,
17,5/8/2025,"A. Fussell, Volunteer",Moonshine Bay,9:08,9:45,Volunteer is E. Merrero,MB15,No,WHIB,Destroyed or Gone,,,,,,,,,,,,,
17,5/8/2025,"A. Fussell, Volunteer",Moonshine Bay,9:08,9:45,Volunteer is E. Merrero,MB16,No,WHIB,Destroyed or Gone,,,,,,,,,,,,,
17,5/8/2025,"A. Fussell, Volunteer",Moonshine Bay,9:08,9:45,Volunteer is E. Merrero,MB17,No,WHIB,Occupied,3,,,,,,,,,,,,
17,5/8/2025,"A. Fussell, Volunteer",Moonshine Bay,9:08,9:45,Volunteer is E. Merrero,MB18,No,WHIB,Destroyed or Gone,,,,,,,,,,,,,
17,5/8/2025,"A. Fussell, Volunteer",Moonshine Bay,9:08,9:45,Volunteer is E. Merrero,MB19,No,WHIB,Empty,,,,,,,,,,,,,
17,5/8/2025,"A. Fussell, Volunteer",Moonshine Bay,9:08,9:45,Volunteer is E. Merrero,MB20,No,WHIB,Occupied,2,,,,,,,,,,,,
17,5/8/2025,"A. Fussell, Volunteer",Moonshine Bay,9:08,9:45,Volunteer is E. Merrero,MB21,No,WHIB,Occupied,,,1,1,,,,,,,,,
17,5/8/2025,"A. Fussell, Volunteer",Moonshine Bay,9:08,9:45,Volunteer is E. Merrero,MB22,No,WHIB,Destroyed or Gone,,,,,,,,,,,,,
17,5/8/2025,"A. Fussell, Volunteer",Moonshine Bay,9:08,9:45,Volunteer is E. Merrero,MB23,No,WHIB,Destroyed or Gone,,,,,,,,,,,,,
17,5/8/2025,"A. Fussell, Volunteer",Moonshine Bay,9:08,9:45,Volunteer is E. Merrero,MB24,No,WHIB,Destroyed or Gone,,,,,,,,,,,,,
17,5/8/2025,"A. Fussell, Volunteer",Moonshine Bay,9:08,9:45,Volunteer is E. Merrero,MB25,No,WHIB,Empty,,,,,,,,,,,,,
17,5/8/2025,"A. Fussell, Volunteer",Moonshine Bay,9:08,9:45,Volunteer is E. Merrero,MB26,No,WHIB,Destroyed or Gone,,,,,,,,,,,,,
17,5/8/2025,"A. Fussell, Volunteer",Moonshine Bay,9:08,9:45,Volunteer is E. Merrero,MB27,No,WHIB,Destroyed or Gone,,,,,,,,,,,,,
17,5/8/2025,"A. Fussell, Volunteer",Moonshine Bay,9:08,9:45,Volunteer is E. Merrero,MB28,No,WHIB,Destroyed or Gone,,,,,,,,,,,,,
17,5/8/2025,"A. Fussell, Volunteer",Moonshine Bay,9:08,9:45,Volunteer is E. Merrero,MB29,No,WHIB,Occupied,2,,,,,,,,,,,,
17,5/8/2025,"A. Fussell, Volunteer",Moonshine Bay,9:08,9:45,Volunteer is E. Merrero,MB30,No,WHIB,Empty,,,,1,,,,,,,,,
17,5/8/2025,"A. Fussell, Volunteer",Moonshine Bay,9:08,9:45,Volunteer is E. Merrero,MB31,No,WHIB,Destroyed or Gone,,,,,,,,,,,,,
17,5/8/2025,"A. Fussell, Volunteer",Moonshine Bay,9:08,9:45,Volunteer is E. Merrero,MB32,No,GLIB,Occupied,,2,,,,,,,,,,,
17,5/8/2025,"A. Fussell, Volunteer",Moonshine Bay,9:08,9:45,Volunteer is E. Merrero,MB33,No,WHIB,Empty,,,,1,,,,,,,,,
17,5/8/2025,"A. Fussell, Volunteer",Moonshine Bay,9:08,9:45,Volunteer is E. Merrero,MB34,No,WHIB,Destroyed or Gone,,,,,,,,,,,,,
17,5/8/2025,"A. Fussell, Volunteer",Moonshine Bay,9:08,9:45,Volunteer is E. Merrero,MB35,No,WHIB,Occupied,,,,1,,,,,,,,,
17,5/8/2025,"A. Fussell, Volunteer",Moonshine Bay,9:08,9:45,Volunteer is E. Merrero,MB36,No,GLIB,Destroyed or Gone,,,,,,,,,,,,,
17,5/8/2025,"A. Fussell, Volunteer",Moonshine Bay,9:08,9:45,Volunteer is E. Merrero,MB37,No,WHIB,Occupied,1,1,,,,,,,,,,,
17,5/8/2025,"A. Fussell, Volunteer",Moonshine Bay,9:08,9:45,Volunteer is E. Merrero,MB38,No,WHIB,Destroyed or Gone,,,,,,,,,,,,,
17,5/8/2025,"A. Fussell, Volunteer",Moonshine Bay,9:08,9:45,Volunteer is E. Merrero,MB39,No,WHIB,Empty,,,,,,,,,,,,,
17,5/8/2025,"A. Fussell, Volunteer",Moonshine Bay,9:08,9:45,Volunteer is E. Merrero,MB40,No,WHIB,Destroyed or Gone,,,,,,,,,,,,,
17,5/8/2025,"A. Fussell, Volunteer",Moonshine Bay,9:08,9:45,Volunteer is E. Merrero,MB41,No,WHIB,Empty,,,,,,,,,,,,,
17,5/8/2025,"A. Fussell, Volunteer",Moonshine Bay,9:08,9:45,Volunteer is E. Merrero,MB42,No,GLIB,Occupied,,,1,1,,,,,,,,,
17,5/8/2025,"A. Fussell, Volunteer",Moonshine Bay,9:08,9:45,Volunteer is E. Merrero,MB43,No,WHIB,Destroyed or Gone,,,,,,,,,,,,,
17,5/8/2025,"A. Fussell, Volunteer",Moonshine Bay,9:08,9:45,Volunteer is E. Merrero,MB44,No,WHIB,Occupied,,,1,,,,,,,,,,
17,5/8/2025,"A. Fussell, Volunteer",Moonshine Bay,9:08,9:45,Volunteer is E. Merrero,MB45,No,WHIB,Occupied,2,,,,,,,,,,,,
17,5/8/2025,"A. Fussell, Volunteer",Moonshine Bay,9:08,9:45,Volunteer is E. Merrero,MB46,No,GLIB,Empty,,,,1,,,,,,,,,
17,5/8/2025,"A. Fussell, Volunteer",Moonshine Bay,9:08,9:45,Volunteer is E. Merrero,MB47,No,GLIB,Destroyed or Gone,,,,,,,,,,,,,
17,5/8/2025,"A. Fussell, Volunteer",Moonshine Bay,9:08,9:45,Volunteer is E. Merrero,MB48,No,WHIB,Destroyed or Gone,,,,,1,,,,,,,,
17,5/8/2025,"A. Fussell, Volunteer",Moonshine Bay,9:08,9:45,Volunteer is E. Merrero,MB49,No,WHIB,Empty,,,,1,,,,,,,,,
17,5/8/2025,"A. Fussell, Volunteer",Moonshine Bay,9:08,9:45,Volunteer is E. Merrero,MB50,No,WHIB,Empty,,,,,,,,,,,,,
18,5/14/2025,"A. Fussell, J. Mulling",Little Bear Beach,8:40,9:15,Clear sky,LBB1,No,TRHE,Empty,,,,,,,,,,,,,
18,5/14/2025,"A. Fussell, J. Mulling",Little Bear Beach,8:40,9:15,Clear sky,LBB2,No,WHIB,Empty,,,,,,,,,,,,,
18,5/14/2025,"A. Fussell, J. Mulling",Little Bear Beach,8:40,9:15,Clear sky,LBB3,No,WHIB,Empty,,,,,,,,,,,,,
18,5/14/2025,"A. Fussell, J. Mulling",Little Bear Beach,8:40,9:15,Clear sky,LBB4,No,WHIB,Empty,,,,,,,,,,,,,
18,5/14/2025,"A. Fussell, J. Mulling",Little Bear Beach,8:40,9:15,Clear sky,LBB5,No,WHIB,Empty,,,,,,,,,,,,,
18,5/14/2025,"A. Fussell, J. Mulling",Little Bear Beach,8:40,9:15,Clear sky,LBB6,No,WHIB,Empty,,,,,,,,,,,,,
18,5/14/2025,"A. Fussell, J. Mulling",Little Bear Beach,8:40,9:15,Clear sky,LBB7,No,WHIB,Empty,,,,,,,,,,,,,
18,5/14/2025,"A. Fussell, J. Mulling",Little Bear Beach,8:40,9:15,Clear sky,LBB8,No,WHIB,Empty,,,,,,,,,,,,,
18,5/14/2025,"A. Fussell, J. Mulling",Little Bear Beach,8:40,9:15,Clear sky,LBB9,No,TRHE,Empty,,,,,,,,,,,,,
18,5/14/2025,"A. Fussell, J. Mulling",Little Bear Beach,8:40,9:15,Clear sky,LBB10,No,WHIB,Empty,,,,,,,,,,,,,
18,5/14/2025,"A. Fussell, J. Mulling",Little Bear Beach,8:40,9:15,Clear sky,LBB11,No,WHIB,Empty,,,,,,,,,,,,,
18,5/14/2025,"A. Fussell, J. Mulling",Little Bear Beach,8:40,9:15,Clear sky,LBB12,No,SNEG,Empty,,,,,,,,,,,,,
18,5/14/2025,"A. Fussell, J. Mulling",Little Bear Beach,8:40,9:15,Clear sky,LBB13,No,TRHE,Empty,,,,,,,,,,,,,
18,5/14/2025,"A. Fussell, J. Mulling",Little Bear Beach,8:40,9:15,Clear sky,LBB14,No,WHIB,Empty,,,,,,,,,,,,,
18,5/14/2025,"A. Fussell, J. Mulling",Little Bear Beach,8:40,9:15,Clear sky,LBB15,No,WHIB,Empty,,,,,,,,,,,,,
18,5/14/2025,"A. Fussell, J. Mulling",Little Bear Beach,8:40,9:15,Clear sky,LBB16,No,WHIB,Empty,,,,,,,,,,,,,
18,5/14/2025,"A. Fussell, J. Mulling",Little Bear Beach,8:40,9:15,Clear sky,LBB17,No,WHIB,Empty,,,,,,,,,,,,,
18,5/14/2025,"A. Fussell, J. Mulling",Little Bear Beach,8:40,9:15,Clear sky,LBB18,No,WHIB,Empty,,,,,,,,,,,,,
18,5/14/2025,"A. Fussell, J. Mulling",Little Bear Beach,8:40,9:15,Clear sky,LBB19,No,WHIB,Empty,,,,,,,,,,,,,
18,5/14/2025,"A. Fussell, J. Mulling",Little Bear Beach,8:40,9:15,Clear sky,LBB20,No,TRHE,Empty,,,,,,,,,,,,,
18,5/14/2025,"A. Fussell, J. Mulling",Little Bear Beach,8:40,9:15,Clear sky,LBB21,No,TRHE,Empty,,,,,,,,,,,,,
18,5/14/2025,"A. Fussell, J. Mulling",Little Bear Beach,8:40,9:15,Clear sky,LBB22,No,TRHE,Empty,,,,,,,,,,,,,
18,5/14/2025,"A. Fussell, J. Mulling",Little Bear Beach,8:40,9:15,Clear sky,LBB23,No,GREG,Occupied,,,1,,,,,,,,,,
18,5/14/2025,"A. Fussell, J. Mulling",Little Bear Beach,8:40,9:15,Clear sky,LBB24,No,SNEG,Empty,,,,,,,,,,,,,
18,5/14/2025,"A. Fussell, J. Mulling",Little Bear Beach,8:40,9:15,Clear sky,LBB25,No,GREG,Empty,,,,,,,,,,,,,
18,5/14/2025,"A. Fussell, J. Mulling",Little Bear Beach,8:40,9:15,Clear sky,LBB26,No,SNEG,Empty,,,,,,,,,,,,,
18,5/14/2025,"A. Fussell, J. Mulling",Little Bear Beach,8:40,9:15,Clear sky,LBB27,No,SNEG,Empty,,,,,,,,,,,,,
18,5/14/2025,"A. Fussell, J. Mulling",Little Bear Beach,8:40,9:15,Clear sky,LBB28,No,SNEG,Empty,,,,,,,,,,,,,
18,5/14/2025,"A. Fussell, J. Mulling",Little Bear Beach,8:40,9:15,Clear sky,LBB29,No,SNEG,Empty,,,,,,,,,,,,,
18,5/14/2025,"A. Fussell, J. Mulling",Little Bear Beach,8:40,9:15,Clear sky,LBB30,No,SNEG,Empty,,,,,,,,,,,,,
18,5/14/2025,"A. Fussell, J. Mulling",Little Bear Beach,8:40,9:15,Clear sky,LBB31,No,SNEG,Empty,,,,,,,,,,,,,
18,5/14/2025,"A. Fussell, J. Mulling",Little Bear Beach,8:40,9:15,Clear sky,LBB32,No,TRHE,Empty,,,,,,,,,,,,,
18,5/14/2025,"A. Fussell, J. Mulling",Little Bear Beach,8:40,9:15,Clear sky,LBB33,No,WHIB,Empty,,,,,,,,,,,,,
18,5/14/2025,"A. Fussell, J. Mulling",Little Bear Beach,8:40,9:15,Clear sky,LBB34,No,WHIB,Empty,,,,,,,,,,,,,
18,5/14/2025,"A. Fussell, J. Mulling",Little Bear Beach,8:40,9:15,Clear sky,LBB35,No,WHIB,Empty,,,,,,,,,,,,,
18,5/14/2025,"A. Fussell, J. Mulling",Little Bear Beach,8:40,9:15,Clear sky,LBB36,No,WHIB,Empty,,,,,,,,,,,,,
18,5/14/2025,"A. Fussell, J. Mulling",Little Bear Beach,8:40,9:15,Clear sky,LBB37,No,WHIB,Empty,,,,,,,,,,,,,
18,5/14/2025,"A. Fussell, J. Mulling",Little Bear Beach,8:40,9:15,Clear sky,LBB38,No,WHIB,Empty,,,,,,,,,,,,,
18,5/14/2025,"A. Fussell, J. Mulling",Little Bear Beach,8:40,9:15,Clear sky,LBB39,No,WHIB,Empty,,,,,,,,,,,,,
18,5/14/2025,"A. Fussell, J. Mulling",Little Bear Beach,8:40,9:15,Clear sky,LBB40,No,WHIB,Empty,,,,,,,,,,,,,
18,5/14/2025,"A. Fussell, J. Mulling",Little Bear Beach,8:40,9:15,Clear sky,LBB41,No,WHIB,Empty,,,,,,,,,,,,,
18,5/14/2025,"A. Fussell, J. Mulling",Little Bear Beach,8:40,9:15,Clear sky,LBB42,No,WHIB,Empty,,,,,,,,,,,,,
18,5/14/2025,"A. Fussell, J. Mulling",Little Bear Beach,8:40,9:15,Clear sky,LBB43,No,WHIB,Empty,,,,,,,,,,,,,
18,5/14/2025,"A. Fussell, J. Mulling",Little Bear Beach,8:40,9:15,Clear sky,LBB44,No,WHIB,Empty,,,,,,,,,,,,,
18,5/14/2025,"A. Fussell, J. Mulling",Little Bear Beach,8:40,9:15,Clear sky,LBB45,No,WHIB,Empty,,,,,,,,,,,,,
18,5/14/2025,"A. Fussell, J. Mulling",Little Bear Beach,8:40,9:15,Clear sky,LBB46,No,WHIB,Empty,,,,,,,,,,,,,
18,5/14/2025,"A. Fussell, J. Mulling",Little Bear Beach,8:40,9:15,Clear sky,LBB47,No,WHIB,Empty,,,,,,,,,,,,,
18,5/14/2025,"A. Fussell, J. Mulling",Little Bear Beach,8:40,9:15,Clear sky,LBB48,No,WHIB,Empty,,,,,,,,,,,,,
18,5/14/2025,"A. Fussell, J. Mulling",Little Bear Beach,8:40,9:15,Clear sky,LBB49,No,WHIB,Empty,,,,,,,,,,,,,
18,5/14/2025,"A. Fussell, J. Mulling",Little Bear Beach,8:40,9:15,Clear sky,LBB50,No,WHIB,Empty,,,,,,,,,,,,,
18,5/14/2025,"A. Fussell, J. Mulling",Little Bear Beach,8:40,9:15,Clear sky,LBB51,No,TRHE,Empty,,,,,,,,,,,,,
18,5/14/2025,"A. Fussell, J. Mulling",Little Bear Beach,8:40,9:15,Clear sky,LBB52,No,WHIB,Empty,,,,,,,,,,,,,
19,5/14/2025,"A. Fussell, J. Mulling",Clewiston Spit,9:30,10:00,Initial tree count: 20 GREG and adult BCNH on ground near tree,CS1,No,WHIB,Empty,,,,,,,,,,,,,
19,5/14/2025,"A. Fussell, J. Mulling",Clewiston Spit,9:30,10:00,Initial tree count: 20 GREG and adult BCNH on ground near tree,CS2,No,WHIB,Empty,,,,,,,,,,,,,
19,5/14/2025,"A. Fussell, J. Mulling",Clewiston Spit,9:30,10:00,Initial tree count: 20 GREG and adult BCNH on ground near tree,CS3,No,SNEG,Empty,,,,,,,,,,,,,
19,5/14/2025,"A. Fussell, J. Mulling",Clewiston Spit,9:30,10:00,Initial tree count: 20 GREG and adult BCNH on ground near tree,CS4,No,WHIB,Empty,,,,,,,,,,,,,
19,5/14/2025,"A. Fussell, J. Mulling",Clewiston Spit,9:30,10:00,Initial tree count: 20 GREG and adult BCNH on ground near tree,CS5,No,WHIB,Empty,,,,,,,,,,,,,
19,5/14/2025,"A. Fussell, J. Mulling",Clewiston Spit,9:30,10:00,Initial tree count: 20 GREG and adult BCNH on ground near tree,CS6,No,WHIB,Empty,,,,,,,,,,,,,
19,5/14/2025,"A. Fussell, J. Mulling",Clewiston Spit,9:30,10:00,Initial tree count: 20 GREG and adult BCNH on ground near tree,CS7,No,WHIB,Empty,,,,,,,,,,,,,
19,5/14/2025,"A. Fussell, J. Mulling",Clewiston Spit,9:30,10:00,Initial tree count: 20 GREG and adult BCNH on ground near tree,CS8,No,WHIB,Empty,,,,,,,,,,,,,
19,5/14/2025,"A. Fussell, J. Mulling",Clewiston Spit,9:30,10:00,Initial tree count: 20 GREG and adult BCNH on ground near tree,CS9,No,WHIB,Empty,,,,,,,,,,,,,
19,5/14/2025,"A. Fussell, J. Mulling",Clewiston Spit,9:30,10:00,Initial tree count: 20 GREG and adult BCNH on ground near tree,CS10,No,WHIB,Empty,,,,,,,,,,,,,
19,5/14/2025,"A. Fussell, J. Mulling",Clewiston Spit,9:30,10:00,Initial tree count: 20 GREG and adult BCNH on ground near tree,CS11,No,WHIB,Empty,,,,,,,,,,,,,
19,5/14/2025,"A. Fussell, J. Mulling",Clewiston Spit,9:30,10:00,Initial tree count: 20 GREG and adult BCNH on ground near tree,CS12,No,WHIB,Empty,,,,,,,,,,,,,
19,5/14/2025,"A. Fussell, J. Mulling",Clewiston Spit,9:30,10:00,Initial tree count: 20 GREG and adult BCNH on ground near tree,CS13,No,WHIB,Empty,,,,,,,,,,,,,
19,5/14/2025,"A. Fussell, J. Mulling",Clewiston Spit,9:30,10:00,Initial tree count: 20 GREG and adult BCNH on ground near tree,CS14,No,SNEG,Empty,,,,,,,,,,,,,
19,5/14/2025,"A. Fussell, J. Mulling",Clewiston Spit,9:30,10:00,Initial tree count: 20 GREG and adult BCNH on ground near tree,CS15,No,SNEG,Empty,,,,,,,,,,,,,
19,5/14/2025,"A. Fussell, J. Mulling",Clewiston Spit,9:30,10:00,Initial tree count: 20 GREG and adult BCNH on ground near tree,CS16,No,SNEG,Empty,,,,,,,,,,,,,
19,5/14/2025,"A. Fussell, J. Mulling",Clewiston Spit,9:30,10:00,Initial tree count: 20 GREG and adult BCNH on ground near tree,CS17,No,SNEG,Empty,,,,,,,,,,,,,
19,5/14/2025,"A. Fussell, J. Mulling",Clewiston Spit,9:30,10:00,Initial tree count: 20 GREG and adult BCNH on ground near tree,CS18,No,TRHE,Empty,,,,,,,,,,,,,
19,5/14/2025,"A. Fussell, J. Mulling",Clewiston Spit,9:30,10:00,Initial tree count: 20 GREG and adult BCNH on ground near tree,CS19,No,SNEG,Empty,,,,,,,,,,,,,
19,5/14/2025,"A. Fussell, J. Mulling",Clewiston Spit,9:30,10:00,Initial tree count: 20 GREG and adult BCNH on ground near tree,CS20,No,SNEG,Empty,,,,,,,,,,,,,
19,5/14/2025,"A. Fussell, J. Mulling",Clewiston Spit,9:30,10:00,Initial tree count: 20 GREG and adult BCNH on ground near tree,CS21,No,SNEG,Empty,,,,,,,,,,,,,
19,5/14/2025,"A. Fussell, J. Mulling",Clewiston Spit,9:30,10:00,Initial tree count: 20 GREG and adult BCNH on ground near tree,CS22,No,GLIB,Destroyed or Gone,,,,,,,,,,,,,
19,5/14/2025,"A. Fussell, J. Mulling",Clewiston Spit,9:30,10:00,Initial tree count: 20 GREG and adult BCNH on ground near tree,CS23,No,SNEG,Empty,,,,,1,,,,,,,,
19,5/14/2025,"A. Fussell, J. Mulling",Clewiston Spit,9:30,10:00,Initial tree count: 20 GREG and adult BCNH on ground near tree,CS24,No,SNEG,Empty,,,,,,,,,,,,,
19,5/14/2025,"A. Fussell, J. Mulling",Clewiston Spit,9:30,10:00,Initial tree count: 20 GREG and adult BCNH on ground near tree,CS25,No,SNEG,Empty,,,,,,,,,,,,,
19,5/14/2025,"A. Fussell, J. Mulling",Clewiston Spit,9:30,10:00,Initial tree count: 20 GREG and adult BCNH on ground near tree,CS26,No,SNEG,Empty,,,,,,,,,,,,,
19,5/14/2025,"A. Fussell, J. Mulling",Clewiston Spit,9:30,10:00,Initial tree count: 20 GREG and adult BCNH on ground near tree,CS27,No,TRHE,Empty,,,,,,,,,,,,,
19,5/14/2025,"A. Fussell, J. Mulling",Clewiston Spit,9:30,10:00,Initial tree count: 20 GREG and adult BCNH on ground near tree,CS28,No,SNEG,Empty,,,,,,,,,,,,,
19,5/14/2025,"A. Fussell, J. Mulling",Clewiston Spit,9:30,10:00,Initial tree count: 20 GREG and adult BCNH on ground near tree,CS29,No,SNEG,Empty,,,,,,,,,,,,,
19,5/14/2025,"A. Fussell, J. Mulling",Clewiston Spit,9:30,10:00,Initial tree count: 20 GREG and adult BCNH on ground near tree,CS30,No,SNEG,Empty,,,,,,,,,,,,,
19,5/14/2025,"A. Fussell, J. Mulling",Clewiston Spit,9:30,10:00,Initial tree count: 20 GREG and adult BCNH on ground near tree,CS31,No,SNEG,Empty,,,,,,,,,,,,,
19,5/14/2025,"A. Fussell, J. Mulling",Clewiston Spit,9:30,10:00,Initial tree count: 20 GREG and adult BCNH on ground near tree,CS32,No,SNEG,Empty,,,,,,,,,,,,,
19,5/14/2025,"A. Fussell, J. Mulling",Clewiston Spit,9:30,10:00,Initial tree count: 20 GREG and adult BCNH on ground near tree,CS33,No,SNEG,Empty,,,,,,,,,,,,,
19,5/14/2025,"A. Fussell, J. Mulling",Clewiston Spit,9:30,10:00,Initial tree count: 20 GREG and adult BCNH on ground near tree,CS34,No,SNEG,Empty,,,,,,,,,,,,,
19,5/14/2025,"A. Fussell, J. Mulling",Clewiston Spit,9:30,10:00,Initial tree count: 20 GREG and adult BCNH on ground near tree,CS35,No,SNEG,Empty,,,,,,,,,,,,,
19,5/14/2025,"A. Fussell, J. Mulling",Clewiston Spit,9:30,10:00,Initial tree count: 20 GREG and adult BCNH on ground near tree,CS36,No,SNEG,Empty,,,,,,,,,,,,,
19,5/14/2025,"A. Fussell, J. Mulling",Clewiston Spit,9:30,10:00,Initial tree count: 20 GREG and adult BCNH on ground near tree,CS37,No,GREG,Empty,,,,,,,,,,,,,
19,5/14/2025,"A. Fussell, J. Mulling",Clewiston Spit,9:30,10:00,Initial tree count: 20 GREG and adult BCNH on ground near tree,CS38,No,GREG,Empty,,,,,,,,,,,,,
19,5/14/2025,"A. Fussell, J. Mulling",Clewiston Spit,9:30,10:00,Initial tree count: 20 GREG and adult BCNH on ground near tree,CS39,No,GREG,Empty,,,,,,,,,,,,,
19,5/14/2025,"A. Fussell, J. Mulling",Clewiston Spit,9:30,10:00,Initial tree count: 20 GREG and adult BCNH on ground near tree,CS40,No,SNEG,Empty,,,,,,,,,,,,,
19,5/14/2025,"A. Fussell, J. Mulling",Clewiston Spit,9:30,10:00,Initial tree count: 20 GREG and adult BCNH on ground near tree,CS41,No,SNEG,Empty,,,,,,,,,,,,,
19,5/14/2025,"A. Fussell, J. Mulling",Clewiston Spit,9:30,10:00,Initial tree count: 20 GREG and adult BCNH on ground near tree,CS42,No,SNEG,Empty,,,,1,,,,,,,,,
19,5/14/2025,"A. Fussell, J. Mulling",Clewiston Spit,9:30,10:00,Initial tree count: 20 GREG and adult BCNH on ground near tree,CS43,No,SNEG,Empty,,,,,,,,,,,,,
19,5/14/2025,"A. Fussell, J. Mulling",Clewiston Spit,9:30,10:00,Initial tree count: 20 GREG and adult BCNH on ground near tree,CS44,No,GREG,Empty,,,,,,,,,,,,,
19,5/14/2025,"A. Fussell, J. Mulling",Clewiston Spit,9:30,10:00,Initial tree count: 20 GREG and adult BCNH on ground near tree,CS45,No,GREG,Empty,,,,,,,,,,,,,
19,5/14/2025,"A. Fussell, J. Mulling",Clewiston Spit,9:30,10:00,Initial tree count: 20 GREG and adult BCNH on ground near tree,CS46,No,SNEG,Empty,,,,,,,,,,,,,
19,5/14/2025,"A. Fussell, J. Mulling",Clewiston Spit,9:30,10:00,Initial tree count: 20 GREG and adult BCNH on ground near tree,CS47,No,SNEG,Empty,,,,,,,,,,,,,
19,5/14/2025,"A. Fussell, J. Mulling",Clewiston Spit,9:30,10:00,Initial tree count: 20 GREG and adult BCNH on ground near tree,CS48,No,GREG,Empty,,,,,,,,,,,,,
19,5/14/2025,"A. Fussell, J. Mulling",Clewiston Spit,9:30,10:00,Initial tree count: 20 GREG and adult BCNH on ground near tree,CS49,No,SNEG,Empty,,,,,,,,,,,,,
19,5/14/2025,"A. Fussell, J. Mulling",Clewiston Spit,9:30,10:00,Initial tree count: 20 GREG and adult BCNH on ground near tree,CS50,No,GREG,Empty,,,,,,,,,,,,,
19,5/14/2025,"A. Fussell, J. Mulling",Clewiston Spit,9:30,10:00,Initial tree count: 20 GREG and adult BCNH on ground near tree,CS51,No,SNEG,Empty,,,,,,,,,,,,,
19,5/14/2025,"A. Fussell, J. Mulling",Clewiston Spit,9:30,10:00,Initial tree count: 20 GREG and adult BCNH on ground near tree,CS52,No,UNKN,Empty,,,,,,,,,,,,,
20,5/15/2025,"A. Fussell, J. Mulling",Rock Islands,9:25,9:54,,RI1,No,TRHE,Empty,,,,,,,,,,,,,
20,5/15/2025,"A. Fussell, J. Mulling",Rock Islands,9:25,9:54,,RI2,No,GLIB,Occupied,,,2,,,,,,,,,,
20,5/15/2025,"A. Fussell, J. Mulling",Rock Islands,9:25,9:54,,RI3,No,SNEG,Destroyed or Gone,,,,,,,,,,,,,
20,5/15/2025,"A. Fussell, J. Mulling",Rock Islands,9:25,9:54,,RI4,No,SNEG,Destroyed or Gone,,,,,,,,,,,,,
20,5/15/2025,"A. Fussell, J. Mulling",Rock Islands,9:25,9:54,,RI5,No,SNEG,Empty,,,,,,,,,,,,,
20,5/15/2025,"A. Fussell, J. Mulling",Rock Islands,9:25,9:54,,RI6,No,SMWT,Destroyed or Gone,,,,,,,,,,,,,
20,5/15/2025,"A. Fussell, J. Mulling",Rock Islands,9:25,9:54,,RI7,No,SNEG,Empty,,,,,,,,,,,,,
20,5/15/2025,"A. Fussell, J. Mulling",Rock Islands,9:25,9:54,,RI8,No,ANHI,Destroyed or Gone,,,,,,,,,,,,,
20,5/15/2025,"A. Fussell, J. Mulling",Rock Islands,9:25,9:54,,RI9,No,ROSP,Destroyed or Gone,,,,,,,,,,,,,
20,5/15/2025,"A. Fussell, J. Mulling",Rock Islands,9:25,9:54,,RI10,No,ROSP,Empty,,,,,,,,,,,,,
20,5/15/2025,"A. Fussell, J. Mulling",Rock Islands,9:25,9:54,,RI11,No,GLIB,Occupied,2,2,,,,,,,,,,,
20,5/15/2025,"A. Fussell, J. Mulling",Rock Islands,9:25,9:54,,RI12,No,TRHE,Destroyed or Gone,,,,,,,,,,,,,
20,5/15/2025,"A. Fussell, J. Mulling",Rock Islands,9:25,9:54,,RI13,No,GREG,Empty,,,,,,,,,,,,,
20,5/15/2025,"A. Fussell, J. Mulling",Rock Islands,9:25,9:54,,RI14,No,SNEG,Empty,,,,,,,,,,,,,
20,5/15/2025,"A. Fussell, J. Mulling",Rock Islands,9:25,9:54,,RI15,No,GLIB,Occupied,1,2,,,,,,,,,,,
20,5/15/2025,"A. Fussell, J. Mulling",Rock Islands,9:25,9:54,,RI16,No,SNEG,Empty,,,,,,,,,,,,,
20,5/15/2025,"A. Fussell, J. Mulling",Rock Islands,9:25,9:54,,RI17,No,ROSP,Destroyed or Gone,,,,,,,,,,,,,
20,5/15/2025,"A. Fussell, J. Mulling",Rock Islands,9:25,9:54,,RI18,No,ROSP,Destroyed or Gone,,,,,,,,,,,,,
20,5/15/2025,"A. Fussell, J. Mulling",Rock Islands,9:25,9:54,,RI19,No,SNEG,Destroyed or Gone,,,,,,,,,,,,,
20,5/15/2025,"A. Fussell, J. Mulling",Rock Islands,9:25,9:54,,RI20,No,CAEG,Occupied,3,,,,,,,,,,,,
20,5/15/2025,"A. Fussell, J. Mulling",Rock Islands,9:25,9:54,,RI21,No,CAEG,Occupied,2,,,,,,,,,,,,
20,5/15/2025,"A. Fussell, J. Mulling",Rock Islands,9:25,9:54,,RI22,No,GREG,Empty,,,,,,,,,,,,,
20,5/15/2025,"A. Fussell, J. Mulling",Rock Islands,9:25,9:54,,RI23,No,ANHI,Empty,,,,,,,,,,,,,
20,5/15/2025,"A. Fussell, J. Mulling",Rock Islands,9:25,9:54,,RI24,No,SNEG,Empty,,,,,,,,,,,,,
20,5/15/2025,"A. Fussell, J. Mulling",Rock Islands,9:25,9:54,,RI25,No,GREG,Empty,,,,,,,,,,,,,
20,5/15/2025,"A. Fussell, J. Mulling",Rock Islands,9:25,9:54,,RI26,No,GREG,Empty,,,,,,,,,,,,,
20,5/15/2025,"A. Fussell, J. Mulling",Rock Islands,9:25,9:54,,RI27,No,GLIB,Occupied,,1,2,,,,,,,,,,
20,5/15/2025,"A. Fussell, J. Mulling",Rock Islands,9:25,9:54,,RI28,No,SNEG,Destroyed or Gone,,,,,,,,,,,,,
20,5/15/2025,"A. Fussell, J. Mulling",Rock Islands,9:25,9:54,,RI29,No,SNEG,Empty,,,,,,,,,,,,,
20,5/15/2025,"A. Fussell, J. Mulling",Rock Islands,9:25,9:54,,RI30,No,TRHE,Empty,,,,,1,,,,,,,,
20,5/15/2025,"A. Fussell, J. Mulling",Rock Islands,9:25,9:54,,RI31,No,TRHE,Empty,,,,,,,,,,,,,
20,5/15/2025,"A. Fussell, J. Mulling",Rock Islands,9:25,9:54,,RI32,No,ANHI,Destroyed or Gone,,,,,,,,,,,,,
20,5/15/2025,"A. Fussell, J. Mulling",Rock Islands,9:25,9:54,,RI33,No,GREG,Empty,,,,,,,,,,,,,
20,5/15/2025,"A. Fussell, J. Mulling",Rock Islands,9:25,9:54,,RI34,No,GREG,Empty,,,,,,,,,,,,,
20,5/15/2025,"A. Fussell, J. Mulling",Rock Islands,9:25,9:54,,RI35,No,GREG,Empty,,,,,,,,,,,,,
20,5/15/2025,"A. Fussell, J. Mulling",Rock Islands,9:25,9:54,,RI36,No,TRHE,Empty,,,,,,,,,,,,,
20,5/15/2025,"A. Fussell, J. Mulling",Rock Islands,9:25,9:54,,RI37,No,SNEG,Occupied,,,3,,,,,,,,,,
20,5/15/2025,"A. Fussell, J. Mulling",Rock Islands,9:25,9:54,,RI38,No,TRHE,Empty,,,,,,,,,,,,,
20,5/15/2025,"A. Fussell, J. Mulling",Rock Islands,9:25,9:54,,RI39,No,SNEG,Occupied,,1,1,1,,,,,,,,,
20,5/15/2025,"A. Fussell, J. Mulling",Rock Islands,9:25,9:54,,RI40,No,SNEG,Occupied,,,1,,1,,,,,,,,
20,5/15/2025,"A. Fussell, J. Mulling",Rock Islands,9:25,9:54,,RI41,No,TRHE,Empty,,,,,,,,,,,,,
20,5/15/2025,"A. Fussell, J. Mulling",Rock Islands,9:25,9:54,,RI42,No,SNEG,Empty,,,,,,,,,,,,,
20,5/15/2025,"A. Fussell, J. Mulling",Rock Islands,9:25,9:54,,RI43,No,SNEG,Empty,,,,,,,,,,,,,
20,5/15/2025,"A. Fussell, J. Mulling",Rock Islands,9:25,9:54,,RI44,No,GLIB,Occupied,,1,,,,,,,,,,,
20,5/15/2025,"A. Fussell, J. Mulling",Rock Islands,9:25,9:54,,RI45,No,GREG,Empty,,,,,,,,,,,,,
20,5/15/2025,"A. Fussell, J. Mulling",Rock Islands,9:25,9:54,,RI46,No,SNEG,Empty,,,,,,,,,,,,,
20,5/15/2025,"A. Fussell, J. Mulling",Rock Islands,9:25,9:54,,RI47,No,SNEG,Destroyed or Gone,,,,,1,,,,,,,,
20,5/15/2025,"A. Fussell, J. Mulling",Rock Islands,9:25,9:54,,RI48,No,SNEG,Empty,,,,,,,,,,,,,
20,5/15/2025,"A. Fussell, J. Mulling",Rock Islands,9:25,9:54,,RI49,No,GREG,Empty,,,,,,,,,,,,,
20,5/15/2025,"A. Fussell, J. Mulling",Rock Islands,9:25,9:54,,RI50,No,GLIB,Empty,,,,,,,,,,,,,
20,5/15/2025,"A. Fussell, J. Mulling",Rock Islands,9:25,9:54,,RI51,No,SNEG,Empty,,,,,,,,,,,,,
20,5/15/2025,"A. Fussell, J. Mulling",Rock Islands,10:05,10:38,,RI2-1,No,ROSP,Empty,,,,,,,,,,,,,
20,5/15/2025,"A. Fussell, J. Mulling",Rock Islands,10:05,10:38,,RI2-2,No,TRHE,Empty,,,,,,,,,,,,,
20,5/15/2025,"A. Fussell, J. Mulling",Rock Islands,10:05,10:38,,RI2-3,No,SNEG,Empty,,,,,,,,,,,,,
20,5/15/2025,"A. Fussell, J. Mulling",Rock Islands,10:05,10:38,,RI2-4,No,SNEG,Empty,,,,,,,,,,,,,
20,5/15/2025,"A. Fussell, J. Mulling",Rock Islands,10:05,10:38,,RI2-5,No,CAEG,Occupied,2,,,,,,,,,,,,
20,5/15/2025,"A. Fussell, J. Mulling",Rock Islands,10:05,10:38,,RI2-6,No,SNEG,Empty,,,,,,,,,,,,,
20,5/15/2025,"A. Fussell, J. Mulling",Rock Islands,10:05,10:38,,RI2-7,No,CAEG,Occupied,3,,,,,,,,,,,,
20,5/15/2025,"A. Fussell, J. Mulling",Rock Islands,10:05,10:38,,RI2-8,No,CAEG,Occupied,2,,,,,,,,,,,,
20,5/15/2025,"A. Fussell, J. Mulling",Rock Islands,10:05,10:38,,RI2-9,No,SNEG,Empty,,,,,,,,,,,,,
20,5/15/2025,"A. Fussell, J. Mulling",Rock Islands,10:05,10:38,,RI2-10,No,SNEG,Destroyed or Gone,,,,,,,,,,,,,
20,5/15/2025,"A. Fussell, J. Mulling",Rock Islands,10:05,10:38,,RI2-11,No,CAEG,Occupied,3,,,,,,,,,,,,
20,5/15/2025,"A. Fussell, J. Mulling",Rock Islands,10:05,10:38,,RI2-12,No,CAEG,Occupied,2,,,,,,,,,,,,
20,5/15/2025,"A. Fussell, J. Mulling",Rock Islands,10:05,10:38,,RI2-13,No,CAEG,Occupied,2,,,,,,,,,,,,
20,5/15/2025,"A. Fussell, J. Mulling",Rock Islands,10:05,10:38,,RI2-14,No,SNEG,Empty,,,,,,,,,,,,,
20,5/15/2025,"A. Fussell, J. Mulling",Rock Islands,10:05,10:38,,RI2-15,No,SNEG,Empty,,,,,,,,,,,,,
20,5/15/2025,"A. Fussell, J. Mulling",Rock Islands,10:05,10:38,,RI2-16,No,CAEG,Occupied,2,,,,,,,,,,,,
20,5/15/2025,"A. Fussell, J. Mulling",Rock Islands,10:05,10:38,,RI2-17,No,SNEG,Occupied,3,,,,,,,,,,,,
20,5/15/2025,"A. Fussell, J. Mulling",Rock Islands,10:05,10:38,,RI2-18,No,SNEG,Destroyed or Gone,,,,,,,,,,,,,
20,5/15/2025,"A. Fussell, J. Mulling",Rock Islands,10:05,10:38,,RI2-19,No,SNEG,Empty,,,,,,,,,,,,,
20,5/15/2025,"A. Fussell, J. Mulling",Rock Islands,10:05,10:38,,RI2-20,No,SNEG,Empty,,,,,,,,,,,,,
20,5/15/2025,"A. Fussell, J. Mulling",Rock Islands,10:05,10:38,,RI2-21,No,ROSP,Occupied,,,2,,,,,,,,,,
20,5/15/2025,"A. Fussell, J. Mulling",Rock Islands,10:05,10:38,,RI2-22,No,SNEG,Empty,,,,,,,,,,,,,
20,5/15/2025,"A. Fussell, J. Mulling",Rock Islands,10:05,10:38,,RI2-23,No,CAEG,Occupied,2,,,,,,,,,,,,
20,5/15/2025,"A. Fussell, J. Mulling",Rock Islands,10:05,10:38,,RI2-24,No,SNEG,Occupied,,2,,,,,,,,,,,
20,5/15/2025,"A. Fussell, J. Mulling",Rock Islands,10:05,10:38,,RI2-25,No,SNEG,Occupied,2,1,,,,,,,,,,,
20,5/15/2025,"A. Fussell, J. Mulling",Rock Islands,10:05,10:38,,RI2-26,No,TRHE,Empty,,,,,,,,,,,,,
20,5/15/2025,"A. Fussell, J. Mulling",Rock Islands,10:05,10:38,,RI2-27,No,SNEG,Empty,,,,,,,,,,,,,
20,5/15/2025,"A. Fussell, J. Mulling",Rock Islands,10:05,10:38,,RI2-28,No,SNEG,Empty,,,,,,,,,,,,,
20,5/15/2025,"A. Fussell, J. Mulling",Rock Islands,10:05,10:38,,RI2-29,No,CAEG,Occupied,2,,,,,,,,,,,,
20,5/15/2025,"A. Fussell, J. Mulling",Rock Islands,10:05,10:38,,RI2-30,No,GLIB,Occupied,1,,,,,,,,,,,,
20,5/15/2025,"A. Fussell, J. Mulling",Rock Islands,10:05,10:38,,RI2-31,No,SNEG,Occupied,,1,1,,,,,,,,,,
21,5/16/2025,"A. Fussell, J. Mulling",Moonshine Bay,9:12,9:34,,MB1,No,WHIB,Occupied,,2,,,,,,,,,,,
21,5/16/2025,"A. Fussell, J. Mulling",Moonshine Bay,9:12,9:34,,MB2,No,WHIB,Empty,,,,,,,,,,,,,
21,5/16/2025,"A. Fussell, J. Mulling",Moonshine Bay,9:12,9:34,,MB3,No,WHIB,Occupied,,,1,1,,,,,,,,,
21,5/16/2025,"A. Fussell, J. Mulling",Moonshine Bay,9:12,9:34,,MB4,No,WHIB,Destroyed or Gone,,,,,,,,,,,,,
21,5/16/2025,"A. Fussell, J. Mulling",Moonshine Bay,9:12,9:34,,MB5,No,WHIB,Empty,,,,,,,,,,,,,
21,5/16/2025,"A. Fussell, J. Mulling",Moonshine Bay,9:12,9:34,,MB6,No,GLIB,Occupied,4,,,,,,,,,,,,
21,5/16/2025,"A. Fussell, J. Mulling",Moonshine Bay,9:12,9:34,,MB7,No,WHIB,Destroyed or Gone,,,,,,,,,,,,,
21,5/16/2025,"A. Fussell, J. Mulling",Moonshine Bay,9:12,9:34,,MB8,No,WHIB,Destroyed or Gone,,,,,,,,,,,,,
21,5/16/2025,"A. Fussell, J. Mulling",Moonshine Bay,9:12,9:34,,MB9,No,WHIB,Destroyed or Gone,,,,,,,,,,,,,
21,5/16/2025,"A. Fussell, J. Mulling",Moonshine Bay,9:12,9:34,,MB10,No,WHIB,Destroyed or Gone,,,,,,,,,,,,,
21,5/16/2025,"A. Fussell, J. Mulling",Moonshine Bay,9:12,9:34,,MB11,No,WHIB,Destroyed or Gone,,,,,,,,,,,,,
21,5/16/2025,"A. Fussell, J. Mulling",Moonshine Bay,9:12,9:34,,MB12,No,WHIB,Destroyed or Gone,,,,,,,,,,,,,
21,5/16/2025,"A. Fussell, J. Mulling",Moonshine Bay,9:12,9:34,,MB13,No,WHIB,Destroyed or Gone,,,,,,,,,,,,,
21,5/16/2025,"A. Fussell, J. Mulling",Moonshine Bay,9:12,9:34,,MB14,No,WHIB,Destroyed or Gone,,,,,,,,,,,,,
21,5/16/2025,"A. Fussell, J. Mulling",Moonshine Bay,9:12,9:34,,MB15,No,WHIB,Destroyed or Gone,,,,,,,,,,,,,
21,5/16/2025,"A. Fussell, J. Mulling",Moonshine Bay,9:12,9:34,,MB16,No,WHIB,Destroyed or Gone,,,,,,,,,,,,,
21,5/16/2025,"A. Fussell, J. Mulling",Moonshine Bay,9:12,9:34,,MB17,No,WHIB,Empty,,,,,,,,,,,,,
21,5/16/2025,"A. Fussell, J. Mulling",Moonshine Bay,9:12,9:34,,MB18,No,WHIB,Destroyed or Gone,,,,,,,,,,,,,
21,5/16/2025,"A. Fussell, J. Mulling",Moonshine Bay,9:12,9:34,,MB19,No,WHIB,Empty,,,,,,,,,,,,,
21,5/16/2025,"A. Fussell, J. Mulling",Moonshine Bay,9:12,9:34,,MB20,No,WHIB,Empty,,,,,,,,,,,,,
21,5/16/2025,"A. Fussell, J. Mulling",Moonshine Bay,9:12,9:34,,MB21,No,WHIB,Destroyed or Gone,,,,,,,,,,,,,
21,5/16/2025,"A. Fussell, J. Mulling",Moonshine Bay,9:12,9:34,,MB22,No,WHIB,Destroyed or Gone,,,,,,,,,,,,,
21,5/16/2025,"A. Fussell, J. Mulling",Moonshine Bay,9:12,9:34,,MB23,No,WHIB,Destroyed or Gone,,,,,,,,,,,,,
21,5/16/2025,"A. Fussell, J. Mulling",Moonshine Bay,9:12,9:34,,MB24,No,WHIB,Destroyed or Gone,,,,,,,,,,,,,
21,5/16/2025,"A. Fussell, J. Mulling",Moonshine Bay,9:12,9:34,,MB25,No,WHIB,Destroyed or Gone,,,,,,,,,,,,,
21,5/16/2025,"A. Fussell, J. Mulling",Moonshine Bay,9:12,9:34,,MB26,No,WHIB,Destroyed or Gone,,,,,,,,,,,,,
21,5/16/2025,"A. Fussell, J. Mulling",Moonshine Bay,9:12,9:34,,MB27,No,WHIB,Destroyed or Gone,,,,,,,,,,,,,
21,5/16/2025,"A. Fussell, J. Mulling",Moonshine Bay,9:12,9:34,,MB28,No,WHIB,Destroyed or Gone,,,,,,,,,,,,,
21,5/16/2025,"A. Fussell, J. Mulling",Moonshine Bay,9:12,9:34,,MB29,No,WHIB,Empty,,,,,,,,,,,,,
21,5/16/2025,"A. Fussell, J. Mulling",Moonshine Bay,9:12,9:34,,MB30,No,WHIB,Empty,,,,,,,,,,,,,
21,5/16/2025,"A. Fussell, J. Mulling",Moonshine Bay,9:12,9:34,,MB31,No,WHIB,Destroyed or Gone,,,,,,,,,,,,,
21,5/16/2025,"A. Fussell, J. Mulling",Moonshine Bay,9:12,9:34,,MB32,No,GLIB,Empty,,,,,,,,,,,,,
21,5/16/2025,"A. Fussell, J. Mulling",Moonshine Bay,9:12,9:34,,MB33,No,WHIB,Empty,,,,,,,,,,,,,
21,5/16/2025,"A. Fussell, J. Mulling",Moonshine Bay,9:12,9:34,,MB34,No,WHIB,Destroyed or Gone,,,,,,,,,,,,,
21,5/16/2025,"A. Fussell, J. Mulling",Moonshine Bay,9:12,9:34,,MB35,No,WHIB,Empty,,,,1,,,,,,,,,
21,5/16/2025,"A. Fussell, J. Mulling",Moonshine Bay,9:12,9:34,,MB36,No,GLIB,Destroyed or Gone,,,,,,,,,,,,,
21,5/16/2025,"A. Fussell, J. Mulling",Moonshine Bay,9:12,9:34,,MB37,No,WHIB,Empty,,,,,,,,,,,,,
21,5/16/2025,"A. Fussell, J. Mulling",Moonshine Bay,9:12,9:34,,MB38,No,WHIB,Empty,,,,,,,,,,,,,
21,5/16/2025,"A. Fussell, J. Mulling",Moonshine Bay,9:12,9:34,,MB39,No,WHIB,Empty,,,,,,,,,,,,,
21,5/16/2025,"A. Fussell, J. Mulling",Moonshine Bay,9:12,9:34,,MB40,No,WHIB,Empty,,,,,,,,,,,,,
21,5/16/2025,"A. Fussell, J. Mulling",Moonshine Bay,9:12,9:34,,MB41,No,WHIB,Empty,,,,,,,,,,,,,
21,5/16/2025,"A. Fussell, J. Mulling",Moonshine Bay,9:12,9:34,,MB42,No,GLIB,Empty,,,,,,,,,,,,,
21,5/16/2025,"A. Fussell, J. Mulling",Moonshine Bay,9:12,9:34,,MB43,No,WHIB,Destroyed or Gone,,,,,,,,,,,,,
21,5/16/2025,"A. Fussell, J. Mulling",Moonshine Bay,9:12,9:34,,MB44,No,WHIB,Empty,,,,,,,,,,,,,
21,5/16/2025,"A. Fussell, J. Mulling",Moonshine Bay,9:12,9:34,,MB45,No,WHIB,Empty,,,,2,,,,,,,,,
21,5/16/2025,"A. Fussell, J. Mulling",Moonshine Bay,9:12,9:34,,MB46,No,GLIB,Empty,,,,,,,,,,,,,
21,5/16/2025,"A. Fussell, J. Mulling",Moonshine Bay,9:12,9:34,,MB47,No,GLIB,Destroyed or Gone,,,,,,,,,,,,,
21,5/16/2025,"A. Fussell, J. Mulling",Moonshine Bay,9:12,9:34,,MB48,No,WHIB,Destroyed or Gone,,,,,,,,,,,,,
21,5/16/2025,"A. Fussell, J. Mulling",Moonshine Bay,9:12,9:34,,MB49,No,WHIB,Empty,,,,,,,,,,,,,
21,5/16/2025,"A. Fussell, J. Mulling",Moonshine Bay,9:12,9:34,,MB50,No,WHIB,Empty,,,,,,,,,,,,,
22,5/21/2025,"A. Fussell, J. Mulling, Volunteer",Rock Islands,9:03,9:30,volunteer is M. Zuliani,RI1,No,TRHE,Empty,,,,,,,,,,,,,
22,5/21/2025,"A. Fussell, J. Mulling, Volunteer",Rock Islands,9:03,9:30,volunteer is M. Zuliani,RI2,No,GLIB,Occupied,,,1,,,,,,,,,,
22,5/21/2025,"A. Fussell, J. Mulling, Volunteer",Rock Islands,9:03,9:30,volunteer is M. Zuliani,RI3,No,SNEG,Destroyed or Gone,,,,,,,,,,,,,
22,5/21/2025,"A. Fussell, J. Mulling, Volunteer",Rock Islands,9:03,9:30,volunteer is M. Zuliani,RI4,No,SNEG,Destroyed or Gone,,,,,,,,,,,,,
22,5/21/2025,"A. Fussell, J. Mulling, Volunteer",Rock Islands,9:03,9:30,volunteer is M. Zuliani,RI5,No,SNEG,Empty,,,,,,,,,,,,,
22,5/21/2025,"A. Fussell, J. Mulling, Volunteer",Rock Islands,9:03,9:30,volunteer is M. Zuliani,RI6,No,SMWT,Destroyed or Gone,,,,,,,,,,,,,
22,5/21/2025,"A. Fussell, J. Mulling, Volunteer",Rock Islands,9:03,9:30,volunteer is M. Zuliani,RI7,No,SNEG,Empty,,,,,,,,,,,,,
22,5/21/2025,"A. Fussell, J. Mulling, Volunteer",Rock Islands,9:03,9:30,volunteer is M. Zuliani,RI8,No,ANHI,Destroyed or Gone,,,,,,,,,,,,,
22,5/21/2025,"A. Fussell, J. Mulling, Volunteer",Rock Islands,9:03,9:30,volunteer is M. Zuliani,RI9,No,ROSP,Destroyed or Gone,,,,,,,,,,,,,
22,5/21/2025,"A. Fussell, J. Mulling, Volunteer",Rock Islands,9:03,9:30,volunteer is M. Zuliani,RI10,No,ROSP,Empty,,,,,,,,,,,,,
22,5/21/2025,"A. Fussell, J. Mulling, Volunteer",Rock Islands,9:03,9:30,volunteer is M. Zuliani,RI11,No,GLIB,Occupied,,,2,,,,,,,,,,
22,5/21/2025,"A. Fussell, J. Mulling, Volunteer",Rock Islands,9:03,9:30,volunteer is M. Zuliani,RI12,No,TRHE,Destroyed or Gone,,,,,,,,,,,,,
22,5/21/2025,"A. Fussell, J. Mulling, Volunteer",Rock Islands,9:03,9:30,volunteer is M. Zuliani,RI13,No,GREG,Empty,,,,,,,,,,,,,
22,5/21/2025,"A. Fussell, J. Mulling, Volunteer",Rock Islands,9:03,9:30,volunteer is M. Zuliani,RI14,No,SNEG,Empty,,,,,,,,,,,,,
22,5/21/2025,"A. Fussell, J. Mulling, Volunteer",Rock Islands,9:03,9:30,volunteer is M. Zuliani,RI15,No,CAEG,Occupied,3,,,,,,,,,,,,
22,5/21/2025,"A. Fussell, J. Mulling, Volunteer",Rock Islands,9:03,9:30,volunteer is M. Zuliani,RI16,No,CAEG,Occupied,1,,,,,,,,,,,,
22,5/21/2025,"A. Fussell, J. Mulling, Volunteer",Rock Islands,9:03,9:30,volunteer is M. Zuliani,RI17,No,ROSP,Destroyed or Gone,,,,,,,,,,,,,
22,5/21/2025,"A. Fussell, J. Mulling, Volunteer",Rock Islands,9:03,9:30,volunteer is M. Zuliani,RI18,No,ROSP,Destroyed or Gone,,,,,,,,,,,,,
22,5/21/2025,"A. Fussell, J. Mulling, Volunteer",Rock Islands,9:03,9:30,volunteer is M. Zuliani,RI19,No,SNEG,Destroyed or Gone,,,,,,,,,,,,,
22,5/21/2025,"A. Fussell, J. Mulling, Volunteer",Rock Islands,9:03,9:30,volunteer is M. Zuliani,RI20,No,CAEG,Occupied,3,,,,,,,,,,,,
22,5/21/2025,"A. Fussell, J. Mulling, Volunteer",Rock Islands,9:03,9:30,volunteer is M. Zuliani,RI21,No,CAEG,Empty,,,,,,,,,,,,,
22,5/21/2025,"A. Fussell, J. Mulling, Volunteer",Rock Islands,9:03,9:30,volunteer is M. Zuliani,RI22,No,GREG,Empty,,,,,,,,,,,,,
22,5/21/2025,"A. Fussell, J. Mulling, Volunteer",Rock Islands,9:03,9:30,volunteer is M. Zuliani,RI23,No,ANHI,Empty,,,,,,,,,,,,,
22,5/21/2025,"A. Fussell, J. Mulling, Volunteer",Rock Islands,9:03,9:30,volunteer is M. Zuliani,RI24,No,SNEG,Empty,,,,,,,,,,,,,
22,5/21/2025,"A. Fussell, J. Mulling, Volunteer",Rock Islands,9:03,9:30,volunteer is M. Zuliani,RI25,No,GREG,Empty,,,,,,,,,,,,,
22,5/21/2025,"A. Fussell, J. Mulling, Volunteer",Rock Islands,9:03,9:30,volunteer is M. Zuliani,RI26,No,GREG,Empty,,,,,,,,,,,,,
22,5/21/2025,"A. Fussell, J. Mulling, Volunteer",Rock Islands,9:03,9:30,volunteer is M. Zuliani,RI27,No,GLIB,Empty,,,,,,,,,,,,,
22,5/21/2025,"A. Fussell, J. Mulling, Volunteer",Rock Islands,9:03,9:30,volunteer is M. Zuliani,RI28,No,SNEG,Destroyed or Gone,,,,,,,,,,,,,
22,5/21/2025,"A. Fussell, J. Mulling, Volunteer",Rock Islands,9:03,9:30,volunteer is M. Zuliani,RI29,No,SNEG,Empty,,,,,,,,,,,,,
22,5/21/2025,"A. Fussell, J. Mulling, Volunteer",Rock Islands,9:03,9:30,volunteer is M. Zuliani,RI30,No,TRHE,Empty,,,,,,,,,,,,,
22,5/21/2025,"A. Fussell, J. Mulling, Volunteer",Rock Islands,9:03,9:30,volunteer is M. Zuliani,RI31,No,TRHE,Empty,,,,,,,,,,,,,
22,5/21/2025,"A. Fussell, J. Mulling, Volunteer",Rock Islands,9:03,9:30,volunteer is M. Zuliani,RI32,No,ANHI,Destroyed or Gone,,,,,,,,,,,,,
22,5/21/2025,"A. Fussell, J. Mulling, Volunteer",Rock Islands,9:03,9:30,volunteer is M. Zuliani,RI33,No,GREG,Empty,,,,,,,,,,,,,
22,5/21/2025,"A. Fussell, J. Mulling, Volunteer",Rock Islands,9:03,9:30,volunteer is M. Zuliani,RI34,No,GREG,Empty,,,,,,,,,,,,,
22,5/21/2025,"A. Fussell, J. Mulling, Volunteer",Rock Islands,9:03,9:30,volunteer is M. Zuliani,RI35,No,GREG,Empty,,,,,,,,,,,,,
22,5/21/2025,"A. Fussell, J. Mulling, Volunteer",Rock Islands,9:03,9:30,volunteer is M. Zuliani,RI36,No,TRHE,Empty,,,,,,,,,,,,,
22,5/21/2025,"A. Fussell, J. Mulling, Volunteer",Rock Islands,9:03,9:30,volunteer is M. Zuliani,RI37,No,SNEG,Empty,,,,,,,,,,,,,
22,5/21/2025,"A. Fussell, J. Mulling, Volunteer",Rock Islands,9:03,9:30,volunteer is M. Zuliani,RI38,No,TRHE,Empty,,,,,,,,,,,,,
22,5/21/2025,"A. Fussell, J. Mulling, Volunteer",Rock Islands,9:03,9:30,volunteer is M. Zuliani,RI39,No,SNEG,Occupied,,,1,,,,,,,,,,
22,5/21/2025,"A. Fussell, J. Mulling, Volunteer",Rock Islands,9:03,9:30,volunteer is M. Zuliani,RI40,No,SNEG,Empty,,,,,1,,,,,,,,
22,5/21/2025,"A. Fussell, J. Mulling, Volunteer",Rock Islands,9:03,9:30,volunteer is M. Zuliani,RI41,No,TRHE,Empty,,,,,,,,,,,,,
22,5/21/2025,"A. Fussell, J. Mulling, Volunteer",Rock Islands,9:03,9:30,volunteer is M. Zuliani,RI42,No,CAEG,Occupied,2,,,,,,,,,,,,
22,5/21/2025,"A. Fussell, J. Mulling, Volunteer",Rock Islands,9:03,9:30,volunteer is M. Zuliani,RI43,No,SNEG,Empty,,,,,,,,,,,,,
22,5/21/2025,"A. Fussell, J. Mulling, Volunteer",Rock Islands,9:03,9:30,volunteer is M. Zuliani,RI44,No,GLIB,Empty,,,,,,,,,,,,,
22,5/21/2025,"A. Fussell, J. Mulling, Volunteer",Rock Islands,9:03,9:30,volunteer is M. Zuliani,RI45,No,GREG,Empty,,,,,,,,,,,,,
22,5/21/2025,"A. Fussell, J. Mulling, Volunteer",Rock Islands,9:03,9:30,volunteer is M. Zuliani,RI46,No,SNEG,Empty,,,,,,,,,,,,,
22,5/21/2025,"A. Fussell, J. Mulling, Volunteer",Rock Islands,9:03,9:30,volunteer is M. Zuliani,RI47,No,SNEG,Destroyed or Gone,,,,,,,,,,,,,
22,5/21/2025,"A. Fussell, J. Mulling, Volunteer",Rock Islands,9:03,9:30,volunteer is M. Zuliani,RI48,No,SNEG,Empty,,,,,,,,,,,,,
22,5/21/2025,"A. Fussell, J. Mulling, Volunteer",Rock Islands,9:03,9:30,volunteer is M. Zuliani,RI49,No,GREG,Empty,,,,,,,,,,,,,
22,5/21/2025,"A. Fussell, J. Mulling, Volunteer",Rock Islands,9:03,9:30,volunteer is M. Zuliani,RI50,No,GLIB,Empty,,,,,,,,,,,,,
22,5/21/2025,"A. Fussell, J. Mulling, Volunteer",Rock Islands,9:03,9:30,volunteer is M. Zuliani,RI51,No,SNEG,Empty,,,,,,,,,,,,,
22,5/21/2025,"A. Fussell, J. Mulling, Volunteer",Rock Islands,9:38,9:58,volunteer is M. Zuliani,RI2-1,No,ROSP,Empty,,,,,,,,,,,,,
22,5/21/2025,"A. Fussell, J. Mulling, Volunteer",Rock Islands,9:38,9:58,volunteer is M. Zuliani,RI2-2,No,TRHE,Empty,,,,,,,,,,,,,
22,5/21/2025,"A. Fussell, J. Mulling, Volunteer",Rock Islands,9:38,9:58,volunteer is M. Zuliani,RI2-3,No,SNEG,Empty,,,,,,,,,,,,,
22,5/21/2025,"A. Fussell, J. Mulling, Volunteer",Rock Islands,9:38,9:58,volunteer is M. Zuliani,RI2-4,No,SNEG,Empty,,,,,,,,,,,,,
22,5/21/2025,"A. Fussell, J. Mulling, Volunteer",Rock Islands,9:38,9:58,volunteer is M. Zuliani,RI2-5,No,CAEG,Occupied,2,,,,,,,,,,,,
22,5/21/2025,"A. Fussell, J. Mulling, Volunteer",Rock Islands,9:38,9:58,volunteer is M. Zuliani,RI2-6,No,SNEG,Empty,,,,,,,,,,,,,
22,5/21/2025,"A. Fussell, J. Mulling, Volunteer",Rock Islands,9:38,9:58,volunteer is M. Zuliani,RI2-7,No,CAEG,Occupied,3,,,,,,,,,,,,
22,5/21/2025,"A. Fussell, J. Mulling, Volunteer",Rock Islands,9:38,9:58,volunteer is M. Zuliani,RI2-8,No,CAEG,Occupied,3,,,,,,,,,,,,
22,5/21/2025,"A. Fussell, J. Mulling, Volunteer",Rock Islands,9:38,9:58,volunteer is M. Zuliani,RI2-9,No,SNEG,Empty,,,,,,,,,,,,,
22,5/21/2025,"A. Fussell, J. Mulling, Volunteer",Rock Islands,9:38,9:58,volunteer is M. Zuliani,RI2-10,No,SNEG,Destroyed or Gone,,,,,,,,,,,,,
22,5/21/2025,"A. Fussell, J. Mulling, Volunteer",Rock Islands,9:38,9:58,volunteer is M. Zuliani,RI2-11,No,CAEG,Occupied,3,,,,,,,,,,,,
22,5/21/2025,"A. Fussell, J. Mulling, Volunteer",Rock Islands,9:38,9:58,volunteer is M. Zuliani,RI2-12,No,CAEG,Occupied,3,,,,,,,,,,,,
22,5/21/2025,"A. Fussell, J. Mulling, Volunteer",Rock Islands,9:38,9:58,volunteer is M. Zuliani,RI2-13,No,CAEG,Occupied,3,,,,,,,,,,,,
22,5/21/2025,"A. Fussell, J. Mulling, Volunteer",Rock Islands,9:38,9:58,volunteer is M. Zuliani,RI2-14,No,SNEG,Empty,,,,,,,,,,,,,
22,5/21/2025,"A. Fussell, J. Mulling, Volunteer",Rock Islands,9:38,9:58,volunteer is M. Zuliani,RI2-15,No,CAEG,Occupied,3,,,,,,,,,,,,
22,5/21/2025,"A. Fussell, J. Mulling, Volunteer",Rock Islands,9:38,9:58,volunteer is M. Zuliani,RI2-16,No,CAEG,Occupied,2,,,,,,,,,,,,
22,5/21/2025,"A. Fussell, J. Mulling, Volunteer",Rock Islands,9:38,9:58,volunteer is M. Zuliani,RI2-17,No,CAEG,Occupied,3,,,,,,,,,,,,
22,5/21/2025,"A. Fussell, J. Mulling, Volunteer",Rock Islands,9:38,9:58,volunteer is M. Zuliani,RI2-18,No,SNEG,Destroyed or Gone,,,,,,,,,,,,,
22,5/21/2025,"A. Fussell, J. Mulling, Volunteer",Rock Islands,9:38,9:58,volunteer is M. Zuliani,RI2-19,No,SNEG,Empty,,,,,,,,,,,,,
22,5/21/2025,"A. Fussell, J. Mulling, Volunteer",Rock Islands,9:38,9:58,volunteer is M. Zuliani,RI2-20,No,SNEG,Empty,,,,,,,,,,,,,
22,5/21/2025,"A. Fussell, J. Mulling, Volunteer",Rock Islands,9:38,9:58,volunteer is M. Zuliani,RI2-21,No,ROSP,Occupied,,,2,,,,,,,,,,
22,5/21/2025,"A. Fussell, J. Mulling, Volunteer",Rock Islands,9:38,9:58,volunteer is M. Zuliani,RI2-22,No,SNEG,Empty,,,,,,,,,,,,,
22,5/21/2025,"A. Fussell, J. Mulling, Volunteer",Rock Islands,9:38,9:58,volunteer is M. Zuliani,RI2-23,No,CAEG,Occupied,1,,,,,,,,,,,,
22,5/21/2025,"A. Fussell, J. Mulling, Volunteer",Rock Islands,9:38,9:58,volunteer is M. Zuliani,RI2-24,No,SNEG,Occupied,,,2,,,,,,,,,,
22,5/21/2025,"A. Fussell, J. Mulling, Volunteer",Rock Islands,9:38,9:58,volunteer is M. Zuliani,RI2-25,No,SNEG,Occupied,2,,1,,,,,,,,,,
22,5/21/2025,"A. Fussell, J. Mulling, Volunteer",Rock Islands,9:38,9:58,volunteer is M. Zuliani,RI2-26,No,TRHE,Empty,,,,,,,,,,,,,
22,5/21/2025,"A. Fussell, J. Mulling, Volunteer",Rock Islands,9:38,9:58,volunteer is M. Zuliani,RI2-27,No,SNEG,Empty,,,,,,,,,,,,,
22,5/21/2025,"A. Fussell, J. Mulling, Volunteer",Rock Islands,9:38,9:58,volunteer is M. Zuliani,RI2-28,No,CAEG,Occupied,2,,,,,,,,,,,,
22,5/21/2025,"A. Fussell, J. Mulling, Volunteer",Rock Islands,9:38,9:58,volunteer is M. Zuliani,RI2-29,No,CAEG,Occupied,2,,,,,,,,,,,,
22,5/21/2025,"A. Fussell, J. Mulling, Volunteer",Rock Islands,9:38,9:58,volunteer is M. Zuliani,RI2-30,No,GLIB,Empty,,,,,,,,,,,,,
22,5/21/2025,"A. Fussell, J. Mulling, Volunteer",Rock Islands,9:38,9:58,volunteer is M. Zuliani,RI2-31,No,SNEG,Empty,,,,,,,,,,,,,
23,6/2/2025,"A. Fussell, J. Mulling, D. Serrano",Rock Islands,9:14,9:38,,RI1,No,TRHE,Empty,,,,,,,,,,,,,
23,6/2/2025,"A. Fussell, J. Mulling, D. Serrano",Rock Islands,9:14,9:38,,RI2,No,GLIB,Empty,,,,,,,,,,,,,
23,6/2/2025,"A. Fussell, J. Mulling, D. Serrano",Rock Islands,9:14,9:38,,RI3,No,SNEG,Destroyed or Gone,,,,,,,,,,,,,
23,6/2/2025,"A. Fussell, J. Mulling, D. Serrano",Rock Islands,9:14,9:38,,RI4,No,SNEG,Destroyed or Gone,,,,,,,,,,,,,
23,6/2/2025,"A. Fussell, J. Mulling, D. Serrano",Rock Islands,9:14,9:38,,RI5,No,CAEG,Occupied,3,,,,,,,,,,,,
23,6/2/2025,"A. Fussell, J. Mulling, D. Serrano",Rock Islands,9:14,9:38,,RI6,No,SMWT,Destroyed or Gone,,,,,,,,,,,,,
23,6/2/2025,"A. Fussell, J. Mulling, D. Serrano",Rock Islands,9:14,9:38,,RI7,No,SNEG,Empty,,,,,,,,,,,,,
23,6/2/2025,"A. Fussell, J. Mulling, D. Serrano",Rock Islands,9:14,9:38,,RI8,No,ANHI,Destroyed or Gone,,,,,,,,,,,,,
23,6/2/2025,"A. Fussell, J. Mulling, D. Serrano",Rock Islands,9:14,9:38,,RI9,No,ROSP,Destroyed or Gone,,,,,,,,,,,,,
23,6/2/2025,"A. Fussell, J. Mulling, D. Serrano",Rock Islands,9:14,9:38,,RI10,No,CAEG,Occupied,3,,,,,,,,,,,,
23,6/2/2025,"A. Fussell, J. Mulling, D. Serrano",Rock Islands,9:14,9:38,,RI11,No,GLIB,Empty,,,,,,,,,,,,,
23,6/2/2025,"A. Fussell, J. Mulling, D. Serrano",Rock Islands,9:14,9:38,,RI12,No,TRHE,Destroyed or Gone,,,,,,,,,,,,,
23,6/2/2025,"A. Fussell, J. Mulling, D. Serrano",Rock Islands,9:14,9:38,,RI13,No,GREG,Empty,,,,,,,,,,,,,
23,6/2/2025,"A. Fussell, J. Mulling, D. Serrano",Rock Islands,9:14,9:38,,RI14,No,SNEG,Empty,,,,,,,,,,,,,
23,6/2/2025,"A. Fussell, J. Mulling, D. Serrano",Rock Islands,9:14,9:38,,RI15,No,CAEG,Occupied,1,2,,,,,,,,,,,
23,6/2/2025,"A. Fussell, J. Mulling, D. Serrano",Rock Islands,9:14,9:38,,RI16,No,CAEG,Occupied,1,,,,,,,,,,,,
23,6/2/2025,"A. Fussell, J. Mulling, D. Serrano",Rock Islands,9:14,9:38,,RI17,No,ROSP,Destroyed or Gone,,,,,,,,,,,,,
23,6/2/2025,"A. Fussell, J. Mulling, D. Serrano",Rock Islands,9:14,9:38,,RI18,No,ROSP,Destroyed or Gone,,,,,,,,,,,,,
23,6/2/2025,"A. Fussell, J. Mulling, D. Serrano",Rock Islands,9:14,9:38,,RI19,No,SNEG,Destroyed or Gone,,,,,,,,,,,,,
23,6/2/2025,"A. Fussell, J. Mulling, D. Serrano",Rock Islands,9:14,9:38,,RI20,No,CAEG,Occupied,1,2,,,,,,,,,,,
23,6/2/2025,"A. Fussell, J. Mulling, D. Serrano",Rock Islands,9:14,9:38,,RI21,No,CAEG,Occupied,,2,,,,,,,,,,,
23,6/2/2025,"A. Fussell, J. Mulling, D. Serrano",Rock Islands,9:14,9:38,,RI22,No,GREG,Empty,,,,,,,,,,,,,
23,6/2/2025,"A. Fussell, J. Mulling, D. Serrano",Rock Islands,9:14,9:38,,RI23,No,ANHI,Empty,,,,,,,,,,,,,
23,6/2/2025,"A. Fussell, J. Mulling, D. Serrano",Rock Islands,9:14,9:38,,RI24,No,SNEG,Empty,,,,,,,,,,,,,
23,6/2/2025,"A. Fussell, J. Mulling, D. Serrano",Rock Islands,9:14,9:38,,RI25,No,GREG,Empty,,,,,,,,,,,,,
23,6/2/2025,"A. Fussell, J. Mulling, D. Serrano",Rock Islands,9:14,9:38,,RI26,No,GREG,Empty,,,,,,,,,,,,,
23,6/2/2025,"A. Fussell, J. Mulling, D. Serrano",Rock Islands,9:14,9:38,,RI27,No,GLIB,Empty,,,,,,,,,,,,,
23,6/2/2025,"A. Fussell, J. Mulling, D. Serrano",Rock Islands,9:14,9:38,,RI28,No,SNEG,Destroyed or Gone,,,,,,,,,,,,,
23,6/2/2025,"A. Fussell, J. Mulling, D. Serrano",Rock Islands,9:14,9:38,,RI29,No,SNEG,Empty,,,,,,,,,,,,,
23,6/2/2025,"A. Fussell, J. Mulling, D. Serrano",Rock Islands,9:14,9:38,,RI30,No,TRHE,Empty,,,,,,,,,,,,,
23,6/2/2025,"A. Fussell, J. Mulling, D. Serrano",Rock Islands,9:14,9:38,,RI31,No,TRHE,Empty,,,,,,,,,,,,,
23,6/2/2025,"A. Fussell, J. Mulling, D. Serrano",Rock Islands,9:14,9:38,,RI32,No,ANHI,Destroyed or Gone,,,,,,,,,,,,,
23,6/2/2025,"A. Fussell, J. Mulling, D. Serrano",Rock Islands,9:14,9:38,,RI33,No,GREG,Empty,,,,,,,,,,,,,
23,6/2/2025,"A. Fussell, J. Mulling, D. Serrano",Rock Islands,9:14,9:38,,RI34,No,GREG,Empty,,,,,,,,,,,,,
23,6/2/2025,"A. Fussell, J. Mulling, D. Serrano",Rock Islands,9:14,9:38,,RI35,No,GREG,Empty,,,,,,,,,,,,,
23,6/2/2025,"A. Fussell, J. Mulling, D. Serrano",Rock Islands,9:14,9:38,,RI36,No,TRHE,Empty,,,,,,,,,,,,,
23,6/2/2025,"A. Fussell, J. Mulling, D. Serrano",Rock Islands,9:14,9:38,,RI37,No,SNEG,Empty,,,,,,,,,,,,,
23,6/2/2025,"A. Fussell, J. Mulling, D. Serrano",Rock Islands,9:14,9:38,,RI38,No,TRHE,Empty,,,,,,,,,,,,,
23,6/2/2025,"A. Fussell, J. Mulling, D. Serrano",Rock Islands,9:14,9:38,,RI39,No,SNEG,Empty,,,,,,,,,,,,,
23,6/2/2025,"A. Fussell, J. Mulling, D. Serrano",Rock Islands,9:14,9:38,,RI40,No,SNEG,Empty,,,,,,,,,,,,,
23,6/2/2025,"A. Fussell, J. Mulling, D. Serrano",Rock Islands,9:14,9:38,,RI41,No,TRHE,Empty,,,,,,,,,,,,,
23,6/2/2025,"A. Fussell, J. Mulling, D. Serrano",Rock Islands,9:14,9:38,,RI42,No,CAEG,Occupied,3,,,,,,,,,,,,
23,6/2/2025,"A. Fussell, J. Mulling, D. Serrano",Rock Islands,9:14,9:38,,RI43,No,SNEG,Empty,,,,,,,,,,,,,
23,6/2/2025,"A. Fussell, J. Mulling, D. Serrano",Rock Islands,9:14,9:38,,RI44,No,CAEG,Occupied,,,2,,,,,,,,,,
23,6/2/2025,"A. Fussell, J. Mulling, D. Serrano",Rock Islands,9:14,9:38,,RI45,No,GREG,Empty,,,,,,,,,,,,,
23,6/2/2025,"A. Fussell, J. Mulling, D. Serrano",Rock Islands,9:14,9:38,,RI46,No,SNEG,Empty,,,,,,,,,,,,,
23,6/2/2025,"A. Fussell, J. Mulling, D. Serrano",Rock Islands,9:14,9:38,,RI47,No,SNEG,Destroyed or Gone,,,,,,,,,,,,,
23,6/2/2025,"A. Fussell, J. Mulling, D. Serrano",Rock Islands,9:14,9:38,,RI48,No,SNEG,Empty,,,,,,,,,,,,,
23,6/2/2025,"A. Fussell, J. Mulling, D. Serrano",Rock Islands,9:14,9:38,,RI49,No,GREG,Empty,,,,,,,,,,,,,
23,6/2/2025,"A. Fussell, J. Mulling, D. Serrano",Rock Islands,9:14,9:38,,RI50,No,GLIB,Empty,,,,,,,,,,,,,
23,6/2/2025,"A. Fussell, J. Mulling, D. Serrano",Rock Islands,9:14,9:38,,RI51 ,No,SNEG,Empty,,,,,,,,,,,,,
23,6/2/2025,"A. Fussell, J. Mulling, D. Serrano",Rock Islands,9:40,9:54,,RI2-1,No,ROSP,Empty,,,,,,,,,,,,,
23,6/2/2025,"A. Fussell, J. Mulling, D. Serrano",Rock Islands,9:40,9:54,,RI2-2,No,TRHE,Empty,,,,,,,,,,,,,
23,6/2/2025,"A. Fussell, J. Mulling, D. Serrano",Rock Islands,9:40,9:54,,RI2-3,No,SNEG,Empty,,,,,,,,,,,,,
23,6/2/2025,"A. Fussell, J. Mulling, D. Serrano",Rock Islands,9:40,9:54,,RI2-4,No,CAEG,Occupied,3,,,,,,,,,,,,
23,6/2/2025,"A. Fussell, J. Mulling, D. Serrano",Rock Islands,9:40,9:54,,RI2-5,No,CAEG,Occupied,2,,,,,,,,,,,,
23,6/2/2025,"A. Fussell, J. Mulling, D. Serrano",Rock Islands,9:40,9:54,,RI2-6,No,SNEG,Empty,,,,,,,,,,,,,
23,6/2/2025,"A. Fussell, J. Mulling, D. Serrano",Rock Islands,9:40,9:54,,RI2-7,No,CAEG,Occupied,,3,,,,,,,,,,,
23,6/2/2025,"A. Fussell, J. Mulling, D. Serrano",Rock Islands,9:40,9:54,,RI2-8,No,CAEG,Occupied,,3,,,,,,,,,,,
23,6/2/2025,"A. Fussell, J. Mulling, D. Serrano",Rock Islands,9:40,9:54,,RI2-9,No,SNEG,Empty,,,,,,,,,,,,,
23,6/2/2025,"A. Fussell, J. Mulling, D. Serrano",Rock Islands,9:40,9:54,,RI2-10,No,SNEG,Destroyed or Gone,,,,,,,,,,,,,
23,6/2/2025,"A. Fussell, J. Mulling, D. Serrano",Rock Islands,9:40,9:54,,RI2-11,No,CAEG,Occupied,,,,,,,,,,,,,
23,6/2/2025,"A. Fussell, J. Mulling, D. Serrano",Rock Islands,9:40,9:54,,RI2-12,No,CAEG,Occupied,3,,,,,,,,,,,,
23,6/2/2025,"A. Fussell, J. Mulling, D. Serrano",Rock Islands,9:40,9:54,,RI2-13,No,CAEG,Occupied,3,,,,,,,,,,,,
23,6/2/2025,"A. Fussell, J. Mulling, D. Serrano",Rock Islands,9:40,9:54,,RI2-14,No,SNEG,Empty,,,,,,,,,,,,,
23,6/2/2025,"A. Fussell, J. Mulling, D. Serrano",Rock Islands,9:40,9:54,,RI2-15,No,CAEG,Occupied,3,,,,,,,,,,,,
23,6/2/2025,"A. Fussell, J. Mulling, D. Serrano",Rock Islands,9:40,9:54,,RI2-16,No,CAEG,Occupied,1,1,,,,,,,,,,,
23,6/2/2025,"A. Fussell, J. Mulling, D. Serrano",Rock Islands,9:40,9:54,,RI2-17,No,CAEG,Occupied,,3,,,,,,,,,,,
23,6/2/2025,"A. Fussell, J. Mulling, D. Serrano",Rock Islands,9:40,9:54,,RI2-18,No,SNEG,Destroyed or Gone,,,,,,,,,,,,,
23,6/2/2025,"A. Fussell, J. Mulling, D. Serrano",Rock Islands,9:40,9:54,,RI2-19,No,SNEG,Empty,,,,,,,,,,,,,
23,6/2/2025,"A. Fussell, J. Mulling, D. Serrano",Rock Islands,9:40,9:54,,RI2-20,No,SNEG,Empty,,,,,,,,,,,,,
23,6/2/2025,"A. Fussell, J. Mulling, D. Serrano",Rock Islands,9:40,9:54,,RI2-21,No,ROSP,Occupied,,,2,,,,,,,,,,
23,6/2/2025,"A. Fussell, J. Mulling, D. Serrano",Rock Islands,9:40,9:54,,RI2-22,No,SNEG,Empty,,,,,,,,,,,,,
23,6/2/2025,"A. Fussell, J. Mulling, D. Serrano",Rock Islands,9:40,9:54,,RI2-23,No,CAEG,Empty,,,,,,,,,,,,,
23,6/2/2025,"A. Fussell, J. Mulling, D. Serrano",Rock Islands,9:40,9:54,,RI2-24,No,CAEG,Occupied,,,,,,,,,,,,,
23,6/2/2025,"A. Fussell, J. Mulling, D. Serrano",Rock Islands,9:40,9:54,,RI2-25,No,CAEG,Occupied,1,,,,,,,,,,,,
23,6/2/2025,"A. Fussell, J. Mulling, D. Serrano",Rock Islands,9:40,9:54,,RI2-26,No,TRHE,Empty,,,,,,,,,,,,,
23,6/2/2025,"A. Fussell, J. Mulling, D. Serrano",Rock Islands,9:40,9:54,,RI2-27,No,SNEG,Empty,,,,,,,,,,,,,
23,6/2/2025,"A. Fussell, J. Mulling, D. Serrano",Rock Islands,9:40,9:54,,RI2-28,No,CAEG,Occupied,2,,,,,,,,,,,,
23,6/2/2025,"A. Fussell, J. Mulling, D. Serrano",Rock Islands,9:40,9:54,,RI2-29,No,CAEG,Occupied,2,,,,,,,,,,,,
23,6/2/2025,"A. Fussell, J. Mulling, D. Serrano",Rock Islands,9:40,9:54,,RI2-30,No,GLIB,Empty,,,,,,,,,,,,,
23,6/2/2025,"A. Fussell, J. Mulling, D. Serrano",Rock Islands,9:40,9:54,,RI2-31,No,SNEG,Empty,,,,,,,,,,,,,
24,3/3/2026,"A. Fussell, R. Casella",Clewiston Spit,9:00,10:30,Initial Transect setup; GLIB & WHIB not nesting yet; Airboat trouble- FWC towed us back to the boat launch,CS1.26,Yes,ROSP,Occupied,4,,,,,,,,,,,,
24,3/3/2026,"A. Fussell, R. Casella",Clewiston Spit,9:00,10:30,Initial Transect setup; GLIB & WHIB not nesting yet; Airboat trouble- FWC towed us back to the boat launch,CS2.26,Yes,ROSP,Occupied,4,,,,,,,,,,,,
24,3/3/2026,"A. Fussell, R. Casella",Clewiston Spit,9:00,10:30,Initial Transect setup; GLIB & WHIB not nesting yet; Airboat trouble- FWC towed us back to the boat launch,CS3.26,Yes,ROSP,Occupied,3,,,,,,,,,,,,
24,3/3/2026,"A. Fussell, R. Casella",Clewiston Spit,9:00,10:30,Initial Transect setup; GLIB & WHIB not nesting yet; Airboat trouble- FWC towed us back to the boat launch,CS4.26,Yes,ROSP,Occupied,2,,,,,,,,,,,,
24,3/3/2026,"A. Fussell, R. Casella",Clewiston Spit,9:00,10:30,Initial Transect setup; GLIB & WHIB not nesting yet; Airboat trouble- FWC towed us back to the boat launch,CS5.26,Yes,ROSP,Occupied,3,,,,,,,,,,,,
24,3/3/2026,"A. Fussell, R. Casella",Clewiston Spit,9:00,10:30,Initial Transect setup; GLIB & WHIB not nesting yet; Airboat trouble- FWC towed us back to the boat launch,CS6.26,Yes,GBHE,Occupied,2,,,,,,,,,,,,
24,3/3/2026,"A. Fussell, R. Casella",Clewiston Spit,9:00,10:30,Initial Transect setup; GLIB & WHIB not nesting yet; Airboat trouble- FWC towed us back to the boat launch,CS7.26,Yes,GBHE,Occupied,3,,,,,,,,,,,,
24,3/3/2026,"A. Fussell, R. Casella",Clewiston Spit,9:00,10:30,Initial Transect setup; GLIB & WHIB not nesting yet; Airboat trouble- FWC towed us back to the boat launch,CS8.26,Yes,ROSP,Occupied,4,,,,,,,,,,,,
24,3/3/2026,"A. Fussell, R. Casella",Clewiston Spit,9:00,10:30,Initial Transect setup; GLIB & WHIB not nesting yet; Airboat trouble- FWC towed us back to the boat launch,CS9.26,Yes,GBHE,Occupied,,2,,,,,,,,,,,
24,3/3/2026,"A. Fussell, R. Casella",Clewiston Spit,9:00,10:30,Initial Transect setup; GLIB & WHIB not nesting yet; Airboat trouble- FWC towed us back to the boat launch,CS10.26,Yes,ROSP,Occupied,4,,,,,,,,,,,,
24,3/3/2026,"A. Fussell, R. Casella",Clewiston Spit,9:00,10:30,Initial Transect setup; GLIB & WHIB not nesting yet; Airboat trouble- FWC towed us back to the boat launch,CS11.26,Yes,ROSP,Occupied,4,,,,,,,,,,,,
24,3/3/2026,"A. Fussell, R. Casella",Clewiston Spit,9:00,10:30,Initial Transect setup; GLIB & WHIB not nesting yet; Airboat trouble- FWC towed us back to the boat launch,CS12.26,Yes,ROSP,Occupied,3,,,,,,,,,,,,
24,3/3/2026,"A. Fussell, R. Casella",Clewiston Spit,9:00,10:30,Initial Transect setup; GLIB & WHIB not nesting yet; Airboat trouble- FWC towed us back to the boat launch,CS13.26,Yes,ROSP,Occupied,3,,,,,,,,,,,,
24,3/3/2026,"A. Fussell, R. Casella",Clewiston Spit,9:00,10:30,Initial Transect setup; GLIB & WHIB not nesting yet; Airboat trouble- FWC towed us back to the boat launch,CS14.26,Yes,ROSP,Occupied,4,,,,,,,,,,,,
24,3/3/2026,"A. Fussell, R. Casella",Clewiston Spit,9:00,10:30,Initial Transect setup; GLIB & WHIB not nesting yet; Airboat trouble- FWC towed us back to the boat launch,CS15.26,Yes,ROSP,Occupied,3,,,,,,,,,,,,
25,3/10/2026,"A. Fussell, R. Casella",Clewiston Spit,9:25,10:13,,CS1.26,No,ROSP,Occupied,4,,,,,,,,,,,,
25,3/10/2026,"A. Fussell, R. Casella",Clewiston Spit,9:25,10:13,,CS2.26,No,ROSP,Occupied,4,,,,,,,,,,,,
25,3/10/2026,"A. Fussell, R. Casella",Clewiston Spit,9:25,10:13,,CS3.26,No,ROSP,Occupied,4,,,,,,,,,,,,
25,3/10/2026,"A. Fussell, R. Casella",Clewiston Spit,9:25,10:13,,CS4.26,No,ROSP,Occupied,2,,,,,,,,,,,,
25,3/10/2026,"A. Fussell, R. Casella",Clewiston Spit,9:25,10:13,,CS5.26,No,ROSP,Occupied,2,,,,,,,,,,,,
25,3/10/2026,"A. Fussell, R. Casella",Clewiston Spit,9:25,10:13,,CS6.26,No,GREG,Occupied,2,,,,,,,,,,,,
25,3/10/2026,"A. Fussell, R. Casella",Clewiston Spit,9:25,10:13,,CS7.26,No,GBHE,Occupied,3,,,,,,,,,,,,
25,3/10/2026,"A. Fussell, R. Casella",Clewiston Spit,9:25,10:13,,CS8.26,No,ROSP,Occupied,3,1,,,,,,,,,,,
25,3/10/2026,"A. Fussell, R. Casella",Clewiston Spit,9:25,10:13,,CS9.26,No,GBHE,Occupied,,2,,,,,,,,,,,
25,3/10/2026,"A. Fussell, R. Casella",Clewiston Spit,9:25,10:13,,CS10.26,No,ROSP,Occupied,4,,,,,,,,,,,,
25,3/10/2026,"A. Fussell, R. Casella",Clewiston Spit,9:25,10:13,,CS11.26,No,ROSP,Occupied,4,,,,,,,,,,,,
25,3/10/2026,"A. Fussell, R. Casella",Clewiston Spit,9:25,10:13,,CS12.26,No,ROSP,Occupied,3,,,,,,,,,,,,
25,3/10/2026,"A. Fussell, R. Casella",Clewiston Spit,9:25,10:13,,CS13.26,No,ROSP,Occupied,3,, ,,,,,,,,,,
25,3/10/2026,"A. Fussell, R. Casella",Clewiston Spit,9:25,10:13,,CS14.26,No,ROSP,Occupied,2,,,,,,,,,,,,
25,3/10/2026,"A. Fussell, R. Casella",Clewiston Spit,9:25,10:13,,CS15.26,No,ROSP,Occupied,3,,,,,,,,,,,,
25,3/10/2026,"A. Fussell, R. Casella",Clewiston Spit,9:25,10:13,,CS16.26,Yes,ROSP,Occupied,1,,,,,,,,,,,,
25,3/10/2026,"A. Fussell, R. Casella",Clewiston Spit,9:25,10:13,,CS17.26,Yes,GBHE,Occupied,3,,,,,,,,,,,,
25,3/10/2026,"A. Fussell, R. Casella",Clewiston Spit,9:25,10:13,,CS18.26,Yes,GBHE,Occupied,4,,,,,,,,,,,,
25,3/10/2026,"A. Fussell, R. Casella",Clewiston Spit,9:25,10:13,,CS51.26,Yes,ROSP,Occupied,4,,,,,,,,,,,,
26,3/10/2026,"A. Fussell, R. Casella",Clewiston Spit 2,10:20,10:48,Initial Transect setup,CS2-1.26,Yes,ROSP,Occupied,3,,,,,,,,,,,,
26,3/10/2026,"A. Fussell, R. Casella",Clewiston Spit 2,10:20,10:48,Initial Transect setup,CS2-2.26,Yes,ROSP,Occupied,4,,,,,,,,,,,,
26,3/10/2026,"A. Fussell, R. Casella",Clewiston Spit 2,10:20,10:48,Initial Transect setup,CS2-3.26,Yes,ROSP,Occupied,3,,,,,,,,,,,,
26,3/10/2026,"A. Fussell, R. Casella",Clewiston Spit 2,10:20,10:48,Initial Transect setup,CS2-4.26,Yes,ROSP,Occupied,3,,,,,,,,,,,,
26,3/10/2026,"A. Fussell, R. Casella",Clewiston Spit 2,10:20,10:48,Initial Transect setup,CS2-5.26,Yes,ROSP,Occupied,4,,,,,,,,,,,,
26,3/10/2026,"A. Fussell, R. Casella",Clewiston Spit 2,10:20,10:48,Initial Transect setup,CS2-6.26,Yes,GREG,Occupied,3,,,,,,,,,,,,
26,3/10/2026,"A. Fussell, R. Casella",Clewiston Spit 2,10:20,10:48,Initial Transect setup,CS2-7.26,Yes,ROSP,Occupied,3,,,,,,,,,,,,
26,3/10/2026,"A. Fussell, R. Casella",Clewiston Spit 2,10:20,10:48,Initial Transect setup,CS2-8.26,Yes,ROSP,Occupied,2,,,,,,,,,,,,
27,3/16/2026,"A. Fussell, J. Mulling",Clewiston Spit,9:22,10:04,,CS1.26,No,ROSP,Occupied,3,1,,,,,,,,,,,
27,3/16/2026,"A. Fussell, J. Mulling",Clewiston Spit,9:22,10:04,,CS2.26,No,ROSP,Occupied,1,3,,,,,,,,,,,
27,3/16/2026,"A. Fussell, J. Mulling",Clewiston Spit,9:22,10:04,,CS3.26,No,ROSP,Occupied,3,1,,,,,,,,,,,
27,3/16/2026,"A. Fussell, J. Mulling",Clewiston Spit,9:22,10:04,,CS4.26,No,ROSP,Occupied,2,,,,,,,,,,,,
27,3/16/2026,"A. Fussell, J. Mulling",Clewiston Spit,9:22,10:04,,CS5.26,No,ROSP,Occupied,2,,,,,,,,,,,,
27,3/16/2026,"A. Fussell, J. Mulling",Clewiston Spit,9:22,10:04,,CS6.26,No,GREG,Occupied,2,,,,,,,,,,,,
27,3/16/2026,"A. Fussell, J. Mulling",Clewiston Spit,9:22,10:04,,CS7.26,No,GBHE,Occupied,2,1,,,,,,,,,,,
27,3/16/2026,"A. Fussell, J. Mulling",Clewiston Spit,9:22,10:04,,CS8.26,No,ROSP,Occupied,,4,,,,,,,,,,, 
27,3/16/2026,"A. Fussell, J. Mulling",Clewiston Spit,9:22,10:04,,CS9.26,No,GBHE,Occupied,,2,,,,,,,,,,,
27,3/16/2026,"A. Fussell, J. Mulling",Clewiston Spit,9:22,10:04,,CS10.26,No,ROSP,Occupied,1,,,,,,,,,,,,
27,3/16/2026,"A. Fussell, J. Mulling",Clewiston Spit,9:22,10:04,,CS11.26,No,ROSP,Occupied,2,2,,,,,,,,,,,
27,3/16/2026,"A. Fussell, J. Mulling",Clewiston Spit,9:22,10:04,,CS12.26,No,ROSP,Occupied,2,,,,,,,,,,,,
27,3/16/2026,"A. Fussell, J. Mulling",Clewiston Spit,9:22,10:04,,CS13.26,No,ROSP,Occupied,2,1,,,,,,,,,,,
27,3/16/2026,"A. Fussell, J. Mulling",Clewiston Spit,9:22,10:04,,CS14.26,No,ROSP,Occupied,1,1,,,,,,,,,,,
27,3/16/2026,"A. Fussell, J. Mulling",Clewiston Spit,9:22,10:04,,CS15.26,No,ROSP,Occupied,3,,,,,,,,,,,,
27,3/16/2026,"A. Fussell, J. Mulling",Clewiston Spit,9:22,10:04,,CS16.26,No,ROSP,Destroyed or Gone,,,,,,,,,,,,,
27,3/16/2026,"A. Fussell, J. Mulling",Clewiston Spit,9:22,10:04,,CS17.26,No,GBHE,Occupied,3,,,,,,,,,,,,
27,3/16/2026,"A. Fussell, J. Mulling",Clewiston Spit,9:22,10:04,,CS18.26,No,GBHE,Occupied,2,2,,,,,,,,,,,
28,3/16/2026,"A. Fussell, J. Mulling",Clewiston Spit 2,10:20,10:33,,CS2-1.26,No,ROSP,Occupied,3,,,,,,,,,,,,
28,3/16/2026,"A. Fussell, J. Mulling",Clewiston Spit 2,10:20,10:33,,CS2-2.26,No,ROSP,Occupied,4,,,,,,,,,,,,
28,3/16/2026,"A. Fussell, J. Mulling",Clewiston Spit 2,10:20,10:33,,CS2-3.26,No,ROSP,Occupied,3,,,,,,,,,,,,
28,3/16/2026,"A. Fussell, J. Mulling",Clewiston Spit 2,10:20,10:33,,CS2-4.26,No,ROSP,Occupied,3,,,,,,,,,,,,
28,3/16/2026,"A. Fussell, J. Mulling",Clewiston Spit 2,10:20,10:33,,CS2-5.26,No,ROSP,Occupied,4,,,,,,,,,,,,
28,3/16/2026,"A. Fussell, J. Mulling",Clewiston Spit 2,10:20,10:33,,CS2-6.26,No,GREG,Occupied,3,,,,,,,,,,,,
28,3/16/2026,"A. Fussell, J. Mulling",Clewiston Spit 2,10:20,10:33,,CS2-7.26,No,ROSP,Occupied,3,,,,,,,,,,,,
28,3/16/2026,"A. Fussell, J. Mulling",Clewiston Spit 2,10:20,10:33,,CS2-8.26,No,ROSP,Occupied,2,,,,,,,,,,,,
29,3/23/2026,"A. Fussell, Volunteer",Clewiston Spit,9:35,11:10,Volunteer is J. Zatroch,CS1.26,No,ROSP,Occupied,,4,,,,,,,,,,,
29,3/23/2026,"A. Fussell, Volunteer",Clewiston Spit,9:35,11:10,Volunteer is J. Zatroch,CS2.26,No,ROSP,Occupied,,3,,,,,,,,,,,
29,3/23/2026,"A. Fussell, Volunteer",Clewiston Spit,9:35,11:10,Volunteer is J. Zatroch,CS3.26,No,ROSP,Occupied,,4,,,,,,,,,,,
29,3/23/2026,"A. Fussell, Volunteer",Clewiston Spit,9:35,11:10,Volunteer is J. Zatroch,CS4.26,No,ROSP,Occupied,,2,,,,,,,,,,,
29,3/23/2026,"A. Fussell, Volunteer",Clewiston Spit,9:35,11:10,Volunteer is J. Zatroch,CS5.26,No,ROSP,Occupied,1,1,,,,,,,,,,,
29,3/23/2026,"A. Fussell, Volunteer",Clewiston Spit,9:35,11:10,Volunteer is J. Zatroch,CS6.26,No,GBHE,Occupied,1,1,,,,,,,,,,,
29,3/23/2026,"A. Fussell, Volunteer",Clewiston Spit,9:35,11:10,Volunteer is J. Zatroch,CS7.26,No,GBHE,Occupied,,2,,,1,,,,,,,,
29,3/23/2026,"A. Fussell, Volunteer",Clewiston Spit,9:35,11:10,Volunteer is J. Zatroch,CS8.26,No,ROSP,Occupied,,3,,,,,,,,,,,
29,3/23/2026,"A. Fussell, Volunteer",Clewiston Spit,9:35,11:10,Volunteer is J. Zatroch,CS9.26,No,GBHE,Empty,,,,,,,,,,,,,
29,3/23/2026,"A. Fussell, Volunteer",Clewiston Spit,9:35,11:10,Volunteer is J. Zatroch,CS10.26,No,ROSP,Empty,,,,,,,,,,,,,
29,3/23/2026,"A. Fussell, Volunteer",Clewiston Spit,9:35,11:10,Volunteer is J. Zatroch,CS11.26,No,ROSP,Occupied,,3,,,,,,,,,,,
29,3/23/2026,"A. Fussell, Volunteer",Clewiston Spit,9:35,11:10,Volunteer is J. Zatroch,CS12.26,No,ROSP,Empty,,,,,,,,,,,,,
29,3/23/2026,"A. Fussell, Volunteer",Clewiston Spit,9:35,11:10,Volunteer is J. Zatroch,CS13.26,No,ROSP,Occupied,,3,,,,,,,,,,,
29,3/23/2026,"A. Fussell, Volunteer",Clewiston Spit,9:35,11:10,Volunteer is J. Zatroch,CS14.26,No,ROSP,Occupied,,1,,,,,,,,,,,
29,3/23/2026,"A. Fussell, Volunteer",Clewiston Spit,9:35,11:10,Volunteer is J. Zatroch,CS15.26,No,ROSP,Occupied,,3,,,,,,,,,,,
29,3/23/2026,"A. Fussell, Volunteer",Clewiston Spit,9:35,11:10,Volunteer is J. Zatroch,CS16.26,No,ROSP,Destroyed or Gone,,,,,,,,,,,,,
29,3/23/2026,"A. Fussell, Volunteer",Clewiston Spit,9:35,11:10,Volunteer is J. Zatroch,CS17.26,No,GBHE,Occupied,,2,,,,,,,,,,,
29,3/23/2026,"A. Fussell, Volunteer",Clewiston Spit,9:35,11:10,Volunteer is J. Zatroch,CS18.26,No,GBHE,Occupied,1,2,,,,,,,,,,,
29,3/23/2026,"A. Fussell, Volunteer",Clewiston Spit,9:35,11:10,Volunteer is J. Zatroch,CS19.26,Yes,WHIB,Occupied,1,,,,,,,,,,,,
29,3/23/2026,"A. Fussell, Volunteer",Clewiston Spit,9:35,11:10,Volunteer is J. Zatroch,CS20.26,Yes,WHIB,Occupied,1,,,,,,,,,,,,
29,3/23/2026,"A. Fussell, Volunteer",Clewiston Spit,9:35,11:10,Volunteer is J. Zatroch,CS21.26,Yes,SNEG,Occupied,2,,,,,,,,,,,,
29,3/23/2026,"A. Fussell, Volunteer",Clewiston Spit,9:35,11:10,Volunteer is J. Zatroch,CS22.26,Yes,WHIB,Occupied,1,,,,,,,,,,,,
29,3/23/2026,"A. Fussell, Volunteer",Clewiston Spit,9:35,11:10,Volunteer is J. Zatroch,CS23.26,Yes,WHIB,Occupied,1,,,,,,,,,,,,
29,3/23/2026,"A. Fussell, Volunteer",Clewiston Spit,9:35,11:10,Volunteer is J. Zatroch,CS24.26,Yes,WHIB,Occupied,2,,,,,,,,,,,,
29,3/23/2026,"A. Fussell, Volunteer",Clewiston Spit,9:35,11:10,Volunteer is J. Zatroch,CS25.26,Yes,WHIB,Occupied,1,,,,,,,,,,,,
29,3/23/2026,"A. Fussell, Volunteer",Clewiston Spit,9:35,11:10,Volunteer is J. Zatroch,CS26.26,Yes,WHIB,Occupied,1,,,,,,,,,,,,
29,3/23/2026,"A. Fussell, Volunteer",Clewiston Spit,9:35,11:10,Volunteer is J. Zatroch,CS27.26,Yes,WHIB,Occupied,1,,,,,,,,,,,,
29,3/23/2026,"A. Fussell, Volunteer",Clewiston Spit,9:35,11:10,Volunteer is J. Zatroch,CS28.26,Yes,WHIB,Occupied,1,,,,,,,,,,,,
29,3/23/2026,"A. Fussell, Volunteer",Clewiston Spit,9:35,11:10,Volunteer is J. Zatroch,CS29.26,Yes,WHIB,Occupied,1,,,,,,,,,,,,
29,3/23/2026,"A. Fussell, Volunteer",Clewiston Spit,9:35,11:10,Volunteer is J. Zatroch,CS30.26,Yes,WHIB,Occupied,1,,,,,,,,,,,,
29,3/23/2026,"A. Fussell, Volunteer",Clewiston Spit,9:35,11:10,Volunteer is J. Zatroch,CS31.26,Yes,WHIB,Occupied,1,,,,,,,,,,,,
29,3/23/2026,"A. Fussell, Volunteer",Clewiston Spit,9:35,11:10,Volunteer is J. Zatroch,CS32.26,Yes,WHIB,Occupied,2,,,,,,,,,,,,
29,3/23/2026,"A. Fussell, Volunteer",Clewiston Spit,9:35,11:10,Volunteer is J. Zatroch,CS33.26,Yes,WHIB,Occupied,2,,,,,,,,,,,,
29,3/23/2026,"A. Fussell, Volunteer",Clewiston Spit,9:35,11:10,Volunteer is J. Zatroch,CS34.26,Yes,WHIB,Occupied,2,,,,,,,,,,,,
29,3/23/2026,"A. Fussell, Volunteer",Clewiston Spit,9:35,11:10,Volunteer is J. Zatroch,CS35.26,Yes,WHIB,Occupied,1,,,,,,,,,,,,
29,3/23/2026,"A. Fussell, Volunteer",Clewiston Spit,9:35,11:10,Volunteer is J. Zatroch,CS36.26,Yes,WHIB,Occupied,1,,,,,,,,,,,,
29,3/23/2026,"A. Fussell, Volunteer",Clewiston Spit,9:35,11:10,Volunteer is J. Zatroch,CS37.26,Yes,WHIB,Occupied,2,,,,,,,,,,,,
29,3/23/2026,"A. Fussell, Volunteer",Clewiston Spit,9:35,11:10,Volunteer is J. Zatroch,CS38.26,Yes,SNEG,Occupied,2,,,,,,,,,,,,
29,3/23/2026,"A. Fussell, Volunteer",Clewiston Spit,9:35,11:10,Volunteer is J. Zatroch,CS39.26,Yes,GBHE,Occupied,3,,,,,,,,,,,,
29,3/23/2026,"A. Fussell, Volunteer",Clewiston Spit,9:35,11:10,Volunteer is J. Zatroch,CS40.26,Yes,WHIB,Occupied,2,,,,,,,,,,,,
29,3/23/2026,"A. Fussell, Volunteer",Clewiston Spit,9:35,11:10,Volunteer is J. Zatroch,CS41.26,Yes,WHIB,Occupied,2,,,,,,,,,,,,
29,3/23/2026,"A. Fussell, Volunteer",Clewiston Spit,9:35,11:10,Volunteer is J. Zatroch,CS42.26,Yes,WHIB,Occupied,2,,,,,,,,,,,,
29,3/23/2026,"A. Fussell, Volunteer",Clewiston Spit,9:35,11:10,Volunteer is J. Zatroch,CS43.26,Yes,SNEG/TRHE,Occupied,2,,,,,,,,,,,,
29,3/23/2026,"A. Fussell, Volunteer",Clewiston Spit,9:35,11:10,Volunteer is J. Zatroch,CS44.26,Yes,GREG,Occupied,2,,,,,,,,,,,,
29,3/23/2026,"A. Fussell, Volunteer",Clewiston Spit,9:35,11:10,Volunteer is J. Zatroch,CS45.26,Yes,SNEG/TRHE,Occupied,2,,,,,,,,,,,,
29,3/23/2026,"A. Fussell, Volunteer",Clewiston Spit,9:35,11:10,Volunteer is J. Zatroch,CS46.26,Yes,SNEG/TRHE,Occupied,4,,,,,,,,,,,,
29,3/23/2026,"A. Fussell, Volunteer",Clewiston Spit,9:35,11:10,Volunteer is J. Zatroch,CS47.26,Yes,SNEG,Occupied,2,,,,,,,,,,,,
29,3/23/2026,"A. Fussell, Volunteer",Clewiston Spit,9:35,11:10,Volunteer is J. Zatroch,CS48.26,Yes,SNEG/TRHE,Occupied,2,,,,,,,,,,,,
29,3/23/2026,"A. Fussell, Volunteer",Clewiston Spit,9:35,11:10,Volunteer is J. Zatroch,CS49.26,Yes,GLIB,Occupied,2,,,,,,,,,,,,
29,3/23/2026,"A. Fussell, Volunteer",Clewiston Spit,9:35,11:10,Volunteer is J. Zatroch,CS50.26,Yes,SNEG,Occupied,2,,,,,,,,,,,,
29,3/23/2026,"A. Fussell, Volunteer",Clewiston Spit,9:35,11:10,Volunteer is J. Zatroch,CS51.26,No,ROSP,Occupied,1,3,,,,,,,,,,,
30,3/23/2026,"A. Fussell, Volunteer",Clewiston Spit 2,11:26,11:36,Volunteer is J. Zatroch,CS2-1.26,No,ROSP,Occupied,3,,,,,,,,,,,,
30,3/23/2026,"A. Fussell, Volunteer",Clewiston Spit 2,11:26,11:36,Volunteer is J. Zatroch,CS2-2.26,No,ROSP,Occupied,3,1,,,,,,,,,,,
30,3/23/2026,"A. Fussell, Volunteer",Clewiston Spit 2,11:26,11:36,Volunteer is J. Zatroch,CS2-3.26,No,ROSP,Occupied,1,2,,,,,,,,,,,
30,3/23/2026,"A. Fussell, Volunteer",Clewiston Spit 2,11:26,11:36,Volunteer is J. Zatroch,CS2-4.26,No,ROSP,Occupied,3,,,,,,,,,,,,
30,3/23/2026,"A. Fussell, Volunteer",Clewiston Spit 2,11:26,11:36,Volunteer is J. Zatroch,CS2-5.26,No,ROSP,Occupied,3,1,,,,,,,,,,,
30,3/23/2026,"A. Fussell, Volunteer",Clewiston Spit 2,11:26,11:36,Volunteer is J. Zatroch,CS2-6.26,No,GREG,Destroyed or Gone,,,,,,,,,,,,,
30,3/23/2026,"A. Fussell, Volunteer",Clewiston Spit 2,11:26,11:36,Volunteer is J. Zatroch,CS2-7.26,No,ROSP,Occupied,3,,,,,,,,,,,,
30,3/23/2026,"A. Fussell, Volunteer",Clewiston Spit 2,11:26,11:36,Volunteer is J. Zatroch,CS2-8.26,No,ROSP,Occupied,2,,,,,,,,,,,,
31,3/24/2026,"A. Fussell, R. Casella",Rock Island 11,9:15,9:58,Transect setup,RI11-1.26,Yes,ROSP,Occupied,1,2,,,,,,,,,,,
31,3/24/2026,"A. Fussell, R. Casella",Rock Island 11,9:15,9:58,Transect setup,RI11-2.26,Yes,ROSP,Occupied,2,,,,,,,,,,,,
31,3/24/2026,"A. Fussell, R. Casella",Rock Island 11,9:15,9:58,Transect setup,RI11-3.26,Yes,ANHI,Occupied,2,2,,,,,,,,,,,
31,3/24/2026,"A. Fussell, R. Casella",Rock Island 11,9:15,9:58,Transect setup,RI11-4.26,Yes,GBHE,Occupied,,2,,,,,,,,,,,
31,3/24/2026,"A. Fussell, R. Casella",Rock Island 11,9:15,9:58,Transect setup,RI11-5.26,Yes,ANHI,Occupied,1,3,,,,,,,,,,,
31,3/24/2026,"A. Fussell, R. Casella",Rock Island 11,9:15,9:58,Transect setup,RI11-6.26,Yes,ANHI,Occupied,1,3,,,,,,,,,,,
31,3/24/2026,"A. Fussell, R. Casella",Rock Island 11,9:15,9:58,Transect setup,RI11-7.26,Yes,ANHI,Occupied,4,,,,,,,,,,,,
31,3/24/2026,"A. Fussell, R. Casella",Rock Island 11,9:15,9:58,Transect setup,RI11-8.26,Yes,ANHI,Occupied,1,3,,,,,,,,,,,
31,3/24/2026,"A. Fussell, R. Casella",Rock Island 11,9:15,9:58,Transect setup,RI11-9.26,Yes,ROSP,Occupied,1,,,,,,,,,,,,
31,3/24/2026,"A. Fussell, R. Casella",Rock Island 11,9:15,9:58,Transect setup,RI11-10.26,Yes,ANHI,Occupied,4,,,,,,,,,,,,
31,3/24/2026,"A. Fussell, R. Casella",Rock Island 11,9:15,9:58,Transect setup,RI11-11.26,Yes,ANHI,Occupied,5,,,,,,,,,,,,
31,3/24/2026,"A. Fussell, R. Casella",Rock Island 11,9:15,9:58,Transect setup,RI11-12.26,Yes,ROSP,Occupied,3,,,,,,,,,,,,
31,3/24/2026,"A. Fussell, R. Casella",Rock Island 11,9:15,9:58,Transect setup,RI11-13.26,Yes,ROSP,Occupied,3,,,,,,,,,,,,
31,3/24/2026,"A. Fussell, R. Casella",Rock Island 11,9:15,9:58,Transect setup,RI11-14.26,Yes,GBHE,Occupied,,2,,,,,,,,,,,
31,3/24/2026,"A. Fussell, R. Casella",Rock Island 11,9:15,9:58,Transect setup,RI11-15.26,Yes,ANHI,Occupied,4,,,,,,,,,,,,
31,3/24/2026,"A. Fussell, R. Casella",Rock Island 11,9:15,9:58,Transect setup,RI11-16.26,Yes,GBHE,Occupied,,2,,,,,,,,,,,
32,3/24/2026,"A. Fussell, R. Casella",Rock Island 12,10:35,11:06,Transect setup,RI12-1.26,Yes,ROSP,Occupied,2,,,,,,,,,,,,
32,3/24/2026,"A. Fussell, R. Casella",Rock Island 12,10:35,11:06,Transect setup,RI12-2.26,Yes,GBHE,Occupied,3,,,,,,,,,,,,
32,3/24/2026,"A. Fussell, R. Casella",Rock Island 12,10:35,11:06,Transect setup,RI12-3.26,Yes,ROSP,Occupied,,3,,,,,,,,,,,
32,3/24/2026,"A. Fussell, R. Casella",Rock Island 12,10:35,11:06,Transect setup,RI12-4.26,Yes,ROSP,Occupied,1,,,,,,,,,,,,
32,3/24/2026,"A. Fussell, R. Casella",Rock Island 12,10:35,11:06,Transect setup,RI12-5.26,Yes,GBHE,Occupied,,3,,,,,,,,,,,
32,3/24/2026,"A. Fussell, R. Casella",Rock Island 12,10:35,11:06,Transect setup,RI12-6.26,Yes,GBHE,Occupied,,1,,,,,,,,,,,
32,3/24/2026,"A. Fussell, R. Casella",Rock Island 12,10:35,11:06,Transect setup,RI12-7.26,Yes,ROSP,Occupied,,1,,,,,,,,,,,
32,3/24/2026,"A. Fussell, R. Casella",Rock Island 12,10:35,11:06,Transect setup,RI12-8.26,Yes,ROSP,Occupied,1,,,,,,,,,,,,
32,3/24/2026,"A. Fussell, R. Casella",Rock Island 12,10:35,11:06,Transect setup,RI12-8.26,Yes,ANHI,Occupied,4,,,,,,,,,,,,
32,3/24/2026,"A. Fussell, R. Casella",Rock Island 12,10:35,11:06,Transect setup,RI12-9.26,Yes,ANHI,Occupied,4,,,,,,,,,,,,
32,3/24/2026,"A. Fussell, R. Casella",Rock Island 12,10:35,11:06,Transect setup,RI12-10.26,Yes,ROSP,Occupied,2,,,,,,,,,,,,
32,3/24/2026,"A. Fussell, R. Casella",Rock Island 12,10:35,11:06,Transect setup,RI12-11.26,Yes,ROSP,Occupied,,3,,,,,,,,,,,
32,3/24/2026,"A. Fussell, R. Casella",Rock Island 12,10:35,11:06,Transect setup,RI12-12.26,Yes,ANHI,Occupied,3,,,,,,,,,,,,
32,3/24/2026,"A. Fussell, R. Casella",Rock Island 12,10:35,11:06,Transect setup,RI12-13.26,Yes,GBHE,Occupied,,1,,,,,,,,,,,
32,3/24/2026,"A. Fussell, R. Casella",Rock Island 12,10:35,11:06,Transect setup,RI12-14.26,Yes,ROSP,Occupied,,4,,,,,,,,,,,
32,3/24/2026,"A. Fussell, R. Casella",Rock Island 12,10:35,11:06,Transect setup,RI12-15.26,Yes,ROSP,Occupied,3,,,,,,,,,,,,
32,3/24/2026,"A. Fussell, R. Casella",Rock Island 12,10:35,11:06,Transect setup,RI12-16.26,Yes,GBHE,Occupied,,2,,,,,,,,,,,
33,3/30/2026,"A. Fussell, Volunteer",Clewiston Spit,10:23,11:09,Volunteer is J. Zatroch,CS1.26,No,ROSP,Occupied,,2,,,,,,,,,,,
33,3/30/2026,"A. Fussell, Volunteer",Clewiston Spit,10:23,11:09,Volunteer is J. Zatroch,CS2.26,No,ROSP,Occupied,,3,,,,,,,,,,,
33,3/30/2026,"A. Fussell, Volunteer",Clewiston Spit,10:23,11:09,Volunteer is J. Zatroch,CS3.26,No,ROSP,Occupied,,3,,,,,,,,,,,
33,3/30/2026,"A. Fussell, Volunteer",Clewiston Spit,10:23,11:09,Volunteer is J. Zatroch,CS4.26,No,ROSP,Occupied,,1,,,,,,,,,,,
33,3/30/2026,"A. Fussell, Volunteer",Clewiston Spit,10:23,11:09,Volunteer is J. Zatroch,CS5.26,No,ROSP,Occupied,1,1,,,,,,,,,,,
33,3/30/2026,"A. Fussell, Volunteer",Clewiston Spit,10:23,11:09,Volunteer is J. Zatroch,CS6.26,No,GBHE,Occupied,,2,,,,,,,,,,,
33,3/30/2026,"A. Fussell, Volunteer",Clewiston Spit,10:23,11:09,Volunteer is J. Zatroch,CS7.26,No,GBHE,Empty,,,,,,,,,,,,,
33,3/30/2026,"A. Fussell, Volunteer",Clewiston Spit,10:23,11:09,Volunteer is J. Zatroch,CS8.26,No,ROSP,Occupied,,3,,,,,,,,,,,
33,3/30/2026,"A. Fussell, Volunteer",Clewiston Spit,10:23,11:09,Volunteer is J. Zatroch,CS9.26,No,GBHE,Empty,,,,,,,,,,,,,
33,3/30/2026,"A. Fussell, Volunteer",Clewiston Spit,10:23,11:09,Volunteer is J. Zatroch,CS10.26,No,ROSP,Empty,,,,,,,,,,,,,
33,3/30/2026,"A. Fussell, Volunteer",Clewiston Spit,10:23,11:09,Volunteer is J. Zatroch,CS11.26,No,ROSP,Occupied,,3,,,,,,,,,,,
33,3/30/2026,"A. Fussell, Volunteer",Clewiston Spit,10:23,11:09,Volunteer is J. Zatroch,CS12.26,No,ROSP,Empty,,,,,,,,,,,,,
33,3/30/2026,"A. Fussell, Volunteer",Clewiston Spit,10:23,11:09,Volunteer is J. Zatroch,CS13.26,No,ROSP,Occupied,,2,,,1,,,,,,,,
33,3/30/2026,"A. Fussell, Volunteer",Clewiston Spit,10:23,11:09,Volunteer is J. Zatroch,CS14.26,No,ROSP,Empty,,,,,,,,,,,,,
33,3/30/2026,"A. Fussell, Volunteer",Clewiston Spit,10:23,11:09,Volunteer is J. Zatroch,CS15.26,No,ROSP,Occupied,,3,,,,,,,,,,,
33,3/30/2026,"A. Fussell, Volunteer",Clewiston Spit,10:23,11:09,Volunteer is J. Zatroch,CS16.26,No,ROSP,Destroyed or Gone,,,,,,,,,,,,,
33,3/30/2026,"A. Fussell, Volunteer",Clewiston Spit,10:23,11:09,Volunteer is J. Zatroch,CS17.26,No,GBHE,Occupied,,2,,,,,,,,,,,
33,3/30/2026,"A. Fussell, Volunteer",Clewiston Spit,10:23,11:09,Volunteer is J. Zatroch,CS18.26,No,GBHE,Occupied,,2,,,1,,,,,,,,
33,3/30/2026,"A. Fussell, Volunteer",Clewiston Spit,10:23,11:09,Volunteer is J. Zatroch,CS19.26,No,WHIB,Occupied,2,,,,,,,,,,,,
33,3/30/2026,"A. Fussell, Volunteer",Clewiston Spit,10:23,11:09,Volunteer is J. Zatroch,CS20.26,No,WHIB,Occupied,2,,,,,,,,,,,,
33,3/30/2026,"A. Fussell, Volunteer",Clewiston Spit,10:23,11:09,Volunteer is J. Zatroch,CS21.26,No,SNEG,Occupied,2,,,,,,,,,,,,
33,3/30/2026,"A. Fussell, Volunteer",Clewiston Spit,10:23,11:09,Volunteer is J. Zatroch,CS22.26,No,WHIB,Occupied,3,,,,,,,,,,,,
33,3/30/2026,"A. Fussell, Volunteer",Clewiston Spit,10:23,11:09,Volunteer is J. Zatroch,CS23.26,No,WHIB,Occupied,2,,,,,,,,,,,,
33,3/30/2026,"A. Fussell, Volunteer",Clewiston Spit,10:23,11:09,Volunteer is J. Zatroch,CS24.26,No,WHIB,Occupied,2,,,,,,,,,,,,
33,3/30/2026,"A. Fussell, Volunteer",Clewiston Spit,10:23,11:09,Volunteer is J. Zatroch,CS25.26,No,WHIB,Occupied,2,,,,,,,,,,,,
33,3/30/2026,"A. Fussell, Volunteer",Clewiston Spit,10:23,11:09,Volunteer is J. Zatroch,CS26.26,No,WHIB,Occupied,2,,,,,,,,,,,,
33,3/30/2026,"A. Fussell, Volunteer",Clewiston Spit,10:23,11:09,Volunteer is J. Zatroch,CS27.26,No,WHIB,Occupied,3,,,,,,,,,,,,
33,3/30/2026,"A. Fussell, Volunteer",Clewiston Spit,10:23,11:09,Volunteer is J. Zatroch,CS28.26,No,WHIB,Occupied,2,,,,,,,,,,,,
33,3/30/2026,"A. Fussell, Volunteer",Clewiston Spit,10:23,11:09,Volunteer is J. Zatroch,CS29.26,No,WHIB,Occupied,2,,,,,,,,,,,,
33,3/30/2026,"A. Fussell, Volunteer",Clewiston Spit,10:23,11:09,Volunteer is J. Zatroch,CS30.26,No,WHIB,Destroyed or Gone,,,,,,,,,,,,,
33,3/30/2026,"A. Fussell, Volunteer",Clewiston Spit,10:23,11:09,Volunteer is J. Zatroch,CS31.26,No,WHIB,Occupied,2,,,,,,,,,,,,
33,3/30/2026,"A. Fussell, Volunteer",Clewiston Spit,10:23,11:09,Volunteer is J. Zatroch,CS32.26,No,WHIB,Empty,,,,,,,,,,,,,
33,3/30/2026,"A. Fussell, Volunteer",Clewiston Spit,10:23,11:09,Volunteer is J. Zatroch,CS33.26,No,WHIB,Occupied,2,,,,,,,,,,,,
33,3/30/2026,"A. Fussell, Volunteer",Clewiston Spit,10:23,11:09,Volunteer is J. Zatroch,CS34.26,No,WHIB,Occupied,2,,,,,,,,,,,,
33,3/30/2026,"A. Fussell, Volunteer",Clewiston Spit,10:23,11:09,Volunteer is J. Zatroch,CS35.26,No,WHIB,Occupied,2,,,,,,,,,,,,
33,3/30/2026,"A. Fussell, Volunteer",Clewiston Spit,10:23,11:09,Volunteer is J. Zatroch,CS36.26,No,WHIB,Occupied,4,,,,,,,,,,,,
33,3/30/2026,"A. Fussell, Volunteer",Clewiston Spit,10:23,11:09,Volunteer is J. Zatroch,CS37.26,No,WHIB,Occupied,3,,,,,,,,,,,,
33,3/30/2026,"A. Fussell, Volunteer",Clewiston Spit,10:23,11:09,Volunteer is J. Zatroch,CS38.26,No,SNEG,Occupied,2,,,,,,,,,,,,
33,3/30/2026,"A. Fussell, Volunteer",Clewiston Spit,10:23,11:09,Volunteer is J. Zatroch,CS39.26,No,GBHE,Occupied,3,,,,,,,,,,,,
33,3/30/2026,"A. Fussell, Volunteer",Clewiston Spit,10:23,11:09,Volunteer is J. Zatroch,CS40.26,No,WHIB,Occupied,2,,,,,,,,,,,,
33,3/30/2026,"A. Fussell, Volunteer",Clewiston Spit,10:23,11:09,Volunteer is J. Zatroch,CS41.26,No,WHIB,Occupied,2,,,,,,,,,,,,
33,3/30/2026,"A. Fussell, Volunteer",Clewiston Spit,10:23,11:09,Volunteer is J. Zatroch,CS42.26,No,WHIB,Occupied,2,,,,,,,,,,,,
33,3/30/2026,"A. Fussell, Volunteer",Clewiston Spit,10:23,11:09,Volunteer is J. Zatroch,CS43.26,No,SNEG/TRHE,Empty,,,,,,,,,,,,,
33,3/30/2026,"A. Fussell, Volunteer",Clewiston Spit,10:23,11:09,Volunteer is J. Zatroch,CS44.26,No,GREG,Occupied,1,,,,,,,,,,,,
33,3/30/2026,"A. Fussell, Volunteer",Clewiston Spit,10:23,11:09,Volunteer is J. Zatroch,CS45.26,No,SNEG/TRHE,Empty,,,,,,,,,,,,,
33,3/30/2026,"A. Fussell, Volunteer",Clewiston Spit,10:23,11:09,Volunteer is J. Zatroch,CS46.26,No,SNEG/TRHE,Empty,,,,,,,,,,,,,
33,3/30/2026,"A. Fussell, Volunteer",Clewiston Spit,10:23,11:09,Volunteer is J. Zatroch,CS47.26,No,SNEG,Occupied,2,,,,,,,,,,,,
33,3/30/2026,"A. Fussell, Volunteer",Clewiston Spit,10:23,11:09,Volunteer is J. Zatroch,CS48.26,No,SNEG/TRHE,Occupied,2,,,,,,,,,,,,
33,3/30/2026,"A. Fussell, Volunteer",Clewiston Spit,10:23,11:09,Volunteer is J. Zatroch,CS49.26,No,GLIB,Occupied,2,,,,,,,,,,,,
33,3/30/2026,"A. Fussell, Volunteer",Clewiston Spit,10:23,11:09,Volunteer is J. Zatroch,CS50.26,No,SNEG,Occupied,2,,,,,,,,,,,,
33,3/30/2026,"A. Fussell, Volunteer",Clewiston Spit,10:23,11:09,Volunteer is J. Zatroch,CS51.26,No,ROSP,Occupied,,2,,,1,,,,,,,,
33,3/30/2026,"A. Fussell, Volunteer",Clewiston Spit,10:23,11:09,Volunteer is J. Zatroch,CS52.26,Yes,SNEG,Occupied,4,,,,,,,,,,,,
34,3/30/2026,"A. Fussell, Volunteer",Clewiston Spit 2,11:17,11:27,Volunteer is J. Zatroch,CS2-1.26,No,ROSP,Occupied,,3,,,,,,,,,,,
34,3/30/2026,"A. Fussell, Volunteer",Clewiston Spit 2,11:17,11:27,Volunteer is J. Zatroch,CS2-2.26,No,ROSP,Occupied,1,2,,,,,,,,,,,
34,3/30/2026,"A. Fussell, Volunteer",Clewiston Spit 2,11:17,11:27,Volunteer is J. Zatroch,CS2-3.26,No,ROSP,Occupied,1,2,,,,,,,,,,,
34,3/30/2026,"A. Fussell, Volunteer",Clewiston Spit 2,11:17,11:27,Volunteer is J. Zatroch,CS2-4.26,No,ROSP,Occupied,,2,,,,,,,,,,,
34,3/30/2026,"A. Fussell, Volunteer",Clewiston Spit 2,11:17,11:27,Volunteer is J. Zatroch,CS2-5.26,No,ROSP,Occupied,,3,,,,,,,,,,,
34,3/30/2026,"A. Fussell, Volunteer",Clewiston Spit 2,11:17,11:27,Volunteer is J. Zatroch,CS2-6.26,No,GREG,Destroyed or Gone,,,,,,,,,,,,,
34,3/30/2026,"A. Fussell, Volunteer",Clewiston Spit 2,11:17,11:27,Volunteer is J. Zatroch,CS2-7.26,No,ROSP,Occupied,,3,,,,,,,,,,,
34,3/30/2026,"A. Fussell, Volunteer",Clewiston Spit 2,11:17,11:27,Volunteer is J. Zatroch,CS2-8.26,No,ROSP,Occupied,1,1,,,,,,,,,,,
35,3/31/2026,"A. Fussell, R. Casella",Rock Island 11,10:18,11:47,Clear weather; winds ~10mph from the East,RI11-1.26,No,ROSP,Occupied,,2,,,,,,,,,,,
35,3/31/2026,"A. Fussell, R. Casella",Rock Island 11,10:18,11:47,Clear weather; winds ~10mph from the East,RI11-2.26,No,ROSP,Occupied,2,,,,,,,,,,,,
35,3/31/2026,"A. Fussell, R. Casella",Rock Island 11,10:18,11:47,Clear weather; winds ~10mph from the East,RI11-3.26,No,ANHI,Occupied,1,2,,,,,,,,,,,
35,3/31/2026,"A. Fussell, R. Casella",Rock Island 11,10:18,11:47,Clear weather; winds ~10mph from the East,RI11-4.26,No,GBHE,Occupied,1,2,,,,,,,,,,,
35,3/31/2026,"A. Fussell, R. Casella",Rock Island 11,10:18,11:47,Clear weather; winds ~10mph from the East,RI11-5.26,No,ANHI,Occupied,,1,,,,,,,,,,,
35,3/31/2026,"A. Fussell, R. Casella",Rock Island 11,10:18,11:47,Clear weather; winds ~10mph from the East,RI11-6.26,No,ANHI,Occupied,,4,,,,,,,,,,,
35,3/31/2026,"A. Fussell, R. Casella",Rock Island 11,10:18,11:47,Clear weather; winds ~10mph from the East,RI11-7.26,No,ANHI,Occupied,4,,,,,,,,,,,,
35,3/31/2026,"A. Fussell, R. Casella",Rock Island 11,10:18,11:47,Clear weather; winds ~10mph from the East,RI11-8.26,No,ANHI,Occupied,,2,,,,,,,,,,,
35,3/31/2026,"A. Fussell, R. Casella",Rock Island 11,10:18,11:47,Clear weather; winds ~10mph from the East,RI11-9.26,No,ROSP,Occupied,3,,,,,,,,,,,,
35,3/31/2026,"A. Fussell, R. Casella",Rock Island 11,10:18,11:47,Clear weather; winds ~10mph from the East,RI11-10.26,No,ANHI,Destroyed or Gone,,,,,,,,,,,,,
35,3/31/2026,"A. Fussell, R. Casella",Rock Island 11,10:18,11:47,Clear weather; winds ~10mph from the East,RI11-11.26,No,ANHI,Occupied,5,,,,,,,,,,,,
35,3/31/2026,"A. Fussell, R. Casella",Rock Island 11,10:18,11:47,Clear weather; winds ~10mph from the East,RI11-12.26,No,ROSP,Occupied,3,,,,,,,,,,,,
35,3/31/2026,"A. Fussell, R. Casella",Rock Island 11,10:18,11:47,Clear weather; winds ~10mph from the East,RI11-13.26,No,ROSP,Occupied,3,,,,,,,,,,,,
35,3/31/2026,"A. Fussell, R. Casella",Rock Island 11,10:18,11:47,Clear weather; winds ~10mph from the East,RI11-14.26,No,GBHE,Occupied,,2,,,,,,,,,,,
35,3/31/2026,"A. Fussell, R. Casella",Rock Island 11,10:18,11:47,Clear weather; winds ~10mph from the East,RI11-15.26,No,ANHI,Occupied,4,,,,,,,,,,,,
35,3/31/2026,"A. Fussell, R. Casella",Rock Island 11,10:18,11:47,Clear weather; winds ~10mph from the East,RI11-16.26,No,GBHE,Empty,,,,,,,,,,,,,
35,3/31/2026,"A. Fussell, R. Casella",Rock Island 11,10:18,11:47,Clear weather; winds ~10mph from the East,RI11-17.26,Yes,ROSP,Occupied,1,,,,,,,,,,,,
35,3/31/2026,"A. Fussell, R. Casella",Rock Island 11,10:18,11:47,Clear weather; winds ~10mph from the East,RI11-18.26,Yes,ROSP,Occupied,2,,,,,,,,,,,,
35,3/31/2026,"A. Fussell, R. Casella",Rock Island 11,10:18,11:47,Clear weather; winds ~10mph from the East,RI11-19.26,Yes,ROSP,Occupied,3,,,,,,,,,,,,
35,3/31/2026,"A. Fussell, R. Casella",Rock Island 11,10:18,11:47,Clear weather; winds ~10mph from the East,RI11-20.26,Yes,ROSP,Occupied,2,,,,,,,,,,,,
35,3/31/2026,"A. Fussell, R. Casella",Rock Island 11,10:18,11:47,Clear weather; winds ~10mph from the East,RI11-21.26,Yes,ROSP,Occupied,2,,,,,,,,,,,,
36,3/31/2026,"A. Fussell, R. Casella",Rock Island 12,10:55,11:19,Clear weather; winds ~10mph from the East,RI12-1.26,No,ROSP,Occupied,,2,,,,,,,,,,,
36,3/31/2026,"A. Fussell, R. Casella",Rock Island 12,10:55,11:19,Clear weather; winds ~10mph from the East,RI12-2.26,No,GBHE,Occupied,,2,,,,,,,,,,,
36,3/31/2026,"A. Fussell, R. Casella",Rock Island 12,10:55,11:19,Clear weather; winds ~10mph from the East,RI12-3.26,No,ROSP,Occupied,,2,,,,,,,,,,,
36,3/31/2026,"A. Fussell, R. Casella",Rock Island 12,10:55,11:19,Clear weather; winds ~10mph from the East,RI12-4.26,No,ROSP,Occupied,3,,,,,,,,,,,,
36,3/31/2026,"A. Fussell, R. Casella",Rock Island 12,10:55,11:19,Clear weather; winds ~10mph from the East,RI12-5.26,No,GBHE,Occupied,,2,,,,,,,,,,,
36,3/31/2026,"A. Fussell, R. Casella",Rock Island 12,10:55,11:19,Clear weather; winds ~10mph from the East,RI12-6.26,No,GBHE,Occupied,,1,,,,,,,,,,,
36,3/31/2026,"A. Fussell, R. Casella",Rock Island 12,10:55,11:19,Clear weather; winds ~10mph from the East,RI12-7.26,No,ROSP,Occupied,,1,,,,,,,,,,,
36,3/31/2026,"A. Fussell, R. Casella",Rock Island 12,10:55,11:19,Clear weather; winds ~10mph from the East,RI12-8.26,No,ROSP,Occupied,1,,,,,,,,,,,,
36,3/31/2026,"A. Fussell, R. Casella",Rock Island 12,10:55,11:19,Clear weather; winds ~10mph from the East,RI12-8.26,No,ANHI,Occupied,4,,,,,,,,,,,,
36,3/31/2026,"A. Fussell, R. Casella",Rock Island 12,10:55,11:19,Clear weather; winds ~10mph from the East,RI12-9.26,No,ANHI,Occupied,1,3,,,,,,,,,,,
36,3/31/2026,"A. Fussell, R. Casella",Rock Island 12,10:55,11:19,Clear weather; winds ~10mph from the East,RI12-10.26,No,ROSP,Occupied,1,1,,,,,,,,,,,
36,3/31/2026,"A. Fussell, R. Casella",Rock Island 12,10:55,11:19,Clear weather; winds ~10mph from the East,RI12-11.26,No,ROSP,Occupied,,3,,,,,,,,,,,
36,3/31/2026,"A. Fussell, R. Casella",Rock Island 12,10:55,11:19,Clear weather; winds ~10mph from the East,RI12-12.26,No,ANHI,Occupied,4,,,,,,,,,,,,
36,3/31/2026,"A. Fussell, R. Casella",Rock Island 12,10:55,11:19,Clear weather; winds ~10mph from the East,RI12-13.26,No,GBHE,Occupied,,1,,,,,,,,,,,
36,3/31/2026,"A. Fussell, R. Casella",Rock Island 12,10:55,11:19,Clear weather; winds ~10mph from the East,RI12-14.26,No,ROSP,Occupied,,3,,,,,,,,,,,
36,3/31/2026,"A. Fussell, R. Casella",Rock Island 12,10:55,11:19,Clear weather; winds ~10mph from the East,RI12-15.26,No,ROSP,Occupied,4,,,,,,,,,,,,
36,3/31/2026,"A. Fussell, R. Casella",Rock Island 12,10:55,11:19,Clear weather; winds ~10mph from the East,RI12-16.26,No,GBHE,Occupied,,2,,,,,,,,,,,
36,3/31/2026,"A. Fussell, R. Casella",Rock Island 12,10:55,11:19,Clear weather; winds ~10mph from the East,RI12-17.26,Yes,GLIB,Occupied,1,,,,,,,,,,,,
36,3/31/2026,"A. Fussell, R. Casella",Rock Island 12,10:55,11:19,Clear weather; winds ~10mph from the East,RI12-18.26,Yes,ROSP,Occupied,1,,,,,,,,,,,,
36,3/31/2026,"A. Fussell, R. Casella",Rock Island 12,10:55,11:19,Clear weather; winds ~10mph from the East,RI12-19.26,Yes,GBHE,Occupied,,2,,,,,,,,,,,
36,3/31/2026,"A. Fussell, R. Casella",Rock Island 12,10:55,11:19,Clear weather; winds ~10mph from the East,RI12-20.26,Yes,ROSP,Occupied,2,,,,,,,,,,,,
36,3/31/2026,"A. Fussell, R. Casella",Rock Island 12,10:55,11:19,Clear weather; winds ~10mph from the East,RI12-21.26,Yes,GBHE,Occupied,,2,,,,,,,,,,,
36,3/31/2026,"A. Fussell, R. Casella",Rock Island 12,10:55,11:19,Clear weather; winds ~10mph from the East,RI12-22.26,Yes,ROSP,Occupied,1,,,,,,,,,,,,
37,4/5/2026,"A. Fussell, Volunteer",Rock Island 11,10:05,10:39,Volunteer is N. Bishop,RI11-1.26,No,ROSP,Occupied,,1,,,,,,,,,,,
37,4/5/2026,"A. Fussell, Volunteer",Rock Island 11,10:05,10:39,Volunteer is N. Bishop,RI11-2.26,No,ROSP,Empty,,,,,,,,,,,,,
37,4/5/2026,"A. Fussell, Volunteer",Rock Island 11,10:05,10:39,Volunteer is N. Bishop,RI11-3.26,No,ANHI,Occupied,,3,,,,,,,,,,,
37,4/5/2026,"A. Fussell, Volunteer",Rock Island 11,10:05,10:39,Volunteer is N. Bishop,RI11-4.26,No,GBHE,Occupied,,2,,,,,,,,,,,
37,4/5/2026,"A. Fussell, Volunteer",Rock Island 11,10:05,10:39,Volunteer is N. Bishop,RI11-5.26,No,ANHI,Empty,,,,,,,,,,,,,
37,4/5/2026,"A. Fussell, Volunteer",Rock Island 11,10:05,10:39,Volunteer is N. Bishop,RI11-6.26,No,ANHI,Occupied,,3,,,,,,,,,,,
37,4/5/2026,"A. Fussell, Volunteer",Rock Island 11,10:05,10:39,Volunteer is N. Bishop,RI11-7.26,No,ANHI,Occupied,1,3,,,,,,,,,,,
37,4/5/2026,"A. Fussell, Volunteer",Rock Island 11,10:05,10:39,Volunteer is N. Bishop,RI11-8.26,No,ANHI,Occupied,,2,,,,,,,,,,,
37,4/5/2026,"A. Fussell, Volunteer",Rock Island 11,10:05,10:39,Volunteer is N. Bishop,RI11-9.26,No,ROSP,Occupied,3,,,,,,,,,,,,
37,4/5/2026,"A. Fussell, Volunteer",Rock Island 11,10:05,10:39,Volunteer is N. Bishop,RI11-10.26,No,ANHI,Destroyed or Gone,,,,,,,,,,,,,
37,4/5/2026,"A. Fussell, Volunteer",Rock Island 11,10:05,10:39,Volunteer is N. Bishop,RI11-11.26,No,ANHI,Occupied,5,,,,,,,,,,,,
37,4/5/2026,"A. Fussell, Volunteer",Rock Island 11,10:05,10:39,Volunteer is N. Bishop,RI11-12.26,No,ROSP,Occupied,1,1,,,,,,,,,,,
37,4/5/2026,"A. Fussell, Volunteer",Rock Island 11,10:05,10:39,Volunteer is N. Bishop,RI11-13.26,No,ROSP,Occupied,3,,,,,,,,,,,,
37,4/5/2026,"A. Fussell, Volunteer",Rock Island 11,10:05,10:39,Volunteer is N. Bishop,RI11-14.26,No,GBHE,Occupied,,2,,,,,,,,,,,
37,4/5/2026,"A. Fussell, Volunteer",Rock Island 11,10:05,10:39,Volunteer is N. Bishop,RI11-15.26,No,ANHI,Occupied,4,,,,,,,,,,,,
37,4/5/2026,"A. Fussell, Volunteer",Rock Island 11,10:05,10:39,Volunteer is N. Bishop,RI11-16.26,No,GBHE,Empty,,,,,,,,,,,,,
37,4/5/2026,"A. Fussell, Volunteer",Rock Island 11,10:05,10:39,Volunteer is N. Bishop,RI11-17.26,No,ROSP,Empty,,,,,,,,,,,,,
37,4/5/2026,"A. Fussell, Volunteer",Rock Island 11,10:05,10:39,Volunteer is N. Bishop,RI11-18.26,No,ROSP,Occupied,3,,,,,,,,,,,,
37,4/5/2026,"A. Fussell, Volunteer",Rock Island 11,10:05,10:39,Volunteer is N. Bishop,RI11-19.26,No,ROSP,Occupied,3,,,,,,,,,,,,
37,4/5/2026,"A. Fussell, Volunteer",Rock Island 11,10:05,10:39,Volunteer is N. Bishop,RI11-20.26,Yes,ANHI,Occupied,1,,,,,,,,,,,,
37,4/5/2026,"A. Fussell, Volunteer",Rock Island 11,10:05,10:39,Volunteer is N. Bishop,RI11-20.26,No,ROSP,Occupied,2,,,,,,,,,,,,
37,4/5/2026,"A. Fussell, Volunteer",Rock Island 11,10:05,10:39,Volunteer is N. Bishop,RI11-21.26,No,ROSP,Occupied,3,,,,,,,,,,,,
37,4/5/2026,"A. Fussell, Volunteer",Rock Island 11,10:05,10:39,Volunteer is N. Bishop,RI11-22.26,Yes,SNEG/TRHE,Occupied,2,,,,,,,,,,,,
38,4/5/2026,"A. Fussell, Volunteer",Rock Island 12,10:55,11:15,Volunteer is N. Bishop,RI12-1.26,No,ROSP,Occupied,,1,,,,,,,,,,,
38,4/5/2026,"A. Fussell, Volunteer",Rock Island 12,10:55,11:15,Volunteer is N. Bishop,RI12-2.26,No,GBHE,Occupied,,1,,,,,,,,,,,
38,4/5/2026,"A. Fussell, Volunteer",Rock Island 12,10:55,11:15,Volunteer is N. Bishop,RI12-3.26,No,ROSP,Empty,,,,,,,,,,,,,
38,4/5/2026,"A. Fussell, Volunteer",Rock Island 12,10:55,11:15,Volunteer is N. Bishop,RI12-4.26,No,ROSP,Occupied,3,,,,,,,,,,,,
38,4/5/2026,"A. Fussell, Volunteer",Rock Island 12,10:55,11:15,Volunteer is N. Bishop,RI12-5.26,No,GBHE,Occupied,,2,,,,,,,,,,,
38,4/5/2026,"A. Fussell, Volunteer",Rock Island 12,10:55,11:15,Volunteer is N. Bishop,RI12-6.26,No,GBHE,Occupied,,1,,,,,,,,,,,
38,4/5/2026,"A. Fussell, Volunteer",Rock Island 12,10:55,11:15,Volunteer is N. Bishop,RI12-7.26,No,ROSP,Occupied,,1,,,,,,,,,,,
38,4/5/2026,"A. Fussell, Volunteer",Rock Island 12,10:55,11:15,Volunteer is N. Bishop,RI12-8.26,No,ROSP,Occupied,1,,,,,,,,,,,,
38,4/5/2026,"A. Fussell, Volunteer",Rock Island 12,10:55,11:15,Volunteer is N. Bishop,RI12-8.26,No,ANHI,Occupied,2,2,,,,,,,,,,,
38,4/5/2026,"A. Fussell, Volunteer",Rock Island 12,10:55,11:15,Volunteer is N. Bishop,RI12-9.26,No,ANHI,Occupied,,4,,,,,,,,,,,
38,4/5/2026,"A. Fussell, Volunteer",Rock Island 12,10:55,11:15,Volunteer is N. Bishop,RI12-10.26,No,ROSP,Occupied,1,1,,,,,,,,,,,
38,4/5/2026,"A. Fussell, Volunteer",Rock Island 12,10:55,11:15,Volunteer is N. Bishop,RI12-11.26,No,ROSP,Empty,,,,,,,,,,,,,
38,4/5/2026,"A. Fussell, Volunteer",Rock Island 12,10:55,11:15,Volunteer is N. Bishop,RI12-12.26,No,ANHI,Occupied,4,,,,,,,,,,,,
38,4/5/2026,"A. Fussell, Volunteer",Rock Island 12,10:55,11:15,Volunteer is N. Bishop,RI12-13.26,No,GBHE,Occupied,,1,,,,,,,,,,,
38,4/5/2026,"A. Fussell, Volunteer",Rock Island 12,10:55,11:15,Volunteer is N. Bishop,RI12-14.26,No,ROSP,Occupied,,3,,,,,,,,,,,
38,4/5/2026,"A. Fussell, Volunteer",Rock Island 12,10:55,11:15,Volunteer is N. Bishop,RI12-15.26,No,ROSP,Occupied,4,,,,,,,,,,,,
38,4/5/2026,"A. Fussell, Volunteer",Rock Island 12,10:55,11:15,Volunteer is N. Bishop,RI12-16.26,No,GBHE,Occupied,,2,,,,,,,,,,,
38,4/5/2026,"A. Fussell, Volunteer",Rock Island 12,10:55,11:15,Volunteer is N. Bishop,RI12-17.26,No,GLIB,Occupied,2,,,,,,,,,,,,
38,4/5/2026,"A. Fussell, Volunteer",Rock Island 12,10:55,11:15,Volunteer is N. Bishop,RI12-18.26,No,ROSP,Empty,,,,,,,,,,,,,
38,4/5/2026,"A. Fussell, Volunteer",Rock Island 12,10:55,11:15,Volunteer is N. Bishop,RI12-19.26,No,GBHE,Occupied,,3,,,,,,,,,,,
38,4/5/2026,"A. Fussell, Volunteer",Rock Island 12,10:55,11:15,Volunteer is N. Bishop,RI12-20.26,No,ROSP,Occupied,2,,,,,,,,,,,,
38,4/5/2026,"A. Fussell, Volunteer",Rock Island 12,10:55,11:15,Volunteer is N. Bishop,RI12-20.26,No,ANHI,Occupied,1,,,,,,,,,,,,
38,4/5/2026,"A. Fussell, Volunteer",Rock Island 12,10:55,11:15,Volunteer is N. Bishop,RI12-21.26,No,GBHE,Occupied,,1,,,,,,,,,,,
38,4/5/2026,"A. Fussell, Volunteer",Rock Island 12,10:55,11:15,Volunteer is N. Bishop,RI12-22.26,No,ROSP,Destroyed or Gone,,,,,,,,,,,,,
38,4/5/2026,"A. Fussell, Volunteer",Rock Island 12,10:55,11:15,Volunteer is N. Bishop,RI12-23.26,Yes,GLIB,Occupied,1,,,,,,,,,,,,
39,4/13/2026,"A. Fussell, Volunteer",Clewiston Spit,11:04,11:51,Volunteer is J. Zatroch,CS1.26,No,ROSP,Occupied,,2,,,,,,,,,,,
39,4/13/2026,"A. Fussell, Volunteer",Clewiston Spit,11:04,11:51,Volunteer is J. Zatroch,CS2.26,No,ROSP,Occupied,,3,,,,,,,,,,,
39,4/13/2026,"A. Fussell, Volunteer",Clewiston Spit,11:04,11:51,Volunteer is J. Zatroch,CS3.26,No,ROSP,Occupied,,2,,,,,,,,,,,
39,4/13/2026,"A. Fussell, Volunteer",Clewiston Spit,11:04,11:51,Volunteer is J. Zatroch,CS4.26,No,ROSP,Occupied,,1,,,,,,,,,,,
39,4/13/2026,"A. Fussell, Volunteer",Clewiston Spit,11:04,11:51,Volunteer is J. Zatroch,CS5.26,No,ROSP,Empty,,,,,,,,,,,,,
39,4/13/2026,"A. Fussell, Volunteer",Clewiston Spit,11:04,11:51,Volunteer is J. Zatroch,CS6.26,No,GBHE,Occupied,,2,,,,,,,,,,,
39,4/13/2026,"A. Fussell, Volunteer",Clewiston Spit,11:04,11:51,Volunteer is J. Zatroch,CS7.26,No,GBHE,Empty,,,,,,,,,,,,,
39,4/13/2026,"A. Fussell, Volunteer",Clewiston Spit,11:04,11:51,Volunteer is J. Zatroch,CS8.26,No,ROSP,Occupied, ,2,,,,,,,,,,,
39,4/13/2026,"A. Fussell, Volunteer",Clewiston Spit,11:04,11:51,Volunteer is J. Zatroch,CS9.26,No,GBHE,Empty,,,,,,,,,,,,,
39,4/13/2026,"A. Fussell, Volunteer",Clewiston Spit,11:04,11:51,Volunteer is J. Zatroch,CS10.26,Yes,SNEG ,Occupied,2,,,,,,,,,,,,
39,4/13/2026,"A. Fussell, Volunteer",Clewiston Spit,11:04,11:51,Volunteer is J. Zatroch,CS11.26,No,ROSP,Occupied,,2,,,,,,,,,,,
39,4/13/2026,"A. Fussell, Volunteer",Clewiston Spit,11:04,11:51,Volunteer is J. Zatroch,CS12.26,No,ROSP,Empty,,,,,,,,,,,,,
39,4/13/2026,"A. Fussell, Volunteer",Clewiston Spit,11:04,11:51,Volunteer is J. Zatroch,CS13.26,No,ROSP,Occupied,,1,,,,,,,,,,,
39,4/13/2026,"A. Fussell, Volunteer",Clewiston Spit,11:04,11:51,Volunteer is J. Zatroch,CS14.26,Yes,SNEG,Occupied,2,,,,,,,,,,,,
39,4/13/2026,"A. Fussell, Volunteer",Clewiston Spit,11:04,11:51,Volunteer is J. Zatroch,CS15.26,No,ROSP,Occupied,,2,,,,,,,,,,,
39,4/13/2026,"A. Fussell, Volunteer",Clewiston Spit,11:04,11:51,Volunteer is J. Zatroch,CS16.26,No,ROSP,Destroyed or Gone,,,,,,,,,,,,,
39,4/13/2026,"A. Fussell, Volunteer",Clewiston Spit,11:04,11:51,Volunteer is J. Zatroch,CS17.26,No,GBHE,Occupied,,2,,,,,,,,,,,
39,4/13/2026,"A. Fussell, Volunteer",Clewiston Spit,11:04,11:51,Volunteer is J. Zatroch,CS18.26,No,GBHE,Occupied,,2,,,,,,,,,,,
39,4/13/2026,"A. Fussell, Volunteer",Clewiston Spit,11:04,11:51,Volunteer is J. Zatroch,CS19.26,No,WHIB,Occupied,2,,,,,,,,,,,,
39,4/13/2026,"A. Fussell, Volunteer",Clewiston Spit,11:04,11:51,Volunteer is J. Zatroch,CS20.26,No,WHIB,Empty,,,,,,,,,,,,,
39,4/13/2026,"A. Fussell, Volunteer",Clewiston Spit,11:04,11:51,Volunteer is J. Zatroch,CS21.26,No,SNEG,Empty,,,,,,,,,,,,,
39,4/13/2026,"A. Fussell, Volunteer",Clewiston Spit,11:04,11:51,Volunteer is J. Zatroch,CS22.26,No,WHIB,Occupied,3,,,,,,,,,,,,
39,4/13/2026,"A. Fussell, Volunteer",Clewiston Spit,11:04,11:51,Volunteer is J. Zatroch,CS23.26,No,WHIB,Destroyed or Gone,,,,,,,,,,,,,
39,4/13/2026,"A. Fussell, Volunteer",Clewiston Spit,11:04,11:51,Volunteer is J. Zatroch,CS24.26,No,WHIB,Empty,,,,,,,,,,,,,
39,4/13/2026,"A. Fussell, Volunteer",Clewiston Spit,11:04,11:51,Volunteer is J. Zatroch,CS25.26,No,WHIB,Occupied,2,,,,,,,,,,,,
39,4/13/2026,"A. Fussell, Volunteer",Clewiston Spit,11:04,11:51,Volunteer is J. Zatroch,CS26.26,No,WHIB,Destroyed or Gone,,,,,,,,,,,,,
39,4/13/2026,"A. Fussell, Volunteer",Clewiston Spit,11:04,11:51,Volunteer is J. Zatroch,CS27.26,No,WHIB,Destroyed or Gone,,,,,,,,,,,,,
39,4/13/2026,"A. Fussell, Volunteer",Clewiston Spit,11:04,11:51,Volunteer is J. Zatroch,CS28.26,No,WHIB,Occupied,2,,,,,,,,,,,,
39,4/13/2026,"A. Fussell, Volunteer",Clewiston Spit,11:04,11:51,Volunteer is J. Zatroch,CS29.26,No,WHIB,Destroyed or Gone,,,,,,,,,,,,,
39,4/13/2026,"A. Fussell, Volunteer",Clewiston Spit,11:04,11:51,Volunteer is J. Zatroch,CS30.26,No,WHIB,Destroyed or Gone,,,, ,,,,,,,,,
39,4/13/2026,"A. Fussell, Volunteer",Clewiston Spit,11:04,11:51,Volunteer is J. Zatroch,CS31.26,No,WHIB,Destroyed or Gone,,,,,,,,,,,,,
39,4/13/2026,"A. Fussell, Volunteer",Clewiston Spit,11:04,11:51,Volunteer is J. Zatroch,CS32.26,No,WHIB,Empty,,,,,,,,,,,,,
39,4/13/2026,"A. Fussell, Volunteer",Clewiston Spit,11:04,11:51,Volunteer is J. Zatroch,CS33.26,No,WHIB,Empty,,,,,,,,,,,,,
39,4/13/2026,"A. Fussell, Volunteer",Clewiston Spit,11:04,11:51,Volunteer is J. Zatroch,CS34.26,No,WHIB,Destroyed or Gone,,,,,,,,,,,,,
39,4/13/2026,"A. Fussell, Volunteer",Clewiston Spit,11:04,11:51,Volunteer is J. Zatroch,CS35.26,No,WHIB,Empty,,,,,,,,,,,,,
39,4/13/2026,"A. Fussell, Volunteer",Clewiston Spit,11:04,11:51,Volunteer is J. Zatroch,CS36.26,No,WHIB,Occupied,3,1,,,,,,,,,,,
39,4/13/2026,"A. Fussell, Volunteer",Clewiston Spit,11:04,11:51,Volunteer is J. Zatroch,CS37.26,No,WHIB,Empty,,,,,,,,,,,,,
39,4/13/2026,"A. Fussell, Volunteer",Clewiston Spit,11:04,11:51,Volunteer is J. Zatroch,CS38.26,No,SNEG,Occupied,2,,,,,,,,,,,,
39,4/13/2026,"A. Fussell, Volunteer",Clewiston Spit,11:04,11:51,Volunteer is J. Zatroch,CS39.26,No,GBHE,Occupied,,2,,,,,,,,,,,
39,4/13/2026,"A. Fussell, Volunteer",Clewiston Spit,11:04,11:51,Volunteer is J. Zatroch,CS40.26,No,WHIB,Occupied,,2,,,,,,,,,,,
39,4/13/2026,"A. Fussell, Volunteer",Clewiston Spit,11:04,11:51,Volunteer is J. Zatroch,CS41.26,No,WHIB,Occupied,,2,,,,,,,,,,,
39,4/13/2026,"A. Fussell, Volunteer",Clewiston Spit,11:04,11:51,Volunteer is J. Zatroch,CS42.26,No,WHIB,Empty,,,,,,,,,,,,,
39,4/13/2026,"A. Fussell, Volunteer",Clewiston Spit,11:04,11:51,Volunteer is J. Zatroch,CS43.26,Yes,SNEG,Occupied,2,,,,,,,,,,,,
39,4/13/2026,"A. Fussell, Volunteer",Clewiston Spit,11:04,11:51,Volunteer is J. Zatroch,CS44.26,No,GREG,Occupied,1,,,,,,,,,,,,
39,4/13/2026,"A. Fussell, Volunteer",Clewiston Spit,11:04,11:51,Volunteer is J. Zatroch,CS45.26,Yes,TRHE,Occupied,2,,,,,,,,,,,,
39,4/13/2026,"A. Fussell, Volunteer",Clewiston Spit,11:04,11:51,Volunteer is J. Zatroch,CS46.26,Yes,SNEG,Occupied,3,,,,,,,,,,,,
39,4/13/2026,"A. Fussell, Volunteer",Clewiston Spit,11:04,11:51,Volunteer is J. Zatroch,CS47.26,No,SNEG,Occupied,,2,,,,,,,,,,,
39,4/13/2026,"A. Fussell, Volunteer",Clewiston Spit,11:04,11:51,Volunteer is J. Zatroch,CS48.26,No,SNEG/TRHE,Empty,,,,,,,,,,,,,
39,4/13/2026,"A. Fussell, Volunteer",Clewiston Spit,11:04,11:51,Volunteer is J. Zatroch,CS49.26,No,GLIB,Occupied,2,,,,,,,,,,,,
39,4/13/2026,"A. Fussell, Volunteer",Clewiston Spit,11:04,11:51,Volunteer is J. Zatroch,CS50.26,No,SNEG,Occupied,2,,,,,,,,,,,,
39,4/13/2026,"A. Fussell, Volunteer",Clewiston Spit,11:04,11:51,Volunteer is J. Zatroch,CS51.26,No,ROSP,Occupied,,2,,,,,,,,,,,
39,4/13/2026,"A. Fussell, Volunteer",Clewiston Spit,11:04,11:51,Volunteer is J. Zatroch,CS52.26,No,SNEG,Occupied,1,,,,,,,,,,,,
39,4/13/2026,"A. Fussell, Volunteer",Clewiston Spit,11:04,11:51,Volunteer is J. Zatroch,CS53.26,Yes,SNEG,Occupied,1,,,,,,,,,,,,
39,4/13/2026,"A. Fussell, Volunteer",Clewiston Spit,11:04,11:51,Volunteer is J. Zatroch,CS54.26,Yes,SNEG,Occupied,2,,,,,,,,,,,,
39,4/13/2026,"A. Fussell, Volunteer",Clewiston Spit,11:04,11:51,Volunteer is J. Zatroch,CS55.26,Yes,SNEG,Occupied,1,,,,,,,,,,,,
39,4/13/2026,"A. Fussell, Volunteer",Clewiston Spit,11:04,11:51,Volunteer is J. Zatroch,CS56.26,Yes,SNEG,Occupied,2,,,,,,,,,,,,
39,4/13/2026,"A. Fussell, Volunteer",Clewiston Spit,11:04,11:51,Volunteer is J. Zatroch,CS57.26,Yes,SNEG,Occupied,2,,,,,,,,,,,,
40,4/13/2026,"A. Fussell, Volunteer",Clewiston Spit 2,12:00,12:08,Volunteer is J. Zatroch,CS2-1.26,No,ROSP,Occupied,,3,,,,,,,,,,,
40,4/13/2026,"A. Fussell, Volunteer",Clewiston Spit 2,12:00,12:08,Volunteer is J. Zatroch,CS2-2.26,No,ROSP,Empty,,,,,,,,,,,,,
40,4/13/2026,"A. Fussell, Volunteer",Clewiston Spit 2,12:00,12:08,Volunteer is J. Zatroch,CS2-3.26,No,ROSP,Occupied,,3,,,,,,,,,,,
40,4/13/2026,"A. Fussell, Volunteer",Clewiston Spit 2,12:00,12:08,Volunteer is J. Zatroch,CS2-4.26,No,ROSP,Occupied,,2,,,,,,,,,,,
40,4/13/2026,"A. Fussell, Volunteer",Clewiston Spit 2,12:00,12:08,Volunteer is J. Zatroch,CS2-5.26,No,ROSP,Occupied,,1,,,,,,,,,,,
40,4/13/2026,"A. Fussell, Volunteer",Clewiston Spit 2,12:00,12:08,Volunteer is J. Zatroch,CS2-6.26,No,GREG,Destroyed or Gone,,,,,,,,,,,,,
40,4/13/2026,"A. Fussell, Volunteer",Clewiston Spit 2,12:00,12:08,Volunteer is J. Zatroch,CS2-7.26,No,ROSP,Occupied,,1,,,,,,,,,,,
40,4/13/2026,"A. Fussell, Volunteer",Clewiston Spit 2,12:00,12:08,Volunteer is J. Zatroch,CS2-8.26,No,ROSP,Occupied,,2,,,,,,,,,,,
41,4/14/2026,"A. Fussell, R. Casella",Rock Island 11,10:57,11:28,,RI11-1.26,No,ROSP,Occupied,,1,,,,,,,,,,,
41,4/14/2026,"A. Fussell, R. Casella",Rock Island 11,10:57,11:28,,RI11-2.26,Yes,GLIB,Occupied,4,,,,,,,,,,,,
41,4/14/2026,"A. Fussell, R. Casella",Rock Island 11,10:57,11:28,,RI11-3.26,No,ANHI,Occupied,,2,,,,,,,,,,,
41,4/14/2026,"A. Fussell, R. Casella",Rock Island 11,10:57,11:28,,RI11-4.26,No,GBHE,Occupied,,2,,,,,,,,,,,
41,4/14/2026,"A. Fussell, R. Casella",Rock Island 11,10:57,11:28,,RI11-5.26,Yes,GLIB,Occupied,1,,,,,,,,,,,,
41,4/14/2026,"A. Fussell, R. Casella",Rock Island 11,10:57,11:28,,RI11-6.26,No,ANHI,Occupied,,3,,,,,,,,,,,
41,4/14/2026,"A. Fussell, R. Casella",Rock Island 11,10:57,11:28,,RI11-7.26,No,ANHI,Empty,,,,,,,,,,,,,
41,4/14/2026,"A. Fussell, R. Casella",Rock Island 11,10:57,11:28,,RI11-8.26,No,ANHI,Occupied,,1,,,,,,,,,,,
41,4/14/2026,"A. Fussell, R. Casella",Rock Island 11,10:57,11:28, ,RI11-9.26,No,ROSP,Occupied,3,,,,,,,,,,,,
41,4/14/2026,"A. Fussell, R. Casella",Rock Island 11,10:57,11:28,,RI11-10.26,No,ANHI,Destroyed or Gone,,,,,,,,,,,,,
41,4/14/2026,"A. Fussell, R. Casella",Rock Island 11,10:57,11:28,,RI11-11.26,No,ANHI,Occupied,3,2,,,,,,,,,,,
41,4/14/2026,"A. Fussell, R. Casella",Rock Island 11,10:57,11:28,,RI11-12.26,No,ROSP,Occupied,1,1,,,,,,,,,,,
41,4/14/2026,"A. Fussell, R. Casella",Rock Island 11,10:57,11:28,,RI11-13.26,No,ROSP,Occupied,1,2,,,,,,,,,,,
41,4/14/2026,"A. Fussell, R. Casella",Rock Island 11,10:57,11:28,,RI11-14.26,No,GBHE,Occupied,,1,,,,,,,,,,,
41,4/14/2026,"A. Fussell, R. Casella",Rock Island 11,10:57,11:28,,RI11-15.26,No,ANHI,Occupied,,4,,,,,,,,,,,
41,4/14/2026,"A. Fussell, R. Casella",Rock Island 11,10:57,11:28,,RI11-16.26,No,GBHE,Empty,,,,,,,,,,,,,
41,4/14/2026,"A. Fussell, R. Casella",Rock Island 11,10:57,11:28,,RI11-17.26,Yes,GLIB,Occupied,2,,,,,,,,,,,,
41,4/14/2026,"A. Fussell, R. Casella",Rock Island 11,10:57,11:28,,RI11-18.26,No,ROSP,Empty,,,,,,,,,,,,,
41,4/14/2026,"A. Fussell, R. Casella",Rock Island 11,10:57,11:28,,RI11-19.26,No,ROSP,Empty,,,,,,,,,,,,,
41,4/14/2026,"A. Fussell, R. Casella",Rock Island 11,10:57,11:28,,RI11-20.26,No,ANHI,Empty,,,,,,,,,,,,,
41,4/14/2026,"A. Fussell, R. Casella",Rock Island 11,10:57,11:28,,RI11-20.26,No,ROSP,Empty,,,,,,,,,,,,,
41,4/14/2026,"A. Fussell, R. Casella",Rock Island 11,10:57,11:28,,RI11-21.26,No,ROSP,Empty,,,,,,,,,,,,,
41,4/14/2026,"A. Fussell, R. Casella",Rock Island 11,10:57,11:28,,RI11-22.26,No,SNEG/TRHE,Destroyed or Gone,,,,,,,,,,,,,
41,4/14/2026,"A. Fussell, R. Casella",Rock Island 11,10:57,11:28,,RI11-23.26,Yes,GLIB,Occupied,3,,,,,,,,,,,,
41,4/14/2026,"A. Fussell, R. Casella",Rock Island 11,10:57,11:28,,RI11-24.26,Yes,WHIB,Occupied,2,,,,,,,,,,,,
41,4/14/2026,"A. Fussell, R. Casella",Rock Island 11,10:57,11:28,,RI11-25.26,Yes,GLIB,Occupied,3,,,,,,,,,,,,
42,4/14/2026,"A. Fussell, R. Casella",Rock Island 12,11:37,12:00,,RI12-1.26,No,ROSP,Occupied,,1,,,,,,,,,,,
42,4/14/2026,"A. Fussell, R. Casella",Rock Island 12,11:37,12:00,,RI12-2.26,No,GBHE,Empty,,,,,,,,,,,,,
42,4/14/2026,"A. Fussell, R. Casella",Rock Island 12,11:37,12:00,,RI12-3.26,Yes,GLIB,Occupied,3,,,,,,,,,,,,
42,4/14/2026,"A. Fussell, R. Casella",Rock Island 12,11:37,12:00,,RI12-4.26,No,ROSP,Occupied,3,,,,,,,,,,,,
42,4/14/2026,"A. Fussell, R. Casella",Rock Island 12,11:37,12:00,,RI12-5.26,No,GBHE,Empty,,,,,,,,,,,,,
42,4/14/2026,"A. Fussell, R. Casella",Rock Island 12,11:37,12:00,,RI12-6.26,No,GBHE,Occupied,,1,,,,,,,,,,,
42,4/14/2026,"A. Fussell, R. Casella",Rock Island 12,11:37,12:00,,RI12-7.26,No,ROSP,Occupied,,1,,,,,,,,,,,
42,4/14/2026,"A. Fussell, R. Casella",Rock Island 12,11:37,12:00,,RI12-8.26,No,ROSP,Empty,,,,,,,,,,,,,
42,4/14/2026,"A. Fussell, R. Casella",Rock Island 12,11:37,12:00,,RI12-8.26,No,ANHI,Empty,,,,,,,,,,,,,
42,4/14/2026,"A. Fussell, R. Casella",Rock Island 12,11:37,12:00,,RI12-9.26,No,ANHI,Occupied,,3,,,,,,,,,,,
42,4/14/2026,"A. Fussell, R. Casella",Rock Island 12,11:37,12:00,,RI12-10.26,No,ROSP,Occupied,,1,,,,,,,,,,,
42,4/14/2026,"A. Fussell, R. Casella",Rock Island 12,11:37,12:00,,RI12-11.26,No,ROSP,Empty,,,,,,,,,,,,,
42,4/14/2026,"A. Fussell, R. Casella",Rock Island 12,11:37,12:00,,RI12-12.26,No,ANHI,Occupied,4,,,,,,,,,,,,
42,4/14/2026,"A. Fussell, R. Casella",Rock Island 12,11:37,12:00,,RI12-13.26,No,GBHE,Occupied,,1,,,,,,,,,,,
42,4/14/2026,"A. Fussell, R. Casella",Rock Island 12,11:37,12:00,,RI12-14.26,No,ROSP,Empty,,,,,,,,,,,,,
42,4/14/2026,"A. Fussell, R. Casella",Rock Island 12,11:37,12:00,,RI12-15.26,No,ROSP,Occupied,2,2,,,,,,,,,,,
42,4/14/2026,"A. Fussell, R. Casella",Rock Island 12,11:37,12:00,,RI12-16.26,No,GBHE,Occupied,,2,,,,,,,,,,,
42,4/14/2026,"A. Fussell, R. Casella",Rock Island 12,11:37,12:00,,RI12-17.26,No,GLIB,Occupied,2,,,,,,,,,,,,
42,4/14/2026,"A. Fussell, R. Casella",Rock Island 12,11:37,12:00,,RI12-18.26,Yes,GLIB,Occupied,3,,,,,,,,,,,,
42,4/14/2026,"A. Fussell, R. Casella",Rock Island 12,11:37,12:00,,RI12-19.26,No,GBHE,Occupied,,2,,,,,,,,,,,
42,4/14/2026,"A. Fussell, R. Casella",Rock Island 12,11:37,12:00,,RI12-20.26,No,ROSP,Empty,,,,,, ,,,,,,,
42,4/14/2026,"A. Fussell, R. Casella",Rock Island 12,11:37,12:00,,RI12-20.26,No,ANHI,Empty,,,,,, ,,,,,,,
42,4/14/2026,"A. Fussell, R. Casella",Rock Island 12,11:37,12:00,,RI12-21.26,No,GBHE,Empty,,,,,,,,,,,,,
42,4/14/2026,"A. Fussell, R. Casella",Rock Island 12,11:37,12:00,,RI12-22.26,Yes,GLIB,Occupied,3,,,,,,,,,,,,
42,4/14/2026,"A. Fussell, R. Casella",Rock Island 12,11:37,12:00,,RI12-23.26,No,GLIB,Occupied,3,,,,,,,,,,,,
42,4/14/2026,"A. Fussell, R. Casella",Rock Island 12,11:37,12:00,,RI12-24.26,Yes,GLIB,Occupied,3,,,,,,,,,,,,
42,4/14/2026,"A. Fussell, R. Casella",Rock Island 12,11:37,12:00,,RI12-25.26,Yes,SNEG,Occupied,2,,,,,,,,,,,,
42,4/14/2026,"A. Fussell, R. Casella",Rock Island 12,11:37,12:00,,RI12-26.26,Yes,GLIB,Occupied,2,,,,,,,,,,,,
42,4/14/2026,"A. Fussell, R. Casella",Rock Island 12,11:37,12:00,,RI12-27.26,Yes,GLIB,Occupied,3,,,,,,,,,,,,
42,4/14/2026,"A. Fussell, R. Casella",Rock Island 12,11:37,12:00,,RI12-28.26,Yes,GLIB,Occupied,3,,,,,,,,,,,,
42,4/14/2026,"A. Fussell, R. Casella",Rock Island 12,11:37,12:00,,RI12-29.26,Yes,WHIB,Occupied,3,,,,,,,,,,,,
42,4/14/2026,"A. Fussell, R. Casella",Rock Island 12,11:37,12:00,,RI12-30.26,Yes,TRHE,Occupied,2,,,,,,,,,,,,
43,4/23/2026,"A. Fussell, B. Mason",Rock Island 11,8:46,9:12,,RI11-1.26,Yes,GLIB,Occupied,3,,,,,,,,,,,,
43,4/23/2026,"A. Fussell, B. Mason",Rock Island 11,8:46,9:12,,RI11-2.26,No,GLIB,Occupied,4,,,,,,,,,,,,
43,4/23/2026,"A. Fussell, B. Mason",Rock Island 11,8:46,9:12,,RI11-3.26,No,ANHI,Empty,,,,,,,,,,,,,
43,4/23/2026,"A. Fussell, B. Mason",Rock Island 11,8:46,9:12,,RI11-4.26,No,GBHE,Occupied,,2,,,,,,,,,,,
43,4/23/2026,"A. Fussell, B. Mason",Rock Island 11,8:46,9:12,,RI11-5.26,No,GLIB,Occupied,1,,,,,,,,,,,,
43,4/23/2026,"A. Fussell, B. Mason",Rock Island 11,8:46,9:12,,RI11-6.26,Yes,GLIB,Occupied,3,,,,,,,,,,,,
43,4/23/2026,"A. Fussell, B. Mason",Rock Island 11,8:46,9:12,,RI11-7.26,No,ANHI,Empty,,,,,,,,,,,,,
43,4/23/2026,"A. Fussell, B. Mason",Rock Island 11,8:46,9:12,,RI11-8.26,No,ANHI,Empty,,,,,,,,,,,,,
43,4/23/2026,"A. Fussell, B. Mason",Rock Island 11,8:46,9:12,,RI11-9.26,No,ROSP,Empty,,,,,,,,,,,,,
43,4/23/2026,"A. Fussell, B. Mason",Rock Island 11,8:46,9:12,,RI11-10.26,No,ANHI,Destroyed or Gone,,,,,,,,,,,,,
43,4/23/2026,"A. Fussell, B. Mason",Rock Island 11,8:46,9:12,,RI11-11.26,No,ANHI,Occupied,,3,,,,,,,,,,,
43,4/23/2026,"A. Fussell, B. Mason",Rock Island 11,8:46,9:12,,RI11-12.26,No,ROSP,Occupied,1,,,,,,,,,,,,
43,4/23/2026,"A. Fussell, B. Mason",Rock Island 11,8:46,9:12,,RI11-13.26,No,ROSP,Occupied,,2,,,,,,,,,,,
43,4/23/2026,"A. Fussell, B. Mason",Rock Island 11,8:46,9:12,,RI11-14.26,No,GBHE,Occupied,,1,,,,,,,,,,,
43,4/23/2026,"A. Fussell, B. Mason",Rock Island 11,8:46,9:12,,RI11-15.26,No,ANHI,Occupied,,2,,,,,,,,,,,
43,4/23/2026,"A. Fussell, B. Mason",Rock Island 11,8:46,9:12,,RI11-16.26,No,GBHE,Empty,,,,,,,,,,,,,
43,4/23/2026,"A. Fussell, B. Mason",Rock Island 11,8:46,9:12,,RI11-17.26,No,GLIB,Occupied,2,,,,,,,,,,,,
43,4/23/2026,"A. Fussell, B. Mason",Rock Island 11,8:46,9:12,,RI11-18.26,No,ROSP,Empty,,,,,,,,,,,,,
43,4/23/2026,"A. Fussell, B. Mason",Rock Island 11,8:46,9:12,,RI11-19.26,No,ROSP,Empty,,,,,,,,,,,,,
43,4/23/2026,"A. Fussell, B. Mason",Rock Island 11,8:46,9:12,,RI11-20.26,No,ANHI,Empty,,,,,,,,,,,,,
43,4/23/2026,"A. Fussell, B. Mason",Rock Island 11,8:46,9:12,,RI11-20.26,No,ROSP,Empty,,,,,,,,,,,,,
43,4/23/2026,"A. Fussell, B. Mason",Rock Island 11,8:46,9:12,,RI11-21.26,No,ROSP,Empty,,,,,,,,,,,,,
43,4/23/2026,"A. Fussell, B. Mason",Rock Island 11,8:46,9:12,,RI11-22.26,No,SNEG/TRHE,Destroyed or Gone,,,,,,,,,,,,,
43,4/23/2026,"A. Fussell, B. Mason",Rock Island 11,8:46,9:12,,RI11-23.26,No,GLIB,Destroyed or Gone,,,,,,,,,,,,,
43,4/23/2026,"A. Fussell, B. Mason",Rock Island 11,8:46,9:12,,RI11-24.26,No,WHIB,Destroyed or Gone,,,,,,,,,,,,,
43,4/23/2026,"A. Fussell, B. Mason",Rock Island 11,8:46,9:12,,RI11-25.26,No,GLIB,Occupied,1,2,,,,,,,,,,,
43,4/23/2026,"A. Fussell, B. Mason",Rock Island 11,8:46,9:12,,RI11-26.26,Yes,GLIB,Occupied,2,,,,,,,,,,,,
43,4/23/2026,"A. Fussell, B. Mason",Rock Island 11,8:46,9:12,,RI11-27.26,Yes,GLIB,Occupied,2,,,,,,,,,,,,
44,4/23/2026,"A. Fussell, B. Mason",Rock Island 12,9:26,9:52,,RI12-1.26,No,ROSP,Empty,,,,,,,,,,,,,
44,4/23/2026,"A. Fussell, B. Mason",Rock Island 12,9:26,9:52,,RI12-2.26,No,GBHE,Empty,,,,,,,,,,,,,
44,4/23/2026,"A. Fussell, B. Mason",Rock Island 12,9:26,9:52,,RI12-3.26,No,GLIB,Occupied,3,,,,,,,,,,,,
44,4/23/2026,"A. Fussell, B. Mason",Rock Island 12,9:26,9:52,,RI12-4.26,No,ROSP,Occupied,,1,,,,,,,,,,,
44,4/23/2026,"A. Fussell, B. Mason",Rock Island 12,9:26,9:52,,RI12-5.26,No,GBHE,Empty,,,,,,,,,,,,,
44,4/23/2026,"A. Fussell, B. Mason",Rock Island 12,9:26,9:52,,RI12-6.26,No,GBHE,Empty,,,,,,,,,,,,,
44,4/23/2026,"A. Fussell, B. Mason",Rock Island 12,9:26,9:52,,RI12-7.26,No,ROSP,Empty,,,,,,,,,,,,,
44,4/23/2026,"A. Fussell, B. Mason",Rock Island 12,9:26,9:52,,RI12-8.26,No,ROSP,Empty,,,,,,,,,,,,,
44,4/23/2026,"A. Fussell, B. Mason",Rock Island 12,9:26,9:52,,RI12-8.26,No,ANHI,Empty,,,,,,,,,,,,,
44,4/23/2026,"A. Fussell, B. Mason",Rock Island 12,9:26,9:52,,RI12-9.26,No,ANHI,Empty,,,,,,,,,,,,,
44,4/23/2026,"A. Fussell, B. Mason",Rock Island 12,9:26,9:52,,RI12-10.26,No,ROSP,Destroyed or Gone,,,,,,,,,,,,,
44,4/23/2026,"A. Fussell, B. Mason",Rock Island 12,9:26,9:52,,RI12-11.26,No,ROSP,Empty,,,,,,,,,,,,,
44,4/23/2026,"A. Fussell, B. Mason",Rock Island 12,9:26,9:52,,RI12-12.26,No,ANHI,Occupied,,4,,,,,,,,,,,
44,4/23/2026,"A. Fussell, B. Mason",Rock Island 12,9:26,9:52,,RI12-13.26,No,GBHE,Empty,,,,,,,,,,,,,
44,4/23/2026,"A. Fussell, B. Mason",Rock Island 12,9:26,9:52,,RI12-14.26,No,ROSP,Empty,,,,,,,,,,,,,
44,4/23/2026,"A. Fussell, B. Mason",Rock Island 12,9:26,9:52,,RI12-15.26,No,ROSP,Occupied,,3,,,,,,,,,,,
44,4/23/2026,"A. Fussell, B. Mason",Rock Island 12,9:26,9:52,,RI12-16.26,No,GBHE,Empty,,,,,,,,,,,,,
44,4/23/2026,"A. Fussell, B. Mason",Rock Island 12,9:26,9:52,,RI12-17.26,No,GLIB,Occupied,2,,,,,,,,,,,,
44,4/23/2026,"A. Fussell, B. Mason",Rock Island 12,9:26,9:52,,RI12-18.26,No,GLIB,Occupied,3,,,,,,,,,,,,
44,4/23/2026,"A. Fussell, B. Mason",Rock Island 12,9:26,9:52,,RI12-19.26,No,GBHE,Occupied,,1,,,1,,,,,,,,
44,4/23/2026,"A. Fussell, B. Mason",Rock Island 12,9:26,9:52,,RI12-20.26,Yes,GLIB,Occupied,2,,,,,,,,,,,,
44,4/23/2026,"A. Fussell, B. Mason",Rock Island 12,9:26,9:52,,RI12-21.26,No,GBHE,Empty,,,,,,,,,,,,,
44,4/23/2026,"A. Fussell, B. Mason",Rock Island 12,9:26,9:52,,RI12-22.26,No,GLIB,Destroyed or Gone,,,,,,,,,,,,,
44,4/23/2026,"A. Fussell, B. Mason",Rock Island 12,9:26,9:52,,RI12-23.26,No,GLIB,Occupied,3,,,,,,,,,,,,
44,4/23/2026,"A. Fussell, B. Mason",Rock Island 12,9:26,9:52,,RI12-24.26,No,GLIB,Occupied,3,,, ,,,,,,,,,
44,4/23/2026,"A. Fussell, B. Mason",Rock Island 12,9:26,9:52,,RI12-25.26,No,SNEG,Occupied,2,,,,,,,,,,,,
44,4/23/2026,"A. Fussell, B. Mason",Rock Island 12,9:26,9:52,,RI12-26.26,No,GLIB,Occupied,3,,,,,,,,,,,,
44,4/23/2026,"A. Fussell, B. Mason",Rock Island 12,9:26,9:52,,RI12-27.26,No,GLIB,Occupied,4,,,,,,,,,,,,
44,4/23/2026,"A. Fussell, B. Mason",Rock Island 12,9:26,9:52,,RI12-28.26,No,GLIB,Occupied,3,,,,,,,,,,,,
44,4/23/2026,"A. Fussell, B. Mason",Rock Island 12,9:26,9:52,,RI12-29.26,No,WHIB,Occupied,2,,,,,,,,,,,,
44,4/23/2026,"A. Fussell, B. Mason",Rock Island 12,9:26,9:52,,RI12-30.26,No,TRHE,Occupied,2,,,,,,,,,,,,
44,4/23/2026,"A. Fussell, B. Mason",Rock Island 12,9:26,9:52,,RI12-31.26,Yes,GLIB,Occupied,3,,,,,,,,,,,,
45,4/23/2026,"A. Fussell, B. Mason",Clewiston Spit,11:21,11:58,,CS1.26,No,ROSP,Empty,,,,,,,,,,,,,
45,4/23/2026,"A. Fussell, B. Mason",Clewiston Spit,11:21,11:58,,CS2.26,No,ROSP,Empty,,,,,,,,,,,,,
45,4/23/2026,"A. Fussell, B. Mason",Clewiston Spit,11:21,11:58,,CS3.26,No,ROSP,Empty,,,,,,,,,,,,,
45,4/23/2026,"A. Fussell, B. Mason",Clewiston Spit,11:21,11:58,,CS4.26,No,ROSP,Empty,,,,,,,,,,,,,
45,4/23/2026,"A. Fussell, B. Mason",Clewiston Spit,11:21,11:58,,CS5.26,No,ROSP,Empty,,,,,,,,,,,,,
45,4/23/2026,"A. Fussell, B. Mason",Clewiston Spit,11:21,11:58,,CS6.26,No,GBHE,Occupied,,2,,,,,,,,,,,
45,4/23/2026,"A. Fussell, B. Mason",Clewiston Spit,11:21,11:58,,CS7.26,No,GBHE,Empty,,,,,,,,,,,,,
45,4/23/2026,"A. Fussell, B. Mason",Clewiston Spit,11:21,11:58,,CS8.26,No,ROSP,Empty,,,,,,,,,,,,,
45,4/23/2026,"A. Fussell, B. Mason",Clewiston Spit,11:21,11:58,,CS9.26,No,GBHE,Empty,,,,,,,,,,,,,
45,4/23/2026,"A. Fussell, B. Mason",Clewiston Spit,11:21,11:58,,CS10.26,No,SNEG,Occupied,2,,,,,,,,,,,,
45,4/23/2026,"A. Fussell, B. Mason",Clewiston Spit,11:21,11:58,,CS11.26,No,ROSP,Empty,,,,,,,,,,,,,
45,4/23/2026,"A. Fussell, B. Mason",Clewiston Spit,11:21,11:58,,CS12.26,Yes,GLIB,Occupied,3,,,,,,,,,,,,
45,4/23/2026,"A. Fussell, B. Mason",Clewiston Spit,11:21,11:58,,CS13.26,No,ROSP,Empty,,,,,,,,,,,,,
45,4/23/2026,"A. Fussell, B. Mason",Clewiston Spit,11:21,11:58,,CS14.26,No,SNEG,Occupied,2,,,,,,,,,,,,
45,4/23/2026,"A. Fussell, B. Mason",Clewiston Spit,11:21,11:58,,CS15.26,No,ROSP,Empty,,,,,,,,,,,,,
45,4/23/2026,"A. Fussell, B. Mason",Clewiston Spit,11:21,11:58,,CS16.26,No,ROSP,Destroyed or Gone,,,,,,,,,,,,,
45,4/23/2026,"A. Fussell, B. Mason",Clewiston Spit,11:21,11:58,,CS17.26,No,GBHE,Occupied,,1,,,1,,,,,,,,
45,4/23/2026,"A. Fussell, B. Mason",Clewiston Spit,11:21,11:58,,CS18.26,No,GBHE,Occupied,,2,,,,,,,,,,,
45,4/23/2026,"A. Fussell, B. Mason",Clewiston Spit,11:21,11:58,,CS19.26,No,WHIB,Empty,,,,,,,,,,,,,
45,4/23/2026,"A. Fussell, B. Mason",Clewiston Spit,11:21,11:58,,CS20.26,No,WHIB,Empty,,,,,,,,,,,,,
45,4/23/2026,"A. Fussell, B. Mason",Clewiston Spit,11:21,11:58,,CS21.26,No,SNEG,Empty,,,,,,,,,,,,,
45,4/23/2026,"A. Fussell, B. Mason",Clewiston Spit,11:21,11:58,,CS22.26,No,WHIB,Occupied,2,,,,,,,,,,,,
45,4/23/2026,"A. Fussell, B. Mason",Clewiston Spit,11:21,11:58,,CS23.26,No,WHIB,Destroyed or Gone,,,,,,,,,,,,,
45,4/23/2026,"A. Fussell, B. Mason",Clewiston Spit,11:21,11:58,,CS24.26,No,WHIB,Empty,,,,,,,,,,,,,
45,4/23/2026,"A. Fussell, B. Mason",Clewiston Spit,11:21,11:58,,CS25.26,No,WHIB,Empty,,,,,,,,,,,,,
45,4/23/2026,"A. Fussell, B. Mason",Clewiston Spit,11:21,11:58,,CS26.26,No,WHIB,Destroyed or Gone,,,,,,,,,,,,,
45,4/23/2026,"A. Fussell, B. Mason",Clewiston Spit,11:21,11:58,,CS27.26,No,WHIB,Destroyed or Gone,,,,,,,,,,,,,
45,4/23/2026,"A. Fussell, B. Mason",Clewiston Spit,11:21,11:58,,CS28.26,No,WHIB,Empty,,,,,,,,,,,,,
45,4/23/2026,"A. Fussell, B. Mason",Clewiston Spit,11:21,11:58,,CS29.26,No,WHIB,Destroyed or Gone,,,,,,,,,,,,,
45,4/23/2026,"A. Fussell, B. Mason",Clewiston Spit,11:21,11:58,,CS30.26,No,WHIB,Destroyed or Gone,,,,,,,,,,,,,
45,4/23/2026,"A. Fussell, B. Mason",Clewiston Spit,11:21,11:58,,CS31.26,No,WHIB,Destroyed or Gone,,,,,,,,,,,,,
45,4/23/2026,"A. Fussell, B. Mason",Clewiston Spit,11:21,11:58,,CS32.26,No,WHIB,Empty,,,,,,,,,,,,,
45,4/23/2026,"A. Fussell, B. Mason",Clewiston Spit,11:21,11:58,,CS33.26,No,WHIB,Empty,,,,,,,,,,,,,
45,4/23/2026,"A. Fussell, B. Mason",Clewiston Spit,11:21,11:58,,CS34.26,No,WHIB,Destroyed or Gone,,, ,,,,,,,,,,
45,4/23/2026,"A. Fussell, B. Mason",Clewiston Spit,11:21,11:58,,CS35.26,No,WHIB,Empty,,,,,,,,,,,,,
45,4/23/2026,"A. Fussell, B. Mason",Clewiston Spit,11:21,11:58,,CS36.26,No,WHIB,Occupied,,3,,,,,,,,,,,
45,4/23/2026,"A. Fussell, B. Mason",Clewiston Spit,11:21,11:58,,CS37.26,No,WHIB,Empty,,,,,,,,,,,,,
45,4/23/2026,"A. Fussell, B. Mason",Clewiston Spit,11:21,11:58,,CS38.26,No,SNEG,Occupied,2,,,,,,,,,,,,
45,4/23/2026,"A. Fussell, B. Mason",Clewiston Spit,11:21,11:58,,CS39.26,No,GBHE,Occupied,,2,,,,,,,,,,,
45,4/23/2026,"A. Fussell, B. Mason",Clewiston Spit,11:21,11:58,,CS40.26,No,WHIB,Occupied,,,2,,,,,,,,,,
45,4/23/2026,"A. Fussell, B. Mason",Clewiston Spit,11:21,11:58,,CS41.26,No,WHIB,Empty,,,,,,,,,,,,,
45,4/23/2026,"A. Fussell, B. Mason",Clewiston Spit,11:21,11:58,,CS42.26,No,WHIB,Empty,,,,,,,,,,,,,
45,4/23/2026,"A. Fussell, B. Mason",Clewiston Spit,11:21,11:58,,CS43.26,No,SNEG,Occupied,2,,,,,,,,,,,,
45,4/23/2026,"A. Fussell, B. Mason",Clewiston Spit,11:21,11:58,,CS44.26,No,GREG,Empty,,,,,,,,,,,,,
45,4/23/2026,"A. Fussell, B. Mason",Clewiston Spit,11:21,11:58,,CS45.26,No,TRHE,Occupied,2,,,,,,,,,,,,
45,4/23/2026,"A. Fussell, B. Mason",Clewiston Spit,11:21,11:58,,CS46.26,No,SNEG,Occupied,3,,,,,,,, ,,,,
45,4/23/2026,"A. Fussell, B. Mason",Clewiston Spit,11:21,11:58,,CS47.26,No,SNEG,Occupied,,2,,,,,,,,,,,
45,4/23/2026,"A. Fussell, B. Mason",Clewiston Spit,11:21,11:58,,CS48.26,No,SNEG/TRHE,Empty,,,,, ,,,,,,,,
45,4/23/2026,"A. Fussell, B. Mason",Clewiston Spit,11:21,11:58,,CS49.26,No,GLIB,Occupied,2,,,,,,,,,,,,
45,4/23/2026,"A. Fussell, B. Mason",Clewiston Spit,11:21,11:58,,CS50.26,No,SNEG,Occupied,,2,,,,,,,,,,,
45,4/23/2026,"A. Fussell, B. Mason",Clewiston Spit,11:21,11:58,,CS51.26,No,ROSP,Empty,,,,,,,,,,,,,
45,4/23/2026,"A. Fussell, B. Mason",Clewiston Spit,11:21,11:58,,CS52.26,No,SNEG,Empty,,,,,,,,,,,,,
45,4/23/2026,"A. Fussell, B. Mason",Clewiston Spit,11:21,11:58,,CS53.26,No,SNEG,Occupied,1,,,,,,,,,,,,
45,4/23/2026,"A. Fussell, B. Mason",Clewiston Spit,11:21,11:58,,CS54.26,No,SNEG,Occupied,3,,,,,,,,,,,,
45,4/23/2026,"A. Fussell, B. Mason",Clewiston Spit,11:21,11:58,,CS55.26,No,SNEG,Occupied,2,,,,,,,,,,,,
45,4/23/2026,"A. Fussell, B. Mason",Clewiston Spit,11:21,11:58,,CS56.26,No,SNEG,Empty,,,,,,,,,,,,,
45,4/23/2026,"A. Fussell, B. Mason",Clewiston Spit,11:21,11:58,,CS57.26,No,SNEG,Occupied,1,1,,,,,,,,,,,
45,4/23/2026,"A. Fussell, B. Mason",Clewiston Spit,11:21,11:58,,CS58.26,Yes,TRHE,Occupied,3,,,,,,,,,,,,
46,4/23/2026,"A. Fussell, B. Mason",Clewiston Spit 2,12:07,12:15,,CS2-1.26,No,ROSP,Empty,,,,,,,,,,,,,
46,4/23/2026,"A. Fussell, B. Mason",Clewiston Spit 2,12:07,12:15,,CS2-2.26,No,ROSP,Empty,,,,,,,,,,,,,
46,4/23/2026,"A. Fussell, B. Mason",Clewiston Spit 2,12:07,12:15,,CS2-3.26,No,ROSP,Empty,,,,,,,,,,,,,
46,4/23/2026,"A. Fussell, B. Mason",Clewiston Spit 2,12:07,12:15,,CS2-4.26,No,ROSP,Occupied,,2,,,,,,,,,,,
46,4/23/2026,"A. Fussell, B. Mason",Clewiston Spit 2,12:07,12:15,,CS2-5.26,No,ROSP,Occupied,,1,,,,,,,,,,,
46,4/23/2026,"A. Fussell, B. Mason",Clewiston Spit 2,12:07,12:15,,CS2-6.26,No,GREG,Destroyed or Gone,,,,,,,,,,,,,
46,4/23/2026,"A. Fussell, B. Mason",Clewiston Spit 2,12:07,12:15,,CS2-7.26,No,ROSP,Empty,,,,,,,,,,,,,
46,4/23/2026,"A. Fussell, B. Mason",Clewiston Spit 2,12:07,12:15,,CS2-8.26,No,ROSP,Occupied,,2,,,,,,,,,,,
47,4/28/2026,"A. Fussell, R. Casella, Volunteer",Clewiston Spit,9:32,10:45,Volunteer is Cortney Valme,CS1.26,No,ROSP,Empty,,,,,,,,,,,,,
47,4/28/2026,"A. Fussell, R. Casella, Volunteer",Clewiston Spit,9:32,10:45,Volunteer is Cortney Valme,CS2.26,No,ROSP,Empty,,,,,,,,,,,,,
47,4/28/2026,"A. Fussell, R. Casella, Volunteer",Clewiston Spit,9:32,10:45,Volunteer is Cortney Valme,CS3.26,No,ROSP,Empty,,,,,,,,,,,,,
47,4/28/2026,"A. Fussell, R. Casella, Volunteer",Clewiston Spit,9:32,10:45,Volunteer is Cortney Valme,CS4.26,No,ROSP,Empty,,,,,,,,,,,,,
47,4/28/2026,"A. Fussell, R. Casella, Volunteer",Clewiston Spit,9:32,10:45,Volunteer is Cortney Valme,CS5.26,No,ROSP,Empty,,,,,,,,,,,,,
47,4/28/2026,"A. Fussell, R. Casella, Volunteer",Clewiston Spit,9:32,10:45,Volunteer is Cortney Valme,CS6.26,No,GBHE,Occupied,,2,,,,,,,,,,,
47,4/28/2026,"A. Fussell, R. Casella, Volunteer",Clewiston Spit,9:32,10:45,Volunteer is Cortney Valme,CS7.26,No,GBHE,Empty,,,,,,,,,,,,,
47,4/28/2026,"A. Fussell, R. Casella, Volunteer",Clewiston Spit,9:32,10:45,Volunteer is Cortney Valme,CS8.26,No,ROSP,Empty,,,,,,,,,,,,,
47,4/28/2026,"A. Fussell, R. Casella, Volunteer",Clewiston Spit,9:32,10:45,Volunteer is Cortney Valme,CS9.26,No,GBHE,Empty,,,,,,,,,,,,,
47,4/28/2026,"A. Fussell, R. Casella, Volunteer",Clewiston Spit,9:32,10:45,Volunteer is Cortney Valme,CS10.26,No,SNEG,Empty,,,,,,,,,,,,,
47,4/28/2026,"A. Fussell, R. Casella, Volunteer",Clewiston Spit,9:32,10:45,Volunteer is Cortney Valme,CS11.26,No,ROSP,Empty,,,,,,,,,,,,,
47,4/28/2026,"A. Fussell, R. Casella, Volunteer",Clewiston Spit,9:32,10:45,Volunteer is Cortney Valme,CS12.26,No,GLIB,Occupied,3,,,,,,,,,,,,
47,4/28/2026,"A. Fussell, R. Casella, Volunteer",Clewiston Spit,9:32,10:45,Volunteer is Cortney Valme,CS13.26,No,ROSP,Empty,,,,,,,,,,,,,
47,4/28/2026,"A. Fussell, R. Casella, Volunteer",Clewiston Spit,9:32,10:45,Volunteer is Cortney Valme,CS14.26,No,SNEG,Occupied,,2,,,,,,,,,,,
47,4/28/2026,"A. Fussell, R. Casella, Volunteer",Clewiston Spit,9:32,10:45,Volunteer is Cortney Valme,CS15.26,No,ROSP,Empty,,,,,,,,,,,,,
47,4/28/2026,"A. Fussell, R. Casella, Volunteer",Clewiston Spit,9:32,10:45,Volunteer is Cortney Valme,CS16.26,No,ROSP,Destroyed or Gone,,,,,,,,,,,,,
47,4/28/2026,"A. Fussell, R. Casella, Volunteer",Clewiston Spit,9:32,10:45,Volunteer is Cortney Valme,CS17.26,No,GBHE,Occupied,,1,,,1,,,,,,,,
47,4/28/2026,"A. Fussell, R. Casella, Volunteer",Clewiston Spit,9:32,10:45,Volunteer is Cortney Valme,CS18.26,No,GBHE,Occupied,,2,,,,,,,,,,,
47,4/28/2026,"A. Fussell, R. Casella, Volunteer",Clewiston Spit,9:32,10:45,Volunteer is Cortney Valme,CS19.26,No,WHIB,Empty,,,,,,,,,,,,,
47,4/28/2026,"A. Fussell, R. Casella, Volunteer",Clewiston Spit,9:32,10:45,Volunteer is Cortney Valme,CS20.26,No,WHIB,Empty,,,,,,,,,,,,,
47,4/28/2026,"A. Fussell, R. Casella, Volunteer",Clewiston Spit,9:32,10:45,Volunteer is Cortney Valme,CS21.26,No,SNEG,Empty,,,,,,,,,,,,,
47,4/28/2026,"A. Fussell, R. Casella, Volunteer",Clewiston Spit,9:32,10:45,Volunteer is Cortney Valme,CS22.26,No,WHIB,Empty,,,,,,,,,,,,,
47,4/28/2026,"A. Fussell, R. Casella, Volunteer",Clewiston Spit,9:32,10:45,Volunteer is Cortney Valme,CS23.26,No,WHIB,Destroyed or Gone,,,,,,,,,,,,,
47,4/28/2026,"A. Fussell, R. Casella, Volunteer",Clewiston Spit,9:32,10:45,Volunteer is Cortney Valme,CS24.26,No,WHIB,Empty,,,,,,,,,,,,,
47,4/28/2026,"A. Fussell, R. Casella, Volunteer",Clewiston Spit,9:32,10:45,Volunteer is Cortney Valme,CS25.26,No,WHIB,Empty,,,,,,,,,,,,,
47,4/28/2026,"A. Fussell, R. Casella, Volunteer",Clewiston Spit,9:32,10:45,Volunteer is Cortney Valme,CS26.26,No,WHIB,Destroyed or Gone,,,,,,,,,,,,,
47,4/28/2026,"A. Fussell, R. Casella, Volunteer",Clewiston Spit,9:32,10:45,Volunteer is Cortney Valme,CS27.26,No,WHIB,Destroyed or Gone,,,,,,,,,,,,,
47,4/28/2026,"A. Fussell, R. Casella, Volunteer",Clewiston Spit,9:32,10:45,Volunteer is Cortney Valme,CS28.26,No,WHIB,Empty,,,,,,,,,,,,,
47,4/28/2026,"A. Fussell, R. Casella, Volunteer",Clewiston Spit,9:32,10:45,Volunteer is Cortney Valme,CS29.26,No,WHIB,Destroyed or Gone,,,,,,,,,,,,,
47,4/28/2026,"A. Fussell, R. Casella, Volunteer",Clewiston Spit,9:32,10:45,Volunteer is Cortney Valme,CS30.26,No,WHIB,Destroyed or Gone,,,,,,,,,,,,,
47,4/28/2026,"A. Fussell, R. Casella, Volunteer",Clewiston Spit,9:32,10:45,Volunteer is Cortney Valme,CS31.26,No,WHIB,Destroyed or Gone,,,,,,,,,,,,,
47,4/28/2026,"A. Fussell, R. Casella, Volunteer",Clewiston Spit,9:32,10:45,Volunteer is Cortney Valme,CS32.26,No,WHIB,Empty,,,,,,,,,,,,,
47,4/28/2026,"A. Fussell, R. Casella, Volunteer",Clewiston Spit,9:32,10:45,Volunteer is Cortney Valme,CS33.26,No,WHIB,Empty,,,,,,,,,,,,,
47,4/28/2026,"A. Fussell, R. Casella, Volunteer",Clewiston Spit,9:32,10:45,Volunteer is Cortney Valme,CS34.26,No,WHIB,Destroyed or Gone,,,,,,,,,,,,,
47,4/28/2026,"A. Fussell, R. Casella, Volunteer",Clewiston Spit,9:32,10:45,Volunteer is Cortney Valme,CS35.26,No,WHIB,Empty,,,,,,,,,,,,,
47,4/28/2026,"A. Fussell, R. Casella, Volunteer",Clewiston Spit,9:32,10:45,Volunteer is Cortney Valme,CS36.26,No,WHIB,Occupied,,2,,,,,,,,,,,
47,4/28/2026,"A. Fussell, R. Casella, Volunteer",Clewiston Spit,9:32,10:45,Volunteer is Cortney Valme,CS37.26,No,WHIB,Empty,,,,,,,,,,,,,
47,4/28/2026,"A. Fussell, R. Casella, Volunteer",Clewiston Spit,9:32,10:45,Volunteer is Cortney Valme,CS38.26,No,SNEG,Occupied,2,,,,,,,,,,,,
47,4/28/2026,"A. Fussell, R. Casella, Volunteer",Clewiston Spit,9:32,10:45,Volunteer is Cortney Valme,CS39.26,No,GBHE,Occupied,,2,,,,,,,,,,,
47,4/28/2026,"A. Fussell, R. Casella, Volunteer",Clewiston Spit,9:32,10:45,Volunteer is Cortney Valme,CS40.26,No,WHIB,Empty,,,,,,,,,,,,,
47,4/28/2026,"A. Fussell, R. Casella, Volunteer",Clewiston Spit,9:32,10:45,Volunteer is Cortney Valme,CS41.26,No,WHIB,Empty,,,,,,,,,,,,,
47,4/28/2026,"A. Fussell, R. Casella, Volunteer",Clewiston Spit,9:32,10:45,Volunteer is Cortney Valme,CS42.26,No,WHIB,Empty,,,,,,,,,,,,,
47,4/28/2026,"A. Fussell, R. Casella, Volunteer",Clewiston Spit,9:32,10:45,Volunteer is Cortney Valme,CS43.26,No,SNEG,Occupied,,2,,,,,,,,,,,
47,4/28/2026,"A. Fussell, R. Casella, Volunteer",Clewiston Spit,9:32,10:45,Volunteer is Cortney Valme,CS44.26,No,GREG,Empty,,,,,,,,,,,,,
47,4/28/2026,"A. Fussell, R. Casella, Volunteer",Clewiston Spit,9:32,10:45,Volunteer is Cortney Valme,CS45.26,No,TRHE,Occupied,2,,,,,,,,,,,,
47,4/28/2026,"A. Fussell, R. Casella, Volunteer",Clewiston Spit,9:32,10:45,Volunteer is Cortney Valme,CS46.26,No,SNEG,Occupied,2,1,,,,,,,,,,,
47,4/28/2026,"A. Fussell, R. Casella, Volunteer",Clewiston Spit,9:32,10:45,Volunteer is Cortney Valme,CS47.26,No,SNEG,Occupied,,1,,,,,,,,,,,
47,4/28/2026,"A. Fussell, R. Casella, Volunteer",Clewiston Spit,9:32,10:45,Volunteer is Cortney Valme,CS48.26,Yes,SNEG,Occupied,3,,,,,,,,,,,,
47,4/28/2026,"A. Fussell, R. Casella, Volunteer",Clewiston Spit,9:32,10:45,Volunteer is Cortney Valme,CS49.26,No,GLIB,Occupied,3,,,,,,,,,,,,
47,4/28/2026,"A. Fussell, R. Casella, Volunteer",Clewiston Spit,9:32,10:45,Volunteer is Cortney Valme,CS50.26,No,SNEG,Occupied,,2,,,,,,,,,,,
47,4/28/2026,"A. Fussell, R. Casella, Volunteer",Clewiston Spit,9:32,10:45,Volunteer is Cortney Valme,CS51.26,No,ROSP,Empty,,,,,,,,,,,,,
47,4/28/2026,"A. Fussell, R. Casella, Volunteer",Clewiston Spit,9:32,10:45,Volunteer is Cortney Valme,CS52.26,No,SNEG,Empty,,,,,,,,,,,,,
47,4/28/2026,"A. Fussell, R. Casella, Volunteer",Clewiston Spit,9:32,10:45,Volunteer is Cortney Valme,CS53.26,No,SNEG,Occupied,,1,,,,,,,,,,,
47,4/28/2026,"A. Fussell, R. Casella, Volunteer",Clewiston Spit,9:32,10:45,Volunteer is Cortney Valme,CS54.26,No,SNEG,Occupied,3,,,,,,,,,,,,
47,4/28/2026,"A. Fussell, R. Casella, Volunteer",Clewiston Spit,9:32,10:45,Volunteer is Cortney Valme,CS55.26,No,SNEG,Occupied,2,,,,,,,,,,,,
47,4/28/2026,"A. Fussell, R. Casella, Volunteer",Clewiston Spit,9:32,10:45,Volunteer is Cortney Valme,CS56.26,Yes,SNEG,Occupied,2,,,,,,,,,,,,
47,4/28/2026,"A. Fussell, R. Casella, Volunteer",Clewiston Spit,9:32,10:45,Volunteer is Cortney Valme,CS57.26,No,SNEG,Occupied,,2,,,,,,,,,,,
48,4/28/2026,"A. Fussell, R. Casella, Volunteer",Clewiston Spit 2,10:26,10:36,Volunteer is Cortney Valme,CS58.26,No,TRHE,Empty,,,,,,,,,,,,,
48,4/28/2026,"A. Fussell, R. Casella, Volunteer",Clewiston Spit 2,10:26,10:36,Volunteer is Cortney Valme,CS2-1.26,No,ROSP,Empty,,,,,,,,,,,,,
48,4/28/2026,"A. Fussell, R. Casella, Volunteer",Clewiston Spit 2,10:26,10:36,Volunteer is Cortney Valme,CS2-2.26,No,ROSP,Empty,,,,,,,,,,,,,
48,4/28/2026,"A. Fussell, R. Casella, Volunteer",Clewiston Spit 2,10:26,10:36,Volunteer is Cortney Valme,CS2-3.26,No,ROSP,Empty,,,,,,,,,,,,,
48,4/28/2026,"A. Fussell, R. Casella, Volunteer",Clewiston Spit 2,10:26,10:36,Volunteer is Cortney Valme,CS2-4.26,No,ROSP,Occupied,,1,,,,,,,,,,,
48,4/28/2026,"A. Fussell, R. Casella, Volunteer",Clewiston Spit 2,10:26,10:36,Volunteer is Cortney Valme,CS2-5.26,No,ROSP,Empty,,,,,1,,,,,,,,
48,4/28/2026,"A. Fussell, R. Casella, Volunteer",Clewiston Spit 2,10:26,10:36,Volunteer is Cortney Valme,CS2-6.26,No,GREG,Destroyed or Gone,,,,,,,,,,,,,
48,4/28/2026,"A. Fussell, R. Casella, Volunteer",Clewiston Spit 2,10:26,10:36,Volunteer is Cortney Valme,CS2-7.26,No,ROSP,Empty,,,,,,,,,,,,,
48,4/28/2026,"A. Fussell, R. Casella, Volunteer",Clewiston Spit 2,10:26,10:36,Volunteer is Cortney Valme,CS2-8.26,No,ROSP,Empty,,,,,,,,,,,,,
49,4/29/2026,"A. Fussell, R. Casella",Rock Island 11,9:20,9:56,Clear weather. Winds ~5-10mph,RI11-1.26,No,GLIB,Occupied,3,,,,,,,,,,,,
49,4/29/2026,"A. Fussell, R. Casella",Rock Island 11,9:20,9:56,Clear weather. Winds ~5-10mph,RI11-2.26,No,GLIB,Occupied,2,2,,,,,,,,,,,
49,4/29/2026,"A. Fussell, R. Casella",Rock Island 11,9:20,9:56,Clear weather. Winds ~5-10mph,RI11-3.26,No,ANHI,Empty,,,,,,,,,,,,,
49,4/29/2026,"A. Fussell, R. Casella",Rock Island 11,9:20,9:56,Clear weather. Winds ~5-10mph,RI11-4.26,No,GBHE,Occupied,,1,,,,,,,,,,,
49,4/29/2026,"A. Fussell, R. Casella",Rock Island 11,9:20,9:56,Clear weather. Winds ~5-10mph,RI11-5.26,No,GLIB,Occupied,2,,,,,,,,,,,,
49,4/29/2026,"A. Fussell, R. Casella",Rock Island 11,9:20,9:56,Clear weather. Winds ~5-10mph,RI11-6.26,No,GLIB,Destroyed or Gone,,,,,,,,,,,,,
49,4/29/2026,"A. Fussell, R. Casella",Rock Island 11,9:20,9:56,Clear weather. Winds ~5-10mph,RI11-7.26,No,ANHI,Empty,,,,,,,,,,,,,
49,4/29/2026,"A. Fussell, R. Casella",Rock Island 11,9:20,9:56,Clear weather. Winds ~5-10mph,RI11-8.26,Yes,GLIB,Occupied,1,,,,,,,,,,,,
49,4/29/2026,"A. Fussell, R. Casella",Rock Island 11,9:20,9:56,Clear weather. Winds ~5-10mph,RI11-9.26,No,ROSP,Empty,,,,,,,,,,,,,
49,4/29/2026,"A. Fussell, R. Casella",Rock Island 11,9:20,9:56,Clear weather. Winds ~5-10mph,RI11-10.26,No,ANHI,Destroyed or Gone,,,,,,,,,,,,,
49,4/29/2026,"A. Fussell, R. Casella",Rock Island 11,9:20,9:56,Clear weather. Winds ~5-10mph,RI11-11.26,No,ANHI,Occupied,,3,,,,,,,,,,,
49,4/29/2026,"A. Fussell, R. Casella",Rock Island 11,9:20,9:56,Clear weather. Winds ~5-10mph,RI11-12.26,No,ROSP,Empty,,,,,,,,,,,,,
49,4/29/2026,"A. Fussell, R. Casella",Rock Island 11,9:20,9:56,Clear weather. Winds ~5-10mph,RI11-13.26,No,ROSP,Occupied,,2,,,,,,,,,,,
49,4/29/2026,"A. Fussell, R. Casella",Rock Island 11,9:20,9:56,Clear weather. Winds ~5-10mph,RI11-14.26,No,GBHE,Occupied,,1,,,,,,,,,,,
49,4/29/2026,"A. Fussell, R. Casella",Rock Island 11,9:20,9:56,Clear weather. Winds ~5-10mph,RI11-15.26,No,ANHI,Occupied,,2,,,,,,,,,,,
49,4/29/2026,"A. Fussell, R. Casella",Rock Island 11,9:20,9:56,Clear weather. Winds ~5-10mph,RI11-16.26,No,GBHE,Empty,,,,,,,,,,,,,
49,4/29/2026,"A. Fussell, R. Casella",Rock Island 11,9:20,9:56,Clear weather. Winds ~5-10mph,RI11-17.26,No,GLIB,Occupied,2,,,,,,,,,,,,
49,4/29/2026,"A. Fussell, R. Casella",Rock Island 11,9:20,9:56,Clear weather. Winds ~5-10mph,RI11-18.26,Yes,CAEG,Occupied,1,,,,,,,,,,,,
49,4/29/2026,"A. Fussell, R. Casella",Rock Island 11,9:20,9:56,Clear weather. Winds ~5-10mph,RI11-19.26,Yes,GLIB,Occupied,2,,,,,,,,,,,,
49,4/29/2026,"A. Fussell, R. Casella",Rock Island 11,9:20,9:56,Clear weather. Winds ~5-10mph,RI11-20.26,No,ANHI,Empty,,,,,,,,,,,,,
49,4/29/2026,"A. Fussell, R. Casella",Rock Island 11,9:20,9:56,Clear weather. Winds ~5-10mph,RI11-20.26,No,ROSP,Empty,,,,,,,,,,,,,
49,4/29/2026,"A. Fussell, R. Casella",Rock Island 11,9:20,9:56,Clear weather. Winds ~5-10mph,RI11-21.26,No,ROSP,Empty,,,,,,,,,,,,,
49,4/29/2026,"A. Fussell, R. Casella",Rock Island 11,9:20,9:56,Clear weather. Winds ~5-10mph,RI11-22.26,No,SNEG/TRHE,Destroyed or Gone,,,,,,,,,,,,,
49,4/29/2026,"A. Fussell, R. Casella",Rock Island 11,9:20,9:56,Clear weather. Winds ~5-10mph,RI11-23.26,No,GLIB,Destroyed or Gone,,,,,,,,,,,,,
49,4/29/2026,"A. Fussell, R. Casella",Rock Island 11,9:20,9:56,Clear weather. Winds ~5-10mph,RI11-24.26,No,WHIB,Destroyed or Gone,,,,,,,,,,,,,
49,4/29/2026,"A. Fussell, R. Casella",Rock Island 11,9:20,9:56,Clear weather. Winds ~5-10mph,RI11-25.26,No,GLIB,Occupied,,2,,,,,,,,,,,
49,4/29/2026,"A. Fussell, R. Casella",Rock Island 11,9:20,9:56,Clear weather. Winds ~5-10mph,RI11-26.26,No,GLIB,Occupied,2,,,,,,,,,,,,
49,4/29/2026,"A. Fussell, R. Casella",Rock Island 11,9:20,9:56,Clear weather. Winds ~5-10mph,RI11-27.26,No,GLIB,Empty,,,,,,,,,,,,,
49,4/29/2026,"A. Fussell, R. Casella",Rock Island 11,9:20,9:56,Clear weather. Winds ~5-10mph,RI11-31.26,Yes,GLIB,Occupied,3,,,,,,,,,,,,
49,4/29/2026,"A. Fussell, R. Casella",Rock Island 11,9:20,9:56,Clear weather. Winds ~5-10mph,RI11-32.26,Yes,GLIB,Occupied,2,,,,,,,,,,,,
49,4/29/2026,"A. Fussell, R. Casella",Rock Island 11,9:20,9:56,Clear weather. Winds ~5-10mph,RI11-33.26,Yes,TRHE,Occupied,2,,,,,,,,,,,,
49,4/29/2026,"A. Fussell, R. Casella",Rock Island 11,9:20,9:56,Clear weather. Winds ~5-10mph,RI11-34.26,Yes,WHIB,Occupied,2,,,,,,,,,,,,
49,4/29/2026,"A. Fussell, R. Casella",Rock Island 11,9:20,9:56,Clear weather. Winds ~5-10mph,RI11-35.26,Yes,TRHE,Occupied,3,,,,,,,,,,,,
49,4/29/2026,"A. Fussell, R. Casella",Rock Island 11,9:20,9:56,Clear weather. Winds ~5-10mph,RI11-36.26,Yes,GLIB,Occupied,3,,,,,,,,,,,,
50,4/29/2026,"A. Fussell, R. Casella",Rock Island 12,10:13,10:28,Clear weather. Winds ~5-10mph,RI12-1.26,No,ROSP,Empty,,,,,,,,,,,,,
50,4/29/2026,"A. Fussell, R. Casella",Rock Island 12,10:13,10:28,Clear weather. Winds ~5-10mph,RI12-2.26,No,GBHE,Empty,,,,,,,,,,,,,
50,4/29/2026,"A. Fussell, R. Casella",Rock Island 12,10:13,10:28,Clear weather. Winds ~5-10mph,RI12-3.26,No,GLIB,Occupied,3,,,,,,,,,,,,
50,4/29/2026,"A. Fussell, R. Casella",Rock Island 12,10:13,10:28,Clear weather. Winds ~5-10mph,RI12-4.26,Yes,WHIB,Occupied,3,,,,,,,,,,,,
50,4/29/2026,"A. Fussell, R. Casella",Rock Island 12,10:13,10:28,Clear weather. Winds ~5-10mph,RI12-5.26,No,GBHE,Empty,,,,,,,,,,,,,
50,4/29/2026,"A. Fussell, R. Casella",Rock Island 12,10:13,10:28,Clear weather. Winds ~5-10mph,RI12-6.26,No,GBHE,Empty,,,,,,,,,,,,,
50,4/29/2026,"A. Fussell, R. Casella",Rock Island 12,10:13,10:28,Clear weather. Winds ~5-10mph,RI12-7.26,No,ROSP,Empty,,,,,,,,,,,,,
50,4/29/2026,"A. Fussell, R. Casella",Rock Island 12,10:13,10:28,Clear weather. Winds ~5-10mph,RI12-8.26,No,ROSP,Empty,,,,,,,,,,,,,
50,4/29/2026,"A. Fussell, R. Casella",Rock Island 12,10:13,10:28,Clear weather. Winds ~5-10mph,RI12-8.26,No,ANHI,Empty,,,,,,,,,,,,,
50,4/29/2026,"A. Fussell, R. Casella",Rock Island 12,10:13,10:28,Clear weather. Winds ~5-10mph,RI12-9.26,No,ANHI,Empty,,,,,,,,,,,,,
50,4/29/2026,"A. Fussell, R. Casella",Rock Island 12,10:13,10:28,Clear weather. Winds ~5-10mph,RI12-10.26,No,ROSP,Destroyed or Gone,,,,,,,,,,,,,
50,4/29/2026,"A. Fussell, R. Casella",Rock Island 12,10:13,10:28,Clear weather. Winds ~5-10mph,RI12-11.26,No,ROSP,Empty,,,,,,,,,,,,,
50,4/29/2026,"A. Fussell, R. Casella",Rock Island 12,10:13,10:28,Clear weather. Winds ~5-10mph,RI12-12.26,No,ANHI,Occupied,,2,,,,,,,,,,,
50,4/29/2026,"A. Fussell, R. Casella",Rock Island 12,10:13,10:28,Clear weather. Winds ~5-10mph,RI12-13.26,No,GBHE,Empty,,,,,,,,,,,,,
50,4/29/2026,"A. Fussell, R. Casella",Rock Island 12,10:13,10:28,Clear weather. Winds ~5-10mph,RI12-14.26,No,ROSP,Empty,,,,,,,,,,,,,
50,4/29/2026,"A. Fussell, R. Casella",Rock Island 12,10:13,10:28,Clear weather. Winds ~5-10mph,RI12-15.26,No,ROSP,Occupied,,3,,,,,,,,,,,
50,4/29/2026,"A. Fussell, R. Casella",Rock Island 12,10:13,10:28,Clear weather. Winds ~5-10mph,RI12-16.26,No,GBHE,Empty,,,,,,,,,,,,,
50,4/29/2026,"A. Fussell, R. Casella",Rock Island 12,10:13,10:28,Clear weather. Winds ~5-10mph,RI12-17.26,No,GLIB,Occupied,3,,,,,,,,,,,,
50,4/29/2026,"A. Fussell, R. Casella",Rock Island 12,10:13,10:28,Clear weather. Winds ~5-10mph,RI12-18.26,No,GLIB,Occupied,3,,,,,,, ,,,,,
50,4/29/2026,"A. Fussell, R. Casella",Rock Island 12,10:13,10:28,Clear weather. Winds ~5-10mph,RI12-19.26,No,GBHE,Occupied,,1,,,,,,,,,,,
50,4/29/2026,"A. Fussell, R. Casella",Rock Island 12,10:13,10:28,Clear weather. Winds ~5-10mph,RI12-20.26,No,GLIB,Occupied,3,,,,,,,,,,,,
50,4/29/2026,"A. Fussell, R. Casella",Rock Island 12,10:13,10:28,Clear weather. Winds ~5-10mph,RI12-21.26,No,GBHE,Empty,,,,,,,,,,,,,
50,4/29/2026,"A. Fussell, R. Casella",Rock Island 12,10:13,10:28,Clear weather. Winds ~5-10mph,RI12-22.26,No,GLIB,Destroyed or Gone,,,,,,,,,,,,,
50,4/29/2026,"A. Fussell, R. Casella",Rock Island 12,10:13,10:28,Clear weather. Winds ~5-10mph,RI12-23.26,No,GLIB,Occupied,,3,,,,,,,,,,,
50,4/29/2026,"A. Fussell, R. Casella",Rock Island 12,10:13,10:28,Clear weather. Winds ~5-10mph,RI12-24.26,No,GLIB,Occupied,2,1,,,,,,,,,,,
50,4/29/2026,"A. Fussell, R. Casella",Rock Island 12,10:13,10:28,Clear weather. Winds ~5-10mph,RI12-25.26,No,SNEG,Occupied,,2,,,,,,,,,,,
50,4/29/2026,"A. Fussell, R. Casella",Rock Island 12,10:13,10:28,Clear weather. Winds ~5-10mph,RI12-26.26,No,GLIB,Occupied,3,,,,,,,,,,,,
50,4/29/2026,"A. Fussell, R. Casella",Rock Island 12,10:13,10:28,Clear weather. Winds ~5-10mph,RI12-27.26,No,GLIB,Occupied,2,2,,,,,,,,,,,
50,4/29/2026,"A. Fussell, R. Casella",Rock Island 12,10:13,10:28,Clear weather. Winds ~5-10mph,RI12-28.26,No,GLIB,Occupied,2,2,,,,,,,,,,,
50,4/29/2026,"A. Fussell, R. Casella",Rock Island 12,10:13,10:28,Clear weather. Winds ~5-10mph,RI12-29.26,No,WHIB,Occupied,3,,,,,,,,,,,,
50,4/29/2026,"A. Fussell, R. Casella",Rock Island 12,10:13,10:28,Clear weather. Winds ~5-10mph,RI12-30.26,No,TRHE,Occupied,2,,,,,,,,,,,,
50,4/29/2026,"A. Fussell, R. Casella",Rock Island 12,10:13,10:28,Clear weather. Winds ~5-10mph,RI12-31.26,No,GLIB,Occupied,3,,,,,,,,,,,,
51,5/4/2026,"A. Fussell, R. Casella",Clewiston Spit,9:45,10:10,Wind 10-15mph,CS1.26,No,ROSP,Empty,,,,,,,,,,,,,
51,5/4/2026,"A. Fussell, R. Casella",Clewiston Spit,9:45,10:10,Wind 10-15mph,CS2.26,No,ROSP,Empty,,,,,,,,,,,,,
51,5/4/2026,"A. Fussell, R. Casella",Clewiston Spit,9:45,10:10,Wind 10-15mph,CS3.26,No,ROSP,Empty,,,,,,,,,,,,,
51,5/4/2026,"A. Fussell, R. Casella",Clewiston Spit,9:45,10:10,Wind 10-15mph,CS4.26,No,ROSP,Empty,,,,,,,,,,,,,
51,5/4/2026,"A. Fussell, R. Casella",Clewiston Spit,9:45,10:10,Wind 10-15mph,CS5.26,No,ROSP,Empty,,,,,,,,,,,,,
51,5/4/2026,"A. Fussell, R. Casella",Clewiston Spit,9:45,10:10,Wind 10-15mph,CS6.26,No,GBHE,Occupied,,2,,,,,,,,,,,
51,5/4/2026,"A. Fussell, R. Casella",Clewiston Spit,9:45,10:10,Wind 10-15mph,CS7.26,No,GBHE,Empty,,,,,,,,,,,,,
51,5/4/2026,"A. Fussell, R. Casella",Clewiston Spit,9:45,10:10,Wind 10-15mph,CS8.26,No,ROSP,Empty,,,,,,,,,,,,,
51,5/4/2026,"A. Fussell, R. Casella",Clewiston Spit,9:45,10:10,Wind 10-15mph,CS9.26,No,GBHE,Empty,,,,,,,,,,,,,
51,5/4/2026,"A. Fussell, R. Casella",Clewiston Spit,9:45,10:10,Wind 10-15mph,CS10.26,No,SNEG,Empty,,,,,,,,,,,,,
51,5/4/2026,"A. Fussell, R. Casella",Clewiston Spit,9:45,10:10,Wind 10-15mph,CS11.26,No,ROSP,Empty,,,,,,,,,,,,,
51,5/4/2026,"A. Fussell, R. Casella",Clewiston Spit,9:45,10:10,Wind 10-15mph,CS12.26,Yes,GLIB,Occupied,1,,,,,,,,,,,,
51,5/4/2026,"A. Fussell, R. Casella",Clewiston Spit,9:45,10:10,Wind 10-15mph,CS13.26,Yes,GLIB,Occupied,1,,,,,,,,,,,,
51,5/4/2026,"A. Fussell, R. Casella",Clewiston Spit,9:45,10:10,Wind 10-15mph,CS14.26,No,SNEG,Occupied,,2,,,,,,,,,,,
51,5/4/2026,"A. Fussell, R. Casella",Clewiston Spit,9:45,10:10,Wind 10-15mph,CS15.26,Yes,SNEG,Occupied,2,,,,,,,,,,,,
51,5/4/2026,"A. Fussell, R. Casella",Clewiston Spit,9:45,10:10,Wind 10-15mph,CS16.26,No,ROSP,Destroyed or Gone,,,,,,,,,,,,,
51,5/4/2026,"A. Fussell, R. Casella",Clewiston Spit,9:45,10:10,Wind 10-15mph,CS17.26,No,GBHE,Occupied,,1,,,,,,,,,,,
51,5/4/2026,"A. Fussell, R. Casella",Clewiston Spit,9:45,10:10,Wind 10-15mph,CS18.26,No,GBHE,Occupied,,2,,,,,,,,,,,
51,5/4/2026,"A. Fussell, R. Casella",Clewiston Spit,9:45,10:10,Wind 10-15mph,CS19.26,No,WHIB,Empty,,,,,,,,,,,,,
51,5/4/2026,"A. Fussell, R. Casella",Clewiston Spit,9:45,10:10,Wind 10-15mph,CS20.26,No,WHIB,Empty,,,,,,,,,,,,,
51,5/4/2026,"A. Fussell, R. Casella",Clewiston Spit,9:45,10:10,Wind 10-15mph,CS21.26,No,SNEG,Empty,,,,,,,,,,,,,
51,5/4/2026,"A. Fussell, R. Casella",Clewiston Spit,9:45,10:10,Wind 10-15mph,CS22.26,No,WHIB,Empty,,,,,,,,,,,,,
51,5/4/2026,"A. Fussell, R. Casella",Clewiston Spit,9:45,10:10,Wind 10-15mph,CS23.26,No,WHIB,Destroyed or Gone,,,,,,,,,,,,,
51,5/4/2026,"A. Fussell, R. Casella",Clewiston Spit,9:45,10:10,Wind 10-15mph,CS24.26,No,WHIB,Empty,,,,,,,,,,,,,
51,5/4/2026,"A. Fussell, R. Casella",Clewiston Spit,9:45,10:10,Wind 10-15mph,CS25.26,No,WHIB,Empty,,,,,,,,,,,,,
51,5/4/2026,"A. Fussell, R. Casella",Clewiston Spit,9:45,10:10,Wind 10-15mph,CS26.26,No,WHIB,Destroyed or Gone,,,,,,,,,,,,,
51,5/4/2026,"A. Fussell, R. Casella",Clewiston Spit,9:45,10:10,Wind 10-15mph,CS27.26,No,WHIB,Destroyed or Gone,,,,,,,,,,,,,
51,5/4/2026,"A. Fussell, R. Casella",Clewiston Spit,9:45,10:10,Wind 10-15mph,CS28.26,No,WHIB,Empty,,,,,,,,,,,,,
51,5/4/2026,"A. Fussell, R. Casella",Clewiston Spit,9:45,10:10,Wind 10-15mph,CS29.26,No,WHIB,Destroyed or Gone,,,,,,,,,,,,,
51,5/4/2026,"A. Fussell, R. Casella",Clewiston Spit,9:45,10:10,Wind 10-15mph,CS30.26,No,WHIB,Destroyed or Gone,,,,,,,,,,,,,
51,5/4/2026,"A. Fussell, R. Casella",Clewiston Spit,9:45,10:10,Wind 10-15mph,CS31.26,No,WHIB,Destroyed or Gone,,,,,,,,,,,,,
51,5/4/2026,"A. Fussell, R. Casella",Clewiston Spit,9:45,10:10,Wind 10-15mph,CS32.26,No,WHIB,Empty,,,,,,,,,,,,,
51,5/4/2026,"A. Fussell, R. Casella",Clewiston Spit,9:45,10:10,Wind 10-15mph,CS33.26,No,WHIB,Empty,,,,,,,,,,,,,
51,5/4/2026,"A. Fussell, R. Casella",Clewiston Spit,9:45,10:10,Wind 10-15mph,CS34.26,No,WHIB,Destroyed or Gone,,,,,,,,,,,,,
51,5/4/2026,"A. Fussell, R. Casella",Clewiston Spit,9:45,10:10,Wind 10-15mph,CS35.26,No,WHIB,Empty,,,,,,,,,,,,,
51,5/4/2026,"A. Fussell, R. Casella",Clewiston Spit,9:45,10:10,Wind 10-15mph,CS36.26,No,WHIB,Occupied,,2,,,,,,,,,,,
51,5/4/2026,"A. Fussell, R. Casella",Clewiston Spit,9:45,10:10,Wind 10-15mph,CS37.26,No,WHIB,Empty,,,,,,,,,,,,,
51,5/4/2026,"A. Fussell, R. Casella",Clewiston Spit,9:45,10:10,Wind 10-15mph,CS38.26,No,SNEG,Occupied,,1,,,,,,,,,,,
51,5/4/2026,"A. Fussell, R. Casella",Clewiston Spit,9:45,10:10,Wind 10-15mph,CS39.26,No,GBHE,Occupied,,2,,,,,,,,,,,
51,5/4/2026,"A. Fussell, R. Casella",Clewiston Spit,9:45,10:10,Wind 10-15mph,CS40.26,No,WHIB,Empty,,,,,,,,,,,,,
51,5/4/2026,"A. Fussell, R. Casella",Clewiston Spit,9:45,10:10,Wind 10-15mph,CS41.26,No,WHIB,Empty,,,,,,,,,,,,,
51,5/4/2026,"A. Fussell, R. Casella",Clewiston Spit,9:45,10:10,Wind 10-15mph,CS42.26,No,WHIB,Empty,,,,,,,,,,,,,
51,5/4/2026,"A. Fussell, R. Casella",Clewiston Spit,9:45,10:10,Wind 10-15mph,CS43.26,No,SNEG,Occupied,,2,,,,,,,,,,,
51,5/4/2026,"A. Fussell, R. Casella",Clewiston Spit,9:45,10:10,Wind 10-15mph,CS44.26,Yes,GLIB,Occupied,1,1,,,,,,,,,,,
51,5/4/2026,"A. Fussell, R. Casella",Clewiston Spit,9:45,10:10,Wind 10-15mph,CS45.26,No,TRHE,Occupied,,2,,,,,,,,,,,
51,5/4/2026,"A. Fussell, R. Casella",Clewiston Spit,9:45,10:10,Wind 10-15mph,CS46.26,No,SNEG,Occupied,1,2,,,,,,,,,,,
51,5/4/2026,"A. Fussell, R. Casella",Clewiston Spit,9:45,10:10,Wind 10-15mph,CS47.26,No,SNEG,Empty,,,,,,,,,,,,,
51,5/4/2026,"A. Fussell, R. Casella",Clewiston Spit,9:45,10:10,Wind 10-15mph,CS48.26,No,SNEG,Occupied,3,,,,,,,,,,,,
51,5/4/2026,"A. Fussell, R. Casella",Clewiston Spit,9:45,10:10,Wind 10-15mph,CS49.26,No,GLIB,Occupied,3,,,,,,,,,,,,
51,5/4/2026,"A. Fussell, R. Casella",Clewiston Spit,9:45,10:10,Wind 10-15mph,CS50.26,No,SNEG,Empty,,,,,,,,,,,,,
51,5/4/2026,"A. Fussell, R. Casella",Clewiston Spit,9:45,10:10,Wind 10-15mph,CS51.26,No,ROSP,Empty,,,,,,,,,,,,,
51,5/4/2026,"A. Fussell, R. Casella",Clewiston Spit,9:45,10:10,Wind 10-15mph,CS52.26,Yes,SNEG,Occupied,,2,,,,,,,,,,,
51,5/4/2026,"A. Fussell, R. Casella",Clewiston Spit,9:45,10:10,Wind 10-15mph,CS53.26,No,SNEG,Occupied,,1,,,,,,,,,,,
51,5/4/2026,"A. Fussell, R. Casella",Clewiston Spit,9:45,10:10,Wind 10-15mph,CS54.26,No,SNEG,Occupied,3,,,,,,,,,,,,
51,5/4/2026,"A. Fussell, R. Casella",Clewiston Spit,9:45,10:10,Wind 10-15mph,CS55.26,No,SNEG,Occupied,2,,,,,,,,,,,,
51,5/4/2026,"A. Fussell, R. Casella",Clewiston Spit,9:45,10:10,Wind 10-15mph,CS56.26,No,SNEG,Occupied,3,,,,,,,,,,,,
51,5/4/2026,"A. Fussell, R. Casella",Clewiston Spit,9:45,10:10,Wind 10-15mph,CS57.26,No,SNEG,Occupied,,2,,,,,,,,,,,
51,5/4/2026,"A. Fussell, R. Casella",Clewiston Spit,9:45,10:10,Wind 10-15mph,CS58.26,Yes,SNEG,Occupied,1,,,,,,,,,,,,
52,5/4/2026,"A. Fussell, R. Casella",Clewiston Spit 2,10:17,10:24,Wind 10-15mph,CS2-1.26,No,ROSP,Empty,,,,,,,,,,,,,
52,5/4/2026,"A. Fussell, R. Casella",Clewiston Spit 2,10:17,10:24,Wind 10-15mph,CS2-2.26,No,ROSP,Empty,,,,,,,,,,,,,
52,5/4/2026,"A. Fussell, R. Casella",Clewiston Spit 2,10:17,10:24,Wind 10-15mph,CS2-3.26,No,ROSP,Empty,,,,,,,,,,,,,
52,5/4/2026,"A. Fussell, R. Casella",Clewiston Spit 2,10:17,10:24,Wind 10-15mph,CS2-4.26,No,ROSP,Empty,,,,,,,,,,,,,
52,5/4/2026,"A. Fussell, R. Casella",Clewiston Spit 2,10:17,10:24,Wind 10-15mph,CS2-5.26,No,ROSP,Empty,,,,,1,,,,,,,,
52,5/4/2026,"A. Fussell, R. Casella",Clewiston Spit 2,10:17,10:24,Wind 10-15mph,CS2-6.26,No,GREG,Destroyed or Gone,,,,,,,,,,,,,
52,5/4/2026,"A. Fussell, R. Casella",Clewiston Spit 2,10:17,10:24,Wind 10-15mph,CS2-7.26,No,ROSP,Empty,,,,,,,,,,,,,
52,5/4/2026,"A. Fussell, R. Casella",Clewiston Spit 2,10:17,10:24,Wind 10-15mph,CS2-8.26,No,ROSP,Empty,,,,,,,,,,,,,
53,5/4/2026,"A. Fussell, R. Casella",Little Bear Beach,11:14,12:05,"Wind 16mph, 20mph gusts",LBB1,Yes,WHIB,Occupied,2,,,,,,,,,,,,
53,5/4/2026,"A. Fussell, R. Casella",Little Bear Beach,11:14,12:05,"Wind 16mph, 20mph gusts",LBB2,Yes,WHIB,Occupied,2,,,,,,,,,,,,
53,5/4/2026,"A. Fussell, R. Casella",Little Bear Beach,11:14,12:05,"Wind 16mph, 20mph gusts",LBB3,Yes,WHIB,Occupied,2,,,,,,,,,,,,
53,5/4/2026,"A. Fussell, R. Casella",Little Bear Beach,11:14,12:05,"Wind 16mph, 20mph gusts",LBB4,Yes,TRHE,Occupied,2,,,,,,,,,,,,
53,5/4/2026,"A. Fussell, R. Casella",Little Bear Beach,11:14,12:05,"Wind 16mph, 20mph gusts",LBB5,Yes,SNEG,Occupied,2,,,,,,,,,,,,
53,5/4/2026,"A. Fussell, R. Casella",Little Bear Beach,11:14,12:05,"Wind 16mph, 20mph gusts",LBB6,Yes,WHIB,Occupied,2,,,,,,,,,,,,
53,5/4/2026,"A. Fussell, R. Casella",Little Bear Beach,11:14,12:05,"Wind 16mph, 20mph gusts",LBB7,Yes,WHIB,Occupied,2,,,,,,,,,,,,
53,5/4/2026,"A. Fussell, R. Casella",Little Bear Beach,11:14,12:05,"Wind 16mph, 20mph gusts",LBB8,Yes,SNEG,Occupied,2,,,,,,,,,,,,
53,5/4/2026,"A. Fussell, R. Casella",Little Bear Beach,11:14,12:05,"Wind 16mph, 20mph gusts",LBB9,Yes,SNEG,Occupied,2,,,,,,,,,,,,
53,5/4/2026,"A. Fussell, R. Casella",Little Bear Beach,11:14,12:05,"Wind 16mph, 20mph gusts",LBB10,Yes,GLIB,Occupied,2,,,,,,,,,,,,
53,5/4/2026,"A. Fussell, R. Casella",Little Bear Beach,11:14,12:05,"Wind 16mph, 20mph gusts",LBB11,Yes,WHIB,Occupied,2,,,,,,,,,,,,
53,5/4/2026,"A. Fussell, R. Casella",Little Bear Beach,11:14,12:05,"Wind 16mph, 20mph gusts",LBB12,Yes,SNEG,Occupied,2,,,,,,,,,,,,
53,5/4/2026,"A. Fussell, R. Casella",Little Bear Beach,11:14,12:05,"Wind 16mph, 20mph gusts",LBB13,Yes,SNEG,Occupied,3,,,,,,,,,,,,
53,5/4/2026,"A. Fussell, R. Casella",Little Bear Beach,11:14,12:05,"Wind 16mph, 20mph gusts",LBB14,Yes,WHIB,Occupied,2,,,,,,,,,,,,
53,5/4/2026,"A. Fussell, R. Casella",Little Bear Beach,11:14,12:05,"Wind 16mph, 20mph gusts",LBB15,Yes,WHIB,Occupied,2,,,,,,,,,,,,
53,5/4/2026,"A. Fussell, R. Casella",Little Bear Beach,11:14,12:05,"Wind 16mph, 20mph gusts",LBB16,Yes,WHIB,Occupied,1,,,,,,,,,,,,
53,5/4/2026,"A. Fussell, R. Casella",Little Bear Beach,11:14,12:05,"Wind 16mph, 20mph gusts",LBB17,Yes,WHIB,Occupied,2,,,,,,,,,,,,
53,5/4/2026,"A. Fussell, R. Casella",Little Bear Beach,11:14,12:05,"Wind 16mph, 20mph gusts",LBB18,Yes,WHIB,Occupied,2,,,,,,,,,,,,
53,5/4/2026,"A. Fussell, R. Casella",Little Bear Beach,11:14,12:05,"Wind 16mph, 20mph gusts",LBB19,Yes,WHIB,Occupied,2,,,,,,,,,,,,
53,5/4/2026,"A. Fussell, R. Casella",Little Bear Beach,11:14,12:05,"Wind 16mph, 20mph gusts",LBB20,Yes,WHIB,Occupied,2,,,,,,,,,,,,
53,5/4/2026,"A. Fussell, R. Casella",Little Bear Beach,11:14,12:05,"Wind 16mph, 20mph gusts",LBB21,Yes,WHIB,Occupied,2,,,,,,,,,,,,
53,5/4/2026,"A. Fussell, R. Casella",Little Bear Beach,11:14,12:05,"Wind 16mph, 20mph gusts",LBB22,Yes,WHIB,Occupied,3,,,,,,,,,,,,
53,5/4/2026,"A. Fussell, R. Casella",Little Bear Beach,11:14,12:05,"Wind 16mph, 20mph gusts",LBB23,Yes,SNEG,Occupied,3,,,,,,,,,,,,
53,5/4/2026,"A. Fussell, R. Casella",Little Bear Beach,11:14,12:05,"Wind 16mph, 20mph gusts",LBB24,Yes,SNEG,Occupied,2,,,,,,,,,,,,
53,5/4/2026,"A. Fussell, R. Casella",Little Bear Beach,11:14,12:05,"Wind 16mph, 20mph gusts",LBB25,Yes,SNEG,Occupied,2,,,,,,,,,,,,
54,5/7/2026,"A. Fussell, R. Casella",Rock Island 11,10:10,10:40,Clear Weather; Volunteers are V. Rodriguez & A. Butler,RI11-1.26,No,GLIB,Occupied,1,2,,,,,,,,,,,
54,5/7/2026,"A. Fussell, R. Casella",Rock Island 11,10:10,10:40,Clear Weather; Volunteers are V. Rodriguez & A. Butler,RI11-2.26,No,GLIB,Occupied,1,1,,,,,,,,,,,
54,5/7/2026,"A. Fussell, R. Casella",Rock Island 11,10:10,10:40,Clear Weather; Volunteers are V. Rodriguez & A. Butler,RI11-3.26,Yes,GLIB,Occupied,1,,,,,,,,,,,,
54,5/7/2026,"A. Fussell, R. Casella",Rock Island 11,10:10,10:40,Clear Weather; Volunteers are V. Rodriguez & A. Butler,RI11-4.26,No,GBHE,Occupied,,1,,,,,,,,,,,
54,5/7/2026,"A. Fussell, R. Casella",Rock Island 11,10:10,10:40,Clear Weather; Volunteers are V. Rodriguez & A. Butler,RI11-5.26,No,GLIB,Occupied,2,,,,,,,,,,,,
54,5/7/2026,"A. Fussell, R. Casella",Rock Island 11,10:10,10:40,Clear Weather; Volunteers are V. Rodriguez & A. Butler,RI11-6.26,No,GLIB,Destroyed or Gone,,,,,,,,,,,,,
54,5/7/2026,"A. Fussell, R. Casella",Rock Island 11,10:10,10:40,Clear Weather; Volunteers are V. Rodriguez & A. Butler,RI11-7.26,No,ANHI,Empty,,,,,,,,,,,,,
54,5/7/2026,"A. Fussell, R. Casella",Rock Island 11,10:10,10:40,Clear Weather; Volunteers are V. Rodriguez & A. Butler,RI11-8.26,No,GLIB,Occupied,4,,,,,,,,,,,,
54,5/7/2026,"A. Fussell, R. Casella",Rock Island 11,10:10,10:40,Clear Weather; Volunteers are V. Rodriguez & A. Butler,RI11-9.26,No,ROSP,Empty,,,,,,,,,,,,,
54,5/7/2026,"A. Fussell, R. Casella",Rock Island 11,10:10,10:40,Clear Weather; Volunteers are V. Rodriguez & A. Butler,RI11-10.26,No,ANHI,Destroyed or Gone,,,,,,,,,,,,,
54,5/7/2026,"A. Fussell, R. Casella",Rock Island 11,10:10,10:40,Clear Weather; Volunteers are V. Rodriguez & A. Butler,RI11-11.26,No,ANHI,Empty,,,,,,,,,,,,,
54,5/7/2026,"A. Fussell, R. Casella",Rock Island 11,10:10,10:40,Clear Weather; Volunteers are V. Rodriguez & A. Butler,RI11-12.26,No,ROSP,Empty,,,,,,,,,,,,,
54,5/7/2026,"A. Fussell, R. Casella",Rock Island 11,10:10,10:40,Clear Weather; Volunteers are V. Rodriguez & A. Butler,RI11-13.26,No,ROSP,Empty,,,,,,,,,,,,,
54,5/7/2026,"A. Fussell, R. Casella",Rock Island 11,10:10,10:40,Clear Weather; Volunteers are V. Rodriguez & A. Butler,RI11-14.26,No,GBHE,Occupied,,1,,,,,,,,,,,
54,5/7/2026,"A. Fussell, R. Casella",Rock Island 11,10:10,10:40,Clear Weather; Volunteers are V. Rodriguez & A. Butler,RI11-15.26,No,ANHI,Empty,,,,,,,,,,,,,
54,5/7/2026,"A. Fussell, R. Casella",Rock Island 11,10:10,10:40,Clear Weather; Volunteers are V. Rodriguez & A. Butler,RI11-16.26,No,GBHE,Empty,,,,,,,,,,,,,
54,5/7/2026,"A. Fussell, R. Casella",Rock Island 11,10:10,10:40,Clear Weather; Volunteers are V. Rodriguez & A. Butler,RI11-17.26,No,GLIB,Occupied,2,,,,,,,,,,,,
54,5/7/2026,"A. Fussell, R. Casella",Rock Island 11,10:10,10:40,Clear Weather; Volunteers are V. Rodriguez & A. Butler,RI11-18.26,No,CAEG,Occupied,2,,,,,,,,,,,,
54,5/7/2026,"A. Fussell, R. Casella",Rock Island 11,10:10,10:40,Clear Weather; Volunteers are V. Rodriguez & A. Butler,RI11-19.26,No,GLIB,Occupied,3,,,,,,,,,,,,
54,5/7/2026,"A. Fussell, R. Casella",Rock Island 11,10:10,10:40,Clear Weather; Volunteers are V. Rodriguez & A. Butler,RI11-20.26,No,ANHI,Empty,,,,,,,,,,,,,
54,5/7/2026,"A. Fussell, R. Casella",Rock Island 11,10:10,10:40,Clear Weather; Volunteers are V. Rodriguez & A. Butler,RI11-20.26,No,ROSP,Empty,,,,,,,,,,,,,
54,5/7/2026,"A. Fussell, R. Casella",Rock Island 11,10:10,10:40,Clear Weather; Volunteers are V. Rodriguez & A. Butler,RI11-21.26,Yes,GLIB,Occupied,2,,,,,,,,,,,,
54,5/7/2026,"A. Fussell, R. Casella",Rock Island 11,10:10,10:40,Clear Weather; Volunteers are V. Rodriguez & A. Butler,RI11-22.26,No,SNEG/TRHE,Destroyed or Gone,,,,,,,,,,,,,
54,5/7/2026,"A. Fussell, R. Casella",Rock Island 11,10:10,10:40,Clear Weather; Volunteers are V. Rodriguez & A. Butler,RI11-23.26,No,GLIB,Destroyed or Gone,,,,,,,,,,,,,
54,5/7/2026,"A. Fussell, R. Casella",Rock Island 11,10:10,10:40,Clear Weather; Volunteers are V. Rodriguez & A. Butler,RI11-24.26,No,WHIB,Destroyed or Gone,,,,,,,,,,,,,
54,5/7/2026,"A. Fussell, R. Casella",Rock Island 11,10:10,10:40,Clear Weather; Volunteers are V. Rodriguez & A. Butler,RI11-25.26,No,GLIB,Occupied,,1,,,,,,,,,,,
54,5/7/2026,"A. Fussell, R. Casella",Rock Island 11,10:10,10:40,Clear Weather; Volunteers are V. Rodriguez & A. Butler,RI11-26.26,No,GLIB,Empty,,,,,,,,,,,,,
54,5/7/2026,"A. Fussell, R. Casella",Rock Island 11,10:10,10:40,Clear Weather; Volunteers are V. Rodriguez & A. Butler,RI11-27.26,No,GLIB,Empty,,,,,,,,,,,,,
54,5/7/2026,"A. Fussell, R. Casella",Rock Island 11,10:10,10:40,Clear Weather; Volunteers are V. Rodriguez & A. Butler,RI11-31.26,No,GLIB,Occupied,3,,,,,,,,,,,,
54,5/7/2026,"A. Fussell, R. Casella",Rock Island 11,10:10,10:40,Clear Weather; Volunteers are V. Rodriguez & A. Butler,RI11-32.26,No,GLIB,Occupied,,1,,,,,,,,,,,
54,5/7/2026,"A. Fussell, R. Casella",Rock Island 11,10:10,10:40,Clear Weather; Volunteers are V. Rodriguez & A. Butler,RI11-33.26,No,GLIB,Occupied,2,,,,,,,,,,,,
54,5/7/2026,"A. Fussell, R. Casella",Rock Island 11,10:10,10:40,Clear Weather; Volunteers are V. Rodriguez & A. Butler,RI11-34.26,No,WHIB,Occupied,,1,,,,,,,,,,,
54,5/7/2026,"A. Fussell, R. Casella",Rock Island 11,10:10,10:40,Clear Weather; Volunteers are V. Rodriguez & A. Butler,RI11-35.26,No,TRHE,Occupied,3,,,,,,,,,,,,
54,5/7/2026,"A. Fussell, R. Casella",Rock Island 11,10:10,10:40,Clear Weather; Volunteers are V. Rodriguez & A. Butler,RI11-36.26,No,GLIB,Occupied,2,,,,,,,,,,,,
55,5/7/2026,"A. Fussell, R. Casella",Rock Island 12,10:45,11:10,Clear Weather; Volunteers are V. Rodriguez & A. Butler,RI12-1.26,No,ROSP,Empty,,,,,,,,,,,,,
55,5/7/2026,"A. Fussell, R. Casella",Rock Island 12,10:45,11:10,Clear Weather; Volunteers are V. Rodriguez & A. Butler,RI12-2.26,No,GBHE,Empty,,,,,,,,,,,,,
55,5/7/2026,"A. Fussell, R. Casella",Rock Island 12,10:45,11:10,Clear Weather; Volunteers are V. Rodriguez & A. Butler,RI12-3.26,No,GLIB,Occupied,,1,,,,,,,,,,,
55,5/7/2026,"A. Fussell, R. Casella",Rock Island 12,10:45,11:10,Clear Weather; Volunteers are V. Rodriguez & A. Butler,RI12-4.26,No,WHIB,Occupied,2,1,,,,,,,,,,,
55,5/7/2026,"A. Fussell, R. Casella",Rock Island 12,10:45,11:10,Clear Weather; Volunteers are V. Rodriguez & A. Butler,RI12-5.26,No,GBHE,Empty,,,,,,,,,,,,,
55,5/7/2026,"A. Fussell, R. Casella",Rock Island 12,10:45,11:10,Clear Weather; Volunteers are V. Rodriguez & A. Butler,RI12-6.26,No,GBHE,Empty,,,,,,,,,,,,,
55,5/7/2026,"A. Fussell, R. Casella",Rock Island 12,10:45,11:10,Clear Weather; Volunteers are V. Rodriguez & A. Butler,RI12-7.26,Yes,GLIB,Occupied,3,,,,,,,,,,,,
55,5/7/2026,"A. Fussell, R. Casella",Rock Island 12,10:45,11:10,Clear Weather; Volunteers are V. Rodriguez & A. Butler,RI12-8.26,Yes,SNEG,Occupied,2,,,,,,,,,,,,
55,5/7/2026,"A. Fussell, R. Casella",Rock Island 12,10:45,11:10,Clear Weather; Volunteers are V. Rodriguez & A. Butler,RI12-9.26,No,ANHI,Empty,,,,,,,,,,,,,
55,5/7/2026,"A. Fussell, R. Casella",Rock Island 12,10:45,11:10,Clear Weather; Volunteers are V. Rodriguez & A. Butler,RI12-10.26,No,ROSP,Destroyed or Gone,,,,,,,,,,,,,
55,5/7/2026,"A. Fussell, R. Casella",Rock Island 12,10:45,11:10,Clear Weather; Volunteers are V. Rodriguez & A. Butler,RI12-11.26,No,ROSP,Empty,,,,,,,,,,,,,
55,5/7/2026,"A. Fussell, R. Casella",Rock Island 12,10:45,11:10,Clear Weather; Volunteers are V. Rodriguez & A. Butler,RI12-12.26,No,ANHI,Occupied,,2,,,,,,,,,,,
55,5/7/2026,"A. Fussell, R. Casella",Rock Island 12,10:45,11:10,Clear Weather; Volunteers are V. Rodriguez & A. Butler,RI12-13.26,No,GBHE,Empty,,,,,,,,,,,,,
55,5/7/2026,"A. Fussell, R. Casella",Rock Island 12,10:45,11:10,Clear Weather; Volunteers are V. Rodriguez & A. Butler,RI12-14.26,No,ROSP,Empty,,,,,,,,,,,,,
55,5/7/2026,"A. Fussell, R. Casella",Rock Island 12,10:45,11:10,Clear Weather; Volunteers are V. Rodriguez & A. Butler,RI12-15.26,No,ROSP,Occupied,,3,,,,,,,,,,,
55,5/7/2026,"A. Fussell, R. Casella",Rock Island 12,10:45,11:10,Clear Weather; Volunteers are V. Rodriguez & A. Butler,RI12-16.26,No,GBHE,Empty,,,,,,,,,,,,,
55,5/7/2026,"A. Fussell, R. Casella",Rock Island 12,10:45,11:10,Clear Weather; Volunteers are V. Rodriguez & A. Butler,RI12-17.26,No,GLIB,Occupied,3,,,,,,,,,,,,
55,5/7/2026,"A. Fussell, R. Casella",Rock Island 12,10:45,11:10,Clear Weather; Volunteers are V. Rodriguez & A. Butler,RI12-18.26,No,GLIB,Occupied,,3,,,,,,,,,,,
55,5/7/2026,"A. Fussell, R. Casella",Rock Island 12,10:45,11:10,Clear Weather; Volunteers are V. Rodriguez & A. Butler,RI12-19.26,No,GBHE,Occupied,,1,,,,,,,,,,,
55,5/7/2026,"A. Fussell, R. Casella",Rock Island 12,10:45,11:10,Clear Weather; Volunteers are V. Rodriguez & A. Butler,RI12-20.26,No,GLIB,Occupied,4,,,,,,,,,,,,
55,5/7/2026,"A. Fussell, R. Casella",Rock Island 12,10:45,11:10,Clear Weather; Volunteers are V. Rodriguez & A. Butler,RI12-21.26,No,GBHE,Empty,,,,,,,,,,,,,
55,5/7/2026,"A. Fussell, R. Casella",Rock Island 12,10:45,11:10,Clear Weather; Volunteers are V. Rodriguez & A. Butler,RI12-22.26,No,GLIB,Destroyed or Gone,,,,,,,,,,,,,
55,5/7/2026,"A. Fussell, R. Casella",Rock Island 12,10:45,11:10,Clear Weather; Volunteers are V. Rodriguez & A. Butler,RI12-23.26,No,GLIB,Occupied,,2,,,,,,,,,,,
55,5/7/2026,"A. Fussell, R. Casella",Rock Island 12,10:45,11:10,Clear Weather; Volunteers are V. Rodriguez & A. Butler,RI12-24.26,No,GLIB,Occupied,1,2,,,,,,,,,,,
55,5/7/2026,"A. Fussell, R. Casella",Rock Island 12,10:45,11:10,Clear Weather; Volunteers are V. Rodriguez & A. Butler,RI12-25.26,No,SNEG,Empty,,,,,,,,,,,,,
55,5/7/2026,"A. Fussell, R. Casella",Rock Island 12,10:45,11:10,Clear Weather; Volunteers are V. Rodriguez & A. Butler,RI12-26.26,No,GLIB,Empty,,,,,,,,,,,,,
55,5/7/2026,"A. Fussell, R. Casella",Rock Island 12,10:45,11:10,Clear Weather; Volunteers are V. Rodriguez & A. Butler,RI12-27.26,No,GLIB,Occupied,1,3,,,,,,,,,,,
55,5/7/2026,"A. Fussell, R. Casella",Rock Island 12,10:45,11:10,Clear Weather; Volunteers are V. Rodriguez & A. Butler,RI12-28.26,No,GLIB,Occupied,2,2,,,,,,,,,,,
55,5/7/2026,"A. Fussell, R. Casella",Rock Island 12,10:45,11:10,Clear Weather; Volunteers are V. Rodriguez & A. Butler,RI12-29.26,No,WHIB,Occupied,3,,,,,,,,,,,,
55,5/7/2026,"A. Fussell, R. Casella",Rock Island 12,10:45,11:10,Clear Weather; Volunteers are V. Rodriguez & A. Butler,RI12-30.26,No,TRHE,Occupied,,2,,,,,,,,,,,
55,5/7/2026,"A. Fussell, R. Casella",Rock Island 12,10:45,11:10,Clear Weather; Volunteers are V. Rodriguez & A. Butler,RI12-31.26,No,GLIB,Occupied,2,1,,,,,,,,,,,
56,5/11/2026,A. Fussell,Clewiston Spit,11:20,11:46,Volunteer is J. Zatroch,CS1.26,No,ROSP,Empty,,,,,,,,,,,,,
56,5/11/2026,A. Fussell,Clewiston Spit,11:20,11:46,Volunteer is J. Zatroch,CS2.26,No,ROSP,Empty,,,,,,,,,,,,,
56,5/11/2026,A. Fussell,Clewiston Spit,11:20,11:46,Volunteer is J. Zatroch,CS3.26,No,ROSP,Empty,,,,,,,,,,,,,
56,5/11/2026,A. Fussell,Clewiston Spit,11:20,11:46,Volunteer is J. Zatroch,CS4.26,No,ROSP,Empty,,,,,,,,,,,,,
56,5/11/2026,A. Fussell,Clewiston Spit,11:20,11:46,Volunteer is J. Zatroch,CS5.26,No,ROSP,Empty,,,,,,,,,,,,,
56,5/11/2026,A. Fussell,Clewiston Spit,11:20,11:46,Volunteer is J. Zatroch,CS6.26,No,GBHE,Occupied,,2,,,,,,,,,,,
56,5/11/2026,A. Fussell,Clewiston Spit,11:20,11:46,Volunteer is J. Zatroch,CS7.26,No,GBHE,Empty,,,,,,,,,,,,,
56,5/11/2026,A. Fussell,Clewiston Spit,11:20,11:46,Volunteer is J. Zatroch,CS8.26,No,ROSP,Empty,,,,,,,,,,,,,
56,5/11/2026,A. Fussell,Clewiston Spit,11:20,11:46,Volunteer is J. Zatroch,CS9.26,No,GBHE,Empty,,,,,,,,,,,,,
56,5/11/2026,A. Fussell,Clewiston Spit,11:20,11:46,Volunteer is J. Zatroch,CS10.26,No,SNEG,Empty,,,,,,,,,,,,,
56,5/11/2026,A. Fussell,Clewiston Spit,11:20,11:46,Volunteer is J. Zatroch,CS11.26,No,ROSP,Empty,,,,,,,,,,,,,
56,5/11/2026,A. Fussell,Clewiston Spit,11:20,11:46,Volunteer is J. Zatroch,CS12.26,No,GLIB,Occupied,3,,,,,,,,,,,,
56,5/11/2026,A. Fussell,Clewiston Spit,11:20,11:46,Volunteer is J. Zatroch,CS13.26,No,GLIB,Occupied,3,,,,,,,,,,,,
56,5/11/2026,A. Fussell,Clewiston Spit,11:20,11:46,Volunteer is J. Zatroch,CS14.26,No,SNEG,Empty,,,,,,,,,,,,,
56,5/11/2026,A. Fussell,Clewiston Spit,11:20,11:46,Volunteer is J. Zatroch,CS15.26,No,SNEG,Empty,,,,,,,,,,,,,
56,5/11/2026,A. Fussell,Clewiston Spit,11:20,11:46,Volunteer is J. Zatroch,CS16.26,No,ROSP,Destroyed or Gone,,,,,,,,,,,,,
56,5/11/2026,A. Fussell,Clewiston Spit,11:20,11:46,Volunteer is J. Zatroch,CS17.26,No,GBHE,Occupied,,1,,,,,,,,,,,
56,5/11/2026,A. Fussell,Clewiston Spit,11:20,11:46,Volunteer is J. Zatroch,CS18.26,No,GBHE,Occupied,,2,,,,,,,,,,,
56,5/11/2026,A. Fussell,Clewiston Spit,11:20,11:46,Volunteer is J. Zatroch,CS19.26,No,WHIB,Empty,,,,,,,,,,,,,
56,5/11/2026,A. Fussell,Clewiston Spit,11:20,11:46,Volunteer is J. Zatroch,CS20.26,No,WHIB,Empty,,,,,,,,,,,,,
56,5/11/2026,A. Fussell,Clewiston Spit,11:20,11:46,Volunteer is J. Zatroch,CS21.26,No,SNEG,Empty,,,,,,,,,,,,,
56,5/11/2026,A. Fussell,Clewiston Spit,11:20,11:46,Volunteer is J. Zatroch,CS22.26,No,WHIB,Empty,,,,,,,,,,,,,
56,5/11/2026,A. Fussell,Clewiston Spit,11:20,11:46,Volunteer is J. Zatroch,CS23.26,No,WHIB,Destroyed or Gone,,,,,,,,,,,,,
56,5/11/2026,A. Fussell,Clewiston Spit,11:20,11:46,Volunteer is J. Zatroch,CS24.26,No,WHIB,Empty,,,,,,,,,,,,,
56,5/11/2026,A. Fussell,Clewiston Spit,11:20,11:46,Volunteer is J. Zatroch,CS25.26,No,WHIB,Empty,,,,,,,,,,,,,
56,5/11/2026,A. Fussell,Clewiston Spit,11:20,11:46,Volunteer is J. Zatroch,CS26.26,No,WHIB,Destroyed or Gone,,,,,,,,,,,,,
56,5/11/2026,A. Fussell,Clewiston Spit,11:20,11:46,Volunteer is J. Zatroch,CS27.26,No,WHIB,Destroyed or Gone,,,,,,,,,,,,,
56,5/11/2026,A. Fussell,Clewiston Spit,11:20,11:46,Volunteer is J. Zatroch,CS28.26,No,WHIB,Empty,,,,,,,,,,,,,
56,5/11/2026,A. Fussell,Clewiston Spit,11:20,11:46,Volunteer is J. Zatroch,CS29.26,No,WHIB,Destroyed or Gone,,,,,,,,,,,,,
56,5/11/2026,A. Fussell,Clewiston Spit,11:20,11:46,Volunteer is J. Zatroch,CS30.26,No,WHIB,Destroyed or Gone,,,,,,,,,,,,,
56,5/11/2026,A. Fussell,Clewiston Spit,11:20,11:46,Volunteer is J. Zatroch,CS31.26,No,WHIB,Destroyed or Gone,,,,,,,,,,,,,
56,5/11/2026,A. Fussell,Clewiston Spit,11:20,11:46,Volunteer is J. Zatroch,CS32.26,No,WHIB,Empty,,,,,,,,,,,,,
56,5/11/2026,A. Fussell,Clewiston Spit,11:20,11:46,Volunteer is J. Zatroch,CS33.26,No,WHIB,Empty,,,,,,,,,,,,,
56,5/11/2026,A. Fussell,Clewiston Spit,11:20,11:46,Volunteer is J. Zatroch,CS34.26,No,WHIB,Destroyed or Gone,,,,,,,,,,,,,
56,5/11/2026,A. Fussell,Clewiston Spit,11:20,11:46,Volunteer is J. Zatroch,CS35.26,No,WHIB,Empty,,,,,,,,,,,,,
56,5/11/2026,A. Fussell,Clewiston Spit,11:20,11:46,Volunteer is J. Zatroch,CS36.26,No,WHIB,Empty,,,,,,,,,,,,,
56,5/11/2026,A. Fussell,Clewiston Spit,11:20,11:46,Volunteer is J. Zatroch,CS37.26,No,WHIB,Empty,,,,,,,,,,,,,
56,5/11/2026,A. Fussell,Clewiston Spit,11:20,11:46,Volunteer is J. Zatroch,CS38.26,No,SNEG,Empty,,,,,,,,,,,,,
56,5/11/2026,A. Fussell,Clewiston Spit,11:20,11:46,Volunteer is J. Zatroch,CS39.26,No,GBHE,Occupied,,1,,,,,,,,,,,
56,5/11/2026,A. Fussell,Clewiston Spit,11:20,11:46,Volunteer is J. Zatroch,CS40.26,No,WHIB,Empty,,,,,,,,,,,,,
56,5/11/2026,A. Fussell,Clewiston Spit,11:20,11:46,Volunteer is J. Zatroch,CS41.26,No,WHIB,Empty,,,,,,,,,,,,,
56,5/11/2026,A. Fussell,Clewiston Spit,11:20,11:46,Volunteer is J. Zatroch,CS42.26,No,WHIB,Empty,,,,,,,,,,,,,
56,5/11/2026,A. Fussell,Clewiston Spit,11:20,11:46,Volunteer is J. Zatroch,CS43.26,No,SNEG,Occupied,,2,,,,,,,,,,,
56,5/11/2026,A. Fussell,Clewiston Spit,11:20,11:46,Volunteer is J. Zatroch,CS44.26,No,GLIB,Occupied,,1,,,,,,,,,,,
56,5/11/2026,A. Fussell,Clewiston Spit,11:20,11:46,Volunteer is J. Zatroch,CS45.26,No,TRHE,Occupied,,2,,,,,,,,,,,
56,5/11/2026,A. Fussell,Clewiston Spit,11:20,11:46,Volunteer is J. Zatroch,CS46.26,No,SNEG,Occupied,1,2,,,,,,,,,,,
56,5/11/2026,A. Fussell,Clewiston Spit,11:20,11:46,Volunteer is J. Zatroch,CS47.26,No,SNEG,Empty,,,,,,,,,,,,,
56,5/11/2026,A. Fussell,Clewiston Spit,11:20,11:46,Volunteer is J. Zatroch,CS48.26,No,SNEG,Occupied,1,2,,,,,,,,,,,
56,5/11/2026,A. Fussell,Clewiston Spit,11:20,11:46,Volunteer is J. Zatroch,CS49.26,No,GLIB,Occupied,3,,,,,,,,,,,,
56,5/11/2026,A. Fussell,Clewiston Spit,11:20,11:46,Volunteer is J. Zatroch,CS50.26,No,SNEG,Empty,,,,,,,,,,,,,
56,5/11/2026,A. Fussell,Clewiston Spit,11:20,11:46,Volunteer is J. Zatroch,CS51.26,No,ROSP,Empty,,,,,,,,,,,,,
56,5/11/2026,A. Fussell,Clewiston Spit,11:20,11:46,Volunteer is J. Zatroch,CS52.26,No,SNEG,Occupied,,2,,,,,,,,,,,
56,5/11/2026,A. Fussell,Clewiston Spit,11:20,11:46,Volunteer is J. Zatroch,CS53.26,No,SNEG,Occupied,,1,,,,,,,,,,,
56,5/11/2026,A. Fussell,Clewiston Spit,11:20,11:46,Volunteer is J. Zatroch,CS54.26,No,SNEG,Occupied,,3,,,,,,,,,,,
56,5/11/2026,A. Fussell,Clewiston Spit,11:20,11:46,Volunteer is J. Zatroch,CS55.26,No,SNEG,Empty,,,,,,,,,,,,,
56,5/11/2026,A. Fussell,Clewiston Spit,11:20,11:46,Volunteer is J. Zatroch,CS56.26,No,SNEG,Occupied,3,,,,,,,,,,,,
56,5/11/2026,A. Fussell,Clewiston Spit,11:20,11:46,Volunteer is J. Zatroch,CS57.26,No,SNEG,Occupied,,2,,,,,,,,,,,
56,5/11/2026,A. Fussell,Clewiston Spit,11:20,11:46,Volunteer is J. Zatroch,CS58.26,No,SNEG,Occupied,3,,,,,,,,,,,,
56,5/11/2026,A. Fussell,Clewiston Spit,11:20,11:46,Volunteer is J. Zatroch,CS59.26,Yes,GLIB,Occupied,3,,,,,,,,,,,,
57,5/11/2026,A. Fussell,Little Bear Beach,10:45,11:06,Volunteer is J. Zatroch,LBB1,No,WHIB,Occupied,2,,,,,,,,,,,,
57,5/11/2026,A. Fussell,Little Bear Beach,10:45,11:06,Volunteer is J. Zatroch,LBB2,No,WHIB,Occupied,2,,,,,,,,,,,,
57,5/11/2026,A. Fussell,Little Bear Beach,10:45,11:06,Volunteer is J. Zatroch,LBB3,No,WHIB,Occupied,2,,,,,,,,,,,,
57,5/11/2026,A. Fussell,Little Bear Beach,10:45,11:06,Volunteer is J. Zatroch,LBB4,No,TRHE,Occupied,2,,,,,,,,,,,,
57,5/11/2026,A. Fussell,Little Bear Beach,10:45,11:06,Volunteer is J. Zatroch,LBB5,No,SNEG,Destroyed or Gone,,,,,,,,,,,,,
57,5/11/2026,A. Fussell,Little Bear Beach,10:45,11:06,Volunteer is J. Zatroch,LBB6,No,WHIB,Occupied,2,,,,,,,,,,,,
57,5/11/2026,A. Fussell,Little Bear Beach,10:45,11:06,Volunteer is J. Zatroch,LBB7,No,WHIB,Occupied,2,,,,,,,,,,,,
57,5/11/2026,A. Fussell,Little Bear Beach,10:45,11:06,Volunteer is J. Zatroch,LBB8,No,SNEG,Occupied,2,,,,,,,,,,,,
57,5/11/2026,A. Fussell,Little Bear Beach,10:45,11:06,Volunteer is J. Zatroch,LBB9,No,SNEG,Occupied,2,,,,,,,,,,,,
57,5/11/2026,A. Fussell,Little Bear Beach,10:45,11:06,Volunteer is J. Zatroch,LBB10,No,GLIB,Occupied,2,,,,,,,,,,,,
57,5/11/2026,A. Fussell,Little Bear Beach,10:45,11:06,Volunteer is J. Zatroch,LBB11,No,WHIB,Occupied,2,,,,,,,,,,,,
57,5/11/2026,A. Fussell,Little Bear Beach,10:45,11:06,Volunteer is J. Zatroch,LBB12,No,SNEG,Destroyed or Gone,,,,,,,,,,,,,
57,5/11/2026,A. Fussell,Little Bear Beach,10:45,11:06,Volunteer is J. Zatroch,LBB13,No,SNEG,Occupied,3,,,,,,,,,,,,
57,5/11/2026,A. Fussell,Little Bear Beach,10:45,11:06,Volunteer is J. Zatroch,LBB14,No,WHIB,Occupied,2,,,,,,,,,,,,
57,5/11/2026,A. Fussell,Little Bear Beach,10:45,11:06,Volunteer is J. Zatroch,LBB15,No,WHIB,Occupied,2,,,,,,,,,,,,
57,5/11/2026,A. Fussell,Little Bear Beach,10:45,11:06,Volunteer is J. Zatroch,LBB16,No,WHIB,Occupied,2,,,,,,,,,,,,
57,5/11/2026,A. Fussell,Little Bear Beach,10:45,11:06,Volunteer is J. Zatroch,LBB17,No,WHIB,Occupied,1,,,,,,,,,,,,
57,5/11/2026,A. Fussell,Little Bear Beach,10:45,11:06,Volunteer is J. Zatroch,LBB18,No,WHIB,Occupied,2,,,,,,,,,,,,
57,5/11/2026,A. Fussell,Little Bear Beach,10:45,11:06,Volunteer is J. Zatroch,LBB19,No,WHIB,Occupied,2,,,,,,,,,,,,
57,5/11/2026,A. Fussell,Little Bear Beach,10:45,11:06,Volunteer is J. Zatroch,LBB20,No,WHIB,Occupied,2,,,,,,,,,,,,
57,5/11/2026,A. Fussell,Little Bear Beach,10:45,11:06,Volunteer is J. Zatroch,LBB21,No,WHIB,Occupied,2,,,,,,,,,,,,
57,5/11/2026,A. Fussell,Little Bear Beach,10:45,11:06,Volunteer is J. Zatroch,LBB22,No,WHIB,Occupied,3,,,,,,,,,,,,
57,5/11/2026,A. Fussell,Little Bear Beach,10:45,11:06,Volunteer is J. Zatroch,LBB23,No,SNEG,Occupied,3,,,,,,,,,,,,
57,5/11/2026,A. Fussell,Little Bear Beach,10:45,11:06,Volunteer is J. Zatroch,LBB24,No,SNEG,Occupied,2,,,,,,,,,,,,
57,5/11/2026,A. Fussell,Little Bear Beach,10:45,11:06,Volunteer is J. Zatroch,LBB25,No,SNEG,Occupied,2,,,,,,,,,,,,
57,5/11/2026,A. Fussell,Little Bear Beach,10:45,11:06,Volunteer is J. Zatroch,LBB26,Yes,GLIB,Occupied,2,,,,,,,,,,,,
57,5/11/2026,A. Fussell,Little Bear Beach,10:45,11:06,Volunteer is J. Zatroch,LBB27,Yes,WHIB,Occupied,3,,,,,,,,,,,,
57,5/11/2026,A. Fussell,Little Bear Beach,10:45,11:06,Volunteer is J. Zatroch,LBB28,Yes,WHIB,Occupied,3,,,,,,,,,,,,
57,5/11/2026,A. Fussell,Little Bear Beach,10:45,11:06,Volunteer is J. Zatroch,LBB29,Yes,GLIB,Occupied,3,,,,,,,,,,,,
57,5/11/2026,A. Fussell,Little Bear Beach,10:45,11:06,Volunteer is J. Zatroch,LBB30,Yes,WHIB,Occupied,3,,,,,,,,,,,,
58,5/14/2026,"A. Fussell, R. Casella",Rock Island 11,10:30,10:47,Partly cloudy; wind 5-10mph,RI11-1.26,No,GLIB,Empty,,,,,,,,,,,,,
58,5/14/2026,"A. Fussell, R. Casella",Rock Island 11,10:30,10:47,Partly cloudy; wind 5-10mph,RI11-2.26,No,GLIB,Empty,,,,,,,,,,,,,
58,5/14/2026,"A. Fussell, R. Casella",Rock Island 11,10:30,10:47,Partly cloudy; wind 5-10mph,RI11-3.26,No,GLIB,Occupied,3,,,,,,,,,,,,
58,5/14/2026,"A. Fussell, R. Casella",Rock Island 11,10:30,10:47,Partly cloudy; wind 5-10mph,RI11-4.26,No,GBHE,Occupied,,1,,,,,,,,,,,
58,5/14/2026,"A. Fussell, R. Casella",Rock Island 11,10:30,10:47,Partly cloudy; wind 5-10mph,RI11-5.26,No,GLIB,Occupied,3,,,,,,,,,,,,
58,5/14/2026,"A. Fussell, R. Casella",Rock Island 11,10:30,10:47,Partly cloudy; wind 5-10mph,RI11-6.26,No,GLIB,Destroyed or Gone,,,,,,,,,,,,,
58,5/14/2026,"A. Fussell, R. Casella",Rock Island 11,10:30,10:47,Partly cloudy; wind 5-10mph,RI11-7.26,No,ANHI,Empty,,,,,,,,,,,,,
58,5/14/2026,"A. Fussell, R. Casella",Rock Island 11,10:30,10:47,Partly cloudy; wind 5-10mph,RI11-8.26,No,GLIB,Empty,,,,,,,,,,,,,
58,5/14/2026,"A. Fussell, R. Casella",Rock Island 11,10:30,10:47,Partly cloudy; wind 5-10mph,RI11-9.26,No,ROSP,Empty,,,,,,,,,,,,,
58,5/14/2026,"A. Fussell, R. Casella",Rock Island 11,10:30,10:47,Partly cloudy; wind 5-10mph,RI11-10.26,No,ANHI,Destroyed or Gone,,,,,,,,,,,,,
58,5/14/2026,"A. Fussell, R. Casella",Rock Island 11,10:30,10:47,Partly cloudy; wind 5-10mph,RI11-11.26,No,ANHI,Empty,,,,,,,,,,,,,
58,5/14/2026,"A. Fussell, R. Casella",Rock Island 11,10:30,10:47,Partly cloudy; wind 5-10mph,RI11-12.26,No,ROSP,Empty,,,,,,,,,,,,,
58,5/14/2026,"A. Fussell, R. Casella",Rock Island 11,10:30,10:47,Partly cloudy; wind 5-10mph,RI11-13.26,No,ROSP,Empty,,,,,,,,,,,,,
58,5/14/2026,"A. Fussell, R. Casella",Rock Island 11,10:30,10:47,Partly cloudy; wind 5-10mph,RI11-14.26,No,GBHE,Occupied,,1,,,,,,,,,,,
58,5/14/2026,"A. Fussell, R. Casella",Rock Island 11,10:30,10:47,Partly cloudy; wind 5-10mph,RI11-15.26,No,ANHI,Empty,,,,,,,,,,,,,
58,5/14/2026,"A. Fussell, R. Casella",Rock Island 11,10:30,10:47,Partly cloudy; wind 5-10mph,RI11-16.26,No,GBHE,Empty,,,,,,,,,,,,,
58,5/14/2026,"A. Fussell, R. Casella",Rock Island 11,10:30,10:47,Partly cloudy; wind 5-10mph,RI11-17.26,No,GLIB,Occupied,,2,,,,,,,,,,,
58,5/14/2026,"A. Fussell, R. Casella",Rock Island 11,10:30,10:47,Partly cloudy; wind 5-10mph,RI11-18.26,No,CAEG,Occupied,2,,,,,,,,,,,,
58,5/14/2026,"A. Fussell, R. Casella",Rock Island 11,10:30,10:47,Partly cloudy; wind 5-10mph,RI11-19.26,No,GLIB,Empty,,,,,,,,,,,,,
58,5/14/2026,"A. Fussell, R. Casella",Rock Island 11,10:30,10:47,Partly cloudy; wind 5-10mph,RI11-20.26,No,ANHI,Empty,,,,,,,,,,,,,
58,5/14/2026,"A. Fussell, R. Casella",Rock Island 11,10:30,10:47,Partly cloudy; wind 5-10mph,RI11-20.26,No,ROSP,Empty,,,,,,,,,,,,,
58,5/14/2026,"A. Fussell, R. Casella",Rock Island 11,10:30,10:47,Partly cloudy; wind 5-10mph,RI11-21.26,No,GLIB,Occupied,3,,,,,,,,,,,,
58,5/14/2026,"A. Fussell, R. Casella",Rock Island 11,10:30,10:47,Partly cloudy; wind 5-10mph,RI11-22.26,No,SNEG/TRHE,Destroyed or Gone,,,,,,,,,,,,,
58,5/14/2026,"A. Fussell, R. Casella",Rock Island 11,10:30,10:47,Partly cloudy; wind 5-10mph,RI11-23.26,No,GLIB,Destroyed or Gone,,,,,,,,,,,,,
58,5/14/2026,"A. Fussell, R. Casella",Rock Island 11,10:30,10:47,Partly cloudy; wind 5-10mph,RI11-24.26,No,WHIB,Destroyed or Gone,,,,,,,,,,,,,
58,5/14/2026,"A. Fussell, R. Casella",Rock Island 11,10:30,10:47,Partly cloudy; wind 5-10mph,RI11-25.26,No,GLIB,Occupied,,1,,,,,,,,,,,
58,5/14/2026,"A. Fussell, R. Casella",Rock Island 11,10:30,10:47,Partly cloudy; wind 5-10mph,RI11-26.26,No,GLIB,Empty,,,,,,,,,,,,,
58,5/14/2026,"A. Fussell, R. Casella",Rock Island 11,10:30,10:47,Partly cloudy; wind 5-10mph,RI11-27.26,No,GLIB,Empty,,,,,,,,,,,,,
58,5/14/2026,"A. Fussell, R. Casella",Rock Island 11,10:30,10:47,Partly cloudy; wind 5-10mph,RI11-31.26,No,GLIB,Occupied,2,,,,,,,,,,,,
58,5/14/2026,"A. Fussell, R. Casella",Rock Island 11,10:30,10:47,Partly cloudy; wind 5-10mph,RI11-32.26,No,GLIB,Occupied,,2,,,,,,,,,,,
58,5/14/2026,"A. Fussell, R. Casella",Rock Island 11,10:30,10:47,Partly cloudy; wind 5-10mph,RI11-33.26,No,GLIB,Occupied,1,1,,,,,,,,,,,
58,5/14/2026,"A. Fussell, R. Casella",Rock Island 11,10:30,10:47,Partly cloudy; wind 5-10mph,RI11-34.26,No,WHIB,Empty,,,,,,,,,,,,,
58,5/14/2026,"A. Fussell, R. Casella",Rock Island 11,10:30,10:47,Partly cloudy; wind 5-10mph,RI11-35.26,No,TRHE,Occupied,3,,,,,,,,,,,,
58,5/14/2026,"A. Fussell, R. Casella",Rock Island 11,10:30,10:47,Partly cloudy; wind 5-10mph,RI11-36.26,No,GLIB,Empty,,,,,,,,,,,,,
59,5/14/2026,"A. Fussell, R. Casella",Rock Island 12,11:00,11:15,Partly cloudy; wind 5-10mph,RI12-1.26,No,ROSP,Empty,,,,,,,,,,,,,
59,5/14/2026,"A. Fussell, R. Casella",Rock Island 12,11:00,11:15,Partly cloudy; wind 5-10mph,RI12-2.26,No,GBHE,Empty,,,,,,,,,,,,,
59,5/14/2026,"A. Fussell, R. Casella",Rock Island 12,11:00,11:15,Partly cloudy; wind 5-10mph,RI12-3.26,No,GLIB,Empty,,,,,,,,,,,,,
59,5/14/2026,"A. Fussell, R. Casella",Rock Island 12,11:00,11:15,Partly cloudy; wind 5-10mph,RI12-4.26,No,WHIB,Occupied,2,,,,,,,,,,,,
59,5/14/2026,"A. Fussell, R. Casella",Rock Island 12,11:00,11:15,Partly cloudy; wind 5-10mph,RI12-5.26,No,GBHE,Empty,,,,,,,,,,,,,
59,5/14/2026,"A. Fussell, R. Casella",Rock Island 12,11:00,11:15,Partly cloudy; wind 5-10mph,RI12-6.26,No,GBHE,Empty,,,,,,,,,,,,,
59,5/14/2026,"A. Fussell, R. Casella",Rock Island 12,11:00,11:15,Partly cloudy; wind 5-10mph,RI12-7.26,No,GLIB,Empty,,,,,,,,,,,,,
59,5/14/2026,"A. Fussell, R. Casella",Rock Island 12,11:00,11:15,Partly cloudy; wind 5-10mph,RI12-8.26,No,SNEG,Occupied,2,,,,,,,,,,,,
59,5/14/2026,"A. Fussell, R. Casella",Rock Island 12,11:00,11:15,Partly cloudy; wind 5-10mph,RI12-9.26,No,ANHI,Empty,,,,,,,,,,,,,
59,5/14/2026,"A. Fussell, R. Casella",Rock Island 12,11:00,11:15,Partly cloudy; wind 5-10mph,RI12-10.26,No,ROSP,Destroyed or Gone,,,,,,,,,,,,,
59,5/14/2026,"A. Fussell, R. Casella",Rock Island 12,11:00,11:15,Partly cloudy; wind 5-10mph,RI12-11.26,No,ROSP,Empty,,,,,,,,,,,,,
59,5/14/2026,"A. Fussell, R. Casella",Rock Island 12,11:00,11:15,Partly cloudy; wind 5-10mph,RI12-12.26,No,ANHI,Empty,,,,,,,,,,,,,
59,5/14/2026,"A. Fussell, R. Casella",Rock Island 12,11:00,11:15,Partly cloudy; wind 5-10mph,RI12-13.26,No,GBHE,Empty,,,,,,,,,,,,,
59,5/14/2026,"A. Fussell, R. Casella",Rock Island 12,11:00,11:15,Partly cloudy; wind 5-10mph,RI12-14.26,No,ROSP,Empty,,,,,,,,,,,,,
59,5/14/2026,"A. Fussell, R. Casella",Rock Island 12,11:00,11:15,Partly cloudy; wind 5-10mph,RI12-15.26,No,ROSP,Occupied,,3,,,,,,,,,,,
59,5/14/2026,"A. Fussell, R. Casella",Rock Island 12,11:00,11:15,Partly cloudy; wind 5-10mph,RI12-16.26,No,GBHE,Empty,,,,,,,,,,,,,
59,5/14/2026,"A. Fussell, R. Casella",Rock Island 12,11:00,11:15,Partly cloudy; wind 5-10mph,RI12-17.26,No,GLIB,Occupied,,3,,,,,,,,,,,
59,5/14/2026,"A. Fussell, R. Casella",Rock Island 12,11:00,11:15,Partly cloudy; wind 5-10mph,RI12-18.26,No,GLIB,Empty,,,,,,,,,,,,,
59,5/14/2026,"A. Fussell, R. Casella",Rock Island 12,11:00,11:15,Partly cloudy; wind 5-10mph,RI12-19.26,No,GBHE,Occupied,,1,,,,,,,,,,,
59,5/14/2026,"A. Fussell, R. Casella",Rock Island 12,11:00,11:15,Partly cloudy; wind 5-10mph,RI12-20.26,No,GLIB,Destroyed or Gone,,,,,,,,,,,,,
59,5/14/2026,"A. Fussell, R. Casella",Rock Island 12,11:00,11:15,Partly cloudy; wind 5-10mph,RI12-21.26,No,GBHE,Empty,,,,,,,,,,,,,
59,5/14/2026,"A. Fussell, R. Casella",Rock Island 12,11:00,11:15,Partly cloudy; wind 5-10mph,RI12-22.26,No,GLIB,Destroyed or Gone,,,,,,,,,,,,,
59,5/14/2026,"A. Fussell, R. Casella",Rock Island 12,11:00,11:15,Partly cloudy; wind 5-10mph,RI12-23.26,No,GLIB,Empty,,,,,,,,,,,,,
59,5/14/2026,"A. Fussell, R. Casella",Rock Island 12,11:00,11:15,Partly cloudy; wind 5-10mph,RI12-24.26,No,GLIB,Empty,,,,,,,,,,,,,
59,5/14/2026,"A. Fussell, R. Casella",Rock Island 12,11:00,11:15,Partly cloudy; wind 5-10mph,RI12-25.26,No,SNEG,Empty,,,,,,,,,,,,,
59,5/14/2026,"A. Fussell, R. Casella",Rock Island 12,11:00,11:15,Partly cloudy; wind 5-10mph,RI12-26.26,Yes,WHIB,Occupied,1,,,,,,,,,,,,
59,5/14/2026,"A. Fussell, R. Casella",Rock Island 12,11:00,11:15,Partly cloudy; wind 5-10mph,RI12-27.26,No,GLIB,Empty,,,,,,,,,,,,,
59,5/14/2026,"A. Fussell, R. Casella",Rock Island 12,11:00,11:15,Partly cloudy; wind 5-10mph,RI12-28.26,No,GLIB,Occupied,,2,,,,,,,,,,,
59,5/14/2026,"A. Fussell, R. Casella",Rock Island 12,11:00,11:15,Partly cloudy; wind 5-10mph,RI12-29.26,No,WHIB,Occupied,1,2,,,,,,,,,,,
59,5/14/2026,"A. Fussell, R. Casella",Rock Island 12,11:00,11:15,Partly cloudy; wind 5-10mph,RI12-30.26,No,TRHE,Occupied,,2,,,,,,,,,,,
59,5/14/2026,"A. Fussell, R. Casella",Rock Island 12,11:00,11:15,Partly cloudy; wind 5-10mph,RI12-31.26,No,GLIB,Destroyed or Gone,,,,,,,,,,,,,
60,5/18/2026,A. Fussell,Clewiston Spit,10:37,11:00,"Volunteer is J. Zatroch, S. Fussell, B. Storlace",CS1.26,No,ROSP,Empty,,,,,,,,,,,,,
60,5/18/2026,A. Fussell,Clewiston Spit,10:37,11:00,"Volunteer is J. Zatroch, S. Fussell, B. Storlace",CS2.26,No,ROSP,Empty,,,,,,,,,,,,,
60,5/18/2026,A. Fussell,Clewiston Spit,10:37,11:00,"Volunteer is J. Zatroch, S. Fussell, B. Storlace",CS3.26,No,ROSP,Empty,,,,,,,,,,,,,
60,5/18/2026,A. Fussell,Clewiston Spit,10:37,11:00,"Volunteer is J. Zatroch, S. Fussell, B. Storlace",CS4.26,No,ROSP,Empty,,,,,,,,,,,,,
60,5/18/2026,A. Fussell,Clewiston Spit,10:37,11:00,"Volunteer is J. Zatroch, S. Fussell, B. Storlace",CS5.26,No,ROSP,Empty,,,,,,,,,,,,,
60,5/18/2026,A. Fussell,Clewiston Spit,10:37,11:00,"Volunteer is J. Zatroch, S. Fussell, B. Storlace",CS6.26,No,GBHE,Occupied,,2,,,,,,,,,,,
60,5/18/2026,A. Fussell,Clewiston Spit,10:37,11:00,"Volunteer is J. Zatroch, S. Fussell, B. Storlace",CS7.26,No,GBHE,Empty,,,,,,,,,,,,,
60,5/18/2026,A. Fussell,Clewiston Spit,10:37,11:00,"Volunteer is J. Zatroch, S. Fussell, B. Storlace",CS8.26,No,ROSP,Empty,,,,,,,,,,,,,
60,5/18/2026,A. Fussell,Clewiston Spit,10:37,11:00,"Volunteer is J. Zatroch, S. Fussell, B. Storlace",CS9.26,No,GBHE,Empty,,,,,,,,,,,,,
60,5/18/2026,A. Fussell,Clewiston Spit,10:37,11:00,"Volunteer is J. Zatroch, S. Fussell, B. Storlace",CS10.26,No,SNEG,Empty,,,,,,,,,,,,,
60,5/18/2026,A. Fussell,Clewiston Spit,10:37,11:00,"Volunteer is J. Zatroch, S. Fussell, B. Storlace",CS11.26,No,ROSP,Empty,,,,,,,,,,,,,
60,5/18/2026,A. Fussell,Clewiston Spit,10:37,11:00,"Volunteer is J. Zatroch, S. Fussell, B. Storlace",CS12.26,No,GLIB,Occupied,3,,,,,,,,,,,,
60,5/18/2026,A. Fussell,Clewiston Spit,10:37,11:00,"Volunteer is J. Zatroch, S. Fussell, B. Storlace",CS13.26,No,GLIB,Occupied,3,,,,,,,,,,,,
60,5/18/2026,A. Fussell,Clewiston Spit,10:37,11:00,"Volunteer is J. Zatroch, S. Fussell, B. Storlace",CS14.26,No,SNEG,Empty,,,,,,,,,,,,,
60,5/18/2026,A. Fussell,Clewiston Spit,10:37,11:00,"Volunteer is J. Zatroch, S. Fussell, B. Storlace",CS15.26,No,SNEG,Empty,,,,,,,,,,,,,
60,5/18/2026,A. Fussell,Clewiston Spit,10:37,11:00,"Volunteer is J. Zatroch, S. Fussell, B. Storlace",CS16.26,No,ROSP,Destroyed or Gone,,,,,,,,,,,,,
60,5/18/2026,A. Fussell,Clewiston Spit,10:37,11:00,"Volunteer is J. Zatroch, S. Fussell, B. Storlace",CS17.26,No,GBHE,Occupied,,,,,1,,,,,,,,
60,5/18/2026,A. Fussell,Clewiston Spit,10:37,11:00,"Volunteer is J. Zatroch, S. Fussell, B. Storlace",CS18.26,No,GBHE,Occupied,,1,,,,,,,,,,,
60,5/18/2026,A. Fussell,Clewiston Spit,10:37,11:00,"Volunteer is J. Zatroch, S. Fussell, B. Storlace",CS19.26,No,WHIB,Empty,,,,,,,,,,,,,
60,5/18/2026,A. Fussell,Clewiston Spit,10:37,11:00,"Volunteer is J. Zatroch, S. Fussell, B. Storlace",CS20.26,No,WHIB,Empty,,,,,,,,,,,,,
60,5/18/2026,A. Fussell,Clewiston Spit,10:37,11:00,"Volunteer is J. Zatroch, S. Fussell, B. Storlace",CS21.26,No,SNEG,Empty,,,,,,,,,,,,,
60,5/18/2026,A. Fussell,Clewiston Spit,10:37,11:00,"Volunteer is J. Zatroch, S. Fussell, B. Storlace",CS22.26,No,WHIB,Empty,,,,,,,,,,,,,
60,5/18/2026,A. Fussell,Clewiston Spit,10:37,11:00,"Volunteer is J. Zatroch, S. Fussell, B. Storlace",CS23.26,No,WHIB,Destroyed or Gone,,,,,,,,,,,,,
60,5/18/2026,A. Fussell,Clewiston Spit,10:37,11:00,"Volunteer is J. Zatroch, S. Fussell, B. Storlace",CS24.26,No,WHIB,Empty,,,,,,,,,,,,,
60,5/18/2026,A. Fussell,Clewiston Spit,10:37,11:00,"Volunteer is J. Zatroch, S. Fussell, B. Storlace",CS25.26,No,WHIB,Empty,,,,,,,,,,,,,
60,5/18/2026,A. Fussell,Clewiston Spit,10:37,11:00,"Volunteer is J. Zatroch, S. Fussell, B. Storlace",CS26.26,No,WHIB,Destroyed or Gone,,,,,,,,,,,,,
60,5/18/2026,A. Fussell,Clewiston Spit,10:37,11:00,"Volunteer is J. Zatroch, S. Fussell, B. Storlace",CS27.26,No,WHIB,Destroyed or Gone,,,,,,,,,,,,,
60,5/18/2026,A. Fussell,Clewiston Spit,10:37,11:00,"Volunteer is J. Zatroch, S. Fussell, B. Storlace",CS28.26,No,WHIB,Empty,,,,,,,,,,,,,
60,5/18/2026,A. Fussell,Clewiston Spit,10:37,11:00,"Volunteer is J. Zatroch, S. Fussell, B. Storlace",CS29.26,No,WHIB,Destroyed or Gone,,,,,,,,,,,,,
60,5/18/2026,A. Fussell,Clewiston Spit,10:37,11:00,"Volunteer is J. Zatroch, S. Fussell, B. Storlace",CS30.26,No,WHIB,Destroyed or Gone,,,,,,,,,,,,,
60,5/18/2026,A. Fussell,Clewiston Spit,10:37,11:00,"Volunteer is J. Zatroch, S. Fussell, B. Storlace",CS31.26,No,WHIB,Destroyed or Gone,,,,,,,,,,,,,
60,5/18/2026,A. Fussell,Clewiston Spit,10:37,11:00,"Volunteer is J. Zatroch, S. Fussell, B. Storlace",CS32.26,No,WHIB,Empty,,,,,,,,,,,,,
60,5/18/2026,A. Fussell,Clewiston Spit,10:37,11:00,"Volunteer is J. Zatroch, S. Fussell, B. Storlace",CS33.26,No,WHIB,Empty,,,,,,,,,,,,,
60,5/18/2026,A. Fussell,Clewiston Spit,10:37,11:00,"Volunteer is J. Zatroch, S. Fussell, B. Storlace",CS34.26,No,WHIB,Destroyed or Gone,,,,,,,,,,,,,
60,5/18/2026,A. Fussell,Clewiston Spit,10:37,11:00,"Volunteer is J. Zatroch, S. Fussell, B. Storlace",CS35.26,No,WHIB,Empty,,,,,,,,,,,,,
60,5/18/2026,A. Fussell,Clewiston Spit,10:37,11:00,"Volunteer is J. Zatroch, S. Fussell, B. Storlace",CS36.26,No,WHIB,Empty,,,,,,,,,,,,,
60,5/18/2026,A. Fussell,Clewiston Spit,10:37,11:00,"Volunteer is J. Zatroch, S. Fussell, B. Storlace",CS37.26,No,WHIB,Empty,,,,,,,,,,,,,
60,5/18/2026,A. Fussell,Clewiston Spit,10:37,11:00,"Volunteer is J. Zatroch, S. Fussell, B. Storlace",CS38.26,No,SNEG,Empty,,,,,,,,,,,,,
60,5/18/2026,A. Fussell,Clewiston Spit,10:37,11:00,"Volunteer is J. Zatroch, S. Fussell, B. Storlace",CS39.26,No,GBHE,Occupied,,1,,,,,,,,,,,
60,5/18/2026,A. Fussell,Clewiston Spit,10:37,11:00,"Volunteer is J. Zatroch, S. Fussell, B. Storlace",CS40.26,No,WHIB,Empty,,,,,,,,,,,,,
60,5/18/2026,A. Fussell,Clewiston Spit,10:37,11:00,"Volunteer is J. Zatroch, S. Fussell, B. Storlace",CS41.26,No,WHIB,Empty,,,,,,,,,,,,,
60,5/18/2026,A. Fussell,Clewiston Spit,10:37,11:00,"Volunteer is J. Zatroch, S. Fussell, B. Storlace",CS42.26,No,WHIB,Empty,,,,,,,,,,,,,
60,5/18/2026,A. Fussell,Clewiston Spit,10:37,11:00,"Volunteer is J. Zatroch, S. Fussell, B. Storlace",CS43.26,No,SNEG,Occupied,,3,,,,,,,,,,,
60,5/18/2026,A. Fussell,Clewiston Spit,10:37,11:00,"Volunteer is J. Zatroch, S. Fussell, B. Storlace",CS44.26,No,GLIB,Occupied,,1,,,,,,,,,,,
60,5/18/2026,A. Fussell,Clewiston Spit,10:37,11:00,"Volunteer is J. Zatroch, S. Fussell, B. Storlace",CS45.26,No,TRHE,Occupied,,2,,,,,,,,,,,
60,5/18/2026,A. Fussell,Clewiston Spit,10:37,11:00,"Volunteer is J. Zatroch, S. Fussell, B. Storlace",CS46.26,No,SNEG,Empty,,,,,,,,,,,,,
60,5/18/2026,A. Fussell,Clewiston Spit,10:37,11:00,"Volunteer is J. Zatroch, S. Fussell, B. Storlace",CS47.26,No,SNEG,Empty,,,,,,,,,,,,,
60,5/18/2026,A. Fussell,Clewiston Spit,10:37,11:00,"Volunteer is J. Zatroch, S. Fussell, B. Storlace",CS48.26,No,SNEG,Empty,,,,,,,,,,,,,
60,5/18/2026,A. Fussell,Clewiston Spit,10:37,11:00,"Volunteer is J. Zatroch, S. Fussell, B. Storlace",CS49.26,No,GLIB,Occupied,,3,,,,,,,,,,,
60,5/18/2026,A. Fussell,Clewiston Spit,10:37,11:00,"Volunteer is J. Zatroch, S. Fussell, B. Storlace",CS50.26,No,SNEG,Empty,,,,,,,,,,,,,
60,5/18/2026,A. Fussell,Clewiston Spit,10:37,11:00,"Volunteer is J. Zatroch, S. Fussell, B. Storlace",CS51.26,No,ROSP,Empty,,,,,,,,,,,,,
60,5/18/2026,A. Fussell,Clewiston Spit,10:37,11:00,"Volunteer is J. Zatroch, S. Fussell, B. Storlace",CS52.26,No,SNEG,Occupied,,1,,,,,,,,,,,
60,5/18/2026,A. Fussell,Clewiston Spit,10:37,11:00,"Volunteer is J. Zatroch, S. Fussell, B. Storlace",CS53.26,No,SNEG,Empty,,,,,,,,,,,,,
60,5/18/2026,A. Fussell,Clewiston Spit,10:37,11:00,"Volunteer is J. Zatroch, S. Fussell, B. Storlace",CS54.26,No,SNEG,Occupied,,2,,,,,,,,,,,
60,5/18/2026,A. Fussell,Clewiston Spit,10:37,11:00,"Volunteer is J. Zatroch, S. Fussell, B. Storlace",CS55.26,No,SNEG,Empty,,,,,,,,,,,,,
60,5/18/2026,A. Fussell,Clewiston Spit,10:37,11:00,"Volunteer is J. Zatroch, S. Fussell, B. Storlace",CS56.26,No,SNEG,Occupied,3,,,,,,,,,,,,
60,5/18/2026,A. Fussell,Clewiston Spit,10:37,11:00,"Volunteer is J. Zatroch, S. Fussell, B. Storlace",CS57.26,No,SNEG,Occupied,,2,,,,,,,,,,,
60,5/18/2026,A. Fussell,Clewiston Spit,10:37,11:00,"Volunteer is J. Zatroch, S. Fussell, B. Storlace",CS58.26,No,SNEG,Occupied,3,,,,,,,,,,,,
60,5/18/2026,A. Fussell,Clewiston Spit,10:37,11:00,"Volunteer is J. Zatroch, S. Fussell, B. Storlace",CS59.26,No,GLIB,Occupied,3,,,,,,,,,,,,
61,5/18/2026,A. Fussell,Little Bear Beach,9:45,10:14,"Volunteer is J. Zatroch, S. Fussell, B. Storlace",LBB1,No,WHIB,Occupied,2,,,,,,,,,,,,
61,5/18/2026,A. Fussell,Little Bear Beach,9:45,10:14,"Volunteer is J. Zatroch, S. Fussell, B. Storlace",LBB2,No,WHIB,Occupied,2,,,,,,,,,,,,
61,5/18/2026,A. Fussell,Little Bear Beach,9:45,10:14,"Volunteer is J. Zatroch, S. Fussell, B. Storlace",LBB3,No,WHIB,Occupied,2,,,,,,,,,,,,
61,5/18/2026,A. Fussell,Little Bear Beach,9:45,10:14,"Volunteer is J. Zatroch, S. Fussell, B. Storlace",LBB4,No,TRHE,Occupied,2,,,,,,,,,,,,
61,5/18/2026,A. Fussell,Little Bear Beach,9:45,10:14,"Volunteer is J. Zatroch, S. Fussell, B. Storlace",LBB5,No,SNEG,Destroyed or Gone,,,,,,,,,,,,,
61,5/18/2026,A. Fussell,Little Bear Beach,9:45,10:14,"Volunteer is J. Zatroch, S. Fussell, B. Storlace",LBB6,No,WHIB,Occupied,2,,,,,,,,,,,,
61,5/18/2026,A. Fussell,Little Bear Beach,9:45,10:14,"Volunteer is J. Zatroch, S. Fussell, B. Storlace",LBB7,No,WHIB,Occupied,1,1,,,,,,,,,,,
61,5/18/2026,A. Fussell,Little Bear Beach,9:45,10:14,"Volunteer is J. Zatroch, S. Fussell, B. Storlace",LBB8,No,SNEG,Occupied,,2,,,,,,,,,,,
61,5/18/2026,A. Fussell,Little Bear Beach,9:45,10:14,"Volunteer is J. Zatroch, S. Fussell, B. Storlace",LBB9,No,SNEG,Occupied,,2,,,,,,,,,,,
61,5/18/2026,A. Fussell,Little Bear Beach,9:45,10:14,"Volunteer is J. Zatroch, S. Fussell, B. Storlace",LBB10,No,GLIB,Occupied,2,,,,,,,,,,,,
61,5/18/2026,A. Fussell,Little Bear Beach,9:45,10:14,"Volunteer is J. Zatroch, S. Fussell, B. Storlace",LBB11,No,WHIB,Occupied,2,,,,,,,,,,,,
61,5/18/2026,A. Fussell,Little Bear Beach,9:45,10:14,"Volunteer is J. Zatroch, S. Fussell, B. Storlace",LBB12,No,SNEG,Destroyed or Gone,,,,,,,,,,,,,
61,5/18/2026,A. Fussell,Little Bear Beach,9:45,10:14,"Volunteer is J. Zatroch, S. Fussell, B. Storlace",LBB13,No,SNEG,Occupied,1,2,,,,,,,,,,,
61,5/18/2026,A. Fussell,Little Bear Beach,9:45,10:14,"Volunteer is J. Zatroch, S. Fussell, B. Storlace",LBB14,No,WHIB,Occupied,2,,,,,,,,,,,,
61,5/18/2026,A. Fussell,Little Bear Beach,9:45,10:14,"Volunteer is J. Zatroch, S. Fussell, B. Storlace",LBB15,No,WHIB,Occupied,2,,,,,,,,,,,,
61,5/18/2026,A. Fussell,Little Bear Beach,9:45,10:14,"Volunteer is J. Zatroch, S. Fussell, B. Storlace",LBB16,No,WHIB,Occupied,2,,,,,,,,,,,,
61,5/18/2026,A. Fussell,Little Bear Beach,9:45,10:14,"Volunteer is J. Zatroch, S. Fussell, B. Storlace",LBB17,No,WHIB,Occupied,1,,,,,,,,,,,,
61,5/18/2026,A. Fussell,Little Bear Beach,9:45,10:14,"Volunteer is J. Zatroch, S. Fussell, B. Storlace",LBB18,No,WHIB,Occupied,2,,,,,,,,,,,,
61,5/18/2026,A. Fussell,Little Bear Beach,9:45,10:14,"Volunteer is J. Zatroch, S. Fussell, B. Storlace",LBB19,No,WHIB,Occupied,2,,,,,,,,,,,,
61,5/18/2026,A. Fussell,Little Bear Beach,9:45,10:14,"Volunteer is J. Zatroch, S. Fussell, B. Storlace",LBB20,No,WHIB,Occupied,2,,,,,,,,,,,,
61,5/18/2026,A. Fussell,Little Bear Beach,9:45,10:14,"Volunteer is J. Zatroch, S. Fussell, B. Storlace",LBB21,No,WHIB,Occupied,2,,,,,,,,,,,,
61,5/18/2026,A. Fussell,Little Bear Beach,9:45,10:14,"Volunteer is J. Zatroch, S. Fussell, B. Storlace",LBB22,No,WHIB,Occupied,3,,,,,,,,,,,,
61,5/18/2026,A. Fussell,Little Bear Beach,9:45,10:14,"Volunteer is J. Zatroch, S. Fussell, B. Storlace",LBB23,No,SNEG,Occupied,1,2,,,,,,,,,,,
61,5/18/2026,A. Fussell,Little Bear Beach,9:45,10:14,"Volunteer is J. Zatroch, S. Fussell, B. Storlace",LBB24,No,SNEG,Occupied,2,,,,,,,,,,,,
61,5/18/2026,A. Fussell,Little Bear Beach,9:45,10:14,"Volunteer is J. Zatroch, S. Fussell, B. Storlace",LBB25,No,SNEG,Destroyed or Gone,,,,,,,,,,,,,
61,5/18/2026,A. Fussell,Little Bear Beach,9:45,10:14,"Volunteer is J. Zatroch, S. Fussell, B. Storlace",LBB26,No,GLIB,Empty,,,,,,,,,,,,,
61,5/18/2026,A. Fussell,Little Bear Beach,9:45,10:14,"Volunteer is J. Zatroch, S. Fussell, B. Storlace",LBB27,No,WHIB,Occupied,3,,,,,,,,,,,,
61,5/18/2026,A. Fussell,Little Bear Beach,9:45,10:14,"Volunteer is J. Zatroch, S. Fussell, B. Storlace",LBB28,No,WHIB,Occupied,3,,,,,,,,,,,,
61,5/18/2026,A. Fussell,Little Bear Beach,9:45,10:14,"Volunteer is J. Zatroch, S. Fussell, B. Storlace",LBB29,No,GLIB,Occupied,3,,,,,,,,,,,,
61,5/18/2026,A. Fussell,Little Bear Beach,9:45,10:14,"Volunteer is J. Zatroch, S. Fussell, B. Storlace",LBB30,No,WHIB,Occupied,3,,,,,,,,,,,,
61,5/18/2026,A. Fussell,Little Bear Beach,9:45,10:14,"Volunteer is J. Zatroch, S. Fussell, B. Storlace",LBB31,Yes,SNEG,Occupied,2,,,,,,,,,,,,
61,5/18/2026,A. Fussell,Little Bear Beach,9:45,10:14,"Volunteer is J. Zatroch, S. Fussell, B. Storlace",LBB32,Yes,SNEG,Occupied,2,,,,,,,,,,,,
62,5/21/2026,"A. Fussell, R. Casella, M. Marquis",Rock Island 11,10:02,10:31,Lake O water level is 11.33ft,RI11-1.26,No,GLIB,Empty,,,,,,,,,,,,,
62,5/21/2026,"A. Fussell, R. Casella, M. Marquis",Rock Island 11,10:02,10:31,Lake O water level is 11.33ft,RI11-2.26,No,GLIB,Empty,,,,,,,,,,,,,
62,5/21/2026,"A. Fussell, R. Casella, M. Marquis",Rock Island 11,10:02,10:31,Lake O water level is 11.33ft,RI11-3.26,No,GLIB,Occupied,3,,,,,,,,,,,,
62,5/21/2026,"A. Fussell, R. Casella, M. Marquis",Rock Island 11,10:02,10:31,Lake O water level is 11.33ft,RI11-4.26,No,GBHE,Occupied,,1,,,,,,,,,,,
62,5/21/2026,"A. Fussell, R. Casella, M. Marquis",Rock Island 11,10:02,10:31,Lake O water level is 11.33ft,RI11-5.26,No,GLIB,Occupied,3,,,,,,,,,,,,
62,5/21/2026,"A. Fussell, R. Casella, M. Marquis",Rock Island 11,10:02,10:31,Lake O water level is 11.33ft,RI11-6.26,No,GLIB,Destroyed or Gone,,,,,,,,,,,,,
62,5/21/2026,"A. Fussell, R. Casella, M. Marquis",Rock Island 11,10:02,10:31,Lake O water level is 11.33ft,RI11-7.26,Yes,CAEG,Occupied,3,,,,,,,,,,,,
62,5/21/2026,"A. Fussell, R. Casella, M. Marquis",Rock Island 11,10:02,10:31,Lake O water level is 11.33ft,RI11-8.26,Yes,CAEG,Occupied,3,,,,,,,,,,,,
62,5/21/2026,"A. Fussell, R. Casella, M. Marquis",Rock Island 11,10:02,10:31,Lake O water level is 11.33ft,RI11-9.26,No,ROSP,Empty,,,,,,,,,,,,,
62,5/21/2026,"A. Fussell, R. Casella, M. Marquis",Rock Island 11,10:02,10:31,Lake O water level is 11.33ft,RI11-10.26,No,ANHI,Destroyed or Gone,,,,,,,,,,,,,
62,5/21/2026,"A. Fussell, R. Casella, M. Marquis",Rock Island 11,10:02,10:31,Lake O water level is 11.33ft,RI11-11.26,No,ANHI,Empty,,,,,,,,,,,,,
62,5/21/2026,"A. Fussell, R. Casella, M. Marquis",Rock Island 11,10:02,10:31,Lake O water level is 11.33ft,RI11-12.26,No,ROSP,Empty,,,,,,,,,,,,,
62,5/21/2026,"A. Fussell, R. Casella, M. Marquis",Rock Island 11,10:02,10:31,Lake O water level is 11.33ft,RI11-13.26,No,ROSP,Empty,,,,,,,,,,,,,
62,5/21/2026,"A. Fussell, R. Casella, M. Marquis",Rock Island 11,10:02,10:31,Lake O water level is 11.33ft,RI11-14.26,No,GBHE,Empty,,,,,,,,,,,,,
62,5/21/2026,"A. Fussell, R. Casella, M. Marquis",Rock Island 11,10:02,10:31,Lake O water level is 11.33ft,RI11-15.26,No,ANHI,Empty,,,,,,,,,,,,,
62,5/21/2026,"A. Fussell, R. Casella, M. Marquis",Rock Island 11,10:02,10:31,Lake O water level is 11.33ft,RI11-16.26,No,GBHE,Empty,,,,,,,,,,,,,
62,5/21/2026,"A. Fussell, R. Casella, M. Marquis",Rock Island 11,10:02,10:31,Lake O water level is 11.33ft,RI11-17.26,No,GLIB,Occupied,,2,,,,,,,,,,,
62,5/21/2026,"A. Fussell, R. Casella, M. Marquis",Rock Island 11,10:02,10:31,Lake O water level is 11.33ft,RI11-18.26,No,CAEG,Occupied,1,1,,,,,,,,,,,
62,5/21/2026,"A. Fussell, R. Casella, M. Marquis",Rock Island 11,10:02,10:31,Lake O water level is 11.33ft,RI11-19.26,Yes,GLIB,Occupied,3,,,,,,,,,,,,
62,5/21/2026,"A. Fussell, R. Casella, M. Marquis",Rock Island 11,10:02,10:31,Lake O water level is 11.33ft,RI11-20.26,No,ANHI,Empty,,,,,,,,,,,,,
62,5/21/2026,"A. Fussell, R. Casella, M. Marquis",Rock Island 11,10:02,10:31,Lake O water level is 11.33ft,RI11-20.26,No,ROSP,Empty,,,,,,,,,,,,,
62,5/21/2026,"A. Fussell, R. Casella, M. Marquis",Rock Island 11,10:02,10:31,Lake O water level is 11.33ft,RI11-21.26,No,GLIB,Occupied,3,,,,,,,,,,,,
62,5/21/2026,"A. Fussell, R. Casella, M. Marquis",Rock Island 11,10:02,10:31,Lake O water level is 11.33ft,RI11-22.26,No,SNEG/TRHE,Destroyed or Gone,,,,,,,,,,,,,
62,5/21/2026,"A. Fussell, R. Casella, M. Marquis",Rock Island 11,10:02,10:31,Lake O water level is 11.33ft,RI11-23.26,No,GLIB,Destroyed or Gone,,,,,,,,,,,,,
62,5/21/2026,"A. Fussell, R. Casella, M. Marquis",Rock Island 11,10:02,10:31,Lake O water level is 11.33ft,RI11-24.26,No,WHIB,Destroyed or Gone,,,,,,,,,,,,,
62,5/21/2026,"A. Fussell, R. Casella, M. Marquis",Rock Island 11,10:02,10:31,Lake O water level is 11.33ft,RI11-25.26,No,GLIB,Empty,,,,,,,,,,,,,
62,5/21/2026,"A. Fussell, R. Casella, M. Marquis",Rock Island 11,10:02,10:31,Lake O water level is 11.33ft,RI11-26.26,No,GLIB,Empty,,,,,,,,,,,,,
62,5/21/2026,"A. Fussell, R. Casella, M. Marquis",Rock Island 11,10:02,10:31,Lake O water level is 11.33ft,RI11-27.26,No,GLIB,Empty,,,,,,,,,,,,,
62,5/21/2026,"A. Fussell, R. Casella, M. Marquis",Rock Island 11,10:02,10:31,Lake O water level is 11.33ft,RI11-31.26,No,GLIB,Occupied,,1,,,,,,,,,,,
62,5/21/2026,"A. Fussell, R. Casella, M. Marquis",Rock Island 11,10:02,10:31,Lake O water level is 11.33ft,RI11-32.26,No,GLIB,Empty,,,,,,,,,,,,,
62,5/21/2026,"A. Fussell, R. Casella, M. Marquis",Rock Island 11,10:02,10:31,Lake O water level is 11.33ft,RI11-33.26,No,GLIB,Occupied,,2,,,,,,,,,,,
62,5/21/2026,"A. Fussell, R. Casella, M. Marquis",Rock Island 11,10:02,10:31,Lake O water level is 11.33ft,RI11-34.26,No,WHIB,Empty,,,,,,,,,,,,,
62,5/21/2026,"A. Fussell, R. Casella, M. Marquis",Rock Island 11,10:02,10:31,Lake O water level is 11.33ft,RI11-35.26,No,TRHE,Occupied,,3,,,,,,,,,,,
62,5/21/2026,"A. Fussell, R. Casella, M. Marquis",Rock Island 11,10:02,10:31,Lake O water level is 11.33ft,RI11-36.26,No,GLIB,Empty,,,,,,,,,,,,,
62,5/21/2026,"A. Fussell, R. Casella, M. Marquis",Rock Island 11,10:02,10:31,Lake O water level is 11.33ft,RI11-37.26,Yes,GLIB,Occupied,2,,,,,,,,,,,,
62,5/21/2026,"A. Fussell, R. Casella, M. Marquis",Rock Island 11,10:02,10:31,Lake O water level is 11.33ft,RI11-38.26,Yes,GLIB,Occupied,2,,,,,,,,,,,,
63,5/21/2026,"A. Fussell, R. Casella, M. Marquis",Rock Island 12,11:13,11:34,Lake O water level is 11.33ft; Wind~10mph,RI12-1.26,No,ROSP,Empty,,,,,,,,,,,,,
63,5/21/2026,"A. Fussell, R. Casella, M. Marquis",Rock Island 12,11:13,11:34,Lake O water level is 11.33ft; Wind~10mph,RI12-2.26,No,GBHE,Empty,,,,,,,,,,,,,
63,5/21/2026,"A. Fussell, R. Casella, M. Marquis",Rock Island 12,11:13,11:34,Lake O water level is 11.33ft; Wind~10mph,RI12-3.26,No,GLIB,Empty,,,,,,,,,,,,,
63,5/21/2026,"A. Fussell, R. Casella, M. Marquis",Rock Island 12,11:13,11:34,Lake O water level is 11.33ft; Wind~10mph,RI12-4.26,No,WHIB,Occupied,2,,,,,,,,,,,,
63,5/21/2026,"A. Fussell, R. Casella, M. Marquis",Rock Island 12,11:13,11:34,Lake O water level is 11.33ft; Wind~10mph,RI12-5.26,Yes,WHIB,Occupied,2,,,,,,,,,,,,
63,5/21/2026,"A. Fussell, R. Casella, M. Marquis",Rock Island 12,11:13,11:34,Lake O water level is 11.33ft; Wind~10mph,RI12-6.26,No,GBHE,Empty,,,,,,,,,,,,,
63,5/21/2026,"A. Fussell, R. Casella, M. Marquis",Rock Island 12,11:13,11:34,Lake O water level is 11.33ft; Wind~10mph,RI12-7.26,No,GLIB,Empty,,,,,,,,,,,,,
63,5/21/2026,"A. Fussell, R. Casella, M. Marquis",Rock Island 12,11:13,11:34,Lake O water level is 11.33ft; Wind~10mph,RI12-8.26,No,SNEG,Occupied,2,,,,,,,,,,,,
63,5/21/2026,"A. Fussell, R. Casella, M. Marquis",Rock Island 12,11:13,11:34,Lake O water level is 11.33ft; Wind~10mph,RI12-9.26,No,ANHI,Empty,,,,,,,,,,,,,
63,5/21/2026,"A. Fussell, R. Casella, M. Marquis",Rock Island 12,11:13,11:34,Lake O water level is 11.33ft; Wind~10mph,RI12-10.26,No,ROSP,Destroyed or Gone,,,,,,,,,,,,,
63,5/21/2026,"A. Fussell, R. Casella, M. Marquis",Rock Island 12,11:13,11:34,Lake O water level is 11.33ft; Wind~10mph,RI12-11.26,No,ROSP,Empty,,,,,,,,,,,,,
63,5/21/2026,"A. Fussell, R. Casella, M. Marquis",Rock Island 12,11:13,11:34,Lake O water level is 11.33ft; Wind~10mph,RI12-12.26,Yes,WHIB,Occupied,1,,,,,,,,,,,,
63,5/21/2026,"A. Fussell, R. Casella, M. Marquis",Rock Island 12,11:13,11:34,Lake O water level is 11.33ft; Wind~10mph,RI12-13.26,No,GBHE,Empty,,,,,,,,,,,,,
63,5/21/2026,"A. Fussell, R. Casella, M. Marquis",Rock Island 12,11:13,11:34,Lake O water level is 11.33ft; Wind~10mph,RI12-14.26,No,ROSP,Empty,,,,,,,,,,,,,
63,5/21/2026,"A. Fussell, R. Casella, M. Marquis",Rock Island 12,11:13,11:34,Lake O water level is 11.33ft; Wind~10mph,RI12-15.26,No,ROSP,Destroyed or Gone,,,,,,,,,,,,,
63,5/21/2026,"A. Fussell, R. Casella, M. Marquis",Rock Island 12,11:13,11:34,Lake O water level is 11.33ft; Wind~10mph,RI12-16.26,No,GBHE,Empty,,,,,,,,,,,,,
63,5/21/2026,"A. Fussell, R. Casella, M. Marquis",Rock Island 12,11:13,11:34,Lake O water level is 11.33ft; Wind~10mph,RI12-17.26,No,GLIB,Occupied,,2,,,,,,,,,,,
63,5/21/2026,"A. Fussell, R. Casella, M. Marquis",Rock Island 12,11:13,11:34,Lake O water level is 11.33ft; Wind~10mph,RI12-18.26,Yes,WHIB,Occupied,4,,,,,,,,,,,,
63,5/21/2026,"A. Fussell, R. Casella, M. Marquis",Rock Island 12,11:13,11:34,Lake O water level is 11.33ft; Wind~10mph,RI12-19.26,No,GBHE,Occupied,,1,,,,,,,,,,,
63,5/21/2026,"A. Fussell, R. Casella, M. Marquis",Rock Island 12,11:13,11:34,Lake O water level is 11.33ft; Wind~10mph,RI12-20.26,No,GLIB,Destroyed or Gone,,,,,,,,,,,,,
63,5/21/2026,"A. Fussell, R. Casella, M. Marquis",Rock Island 12,11:13,11:34,Lake O water level is 11.33ft; Wind~10mph,RI12-21.26,No,GBHE,Empty,,,,,,,,,,,,,
63,5/21/2026,"A. Fussell, R. Casella, M. Marquis",Rock Island 12,11:13,11:34,Lake O water level is 11.33ft; Wind~10mph,RI12-22.26,No,GLIB,Destroyed or Gone,,,,,,,,,,,,,
63,5/21/2026,"A. Fussell, R. Casella, M. Marquis",Rock Island 12,11:13,11:34,Lake O water level is 11.33ft; Wind~10mph,RI12-23.26,Yes,WHIB,Occupied,2,,,,,,,,,,,,
63,5/21/2026,"A. Fussell, R. Casella, M. Marquis",Rock Island 12,11:13,11:34,Lake O water level is 11.33ft; Wind~10mph,RI12-24.26,Yes,WHIB,Occupied,2,,,,,,,,,,,,
63,5/21/2026,"A. Fussell, R. Casella, M. Marquis",Rock Island 12,11:13,11:34,Lake O water level is 11.33ft; Wind~10mph,RI12-25.26,No,SNEG,Empty,,,,,,,,,,,,,
63,5/21/2026,"A. Fussell, R. Casella, M. Marquis",Rock Island 12,11:13,11:34,Lake O water level is 11.33ft; Wind~10mph,RI12-26.26,No,WHIB,Occupied,2,,,,,,,,,,,,
63,5/21/2026,"A. Fussell, R. Casella, M. Marquis",Rock Island 12,11:13,11:34,Lake O water level is 11.33ft; Wind~10mph,RI12-27.26,No,GLIB,Empty,,,,,,,,,,,,,
63,5/21/2026,"A. Fussell, R. Casella, M. Marquis",Rock Island 12,11:13,11:34,Lake O water level is 11.33ft; Wind~10mph,RI12-28.26,No,GLIB,Destroyed or Gone,,,,,,,,,,,,,
63,5/21/2026,"A. Fussell, R. Casella, M. Marquis",Rock Island 12,11:13,11:34,Lake O water level is 11.33ft; Wind~10mph,RI12-29.26,No,WHIB,Occupied,,2,,,,,,,,,,,
63,5/21/2026,"A. Fussell, R. Casella, M. Marquis",Rock Island 12,11:13,11:34,Lake O water level is 11.33ft; Wind~10mph,RI12-30.26,No,TRHE,Occupied,,2,,,,,,,,,,,
63,5/21/2026,"A. Fussell, R. Casella, M. Marquis",Rock Island 12,11:13,11:34,Lake O water level is 11.33ft; Wind~10mph,RI12-31.26,Yes,WHIB,Occupied,2,,,,,,,,,,,,
63,5/21/2026,"A. Fussell, R. Casella, M. Marquis",Rock Island 12,11:13,11:34,Lake O water level is 11.33ft; Wind~10mph,RI12-32.26,Yes,WHIB,Occupied,2,,,,,,,,,,,,
63,5/21/2026,"A. Fussell, R. Casella, M. Marquis",Rock Island 12,11:13,11:34,Lake O water level is 11.33ft; Wind~10mph,RI12-33.26,Yes,WHIB,Occupied,2,,,,,,,,,,,,
63,5/21/2026,"A. Fussell, R. Casella, M. Marquis",Rock Island 12,11:13,11:34,Lake O water level is 11.33ft; Wind~10mph,RI12-34.26,Yes,WHIB,Occupied,3,,,,,,,,,,,,
63,5/21/2026,"A. Fussell, R. Casella, M. Marquis",Rock Island 12,11:13,11:34,Lake O water level is 11.33ft; Wind~10mph,RI12-35.26,Yes,WHIB,Occupied,1,,,,,,,,,,,,
63,5/21/2026,"A. Fussell, R. Casella, M. Marquis",Rock Island 12,11:13,11:34,Lake O water level is 11.33ft; Wind~10mph,RI12-36.26,Yes,WHIB,Occupied,3,,,,,,,,,,,,
63,5/21/2026,"A. Fussell, R. Casella, M. Marquis",Rock Island 12,11:13,11:34,Lake O water level is 11.33ft; Wind~10mph,RI12-37.26,Yes,WHIB,Occupied,2,,,,,,,,,,,,
63,5/21/2026,"A. Fussell, R. Casella, M. Marquis",Rock Island 12,11:13,11:34,Lake O water level is 11.33ft; Wind~10mph,RI12-38.26,Yes,WHIB,Occupied,2,,,,,,,,,,,,
64,5/26/2026,"A. Fussell, R. Casella",Rock Island 11,9:10,9:26,"Volunteer is J. Zatroch, J. Benguaich",RI11-1.26,No,GLIB,Empty,,,,,,,,,,,,,
64,5/26/2026,"A. Fussell, R. Casella",Rock Island 11,9:10,9:26,"Volunteer is J. Zatroch, J. Benguaich",RI11-2.26,No,GLIB,Empty,,,,,,,,,,,,,
64,5/26/2026,"A. Fussell, R. Casella",Rock Island 11,9:10,9:26,"Volunteer is J. Zatroch, J. Benguaich",RI11-3.26,No,GLIB,Occupied,3,,,,,,,,,,,,
64,5/26/2026,"A. Fussell, R. Casella",Rock Island 11,9:10,9:26,"Volunteer is J. Zatroch, J. Benguaich",RI11-4.26,No,GBHE,Empty,,,,,,,,,,,,,
64,5/26/2026,"A. Fussell, R. Casella",Rock Island 11,9:10,9:26,"Volunteer is J. Zatroch, J. Benguaich",RI11-5.26,No,GLIB,Occupied,1,2,,,,,,,,,,,
64,5/26/2026,"A. Fussell, R. Casella",Rock Island 11,9:10,9:26,"Volunteer is J. Zatroch, J. Benguaich",RI11-6.26,No,GLIB,Destroyed or Gone,,,,,,,,,,,,,
64,5/26/2026,"A. Fussell, R. Casella",Rock Island 11,9:10,9:26,"Volunteer is J. Zatroch, J. Benguaich",RI11-7.26,No,CAEG,Occupied,2,1,,,,,,,,,,,
64,5/26/2026,"A. Fussell, R. Casella",Rock Island 11,9:10,9:26,"Volunteer is J. Zatroch, J. Benguaich",RI11-8.26,No,CAEG,Occupied,3,,,,,,,,,,,,
64,5/26/2026,"A. Fussell, R. Casella",Rock Island 11,9:10,9:26,"Volunteer is J. Zatroch, J. Benguaich",RI11-9.26,Yes,CAEG,Occupied,2,,,,,,,,,,,,
64,5/26/2026,"A. Fussell, R. Casella",Rock Island 11,9:10,9:26,"Volunteer is J. Zatroch, J. Benguaich",RI11-10.26,No,ANHI,Destroyed or Gone,,,,,,,,,,,,,
64,5/26/2026,"A. Fussell, R. Casella",Rock Island 11,9:10,9:26,"Volunteer is J. Zatroch, J. Benguaich",RI11-11.26,No,ANHI,Empty,,,,,,,,,,,,,
64,5/26/2026,"A. Fussell, R. Casella",Rock Island 11,9:10,9:26,"Volunteer is J. Zatroch, J. Benguaich",RI11-12.26,No,ROSP,Empty,,,,,,,,,,,,,
64,5/26/2026,"A. Fussell, R. Casella",Rock Island 11,9:10,9:26,"Volunteer is J. Zatroch, J. Benguaich",RI11-13.26,No,ROSP,Empty,,,,,,,,,,,,,
64,5/26/2026,"A. Fussell, R. Casella",Rock Island 11,9:10,9:26,"Volunteer is J. Zatroch, J. Benguaich",RI11-14.26,No,GBHE,Empty,,,,,,,,,,,,,
64,5/26/2026,"A. Fussell, R. Casella",Rock Island 11,9:10,9:26,"Volunteer is J. Zatroch, J. Benguaich",RI11-15.26,No,ANHI,Empty,,,,,,,,,,,,,
64,5/26/2026,"A. Fussell, R. Casella",Rock Island 11,9:10,9:26,"Volunteer is J. Zatroch, J. Benguaich",RI11-16.26,No,GBHE,Empty,,,,,,,,,,,,,
64,5/26/2026,"A. Fussell, R. Casella",Rock Island 11,9:10,9:26,"Volunteer is J. Zatroch, J. Benguaich",RI11-17.26,No,GLIB,Occupied,,2,,,,,,,,,,,
64,5/26/2026,"A. Fussell, R. Casella",Rock Island 11,9:10,9:26,"Volunteer is J. Zatroch, J. Benguaich",RI11-18.26,No,CAEG,Occupied,,2,,,,,,,,,,,
64,5/26/2026,"A. Fussell, R. Casella",Rock Island 11,9:10,9:26,"Volunteer is J. Zatroch, J. Benguaich",RI11-19.26,No,GLIB,Occupied,2,,,,,,,,,,,,
64,5/26/2026,"A. Fussell, R. Casella",Rock Island 11,9:10,9:26,"Volunteer is J. Zatroch, J. Benguaich",RI11-20.26,No,ANHI,Empty,,,,,,,,,,,,,
64,5/26/2026,"A. Fussell, R. Casella",Rock Island 11,9:10,9:26,"Volunteer is J. Zatroch, J. Benguaich",RI11-20.26,No,ROSP,Empty,,,,,,,,,,,,,
64,5/26/2026,"A. Fussell, R. Casella",Rock Island 11,9:10,9:26,"Volunteer is J. Zatroch, J. Benguaich",RI11-21.26,No,GLIB,Occupied,1,2,,,,,,,,,,,
64,5/26/2026,"A. Fussell, R. Casella",Rock Island 11,9:10,9:26,"Volunteer is J. Zatroch, J. Benguaich",RI11-22.26,No,SNEG/TRHE,Destroyed or Gone,,,,,,,,,,,,,
64,5/26/2026,"A. Fussell, R. Casella",Rock Island 11,9:10,9:26,"Volunteer is J. Zatroch, J. Benguaich",RI11-23.26,No,GLIB,Destroyed or Gone,,,,,,,,,,,,,
64,5/26/2026,"A. Fussell, R. Casella",Rock Island 11,9:10,9:26,"Volunteer is J. Zatroch, J. Benguaich",RI11-24.26,No,WHIB,Destroyed or Gone,,,,,,,,,,,,,
64,5/26/2026,"A. Fussell, R. Casella",Rock Island 11,9:10,9:26,"Volunteer is J. Zatroch, J. Benguaich",RI11-25.26,No,GLIB,Empty,,,,,,,,,,,,,
64,5/26/2026,"A. Fussell, R. Casella",Rock Island 11,9:10,9:26,"Volunteer is J. Zatroch, J. Benguaich",RI11-26.26,No,GLIB,Empty,,,,,,,,,,,,,
64,5/26/2026,"A. Fussell, R. Casella",Rock Island 11,9:10,9:26,"Volunteer is J. Zatroch, J. Benguaich",RI11-27.26,No,GLIB,Empty,,,,,,,,,,,,,
64,5/26/2026,"A. Fussell, R. Casella",Rock Island 11,9:10,9:26,"Volunteer is J. Zatroch, J. Benguaich",RI11-31.26,No,GLIB,Occupied,,1,,,,,,,,,,,
64,5/26/2026,"A. Fussell, R. Casella",Rock Island 11,9:10,9:26,"Volunteer is J. Zatroch, J. Benguaich",RI11-32.26,No,GLIB,Empty,,,,,,,,,,,,,
64,5/26/2026,"A. Fussell, R. Casella",Rock Island 11,9:10,9:26,"Volunteer is J. Zatroch, J. Benguaich",RI11-33.26,No,GLIB,Occupied,,2,,,,,,,,,,,
64,5/26/2026,"A. Fussell, R. Casella",Rock Island 11,9:10,9:26,"Volunteer is J. Zatroch, J. Benguaich",RI11-34.26,Yes,CAEG,Occupied,1,,,,,,,,,,,,
64,5/26/2026,"A. Fussell, R. Casella",Rock Island 11,9:10,9:26,"Volunteer is J. Zatroch, J. Benguaich",RI11-35.26,No,TRHE,Occupied,,2,,,,,,,,,,,
64,5/26/2026,"A. Fussell, R. Casella",Rock Island 11,9:10,9:26,"Volunteer is J. Zatroch, J. Benguaich",RI11-36.26,No,GLIB,Empty,,,,,,,,,,,,,
64,5/26/2026,"A. Fussell, R. Casella",Rock Island 11,9:10,9:26,"Volunteer is J. Zatroch, J. Benguaich",RI11-37.26,No,GLIB,Occupied,2,,,,,,,,,,,,
64,5/26/2026,"A. Fussell, R. Casella",Rock Island 11,9:10,9:26,"Volunteer is J. Zatroch, J. Benguaich",RI11-38.26,No,GLIB,Occupied,2,,,,,,,,,,,,
65,5/26/2026,"A. Fussell, R. Casella",Rock Island 12,9:32,9:45,"Volunteer is J. Zatroch, J. Benguaich",RI12-1.26,No,ROSP,Empty,,,,,,,,,,,,,
65,5/26/2026,"A. Fussell, R. Casella",Rock Island 12,9:32,9:45,"Volunteer is J. Zatroch, J. Benguaich",RI12-2.26,No,GBHE,Empty,,,,,,,,,,,,,
65,5/26/2026,"A. Fussell, R. Casella",Rock Island 12,9:32,9:45,"Volunteer is J. Zatroch, J. Benguaich",RI12-3.26,No,GLIB,Empty,,,,,,,,,,,,,
65,5/26/2026,"A. Fussell, R. Casella",Rock Island 12,9:32,9:45,"Volunteer is J. Zatroch, J. Benguaich",RI12-4.26,No,WHIB,Occupied,2,,,,,,,,,,,,
65,5/26/2026,"A. Fussell, R. Casella",Rock Island 12,9:32,9:45,"Volunteer is J. Zatroch, J. Benguaich",RI12-5.26,No,WHIB,Occupied,2,,,,,,,,,,,,
65,5/26/2026,"A. Fussell, R. Casella",Rock Island 12,9:32,9:45,"Volunteer is J. Zatroch, J. Benguaich",RI12-6.26,No,GBHE,Empty,,,,,,,,,,,,,
65,5/26/2026,"A. Fussell, R. Casella",Rock Island 12,9:32,9:45,"Volunteer is J. Zatroch, J. Benguaich",RI12-7.26,No,GLIB,Empty,,,,,,,,,,,,,
65,5/26/2026,"A. Fussell, R. Casella",Rock Island 12,9:32,9:45,"Volunteer is J. Zatroch, J. Benguaich",RI12-8.26,No,SNEG,Empty,,,,,,,,,,,,,
65,5/26/2026,"A. Fussell, R. Casella",Rock Island 12,9:32,9:45,"Volunteer is J. Zatroch, J. Benguaich",RI12-9.26,No,ANHI,Empty,,,,,,,,,,,,,
65,5/26/2026,"A. Fussell, R. Casella",Rock Island 12,9:32,9:45,"Volunteer is J. Zatroch, J. Benguaich",RI12-10.26,No,ROSP,Destroyed or Gone,,,,,,,,,,,,,
65,5/26/2026,"A. Fussell, R. Casella",Rock Island 12,9:32,9:45,"Volunteer is J. Zatroch, J. Benguaich",RI12-11.26,No,ROSP,Empty,,,,,,,,,,,,,
65,5/26/2026,"A. Fussell, R. Casella",Rock Island 12,9:32,9:45,"Volunteer is J. Zatroch, J. Benguaich",RI12-12.26,No,WHIB,Occupied,1,,,,,,,,,,,,
65,5/26/2026,"A. Fussell, R. Casella",Rock Island 12,9:32,9:45,"Volunteer is J. Zatroch, J. Benguaich",RI12-13.26,No,GBHE,Empty,,,,,,,,,,,,,
65,5/26/2026,"A. Fussell, R. Casella",Rock Island 12,9:32,9:45,"Volunteer is J. Zatroch, J. Benguaich",RI12-14.26,No,ROSP,Empty,,,,,,,,,,,,,
65,5/26/2026,"A. Fussell, R. Casella",Rock Island 12,9:32,9:45,"Volunteer is J. Zatroch, J. Benguaich",RI12-15.26,No,ROSP,Destroyed or Gone,,,,,,,,,,,,,
65,5/26/2026,"A. Fussell, R. Casella",Rock Island 12,9:32,9:45,"Volunteer is J. Zatroch, J. Benguaich",RI12-16.26,No,GBHE,Empty,,,,,,,,,,,,,
65,5/26/2026,"A. Fussell, R. Casella",Rock Island 12,9:32,9:45,"Volunteer is J. Zatroch, J. Benguaich",RI12-17.26,No,GLIB,Occupied,,2,,,,,,,,,,,
65,5/26/2026,"A. Fussell, R. Casella",Rock Island 12,9:32,9:45,"Volunteer is J. Zatroch, J. Benguaich",RI12-18.26,No,WHIB,Occupied,4,,,,,,,,,,,,
65,5/26/2026,"A. Fussell, R. Casella",Rock Island 12,9:32,9:45,"Volunteer is J. Zatroch, J. Benguaich",RI12-19.26,No,GBHE,Empty,,,,,,,,,,,,,
65,5/26/2026,"A. Fussell, R. Casella",Rock Island 12,9:32,9:45,"Volunteer is J. Zatroch, J. Benguaich",RI12-20.26,No,GLIB,Destroyed or Gone,,,,,,,,,,,,,
65,5/26/2026,"A. Fussell, R. Casella",Rock Island 12,9:32,9:45,"Volunteer is J. Zatroch, J. Benguaich",RI12-21.26,No,GBHE,Empty,,,,,,,,,,,,,
65,5/26/2026,"A. Fussell, R. Casella",Rock Island 12,9:32,9:45,"Volunteer is J. Zatroch, J. Benguaich",RI12-22.26,No,GLIB,Destroyed or Gone,,,,,,,,,,,,,
65,5/26/2026,"A. Fussell, R. Casella",Rock Island 12,9:32,9:45,"Volunteer is J. Zatroch, J. Benguaich",RI12-23.26,No,WHIB,Occupied,2,,,,,,,,,,,,
65,5/26/2026,"A. Fussell, R. Casella",Rock Island 12,9:32,9:45,"Volunteer is J. Zatroch, J. Benguaich",RI12-24.26,No,WHIB,Occupied,2,,,,,,,,,,,,
65,5/26/2026,"A. Fussell, R. Casella",Rock Island 12,9:32,9:45,"Volunteer is J. Zatroch, J. Benguaich",RI12-25.26,No,SNEG,Empty,,,,,,,,,,,,,
65,5/26/2026,"A. Fussell, R. Casella",Rock Island 12,9:32,9:45,"Volunteer is J. Zatroch, J. Benguaich",RI12-26.26,No,WHIB,Occupied,2,,,,,,,,,,,,
65,5/26/2026,"A. Fussell, R. Casella",Rock Island 12,9:32,9:45,"Volunteer is J. Zatroch, J. Benguaich",RI12-27.26,No,GLIB,Empty,,,,,,,,,,,,,
65,5/26/2026,"A. Fussell, R. Casella",Rock Island 12,9:32,9:45,"Volunteer is J. Zatroch, J. Benguaich",RI12-28.26,No,GLIB,Destroyed or Gone,,,,,,,,,,,,,
65,5/26/2026,"A. Fussell, R. Casella",Rock Island 12,9:32,9:45,"Volunteer is J. Zatroch, J. Benguaich",RI12-29.26,No,WHIB,Empty,,,,,,,,,,,,,
65,5/26/2026,"A. Fussell, R. Casella",Rock Island 12,9:32,9:45,"Volunteer is J. Zatroch, J. Benguaich",RI12-30.26,No,TRHE,Occupied,,2,,,,,,,,,,,
65,5/26/2026,"A. Fussell, R. Casella",Rock Island 12,9:32,9:45,"Volunteer is J. Zatroch, J. Benguaich",RI12-31.26,No,WHIB,Occupied,2,,,,,,,,,,,,
65,5/26/2026,"A. Fussell, R. Casella",Rock Island 12,9:32,9:45,"Volunteer is J. Zatroch, J. Benguaich",RI12-32.26,No,WHIB,Occupied,2,,,,,,,,,,,,
65,5/26/2026,"A. Fussell, R. Casella",Rock Island 12,9:32,9:45,"Volunteer is J. Zatroch, J. Benguaich",RI12-33.26,No,WHIB,Occupied,2,,,,,,,,,,,,
65,5/26/2026,"A. Fussell, R. Casella",Rock Island 12,9:32,9:45,"Volunteer is J. Zatroch, J. Benguaich",RI12-34.26,No,WHIB,Occupied,3,,,,,,,,,,,,
65,5/26/2026,"A. Fussell, R. Casella",Rock Island 12,9:32,9:45,"Volunteer is J. Zatroch, J. Benguaich",RI12-35.26,No,WHIB,Empty,,,,,,,,,,,,,
65,5/26/2026,"A. Fussell, R. Casella",Rock Island 12,9:32,9:45,"Volunteer is J. Zatroch, J. Benguaich",RI12-36.26,No,WHIB,Occupied,3,,,,,,,,,,,,
65,5/26/2026,"A. Fussell, R. Casella",Rock Island 12,9:32,9:45,"Volunteer is J. Zatroch, J. Benguaich",RI12-37.26,No,WHIB,Occupied,2,,,,,,,,,,,,
65,5/26/2026,"A. Fussell, R. Casella",Rock Island 12,9:32,9:45,"Volunteer is J. Zatroch, J. Benguaich",RI12-38.26,No,WHIB,Occupied,2,,,,,,,,,,,,
66,5/27/2026,"A. Fussell, R. Casella",Clewiston Spit,10:20,10:55,,CS1.26,No,ROSP,Empty,,,,,,,,,,,,,
66,5/27/2026,"A. Fussell, R. Casella",Clewiston Spit,10:20,10:55,,CS2.26,No,ROSP,Empty,,,,,,,,,,,,,
66,5/27/2026,"A. Fussell, R. Casella",Clewiston Spit,10:20,10:55,,CS3.26,No,ROSP,Empty,,,,,,,,,,,,,
66,5/27/2026,"A. Fussell, R. Casella",Clewiston Spit,10:20,10:55,,CS4.26,No,ROSP,Empty,,,,,,,,,,,,,
66,5/27/2026,"A. Fussell, R. Casella",Clewiston Spit,10:20,10:55,,CS5.26,No,ROSP,Empty,,,,,,,,,,,,,
66,5/27/2026,"A. Fussell, R. Casella",Clewiston Spit,10:20,10:55,,CS6.26,No,GBHE,Empty,,,,,,,,,,,,,
66,5/27/2026,"A. Fussell, R. Casella",Clewiston Spit,10:20,10:55,,CS7.26,No,GBHE,Empty,,,,,,,,,,,,,
66,5/27/2026,"A. Fussell, R. Casella",Clewiston Spit,10:20,10:55,,CS8.26,No,ROSP,Empty,,,,,,,,,,,,,
66,5/27/2026,"A. Fussell, R. Casella",Clewiston Spit,10:20,10:55,,CS9.26,No,GBHE,Empty,,,,,,,,,,,,,
66,5/27/2026,"A. Fussell, R. Casella",Clewiston Spit,10:20,10:55,,CS10.26,No,SNEG,Empty,,,,,,,,,,,,,
66,5/27/2026,"A. Fussell, R. Casella",Clewiston Spit,10:20,10:55,,CS11.26,No,ROSP,Empty,,,,,,,,,,,,,
66,5/27/2026,"A. Fussell, R. Casella",Clewiston Spit,10:20,10:55,,CS12.26,No,GLIB,Occupied,,3,,,,,,,,,,,
66,5/27/2026,"A. Fussell, R. Casella",Clewiston Spit,10:20,10:55,,CS13.26,No,GLIB,Occupied,1,2,,,,,,,,,,,
66,5/27/2026,"A. Fussell, R. Casella",Clewiston Spit,10:20,10:55,,CS14.26,No,SNEG,Empty,,,,,,,,,,,,,
66,5/27/2026,"A. Fussell, R. Casella",Clewiston Spit,10:20,10:55,,CS15.26,No,SNEG,Empty,,,,,,,,,,,,,
66,5/27/2026,"A. Fussell, R. Casella",Clewiston Spit,10:20,10:55,,CS16.26,No,ROSP,Destroyed or Gone,,,,,,,,,,,,,
66,5/27/2026,"A. Fussell, R. Casella",Clewiston Spit,10:20,10:55,,CS17.26,No,GBHE,Empty,,,,,,,,,,,,,
66,5/27/2026,"A. Fussell, R. Casella",Clewiston Spit,10:20,10:55,,CS18.26,No,GBHE,Occupied,,1,,,,,,,,,,,
66,5/27/2026,"A. Fussell, R. Casella",Clewiston Spit,10:20,10:55,,CS19.26,No,WHIB,Empty,,,,,,,,,,,,,
66,5/27/2026,"A. Fussell, R. Casella",Clewiston Spit,10:20,10:55,,CS20.26,No,WHIB,Empty,,,,,,,,,,,,,
66,5/27/2026,"A. Fussell, R. Casella",Clewiston Spit,10:20,10:55,,CS21.26,No,SNEG,Empty,,,,,,,,,,,,,
66,5/27/2026,"A. Fussell, R. Casella",Clewiston Spit,10:20,10:55,,CS22.26,No,WHIB,Empty,,,,,,,,,,,,,
66,5/27/2026,"A. Fussell, R. Casella",Clewiston Spit,10:20,10:55,,CS23.26,No,WHIB,Destroyed or Gone,,,,,,,,,,,,,
66,5/27/2026,"A. Fussell, R. Casella",Clewiston Spit,10:20,10:55,,CS24.26,No,WHIB,Empty,,,,,,,,,,,,,
66,5/27/2026,"A. Fussell, R. Casella",Clewiston Spit,10:20,10:55,,CS25.26,No,WHIB,Empty,,,,,,,,,,,,,
66,5/27/2026,"A. Fussell, R. Casella",Clewiston Spit,10:20,10:55,,CS26.26,No,WHIB,Destroyed or Gone,,,,,,,,,,,,,
66,5/27/2026,"A. Fussell, R. Casella",Clewiston Spit,10:20,10:55,,CS27.26,No,WHIB,Destroyed or Gone,,,,,,,,,,,,,
66,5/27/2026,"A. Fussell, R. Casella",Clewiston Spit,10:20,10:55,,CS28.26,No,WHIB,Empty,,,,,,,,,,,,,
66,5/27/2026,"A. Fussell, R. Casella",Clewiston Spit,10:20,10:55,,CS29.26,No,WHIB,Destroyed or Gone,,,,,,,,,,,,,
66,5/27/2026,"A. Fussell, R. Casella",Clewiston Spit,10:20,10:55,,CS30.26,No,WHIB,Destroyed or Gone,,,,,,,,,,,,,
66,5/27/2026,"A. Fussell, R. Casella",Clewiston Spit,10:20,10:55,,CS31.26,No,WHIB,Destroyed or Gone,,,,,,,,,,,,,
66,5/27/2026,"A. Fussell, R. Casella",Clewiston Spit,10:20,10:55,,CS32.26,No,WHIB,Empty,,,,,,,,,,,,,
66,5/27/2026,"A. Fussell, R. Casella",Clewiston Spit,10:20,10:55,,CS33.26,No,WHIB,Empty,,,,,,,,,,,,,
66,5/27/2026,"A. Fussell, R. Casella",Clewiston Spit,10:20,10:55,,CS34.26,No,WHIB,Destroyed or Gone,,,,,,,,,,,,,
66,5/27/2026,"A. Fussell, R. Casella",Clewiston Spit,10:20,10:55,,CS35.26,No,WHIB,Empty,,,,,,,,,,,,,
66,5/27/2026,"A. Fussell, R. Casella",Clewiston Spit,10:20,10:55,,CS36.26,No,WHIB,Empty,,,,,,,,,,,,,
66,5/27/2026,"A. Fussell, R. Casella",Clewiston Spit,10:20,10:55,,CS37.26,No,WHIB,Empty,,,,,,,,,,,,,
66,5/27/2026,"A. Fussell, R. Casella",Clewiston Spit,10:20,10:55,,CS38.26,No,SNEG,Empty,,,,,,,,,,,,,
66,5/27/2026,"A. Fussell, R. Casella",Clewiston Spit,10:20,10:55,,CS39.26,No,GBHE,Occupied,,1,,,,,,,,,,,
66,5/27/2026,"A. Fussell, R. Casella",Clewiston Spit,10:20,10:55,,CS40.26,No,WHIB,Empty,,,,,,,,,,,,,
66,5/27/2026,"A. Fussell, R. Casella",Clewiston Spit,10:20,10:55,,CS41.26,No,WHIB,Empty,,,,,,,,,,,,,
66,5/27/2026,"A. Fussell, R. Casella",Clewiston Spit,10:20,10:55,,CS42.26,No,WHIB,Empty,,,,,,,,,,,,,
66,5/27/2026,"A. Fussell, R. Casella",Clewiston Spit,10:20,10:55,,CS43.26,No,SNEG,Empty,,,,,,,,,,,,,
66,5/27/2026,"A. Fussell, R. Casella",Clewiston Spit,10:20,10:55,,CS44.26,No,GLIB,Occupied,,1,,,,,,,,,,,
66,5/27/2026,"A. Fussell, R. Casella",Clewiston Spit,10:20,10:55,,CS45.26,No,TRHE,Empty,,,,,,,,,,,,,
66,5/27/2026,"A. Fussell, R. Casella",Clewiston Spit,10:20,10:55,,CS46.26,No,SNEG,Empty,,,,,,,,,,,,,
66,5/27/2026,"A. Fussell, R. Casella",Clewiston Spit,10:20,10:55,,CS47.26,No,SNEG,Empty,,,,,,,,,,,,,
66,5/27/2026,"A. Fussell, R. Casella",Clewiston Spit,10:20,10:55,,CS48.26,No,SNEG,Empty,,,,,,,,,,,,,
66,5/27/2026,"A. Fussell, R. Casella",Clewiston Spit,10:20,10:55,,CS49.26,No,GLIB,Occupied,,2,,,,,,,,,,,
66,5/27/2026,"A. Fussell, R. Casella",Clewiston Spit,10:20,10:55,,CS50.26,No,SNEG,Empty,,,,,,,,,,,,,
66,5/27/2026,"A. Fussell, R. Casella",Clewiston Spit,10:20,10:55,,CS51.26,No,ROSP,Empty,,,,,,,,,,,,,
66,5/27/2026,"A. Fussell, R. Casella",Clewiston Spit,10:20,10:55,,CS52.26,No,SNEG,Empty,,,,,,,,,,,,,
66,5/27/2026,"A. Fussell, R. Casella",Clewiston Spit,10:20,10:55,,CS53.26,No,SNEG,Empty,,,,,,,,,,,,,
66,5/27/2026,"A. Fussell, R. Casella",Clewiston Spit,10:20,10:55,,CS54.26,No,SNEG,Occupied,,2,,,,,,,,,,,
66,5/27/2026,"A. Fussell, R. Casella",Clewiston Spit,10:20,10:55,,CS55.26,No,SNEG,Empty,,,,,,,,,,,,,
66,5/27/2026,"A. Fussell, R. Casella",Clewiston Spit,10:20,10:55,,CS56.26,No,SNEG,Empty,,,,,,,,,,,,,
66,5/27/2026,"A. Fussell, R. Casella",Clewiston Spit,10:20,10:55,,CS57.26,No,SNEG,Empty,,,,,,,,,,,,,
66,5/27/2026,"A. Fussell, R. Casella",Clewiston Spit,10:20,10:55,,CS58.26,No,SNEG,Occupied,1,2,,,,,,,,,,,
66,5/27/2026,"A. Fussell, R. Casella",Clewiston Spit,10:20,10:55,,CS59.26,No,GLIB,Occupied,1,2,,,,,,,,,,,
66,5/27/2026,"A. Fussell, R. Casella",Clewiston Spit,10:20,10:55,,CS60.26,Yes,SNEG,Occupied,2,,,,,,,,,,,,
67,5/27/2026,"A. Fussell, R. Casella",Little Bear Beach,9:27,10:07,,LBB1,No,WHIB,Occupied,,2,,,,,,,,,,,
67,5/27/2026,"A. Fussell, R. Casella",Little Bear Beach,9:27,10:07,,LBB2,No,WHIB,Occupied,,2,,,,,,,,,,,
67,5/27/2026,"A. Fussell, R. Casella",Little Bear Beach,9:27,10:07,,LBB3,No,WHIB,Occupied,,2,,,,,,,,,,,
67,5/27/2026,"A. Fussell, R. Casella",Little Bear Beach,9:27,10:07,,LBB4,No,TRHE,Occupied,,2,,,,,,,,,,,
67,5/27/2026,"A. Fussell, R. Casella",Little Bear Beach,9:27,10:07, ,LBB5,No,SNEG,Destroyed or Gone,,,,,,,,,,,,,
67,5/27/2026,"A. Fussell, R. Casella",Little Bear Beach,9:27,10:07,,LBB6,No,WHIB,Occupied,,1,,,,,,,,,,,
67,5/27/2026,"A. Fussell, R. Casella",Little Bear Beach,9:27,10:07,,LBB7,No,WHIB,Occupied,2,,,,,,,,,,,,
67,5/27/2026,"A. Fussell, R. Casella",Little Bear Beach,9:27,10:07,,LBB8,No,SNEG,Occupied,,2,,,,,,,,,,,
67,5/27/2026,"A. Fussell, R. Casella",Little Bear Beach,9:27,10:07,,LBB9,No,SNEG,Occupied,,2,,,,,,,,,,,
67,5/27/2026,"A. Fussell, R. Casella",Little Bear Beach,9:27,10:07,,LBB10,No,GLIB,Occupied,2,,,,,,,,,,,,
67,5/27/2026,"A. Fussell, R. Casella",Little Bear Beach,9:27,10:07,,LBB11,No,WHIB,Occupied,1,1,,,,,,,,,,,
67,5/27/2026,"A. Fussell, R. Casella",Little Bear Beach,9:27,10:07,,LBB12,No,SNEG,Destroyed or Gone,,,,,,,,,,,,,
67,5/27/2026,"A. Fussell, R. Casella",Little Bear Beach,9:27,10:07,,LBB13,No,SNEG,Occupied,,1,,,1,,,,,,,,
67,5/27/2026,"A. Fussell, R. Casella",Little Bear Beach,9:27,10:07,,LBB14,No,WHIB,Destroyed or Gone,,,,,,,,,,,,,
67,5/27/2026,"A. Fussell, R. Casella",Little Bear Beach,9:27,10:07,,LBB15,No,WHIB,Occupied,,2,,,,,,,,,,,
67,5/27/2026,"A. Fussell, R. Casella",Little Bear Beach,9:27,10:07,,LBB16,No,WHIB,Empty,,,,,,,,,,,,,
67,5/27/2026,"A. Fussell, R. Casella",Little Bear Beach,9:27,10:07,,LBB17,No,WHIB,Occupied,,1,,,,,,,,,,,
67,5/27/2026,"A. Fussell, R. Casella",Little Bear Beach,9:27,10:07,,LBB18,No,WHIB,Occupied,,2,,,,,,,,,,,
67,5/27/2026,"A. Fussell, R. Casella",Little Bear Beach,9:27,10:07,,LBB19,No,WHIB,Empty,,,,,,,,,,,,,
67,5/27/2026,"A. Fussell, R. Casella",Little Bear Beach,9:27,10:07,,LBB20,No,WHIB,Occupied,,1,,,,,,,,,,,
67,5/27/2026,"A. Fussell, R. Casella",Little Bear Beach,9:27,10:07,,LBB21,No,WHIB,Occupied,,1,,,,,,,,,,,
67,5/27/2026,"A. Fussell, R. Casella",Little Bear Beach,9:27,10:07,,LBB22,No,WHIB,Occupied,1,2,,,,,,,,,,,
67,5/27/2026,"A. Fussell, R. Casella",Little Bear Beach,9:27,10:07,,LBB23,No,SNEG,Occupied,,2,,,,,,,,,,,
67,5/27/2026,"A. Fussell, R. Casella",Little Bear Beach,9:27,10:07,,LBB24,No,SNEG,Occupied,,2,,,,,,,,,,,
67,5/27/2026,"A. Fussell, R. Casella",Little Bear Beach,9:27,10:07,,LBB25,No,SNEG,Destroyed or Gone,,,,,,,,,,,,,
67,5/27/2026,"A. Fussell, R. Casella",Little Bear Beach,9:27,10:07,,LBB26,Yes,WHIB,Occupied,2,,,,,,,,,,,,
67,5/27/2026,"A. Fussell, R. Casella",Little Bear Beach,9:27,10:07,,LBB27,No,WHIB,Occupied,,3,,,,,,,,,,,
67,5/27/2026,"A. Fussell, R. Casella",Little Bear Beach,9:27,10:07,,LBB28,No,WHIB,Occupied,,2,,,,,,,,,,,
67,5/27/2026,"A. Fussell, R. Casella",Little Bear Beach,9:27,10:07,,LBB29,No,GLIB,Empty,,,,,,,,,,,,,
67,5/27/2026,"A. Fussell, R. Casella",Little Bear Beach,9:27,10:07,,LBB30,No,WHIB,Occupied,,2,,,,,,,,,,,
67,5/27/2026,"A. Fussell, R. Casella",Little Bear Beach,9:27,10:07,,LBB31,No,SNEG,Occupied,2,,,,,,,,,,,,
67,5/27/2026,"A. Fussell, R. Casella",Little Bear Beach,9:27,10:07,,LBB32,No,SNEG,Occupied,3,,,,,,,,,,,,
67,5/27/2026,"A. Fussell, R. Casella",Little Bear Beach,9:27,10:07,,LBB33,Yes,WHIB,Occupied,1,,,,,,,,,,,,
67,5/27/2026,"A. Fussell, R. Casella",Little Bear Beach,9:27,10:07,,LBB34,Yes,WHIB,Occupied,2,,,,,,,,,,,,
67,5/27/2026,"A. Fussell, R. Casella",Little Bear Beach,9:27,10:07,,LBB35,Yes,WHIB,Occupied,2,,,,,,,,,,,,
67,5/27/2026,"A. Fussell, R. Casella",Little Bear Beach,9:27,10:07,,LBB36,Yes,WHIB,Occupied,2,,,,,,,,,,,,
67,5/27/2026,"A. Fussell, R. Casella",Little Bear Beach,9:27,10:07,,LBB37,Yes,WHIB,Occupied,2,,,,,,,,,,,,
67,5/27/2026,"A. Fussell, R. Casella",Little Bear Beach,9:27,10:07,,LBB38,Yes,WHIB,Occupied,1,,,,,,,,,,,,
67,5/27/2026,"A. Fussell, R. Casella",Little Bear Beach,9:27,10:07,,LBB39,Yes,WHIB,Occupied,2,,,,,,,,,,,,
67,5/27/2026,"A. Fussell, R. Casella",Little Bear Beach,9:27,10:07,,LBB40,Yes,WHIB,Occupied,2,,,,,,,,,,,,
67,5/27/2026,"A. Fussell, R. Casella",Little Bear Beach,9:27,10:07,,LBB41,Yes,WHIB,Occupied,2,,,,,,,,,,,,
67,5/27/2026,"A. Fussell, R. Casella",Little Bear Beach,9:27,10:07,,LBB42,Yes,WHIB,Occupied,3,,,,,,,,,,,,
67,5/27/2026,"A. Fussell, R. Casella",Little Bear Beach,9:27,10:07,,LBB43,Yes,WHIB,Occupied,1,,,,,,,,,,,,
67,5/27/2026,"A. Fussell, R. Casella",Little Bear Beach,9:27,10:07,,LBB44,Yes,WHIB,Occupied,2,,,,,,,,,,,,
68,6/1/2026,A. Fussell,Rock Island 11,8:02,8:20,Volunteer is J. Zatroch,RI11-1.26,No,GLIB,Empty,,,,,,,,,,,,,
68,6/1/2026,A. Fussell,Rock Island 11,8:02,8:20,Volunteer is J. Zatroch,RI11-2.26,Yes,CAEG,Occupied,2,,,,,,,,,,,,
68,6/1/2026,A. Fussell,Rock Island 11,8:02,8:20,Volunteer is J. Zatroch,RI11-3.26,No,GLIB,Occupied,2,1,,,,,,,,,,,
68,6/1/2026,A. Fussell,Rock Island 11,8:02,8:20,Volunteer is J. Zatroch,RI11-4.26,No,GBHE,Empty,,,,,,,,,,,,,
68,6/1/2026,A. Fussell,Rock Island 11,8:02,8:20,Volunteer is J. Zatroch,RI11-5.26,No,GLIB,Occupied,,2,,,,,,,,,,,
68,6/1/2026,A. Fussell,Rock Island 11,8:02,8:20,Volunteer is J. Zatroch,RI11-6.26,No,GLIB,Destroyed or Gone,,,,,,,,,,,,,
68,6/1/2026,A. Fussell,Rock Island 11,8:02,8:20,Volunteer is J. Zatroch,RI11-7.26,No,CAEG,Occupied,2,,,,,,,,,,,,
68,6/1/2026,A. Fussell,Rock Island 11,8:02,8:20,Volunteer is J. Zatroch,RI11-8.26,No,CAEG,Occupied,3,,,,,,,,,,,,
68,6/1/2026,A. Fussell,Rock Island 11,8:02,8:20,Volunteer is J. Zatroch,RI11-9.26,No,CAEG,Occupied,2,,,,,,,,,,,,
68,6/1/2026,A. Fussell,Rock Island 11,8:02,8:20,Volunteer is J. Zatroch,RI11-10.26,No,ANHI,Destroyed or Gone,,,,,,,,,,,,,
68,6/1/2026,A. Fussell,Rock Island 11,8:02,8:20,Volunteer is J. Zatroch,RI11-11.26,No,ANHI,Empty,,,,,,,,,,,,,
68,6/1/2026,A. Fussell,Rock Island 11,8:02,8:20,Volunteer is J. Zatroch,RI11-12.26,No,ROSP,Empty,,,,,,,,,,,,,
68,6/1/2026,A. Fussell,Rock Island 11,8:02,8:20,Volunteer is J. Zatroch,RI11-13.26,Yes,CAEG,Occupied,4,,,,,,,,,,,,
68,6/1/2026,A. Fussell,Rock Island 11,8:02,8:20,Volunteer is J. Zatroch,RI11-14.26,No,GBHE,Empty,,,,,,,,,,,,,
68,6/1/2026,A. Fussell,Rock Island 11,8:02,8:20,Volunteer is J. Zatroch,RI11-15.26,No,ANHI,Empty,,,,,,,,,,,,,
68,6/1/2026,A. Fussell,Rock Island 11,8:02,8:20,Volunteer is J. Zatroch,RI11-16.26,No,GBHE,Empty,,,,,,,,,,,,,
68,6/1/2026,A. Fussell,Rock Island 11,8:02,8:20,Volunteer is J. Zatroch,RI11-17.26,No,GLIB,Destroyed or Gone,,,,,,,,,,,,,
68,6/1/2026,A. Fussell,Rock Island 11,8:02,8:20,Volunteer is J. Zatroch,RI11-18.26,No,CAEG,Occupied,,2,,,,,,,,,,,
68,6/1/2026,A. Fussell,Rock Island 11,8:02,8:20,Volunteer is J. Zatroch,RI11-19.26,No,GLIB,Occupied,2,,,,,,,,,,,,
68,6/1/2026,A. Fussell,Rock Island 11,8:02,8:20,Volunteer is J. Zatroch,RI11-20.26,No,ANHI,Empty,,,,,,,,,,,,,
68,6/1/2026,A. Fussell,Rock Island 11,8:02,8:20,Volunteer is J. Zatroch,RI11-20.26,No,ROSP,Empty,,,,,,,,,,,,,
68,6/1/2026,A. Fussell,Rock Island 11,8:02,8:20,Volunteer is J. Zatroch,RI11-21.26,No,GLIB,Occupied,,1,,,,,,,,,,,
68,6/1/2026,A. Fussell,Rock Island 11,8:02,8:20,Volunteer is J. Zatroch,RI11-22.26,No,SNEG/TRHE,Destroyed or Gone,,,,,,,,,,,,,
68,6/1/2026,A. Fussell,Rock Island 11,8:02,8:20,Volunteer is J. Zatroch,RI11-23.26,No,GLIB,Destroyed or Gone,,,,,,,,,,,,,
68,6/1/2026,A. Fussell,Rock Island 11,8:02,8:20,Volunteer is J. Zatroch,RI11-24.26,No,WHIB,Destroyed or Gone,,,,,,,,,,,,,
68,6/1/2026,A. Fussell,Rock Island 11,8:02,8:20,Volunteer is J. Zatroch,RI11-25.26,No,GLIB,Empty,,,,,,,,,,,,,
68,6/1/2026,A. Fussell,Rock Island 11,8:02,8:20,Volunteer is J. Zatroch,RI11-26.26,No,GLIB,Empty,,,,,,,,,,,,,
68,6/1/2026,A. Fussell,Rock Island 11,8:02,8:20,Volunteer is J. Zatroch,RI11-27.26,No,GLIB,Empty,,,,,,,,,,,,,
68,6/1/2026,A. Fussell,Rock Island 11,8:02,8:20,Volunteer is J. Zatroch,RI11-31.26,No,GLIB,Destroyed or Gone,,,,,,,,,,,,,
68,6/1/2026,A. Fussell,Rock Island 11,8:02,8:20,Volunteer is J. Zatroch,RI11-32.26,No,GLIB,Empty,,,,,,,,,,,,,
68,6/1/2026,A. Fussell,Rock Island 11,8:02,8:20,Volunteer is J. Zatroch,RI11-33.26,No,GLIB,Occupied,,,,,1,,,,,,,,
68,6/1/2026,A. Fussell,Rock Island 11,8:02,8:20,Volunteer is J. Zatroch,RI11-34.26,No,CAEG,Occupied,3,,,,,,,,,,,,
68,6/1/2026,A. Fussell,Rock Island 11,8:02,8:20,Volunteer is J. Zatroch,RI11-35.26,No,TRHE,Occupied,,3,,,,,,,,,,,
68,6/1/2026,A. Fussell,Rock Island 11,8:02,8:20,Volunteer is J. Zatroch,RI11-36.26,No,GLIB,Empty,,,,,,,,,,,,,
68,6/1/2026,A. Fussell,Rock Island 11,8:02,8:20,Volunteer is J. Zatroch,RI11-37.26,No,GLIB,Occupied,2,,,,,,,,,,,,
68,6/1/2026,A. Fussell,Rock Island 11,8:02,8:20,Volunteer is J. Zatroch,RI11-38.26,No,GLIB,Occupied,,1,,,,,,,,,,,
69,6/1/2026,A. Fussell,Rock Island 12,8:24,8:35,Volunteer is J. Zatroch,RI12-1.26,No,ROSP,Empty,,,,,,,,,,,,,
69,6/1/2026,A. Fussell,Rock Island 12,8:24,8:35,Volunteer is J. Zatroch,RI12-2.26,No,GBHE,Empty,,,,,,,,,,,,,
69,6/1/2026,A. Fussell,Rock Island 12,8:24,8:35,Volunteer is J. Zatroch,RI12-3.26,No,GLIB,Empty,,,,,,,,,,,,,
69,6/1/2026,A. Fussell,Rock Island 12,8:24,8:35,Volunteer is J. Zatroch,RI12-4.26,No,WHIB,Occupied,2,,,,,,,,,,,,
69,6/1/2026,A. Fussell,Rock Island 12,8:24,8:35,Volunteer is J. Zatroch,RI12-5.26,No,WHIB,Occupied,2,,,,,,,,,,,,
69,6/1/2026,A. Fussell,Rock Island 12,8:24,8:35,Volunteer is J. Zatroch,RI12-6.26,No,GBHE,Empty,,,,,,,,,,,,,
69,6/1/2026,A. Fussell,Rock Island 12,8:24,8:35,Volunteer is J. Zatroch,RI12-7.26,No,GLIB,Empty,,,,,,,,,,,,,
69,6/1/2026,A. Fussell,Rock Island 12,8:24,8:35,Volunteer is J. Zatroch,RI12-8.26,No,SNEG,Empty,,,,,,,,,,,,,
69,6/1/2026,A. Fussell,Rock Island 12,8:24,8:35,Volunteer is J. Zatroch,RI12-9.26,No,ANHI,Empty,,,,,,,,,,,,,
69,6/1/2026,A. Fussell,Rock Island 12,8:24,8:35,Volunteer is J. Zatroch,RI12-10.26,No,ROSP,Destroyed or Gone,,,,,,,,,,,,,
69,6/1/2026,A. Fussell,Rock Island 12,8:24,8:35,Volunteer is J. Zatroch,RI12-11.26,No,ROSP,Empty,,,,,,,,,,,,,
69,6/1/2026,A. Fussell,Rock Island 12,8:24,8:35,Volunteer is J. Zatroch,RI12-12.26,No,WHIB,Occupied,1,,,,,,,,,,,,
69,6/1/2026,A. Fussell,Rock Island 12,8:24,8:35,Volunteer is J. Zatroch,RI12-13.26,No,GBHE,Empty,,,,,,,,,,,,,
69,6/1/2026,A. Fussell,Rock Island 12,8:24,8:35,Volunteer is J. Zatroch,RI12-14.26,No,ROSP,Empty,,,,,,,,,,,,,
69,6/1/2026,A. Fussell,Rock Island 12,8:24,8:35,Volunteer is J. Zatroch,RI12-15.26,No,ROSP,Destroyed or Gone,,,,,,,,,,,,,
69,6/1/2026,A. Fussell,Rock Island 12,8:24,8:35,Volunteer is J. Zatroch,RI12-16.26,No,GBHE,Empty,,,,,,,,,,,,,
69,6/1/2026,A. Fussell,Rock Island 12,8:24,8:35,Volunteer is J. Zatroch,RI12-17.26,No,GLIB,Empty,,,,,,,,,,,,,
69,6/1/2026,A. Fussell,Rock Island 12,8:24,8:35,Volunteer is J. Zatroch,RI12-18.26,No,WHIB,Occupied,4,,,,,,,,,,,,
69,6/1/2026,A. Fussell,Rock Island 12,8:24,8:35,Volunteer is J. Zatroch,RI12-19.26,No,GBHE,Empty,,,,,,,,,,,,,
69,6/1/2026,A. Fussell,Rock Island 12,8:24,8:35,Volunteer is J. Zatroch,RI12-20.26,No,GLIB,Destroyed or Gone,,,,,,,,,,,,,
69,6/1/2026,A. Fussell,Rock Island 12,8:24,8:35,Volunteer is J. Zatroch,RI12-21.26,No,GBHE,Empty,,,,,,,,,,,,,
69,6/1/2026,A. Fussell,Rock Island 12,8:24,8:35,Volunteer is J. Zatroch,RI12-22.26,No,GLIB,Destroyed or Gone,,,,,,,,,,,,,
69,6/1/2026,A. Fussell,Rock Island 12,8:24,8:35,Volunteer is J. Zatroch,RI12-23.26,No,WHIB,Occupied,2,,,,,,,,,,,,
69,6/1/2026,A. Fussell,Rock Island 12,8:24,8:35,Volunteer is J. Zatroch,RI12-24.26,No,WHIB,Occupied,2,,,,,,,,,,,,
69,6/1/2026,A. Fussell,Rock Island 12,8:24,8:35,Volunteer is J. Zatroch,RI12-25.26,No,SNEG,Empty,,,,,,,,,,,,,
69,6/1/2026,A. Fussell,Rock Island 12,8:24,8:35,Volunteer is J. Zatroch,RI12-26.26,No,WHIB,Occupied,2,,,,,,,,,,,,
69,6/1/2026,A. Fussell,Rock Island 12,8:24,8:35,Volunteer is J. Zatroch,RI12-27.26,No,GLIB,Empty,,,,,,,,,,,,,
69,6/1/2026,A. Fussell,Rock Island 12,8:24,8:35,Volunteer is J. Zatroch,RI12-28.26,No,GLIB,Destroyed or Gone,,,,,,,,,,,,,
69,6/1/2026,A. Fussell,Rock Island 12,8:24,8:35,Volunteer is J. Zatroch,RI12-29.26,No,WHIB,Empty,,,,,,,,,,,,,
69,6/1/2026,A. Fussell,Rock Island 12,8:24,8:35,Volunteer is J. Zatroch,RI12-30.26,No,TRHE,Destroyed or Gone,,,,,,,,,,,,,
69,6/1/2026,A. Fussell,Rock Island 12,8:24,8:35,Volunteer is J. Zatroch,RI12-31.26,No,WHIB,Occupied,2,,,,,,,,,,,,
69,6/1/2026,A. Fussell,Rock Island 12,8:24,8:35,Volunteer is J. Zatroch,RI12-32.26,No,WHIB,Occupied,2,,,,,,,,,,,,
69,6/1/2026,A. Fussell,Rock Island 12,8:24,8:35,Volunteer is J. Zatroch,RI12-33.26,No,WHIB,Occupied,2,,,,,,,,,,,,
69,6/1/2026,A. Fussell,Rock Island 12,8:24,8:35,Volunteer is J. Zatroch,RI12-34.26,No,WHIB,Occupied,3,,,,,,,,,,,,
69,6/1/2026,A. Fussell,Rock Island 12,8:24,8:35,Volunteer is J. Zatroch,RI12-35.26,No,WHIB,Empty,,,,,,,,,,,,,
69,6/1/2026,A. Fussell,Rock Island 12,8:24,8:35,Volunteer is J. Zatroch,RI12-36.26,No,WHIB,Occupied,3,,,,,,,,,,,,
69,6/1/2026,A. Fussell,Rock Island 12,8:24,8:35,Volunteer is J. Zatroch,RI12-37.26,No,WHIB,Occupied,1,,,,,,,,,,,,
69,6/1/2026,A. Fussell,Rock Island 12,8:24,8:35,Volunteer is J. Zatroch,RI12-38.26,No,WHIB,Occupied,2,,,,,,,,,,,,
70,6/1/2026,A. Fussell,Clewiston Spit,10:44,11:01,Volunteer is J. Zatroch,CS1.26,No,ROSP,Empty,,,,,,,,,,,,,
70,6/1/2026,A. Fussell,Clewiston Spit,10:44,11:01,Volunteer is J. Zatroch,CS2.26,No,ROSP,Empty,,,,,,,,,,,,,
70,6/1/2026,A. Fussell,Clewiston Spit,10:44,11:01,Volunteer is J. Zatroch,CS3.26,No,ROSP,Empty,,,,,,,,,,,,,
70,6/1/2026,A. Fussell,Clewiston Spit,10:44,11:01,Volunteer is J. Zatroch,CS4.26,No,ROSP,Empty,,,,,,,,,,,,,
70,6/1/2026,A. Fussell,Clewiston Spit,10:44,11:01,Volunteer is J. Zatroch,CS5.26,No,ROSP,Empty,,,,,,,,,,,,,
70,6/1/2026,A. Fussell,Clewiston Spit,10:44,11:01,Volunteer is J. Zatroch,CS6.26,No,GBHE,Empty,,,,,,,,,,,,,
70,6/1/2026,A. Fussell,Clewiston Spit,10:44,11:01,Volunteer is J. Zatroch,CS7.26,No,GBHE,Empty,,,,,,,,,,,,,
70,6/1/2026,A. Fussell,Clewiston Spit,10:44,11:01,Volunteer is J. Zatroch,CS8.26,No,ROSP,Empty,,,,,,,,,,,,,
70,6/1/2026,A. Fussell,Clewiston Spit,10:44,11:01,Volunteer is J. Zatroch,CS9.26,No,GBHE,Empty,,,,,,,,,,,,,
70,6/1/2026,A. Fussell,Clewiston Spit,10:44,11:01,Volunteer is J. Zatroch,CS10.26,No,SNEG,Empty,,,,,,,,,,,,,
70,6/1/2026,A. Fussell,Clewiston Spit,10:44,11:01,Volunteer is J. Zatroch,CS11.26,No,ROSP,Empty,,,,,,,,,,,,,
70,6/1/2026,A. Fussell,Clewiston Spit,10:44,11:01,Volunteer is J. Zatroch,CS12.26,No,GLIB,Occupied,,2,,,,,,,,,,,
70,6/1/2026,A. Fussell,Clewiston Spit,10:44,11:01,Volunteer is J. Zatroch,CS13.26,No,GLIB,Occupied,,3,,,,,,,,,,,
70,6/1/2026,A. Fussell,Clewiston Spit,10:44,11:01,Volunteer is J. Zatroch,CS14.26,No,SNEG,Empty,,,,,,,,,,,,,
70,6/1/2026,A. Fussell,Clewiston Spit,10:44,11:01,Volunteer is J. Zatroch,CS15.26,No,SNEG,Empty,,,,,,,,,,,,,
70,6/1/2026,A. Fussell,Clewiston Spit,10:44,11:01,Volunteer is J. Zatroch,CS16.26,No,ROSP,Destroyed or Gone,,,,,,,,,,,,,
70,6/1/2026,A. Fussell,Clewiston Spit,10:44,11:01,Volunteer is J. Zatroch,CS17.26,No,GBHE,Empty,,,,,,,,,,,,,
70,6/1/2026,A. Fussell,Clewiston Spit,10:44,11:01,Volunteer is J. Zatroch,CS18.26,No,GBHE,Empty,,,,,,,,,,,,,
70,6/1/2026,A. Fussell,Clewiston Spit,10:44,11:01,Volunteer is J. Zatroch,CS19.26,No,WHIB,Empty,,,,,,,,,,,,,
70,6/1/2026,A. Fussell,Clewiston Spit,10:44,11:01,Volunteer is J. Zatroch,CS20.26,No,WHIB,Empty,,,,,,,,,,,,,
70,6/1/2026,A. Fussell,Clewiston Spit,10:44,11:01,Volunteer is J. Zatroch,CS21.26,No,SNEG,Empty,,,,,,,,,,,,,
70,6/1/2026,A. Fussell,Clewiston Spit,10:44,11:01,Volunteer is J. Zatroch,CS22.26,No,WHIB,Empty,,,,,,,,,,,,,
70,6/1/2026,A. Fussell,Clewiston Spit,10:44,11:01,Volunteer is J. Zatroch,CS23.26,No,WHIB,Destroyed or Gone,,,,,,,,,,,,,
70,6/1/2026,A. Fussell,Clewiston Spit,10:44,11:01,Volunteer is J. Zatroch,CS24.26,No,WHIB,Empty,,,,,, ,,,,,,,
70,6/1/2026,A. Fussell,Clewiston Spit,10:44,11:01,Volunteer is J. Zatroch,CS25.26,No,WHIB,Empty,,,,,,,,,,,,,
70,6/1/2026,A. Fussell,Clewiston Spit,10:44,11:01,Volunteer is J. Zatroch,CS26.26,No,WHIB,Destroyed or Gone,,,,,,,,,,,,,
70,6/1/2026,A. Fussell,Clewiston Spit,10:44,11:01,Volunteer is J. Zatroch,CS27.26,No,WHIB,Destroyed or Gone,,,,,,,,,,,,,
70,6/1/2026,A. Fussell,Clewiston Spit,10:44,11:01,Volunteer is J. Zatroch,CS28.26,No,WHIB,Empty,,,,,,,,,,,,,
70,6/1/2026,A. Fussell,Clewiston Spit,10:44,11:01,Volunteer is J. Zatroch,CS29.26,No,WHIB,Destroyed or Gone,,,,,,,,,,,,,
70,6/1/2026,A. Fussell,Clewiston Spit,10:44,11:01,Volunteer is J. Zatroch,CS30.26,No,WHIB,Destroyed or Gone,,,,,,,,,,,,,
70,6/1/2026,A. Fussell,Clewiston Spit,10:44,11:01,Volunteer is J. Zatroch,CS31.26,No,WHIB,Destroyed or Gone,,,,,,,,,,,,,
70,6/1/2026,A. Fussell,Clewiston Spit,10:44,11:01,Volunteer is J. Zatroch,CS32.26,No,WHIB,Empty,,,,,,,,,,,,,
70,6/1/2026,A. Fussell,Clewiston Spit,10:44,11:01,Volunteer is J. Zatroch,CS33.26,No,WHIB,Empty,,,,,,,,,,,,,
70,6/1/2026,A. Fussell,Clewiston Spit,10:44,11:01,Volunteer is J. Zatroch,CS34.26,No,WHIB,Destroyed or Gone,,,,,,,,,,,,,
70,6/1/2026,A. Fussell,Clewiston Spit,10:44,11:01,Volunteer is J. Zatroch,CS35.26,No,WHIB,Empty,,,,,,,,,,,,,
70,6/1/2026,A. Fussell,Clewiston Spit,10:44,11:01,Volunteer is J. Zatroch,CS36.26,No,WHIB,Empty,,,,,,,,,,,,,
70,6/1/2026,A. Fussell,Clewiston Spit,10:44,11:01,Volunteer is J. Zatroch,CS37.26,No,WHIB,Empty,,,,,,,,,,,,,
70,6/1/2026,A. Fussell,Clewiston Spit,10:44,11:01,Volunteer is J. Zatroch,CS38.26,No,SNEG,Empty,,,,,,,,,,,,,
70,6/1/2026,A. Fussell,Clewiston Spit,10:44,11:01,Volunteer is J. Zatroch,CS39.26,No,GBHE,Occupied,,1,,,,,,,,,,,
70,6/1/2026,A. Fussell,Clewiston Spit,10:44,11:01,Volunteer is J. Zatroch,CS40.26,No,WHIB,Empty,,,,,,,,,,,,,
70,6/1/2026,A. Fussell,Clewiston Spit,10:44,11:01,Volunteer is J. Zatroch,CS41.26,No,WHIB,Empty,,,,,,,,,,,,,
70,6/1/2026,A. Fussell,Clewiston Spit,10:44,11:01,Volunteer is J. Zatroch,CS42.26,No,WHIB,Empty,,,,,,,,,,,,,
70,6/1/2026,A. Fussell,Clewiston Spit,10:44,11:01,Volunteer is J. Zatroch,CS43.26,No,SNEG,Empty,,,,,,,,,,,,,
70,6/1/2026,A. Fussell,Clewiston Spit,10:44,11:01,Volunteer is J. Zatroch,CS44.26,No,GLIB,Empty,,,,,,,,,,,,,
70,6/1/2026,A. Fussell,Clewiston Spit,10:44,11:01,Volunteer is J. Zatroch,CS45.26,No,TRHE,Empty,,,,,,,,,,,,,
70,6/1/2026,A. Fussell,Clewiston Spit,10:44,11:01,Volunteer is J. Zatroch,CS46.26,No,SNEG,Empty,,,,,,,,,,,,,
70,6/1/2026,A. Fussell,Clewiston Spit,10:44,11:01,Volunteer is J. Zatroch,CS47.26,No,SNEG,Empty,,,,,,,,,,,,,
70,6/1/2026,A. Fussell,Clewiston Spit,10:44,11:01,Volunteer is J. Zatroch,CS48.26,No,SNEG,Empty,,,,,,,,,,,,,
70,6/1/2026,A. Fussell,Clewiston Spit,10:44,11:01,Volunteer is J. Zatroch,CS49.26,No,GLIB,Empty,,,,,,,,,,,,,
70,6/1/2026,A. Fussell,Clewiston Spit,10:44,11:01,Volunteer is J. Zatroch,CS50.26,No,SNEG,Empty,,,,,,,,,,,,,
70,6/1/2026,A. Fussell,Clewiston Spit,10:44,11:01,Volunteer is J. Zatroch,CS51.26,No,ROSP,Empty,,,,,,,,,,,,,
70,6/1/2026,A. Fussell,Clewiston Spit,10:44,11:01,Volunteer is J. Zatroch,CS52.26,No,SNEG,Empty,,,,,,,,,,,,,
70,6/1/2026,A. Fussell,Clewiston Spit,10:44,11:01,Volunteer is J. Zatroch,CS53.26,No,SNEG,Empty,,,,,,,,,,,,,
70,6/1/2026,A. Fussell,Clewiston Spit,10:44,11:01,Volunteer is J. Zatroch,CS54.26,No,SNEG,Empty,,,,,,,,,,,,,
70,6/1/2026,A. Fussell,Clewiston Spit,10:44,11:01,Volunteer is J. Zatroch,CS55.26,No,SNEG,Empty,,,,,,,,,,,,,
70,6/1/2026,A. Fussell,Clewiston Spit,10:44,11:01,Volunteer is J. Zatroch,CS56.26,No,SNEG,Empty,,,,,,,,,,,,,
70,6/1/2026,A. Fussell,Clewiston Spit,10:44,11:01,Volunteer is J. Zatroch,CS57.26,No,SNEG,Empty,,,,,,,,,,,,,
70,6/1/2026,A. Fussell,Clewiston Spit,10:44,11:01,Volunteer is J. Zatroch,CS58.26,No,SNEG,Occupied,,3,,,,,,,,,,,
70,6/1/2026,A. Fussell,Clewiston Spit,10:44,11:01,Volunteer is J. Zatroch,CS59.26,No,GLIB,Empty,,,,,1,,,,,,,,
70,6/1/2026,A. Fussell,Clewiston Spit,10:44,11:01,Volunteer is J. Zatroch,CS60.26,No,SNEG,Occupied,2,,,,,,,,,,,,
71,6/1/2026,A. Fussell,Little Bear Beach,10:10,10:25,Volunteer is J. Zatroch,LBB1,No,WHIB,Occupied,,2,,,,,,,,,,,
71,6/1/2026,A. Fussell,Little Bear Beach,10:10,10:25,Volunteer is J. Zatroch,LBB2,No,WHIB,Occupied,,2,,,,,,,,,,,
71,6/1/2026,A. Fussell,Little Bear Beach,10:10,10:25,Volunteer is J. Zatroch,LBB3,No,WHIB,Occupied,,2,,,,,,,,,,,
71,6/1/2026,A. Fussell,Little Bear Beach,10:10,10:25,Volunteer is J. Zatroch,LBB4,No,TRHE,Occupied,,2,,,,,,,,,,,
71,6/1/2026,A. Fussell,Little Bear Beach,10:10,10:25,Volunteer is J. Zatroch,LBB5,No,SNEG,Destroyed or Gone,,,,,,,,,,,,,
71,6/1/2026,A. Fussell,Little Bear Beach,10:10,10:25,Volunteer is J. Zatroch,LBB6,No,WHIB,Occupied,,1,,,,,,,,,,,
71,6/1/2026,A. Fussell,Little Bear Beach,10:10,10:25,Volunteer is J. Zatroch,LBB7,No,WHIB,Occupied,2,,,,,,,,,,,,
71,6/1/2026,A. Fussell,Little Bear Beach,10:10,10:25,Volunteer is J. Zatroch,LBB8,No,SNEG,Occupied,,2,,,,,,,,,,,
71,6/1/2026,A. Fussell,Little Bear Beach,10:10,10:25,Volunteer is J. Zatroch,LBB9,No,SNEG,Occupied,,1,,,1,,,,,,,,
71,6/1/2026,A. Fussell,Little Bear Beach,10:10,10:25,Volunteer is J. Zatroch,LBB10,No,GLIB,Occupied,1,1,,,,,,,,,,,
71,6/1/2026,A. Fussell,Little Bear Beach,10:10,10:25,Volunteer is J. Zatroch,LBB11,No,WHIB,Occupied,1,,,,1,,,,,,,,
71,6/1/2026,A. Fussell,Little Bear Beach,10:10,10:25,Volunteer is J. Zatroch,LBB12,No,SNEG,Destroyed or Gone,,,,,,,,,,,,,
71,6/1/2026,A. Fussell,Little Bear Beach,10:10,10:25,Volunteer is J. Zatroch,LBB13,No,SNEG,Destroyed or Gone,,,,,,,,,,,,,
71,6/1/2026,A. Fussell,Little Bear Beach,10:10,10:25,Volunteer is J. Zatroch,LBB14,No,WHIB,Destroyed or Gone,,,,,,,,,,,,,
71,6/1/2026,A. Fussell,Little Bear Beach,10:10,10:25,Volunteer is J. Zatroch,LBB15,No,WHIB,Occupied,,1,,,,,,,,,,,
71,6/1/2026,A. Fussell,Little Bear Beach,10:10,10:25,Volunteer is J. Zatroch,LBB16,No,WHIB,Empty,,,,,,,,,,,,,
71,6/1/2026,A. Fussell,Little Bear Beach,10:10,10:25,Volunteer is J. Zatroch,LBB17,No,WHIB,Empty,,,,,,,,,,,,,
71,6/1/2026,A. Fussell,Little Bear Beach,10:10,10:25,Volunteer is J. Zatroch,LBB18,No,WHIB,Empty,,,,,,,,,,,,,
71,6/1/2026,A. Fussell,Little Bear Beach,10:10,10:25,Volunteer is J. Zatroch,LBB19,Yes,WHIB,Occupied,2,,,,,,,,,,,,
71,6/1/2026,A. Fussell,Little Bear Beach,10:10,10:25,Volunteer is J. Zatroch,LBB20,No,WHIB,Destroyed or Gone,,,,,,,,,,,,,
71,6/1/2026,A. Fussell,Little Bear Beach,10:10,10:25,Volunteer is J. Zatroch,LBB21,No,WHIB,Occupied,,1,,,,,,,,,,,
71,6/1/2026,A. Fussell,Little Bear Beach,10:10,10:25,Volunteer is J. Zatroch,LBB22,No,WHIB,Occupied,,2,,,,,,,,,,,
71,6/1/2026,A. Fussell,Little Bear Beach,10:10,10:25,Volunteer is J. Zatroch,LBB23,No,SNEG,Occupied,,2,,,,,,,,,,,
71,6/1/2026,A. Fussell,Little Bear Beach,10:10,10:25,Volunteer is J. Zatroch,LBB24,No,SNEG,Occupied,,2,,,,,,,,,,,
71,6/1/2026,A. Fussell,Little Bear Beach,10:10,10:25,Volunteer is J. Zatroch,LBB25,No,SNEG,Destroyed or Gone,,,,,,,,,,,,,
71,6/1/2026,A. Fussell,Little Bear Beach,10:10,10:25,Volunteer is J. Zatroch,LBB26,No,WHIB,Occupied,2,,,,,,,,,,,,
71,6/1/2026,A. Fussell,Little Bear Beach,10:10,10:25,Volunteer is J. Zatroch,LBB27,No,WHIB,Occupied,,2,,,,,,,,,,,
71,6/1/2026,A. Fussell,Little Bear Beach,10:10,10:25,Volunteer is J. Zatroch,LBB28,No,WHIB,Occupied,,2,,,,,,,,,,,
71,6/1/2026,A. Fussell,Little Bear Beach,10:10,10:25,Volunteer is J. Zatroch,LBB29,Yes,WHIB,Occupied,2,,,,,,,,,,,,
71,6/1/2026,A. Fussell,Little Bear Beach,10:10,10:25,Volunteer is J. Zatroch,LBB30,No,WHIB,Occupied,,2,,,,,,,,,,,
71,6/1/2026,A. Fussell,Little Bear Beach,10:10,10:25,Volunteer is J. Zatroch,LBB31,No,SNEG,Occupied,,2,,,,,,,,,,,
71,6/1/2026,A. Fussell,Little Bear Beach,10:10,10:25,Volunteer is J. Zatroch,LBB32,No,SNEG,Occupied,2,,,,,,,,,,,,
71,6/1/2026,A. Fussell,Little Bear Beach,10:10,10:25,Volunteer is J. Zatroch,LBB33,No,WHIB,Occupied,2,,,,,,,,,,,,
71,6/1/2026,A. Fussell,Little Bear Beach,10:10,10:25,Volunteer is J. Zatroch,LBB34,No,WHIB,Occupied,2,,,,,,,,,,,,
71,6/1/2026,A. Fussell,Little Bear Beach,10:10,10:25,Volunteer is J. Zatroch,LBB35,No,WHIB,Occupied,2,,,,,,,,,,,,
71,6/1/2026,A. Fussell,Little Bear Beach,10:10,10:25,Volunteer is J. Zatroch,LBB36,No,WHIB,Occupied,2,,,,,,,,,,,,
71,6/1/2026,A. Fussell,Little Bear Beach,10:10,10:25,Volunteer is J. Zatroch,LBB37,No,WHIB,Occupied,2,,,,,,,,,,,,
71,6/1/2026,A. Fussell,Little Bear Beach,10:10,10:25,Volunteer is J. Zatroch,LBB38,No,WHIB,Occupied,2,,,,,,,,,,,,
71,6/1/2026,A. Fussell,Little Bear Beach,10:10,10:25,Volunteer is J. Zatroch,LBB39,No,WHIB,Occupied,3,,,,,,,,,,,,
71,6/1/2026,A. Fussell,Little Bear Beach,10:10,10:25,Volunteer is J. Zatroch,LBB40,No,WHIB,Occupied,2,,,,,,,,,,,,
71,6/1/2026,A. Fussell,Little Bear Beach,10:10,10:25,Volunteer is J. Zatroch,LBB41,No,WHIB,Occupied,2,,,,,,,,,,,,
71,6/1/2026,A. Fussell,Little Bear Beach,10:10,10:25,Volunteer is J. Zatroch,LBB42,No,WHIB,Occupied,,3,,,,,,,,,,,
71,6/1/2026,A. Fussell,Little Bear Beach,10:10,10:25,Volunteer is J. Zatroch,LBB43,No,WHIB,Occupied,3,,,,,,,,,,,,
71,6/1/2026,A. Fussell,Little Bear Beach,10:10,10:25,Volunteer is J. Zatroch,LBB44,No,WHIB,Occupied,,1,,,,,,,,,,,
72,6/10/2026,"A. Fussell, R. Casella",Rock Island 11,7:48,8:03,,RI11-1.26,Yes,CAEG,Occupied,2,,,,,,,,,,,,
72,6/10/2026,"A. Fussell, R. Casella",Rock Island 11,7:48,8:03,,RI11-2.26,No,CAEG,Occupied,2,,,,,,,,,,,,
72,6/10/2026,"A. Fussell, R. Casella",Rock Island 11,7:48,8:03,,RI11-3.26,No,GLIB,Occupied,2,,,,,,,,,,,,
72,6/10/2026,"A. Fussell, R. Casella",Rock Island 11,7:48,8:03,,RI11-4.26,No,GBHE,Empty,,,,,,,,,,,,,
72,6/10/2026,"A. Fussell, R. Casella",Rock Island 11,7:48,8:03,,RI11-5.26,No,GLIB,Destroyed or Gone,,,,,,,,,,,,,
72,6/10/2026,"A. Fussell, R. Casella",Rock Island 11,7:48,8:03,,RI11-6.26,No,GLIB,Destroyed or Gone,,,,,,,,,,,,,
72,6/10/2026,"A. Fussell, R. Casella",Rock Island 11,7:48,8:03,,RI11-7.26,Yes,CAEG,Occupied,2,,,,,,,,,,,,
72,6/10/2026,"A. Fussell, R. Casella",Rock Island 11,7:48,8:03,,RI11-8.26,No,CAEG,Occupied,1,2,,,,,,,,,,,
72,6/10/2026,"A. Fussell, R. Casella",Rock Island 11,7:48,8:03,,RI11-9.26,No,CAEG,Destroyed or Gone,,,,,,,,,,,,,
72,6/10/2026,"A. Fussell, R. Casella",Rock Island 11,7:48,8:03,,RI11-10.26,No,ANHI,Destroyed or Gone,,,,,,,,,,,,,
72,6/10/2026,"A. Fussell, R. Casella",Rock Island 11,7:48,8:03,,RI11-11.26,No,ANHI,Empty,,,,,,,,,,,,,
72,6/10/2026,"A. Fussell, R. Casella",Rock Island 11,7:48,8:03,,RI11-12.26,No,ROSP,Empty,,,,,,,,,,,,,
72,6/10/2026,"A. Fussell, R. Casella",Rock Island 11,7:48,8:03,,RI11-13.26,No,CAEG,Destroyed or Gone,,,,,,,,,,,,,
72,6/10/2026,"A. Fussell, R. Casella",Rock Island 11,7:48,8:03,,RI11-14.26,No,GBHE,Empty,,,,,,,,,,,,,
72,6/10/2026,"A. Fussell, R. Casella",Rock Island 11,7:48,8:03,,RI11-15.26,No,ANHI,Empty,,,,,,,,,,,,,
72,6/10/2026,"A. Fussell, R. Casella",Rock Island 11,7:48,8:03,,RI11-16.26,No,GBHE,Empty,,,,,,,,,,,,,
72,6/10/2026,"A. Fussell, R. Casella",Rock Island 11,7:48,8:03,,RI11-17.26,Yes,WHIB,Occupied,1,,,,,,,,,,,,
72,6/10/2026,"A. Fussell, R. Casella",Rock Island 11,7:48,8:03,,RI11-18.26,No,CAEG,Occupied,,2,,,,,,,,,,,
72,6/10/2026,"A. Fussell, R. Casella",Rock Island 11,7:48,8:03,,RI11-19.26,No,GLIB,Destroyed or Gone,,,,,,,,,,,,,
72,6/10/2026,"A. Fussell, R. Casella",Rock Island 11,7:48,8:03,,RI11-20.26,No,ANHI,Empty,,,,,,,,,,,,,
72,6/10/2026,"A. Fussell, R. Casella",Rock Island 11,7:48,8:03,,RI11-20.26,No,ROSP,Empty,,,,,,,,,,,,,
72,6/10/2026,"A. Fussell, R. Casella",Rock Island 11,7:48,8:03,,RI11-21.26,Yes,WHIB,Occupied,2,,,,,,,,,,,,
72,6/10/2026,"A. Fussell, R. Casella",Rock Island 11,7:48,8:03,,RI11-22.26,No,SNEG/TRHE,Destroyed or Gone,,,,,,,,,,,,,
72,6/10/2026,"A. Fussell, R. Casella",Rock Island 11,7:48,8:03,,RI11-23.26,No,GLIB,Destroyed or Gone,,,,,,,,,,,,,
72,6/10/2026,"A. Fussell, R. Casella",Rock Island 11,7:48,8:03,,RI11-24.26,No,WHIB,Destroyed or Gone,,,,,,,,,,,,,
72,6/10/2026,"A. Fussell, R. Casella",Rock Island 11,7:48,8:03,,RI11-25.26,Yes,CAEG,Occupied,2,,,,,,,,,,,,
72,6/10/2026,"A. Fussell, R. Casella",Rock Island 11,7:48,8:03,,RI11-26.26,No,GLIB,Empty,,,,,,,,,,,,,
72,6/10/2026,"A. Fussell, R. Casella",Rock Island 11,7:48,8:03,,RI11-27.26,No,GLIB,Empty,,,,,,,,,,,,,
72,6/10/2026,"A. Fussell, R. Casella",Rock Island 11,7:48,8:03,,RI11-31.26,No,GLIB,Destroyed or Gone,,,,,,,,,,,,,
72,6/10/2026,"A. Fussell, R. Casella",Rock Island 11,7:48,8:03,,RI11-32.26,No,GLIB,Empty,,,,,,,,,,,,,
72,6/10/2026,"A. Fussell, R. Casella",Rock Island 11,7:48,8:03,,RI11-33.26,No,GLIB,Destroyed or Gone,,,,,,,,,,,,,
72,6/10/2026,"A. Fussell, R. Casella",Rock Island 11,7:48,8:03,,RI11-34.26,No,CAEG,Occupied,3,,,,,,,,,,,,
72,6/10/2026,"A. Fussell, R. Casella",Rock Island 11,7:48,8:03,,RI11-35.26,No,TRHE,Empty,,,,,,,,,,,,,
72,6/10/2026,"A. Fussell, R. Casella",Rock Island 11,7:48,8:03,,RI11-36.26,No,GLIB,Empty,,,,,,,,,,,,,
72,6/10/2026,"A. Fussell, R. Casella",Rock Island 11,7:48,8:03,,RI11-37.26,No,GLIB,Destroyed or Gone,,,,,,,,,,,,,
72,6/10/2026,"A. Fussell, R. Casella",Rock Island 11,7:48,8:03,,RI11-38.26,No,GLIB,Destroyed or Gone,,,,,,,,,,,,,
73,6/10/2026,"A. Fussell, R. Casella",Rock Island 12,8:17,8:26,,RI12-1.26,No,ROSP,Empty,,,,,,,,,,,,,
73,6/10/2026,"A. Fussell, R. Casella",Rock Island 12,8:17,8:26,,RI12-2.26,No,GBHE,Empty,,,,,,,,,,,,,
73,6/10/2026,"A. Fussell, R. Casella",Rock Island 12,8:17,8:26,,RI12-3.26,No,GLIB,Empty,,,,,,,,,,,,,
73,6/10/2026,"A. Fussell, R. Casella",Rock Island 12,8:17,8:26,,RI12-4.26,No,WHIB,Occupied,1,1,,,,,,,,,,,
73,6/10/2026,"A. Fussell, R. Casella",Rock Island 12,8:17,8:26,,RI12-5.26,No,WHIB,Occupied,1,1,,,,,,,,,,,
73,6/10/2026,"A. Fussell, R. Casella",Rock Island 12,8:17,8:26,,RI12-6.26,No,GBHE,Empty,,,,,,,,,,,,,
73,6/10/2026,"A. Fussell, R. Casella",Rock Island 12,8:17,8:26,,RI12-7.26,No,GLIB,Empty,,,,,,,,,,,,,
73,6/10/2026,"A. Fussell, R. Casella",Rock Island 12,8:17,8:26,,RI12-8.26,No,SNEG,Empty,,,,,,,,,,,,,
73,6/10/2026,"A. Fussell, R. Casella",Rock Island 12,8:17,8:26,,RI12-9.26,No,ANHI,Empty,,,,,,,,,,,,,
73,6/10/2026,"A. Fussell, R. Casella",Rock Island 12,8:17,8:26,,RI12-10.26,No,ROSP,Destroyed or Gone,,,,,,,,,,,,,
73,6/10/2026,"A. Fussell, R. Casella",Rock Island 12,8:17,8:26,,RI12-11.26,No,ROSP,Empty,,,,,,,,,,,,,
73,6/10/2026,"A. Fussell, R. Casella",Rock Island 12,8:17,8:26,,RI12-12.26,No,WHIB,Occupied,,1,,,,,,,,,,,
73,6/10/2026,"A. Fussell, R. Casella",Rock Island 12,8:17,8:26,,RI12-13.26,No,GBHE,Empty,,,,,,,,,,,,,
73,6/10/2026,"A. Fussell, R. Casella",Rock Island 12,8:17,8:26,,RI12-14.26,No,ROSP,Empty,,,,,,,,,,,,,
73,6/10/2026,"A. Fussell, R. Casella",Rock Island 12,8:17,8:26,,RI12-15.26,No,ROSP,Destroyed or Gone,,,,,,,,,,,,,
73,6/10/2026,"A. Fussell, R. Casella",Rock Island 12,8:17,8:26,,RI12-16.26,No,GBHE,Empty,,,,,,,,,,,,,
73,6/10/2026,"A. Fussell, R. Casella",Rock Island 12,8:17,8:26,,RI12-17.26,No,GLIB,Empty,,,,,,,,,,,,,
73,6/10/2026,"A. Fussell, R. Casella",Rock Island 12,8:17,8:26,,RI12-18.26,No,WHIB,Occupied,,3,,,,,,,,,,,
73,6/10/2026,"A. Fussell, R. Casella",Rock Island 12,8:17,8:26,,RI12-19.26,No,GBHE,Empty,,,,,,,,,,,,,
73,6/10/2026,"A. Fussell, R. Casella",Rock Island 12,8:17,8:26,,RI12-20.26,No,GLIB,Destroyed or Gone,,,,,,,,,,,,,
73,6/10/2026,"A. Fussell, R. Casella",Rock Island 12,8:17,8:26,,RI12-21.26,No,GBHE,Empty,,,,,,,,,,,,,
73,6/10/2026,"A. Fussell, R. Casella",Rock Island 12,8:17,8:26,,RI12-22.26,No,GLIB,Destroyed or Gone,,,,,,,,,,,,,
73,6/10/2026,"A. Fussell, R. Casella",Rock Island 12,8:17,8:26,,RI12-23.26,No,WHIB,Occupied,,2,,,,,,,,,,,
73,6/10/2026,"A. Fussell, R. Casella",Rock Island 12,8:17,8:26,,RI12-24.26,No,WHIB,Occupied,,2,,,,,,,,,,,
73,6/10/2026,"A. Fussell, R. Casella",Rock Island 12,8:17,8:26,,RI12-25.26,No,SNEG,Empty,,,,,,,,,,,,,
73,6/10/2026,"A. Fussell, R. Casella",Rock Island 12,8:17,8:26,,RI12-26.26,No,WHIB,Destroyed or Gone,,,,,,,,,,,,,
73,6/10/2026,"A. Fussell, R. Casella",Rock Island 12,8:17,8:26,,RI12-27.26,No,GLIB,Empty,,,,,,,,,,,,,
73,6/10/2026,"A. Fussell, R. Casella",Rock Island 12,8:17,8:26,,RI12-28.26,No,GLIB,Destroyed or Gone,,,,,,,,,,,,,
73,6/10/2026,"A. Fussell, R. Casella",Rock Island 12,8:17,8:26,,RI12-29.26,No,WHIB,Empty,,,,,,,,,,,,,
73,6/10/2026,"A. Fussell, R. Casella",Rock Island 12,8:17,8:26,,RI12-30.26,No,TRHE,Destroyed or Gone,,,,,,,,,,,,,
73,6/10/2026,"A. Fussell, R. Casella",Rock Island 12,8:17,8:26,,RI12-31.26,No,WHIB,Destroyed or Gone,,,,,,,,,,,,,
73,6/10/2026,"A. Fussell, R. Casella",Rock Island 12,8:17,8:26,,RI12-32.26,No,WHIB,Occupied,,2,,,,,,,,,,,
73,6/10/2026,"A. Fussell, R. Casella",Rock Island 12,8:17,8:26,,RI12-33.26,No,WHIB,Occupied,,2,,,,,,,,,,,
73,6/10/2026,"A. Fussell, R. Casella",Rock Island 12,8:17,8:26,,RI12-34.26,No,WHIB,Occupied,,2,,,,,,,,,,,
73,6/10/2026,"A. Fussell, R. Casella",Rock Island 12,8:17,8:26,,RI12-35.26,No,WHIB,Empty,,,,,,,,,,,,,
73,6/10/2026,"A. Fussell, R. Casella",Rock Island 12,8:17,8:26,,RI12-36.26,No,WHIB,Occupied,,3,,,,,,,,,,,
73,6/10/2026,"A. Fussell, R. Casella",Rock Island 12,8:17,8:26,,RI12-37.26,No,WHIB,Destroyed or Gone,,,,,,,,,,,,,
73,6/10/2026,"A. Fussell, R. Casella",Rock Island 12,8:17,8:26,,RI12-38.26,No,WHIB,Occupied,1,1,,,,,,,,,,,
74,6/12/2026,"A. Fussell, R. Casella",Little Bear Beach,9:20,9:45,,LBB1,No,WHIB,Occupied,,,,,,,,,,,,,
74,6/12/2026,"A. Fussell, R. Casella",Little Bear Beach,9:20,9:45,,LBB2,No,WHIB,Occupied,,2,,,,,,,,,,,
74,6/12/2026,"A. Fussell, R. Casella",Little Bear Beach,9:20,9:45,,LBB3,No,WHIB,Occupied,,2,,,,,,,,,,,
74,6/12/2026,"A. Fussell, R. Casella",Little Bear Beach,9:20,9:45,,LBB4,No,TRHE,Occupied,,1,,,,,,,,,,,
74,6/12/2026,"A. Fussell, R. Casella",Little Bear Beach,9:20,9:45,,LBB5,No,SNEG,Destroyed or Gone,,,,,,,,,,,,,
74,6/12/2026,"A. Fussell, R. Casella",Little Bear Beach,9:20,9:45,,LBB6,No,WHIB,Empty,,,,,,,,,,,,,
74,6/12/2026,"A. Fussell, R. Casella",Little Bear Beach,9:20,9:45,,LBB7,No,WHIB,Destroyed or Gone,,,,,,,,,,,,,
74,6/12/2026,"A. Fussell, R. Casella",Little Bear Beach,9:20,9:45,,LBB8,No,SNEG,Occupied,,1,,,,,,,,,,,
74,6/12/2026,"A. Fussell, R. Casella",Little Bear Beach,9:20,9:45,,LBB9,No,SNEG,Occupied,,,,,1,,,,,,,,
74,6/12/2026,"A. Fussell, R. Casella",Little Bear Beach,9:20,9:45,,LBB10,No,GLIB,Occupied,,2,,,,,,,,,,,
74,6/12/2026,"A. Fussell, R. Casella",Little Bear Beach,9:20,9:45,,LBB11,No,WHIB,Empty,,,,,,,,,,,,,
74,6/12/2026,"A. Fussell, R. Casella",Little Bear Beach,9:20,9:45,,LBB12,No,SNEG,Destroyed or Gone,,,,,,,,,,,,,
74,6/12/2026,"A. Fussell, R. Casella",Little Bear Beach,9:20,9:45,,LBB13,No,SNEG,Destroyed or Gone,,,,,,,,,,,,,
74,6/12/2026,"A. Fussell, R. Casella",Little Bear Beach,9:20,9:45,,LBB14,No,WHIB,Destroyed or Gone,,,,,,,,,,,,,
74,6/12/2026,"A. Fussell, R. Casella",Little Bear Beach,9:20,9:45,,LBB15,No,WHIB,Empty,,,,,,,,,,,,,
74,6/12/2026,"A. Fussell, R. Casella",Little Bear Beach,9:20,9:45,,LBB16,No,WHIB,Empty,,,,,,,,,,,,,
74,6/12/2026,"A. Fussell, R. Casella",Little Bear Beach,9:20,9:45,,LBB17,No,WHIB,Empty,,,,,,,,,,,,,
74,6/12/2026,"A. Fussell, R. Casella",Little Bear Beach,9:20,9:45,,LBB18,No,WHIB,Empty,,,,,,,,,,,,,
74,6/12/2026,"A. Fussell, R. Casella",Little Bear Beach,9:20,9:45,,LBB19,No,WHIB,Occupied,2,,,,,,,,,,,,
74,6/12/2026,"A. Fussell, R. Casella",Little Bear Beach,9:20,9:45,,LBB20,No,WHIB,Destroyed or Gone,,,,,,,,,,,,,
74,6/12/2026,"A. Fussell, R. Casella",Little Bear Beach,9:20,9:45,,LBB21,No,WHIB,Empty,,,,,,,,,,,,,
74,6/12/2026,"A. Fussell, R. Casella",Little Bear Beach,9:20,9:45,,LBB22,No,WHIB,Empty,,,,,,,,,,,,,
74,6/12/2026,"A. Fussell, R. Casella",Little Bear Beach,9:20,9:45,,LBB23,No,SNEG,Empty,,,,,,,,,,,,,
74,6/12/2026,"A. Fussell, R. Casella",Little Bear Beach,9:20,9:45,,LBB24,No,SNEG,Empty,,,,,,,,,,,,,
74,6/12/2026,"A. Fussell, R. Casella",Little Bear Beach,9:20,9:45,,LBB25,No,SNEG,Destroyed or Gone,,,,,,,,,,,,,
74,6/12/2026,"A. Fussell, R. Casella",Little Bear Beach,9:20,9:45,,LBB26,No,WHIB,Occupied,2,,,,,,,,,,,,
74,6/12/2026,"A. Fussell, R. Casella",Little Bear Beach,9:20,9:45,,LBB27,No,WHIB,Occupied,,2,,,,,,,,,,,
74,6/12/2026,"A. Fussell, R. Casella",Little Bear Beach,9:20,9:45,,LBB28,No,WHIB,Empty,,,,,,,,,,,,,
74,6/12/2026,"A. Fussell, R. Casella",Little Bear Beach,9:20,9:45,,LBB29,No,WHIB,Occupied,2,,,,,,,,,,,,
74,6/12/2026,"A. Fussell, R. Casella",Little Bear Beach,9:20,9:45,,LBB30,No,WHIB,Empty,,,,,,,,,,,,,
74,6/12/2026,"A. Fussell, R. Casella",Little Bear Beach,9:20,9:45,,LBB31,No,SNEG,Occupied,,,,,1,,,,,,,,
74,6/12/2026,"A. Fussell, R. Casella",Little Bear Beach,9:20,9:45,,LBB32,No,SNEG,Occupied,1,2,,,,,,,,,,,
74,6/12/2026,"A. Fussell, R. Casella",Little Bear Beach,9:20,9:45,,LBB33,No,WHIB,Occupied,2,,,,,,,,,,,,
74,6/12/2026,"A. Fussell, R. Casella",Little Bear Beach,9:20,9:45,,LBB34,No,WHIB,Destroyed or Gone,,,,,,,,,,,,,
74,6/12/2026,"A. Fussell, R. Casella",Little Bear Beach,9:20,9:45,,LBB35,No,WHIB,Occupied,2,,,,,,,,,,,,
74,6/12/2026,"A. Fussell, R. Casella",Little Bear Beach,9:20,9:45,,LBB36,No,WHIB,Empty,,,,,,,,,,,,,
74,6/12/2026,"A. Fussell, R. Casella",Little Bear Beach,9:20,9:45,,LBB37,No,WHIB,Occupied,,1,,,,,,,,,,,
74,6/12/2026,"A. Fussell, R. Casella",Little Bear Beach,9:20,9:45,,LBB38,No,WHIB,Occupied,2,,,,,,,,,,,,
74,6/12/2026,"A. Fussell, R. Casella",Little Bear Beach,9:20,9:45,,LBB39,No,WHIB,Occupied,2,,,,,,,,,,,,
74,6/12/2026,"A. Fussell, R. Casella",Little Bear Beach,9:20,9:45,,LBB40,No,WHIB,Occupied,2,,,,,,,,,,,,
74,6/12/2026,"A. Fussell, R. Casella",Little Bear Beach,9:20,9:45,,LBB41,No,WHIB,Occupied,,2,,,,,,,,,,,
74,6/12/2026,"A. Fussell, R. Casella",Little Bear Beach,9:20,9:45,,LBB42,No,WHIB,Occupied,,1,,,,,,,,,,,
74,6/12/2026,"A. Fussell, R. Casella",Little Bear Beach,9:20,9:45,,LBB43,No,WHIB,Occupied,3,,,,,,,,,,,,
74,6/12/2026,"A. Fussell, R. Casella",Little Bear Beach,9:20,9:45,,LBB44,No,WHIB,Occupied,,1,,,,,,,,,,,
74,6/12/2026,"A. Fussell, R. Casella",Little Bear Beach,9:20,9:45,,LBB45,Yes,WHIB,Occupied,1,,,,,,,,,,,,
74,6/12/2026,"A. Fussell, R. Casella",Little Bear Beach,9:20,9:45,,LBB46,Yes,WHIB,Occupied,1,,,,,,,,,,,,
74,6/12/2026,"A. Fussell, R. Casella",Little Bear Beach,9:20,9:45,,LBB47,Yes,WHIB,Occupied,2,,,,,,,,,,,,
74,6/12/2026,"A. Fussell, R. Casella",Little Bear Beach,9:20,9:45,,LBB48,Yes,WHIB,Occupied,1,,,,,,,,,,,,
74,6/12/2026,"A. Fussell, R. Casella",Little Bear Beach,9:20,9:45,,LBB49,Yes,WHIB,Occupied,2,,,,,,,,,,,,
74,6/12/2026,"A. Fussell, R. Casella",Little Bear Beach,9:20,9:45,,LBB50,Yes,WHIB,Occupied,1,,,,,,,,,,,,
75,6/12/2026,"A. Fussell, R. Casella",Clewiston Spit,10:21,10:37,Wind 5-10mph Sunny,CS1.26,No,ROSP,Empty,,,,,,,,,,,,,
75,6/12/2026,"A. Fussell, R. Casella",Clewiston Spit,10:21,10:37,Wind 5-10mph Sunny,CS2.26,No,ROSP,Empty,,,,,,,,,,,,,
75,6/12/2026,"A. Fussell, R. Casella",Clewiston Spit,10:21,10:37,Wind 5-10mph Sunny,CS3.26,No,ROSP,Empty,,,,,,,,,,,,,
75,6/12/2026,"A. Fussell, R. Casella",Clewiston Spit,10:21,10:37,Wind 5-10mph Sunny,CS4.26,No,ROSP,Empty,,,,,,,,,,,,,
75,6/12/2026,"A. Fussell, R. Casella",Clewiston Spit,10:21,10:37,Wind 5-10mph Sunny,CS5.26,No,ROSP,Empty,,,,,,,,,,,,,
75,6/12/2026,"A. Fussell, R. Casella",Clewiston Spit,10:21,10:37,Wind 5-10mph Sunny,CS6.26,No,GBHE,Empty,,,,,,,,,,,,,
75,6/12/2026,"A. Fussell, R. Casella",Clewiston Spit,10:21,10:37,Wind 5-10mph Sunny,CS7.26,No,GBHE,Empty,,,,,,,,,,,,,
75,6/12/2026,"A. Fussell, R. Casella",Clewiston Spit,10:21,10:37,Wind 5-10mph Sunny,CS8.26,No,ROSP,Empty,,,,,,,,,,,,,
75,6/12/2026,"A. Fussell, R. Casella",Clewiston Spit,10:21,10:37,Wind 5-10mph Sunny,CS9.26,No,GBHE,Empty,,,,,,,,,,,,,
75,6/12/2026,"A. Fussell, R. Casella",Clewiston Spit,10:21,10:37,Wind 5-10mph Sunny,CS10.26,No,SNEG,Empty,,,,,,,,,,,,,
75,6/12/2026,"A. Fussell, R. Casella",Clewiston Spit,10:21,10:37,Wind 5-10mph Sunny,CS11.26,No,ROSP,Empty,,,,,,,,,,,,,
75,6/12/2026,"A. Fussell, R. Casella",Clewiston Spit,10:21,10:37,Wind 5-10mph Sunny,CS12.26,No,GLIB,Empty,,,,,,,,,,,,,
75,6/12/2026,"A. Fussell, R. Casella",Clewiston Spit,10:21,10:37,Wind 5-10mph Sunny,CS13.26,No,GLIB,Empty,,,,,,,,,,,,,
75,6/12/2026,"A. Fussell, R. Casella",Clewiston Spit,10:21,10:37,Wind 5-10mph Sunny,CS14.26,No,SNEG,Empty,,,,,,,,,,,,,
75,6/12/2026,"A. Fussell, R. Casella",Clewiston Spit,10:21,10:37,Wind 5-10mph Sunny,CS15.26,No,SNEG,Empty,,,,,,,,,,,,,
75,6/12/2026,"A. Fussell, R. Casella",Clewiston Spit,10:21,10:37,Wind 5-10mph Sunny,CS16.26,No,ROSP,Destroyed or Gone,,,,,,,,,,,,,
75,6/12/2026,"A. Fussell, R. Casella",Clewiston Spit,10:21,10:37,Wind 5-10mph Sunny,CS17.26,No,GBHE,Empty,,,,,,,,,,,,,
75,6/12/2026,"A. Fussell, R. Casella",Clewiston Spit,10:21,10:37,Wind 5-10mph Sunny,CS18.26,No,GBHE,Empty,,,,,,,,,,,,,
75,6/12/2026,"A. Fussell, R. Casella",Clewiston Spit,10:21,10:37,Wind 5-10mph Sunny,CS19.26,No,WHIB,Empty,,,,,,,,,,,,,
75,6/12/2026,"A. Fussell, R. Casella",Clewiston Spit,10:21,10:37,Wind 5-10mph Sunny,CS20.26,No,WHIB,Empty,,,,,,,,,,,,,
75,6/12/2026,"A. Fussell, R. Casella",Clewiston Spit,10:21,10:37,Wind 5-10mph Sunny,CS21.26,No,SNEG,Empty,,,,,,,,,,,,,
75,6/12/2026,"A. Fussell, R. Casella",Clewiston Spit,10:21,10:37,Wind 5-10mph Sunny,CS22.26,No,WHIB,Empty,,,,,,,,,,,,,
75,6/12/2026,"A. Fussell, R. Casella",Clewiston Spit,10:21,10:37,Wind 5-10mph Sunny,CS23.26,No,WHIB,Destroyed or Gone,,,,,,,,,,,,,
75,6/12/2026,"A. Fussell, R. Casella",Clewiston Spit,10:21,10:37,Wind 5-10mph Sunny,CS24.26,No,WHIB,Empty,,,,,,,,,,,,,
75,6/12/2026,"A. Fussell, R. Casella",Clewiston Spit,10:21,10:37,Wind 5-10mph Sunny,CS25.26,No,WHIB,Empty,,,,,,,,,,,,,
75,6/12/2026,"A. Fussell, R. Casella",Clewiston Spit,10:21,10:37,Wind 5-10mph Sunny,CS26.26,No,WHIB,Destroyed or Gone,,,,,,,,,,,,,
75,6/12/2026,"A. Fussell, R. Casella",Clewiston Spit,10:21,10:37,Wind 5-10mph Sunny,CS27.26,No,WHIB,Destroyed or Gone,,,,,,,,,,,,,
75,6/12/2026,"A. Fussell, R. Casella",Clewiston Spit,10:21,10:37,Wind 5-10mph Sunny,CS28.26,No,WHIB,Empty,,,,,,,,,,,,,
75,6/12/2026,"A. Fussell, R. Casella",Clewiston Spit,10:21,10:37,Wind 5-10mph Sunny,CS29.26,No,WHIB,Destroyed or Gone,,,,,,,,,,,,,
75,6/12/2026,"A. Fussell, R. Casella",Clewiston Spit,10:21,10:37,Wind 5-10mph Sunny,CS30.26,No,WHIB,Destroyed or Gone,,,,,,,,,,,,,
75,6/12/2026,"A. Fussell, R. Casella",Clewiston Spit,10:21,10:37,Wind 5-10mph Sunny,CS31.26,No,WHIB,Destroyed or Gone,,,,,,,,,,,,,
75,6/12/2026,"A. Fussell, R. Casella",Clewiston Spit,10:21,10:37,Wind 5-10mph Sunny,CS32.26,No,WHIB,Empty,,,,,,,,,,,,,
75,6/12/2026,"A. Fussell, R. Casella",Clewiston Spit,10:21,10:37,Wind 5-10mph Sunny,CS33.26,No,WHIB,Empty,,,,,,,,,,,,,
75,6/12/2026,"A. Fussell, R. Casella",Clewiston Spit,10:21,10:37,Wind 5-10mph Sunny,CS34.26,No,WHIB,Destroyed or Gone,,,,,,,,,,,,,
75,6/12/2026,"A. Fussell, R. Casella",Clewiston Spit,10:21,10:37,Wind 5-10mph Sunny,CS35.26,No,WHIB,Empty,,,,,,,,,,,,,
75,6/12/2026,"A. Fussell, R. Casella",Clewiston Spit,10:21,10:37,Wind 5-10mph Sunny,CS36.26,No,WHIB,Empty,,,,,,,,,,,,,
75,6/12/2026,"A. Fussell, R. Casella",Clewiston Spit,10:21,10:37,Wind 5-10mph Sunny,CS37.26,No,WHIB,Empty,,,,,,,,,,,,,
75,6/12/2026,"A. Fussell, R. Casella",Clewiston Spit,10:21,10:37,Wind 5-10mph Sunny,CS38.26,No,SNEG,Empty,,,,,,,,,,,,,
75,6/12/2026,"A. Fussell, R. Casella",Clewiston Spit,10:21,10:37,Wind 5-10mph Sunny,CS39.26,No,GBHE,Occupied,,1,,,,,,,,,,,
75,6/12/2026,"A. Fussell, R. Casella",Clewiston Spit,10:21,10:37,Wind 5-10mph Sunny,CS40.26,No,WHIB,Empty,,,,,,,,,,,,,
75,6/12/2026,"A. Fussell, R. Casella",Clewiston Spit,10:21,10:37,Wind 5-10mph Sunny,CS41.26,No,WHIB,Empty,,,,,,,,,,,,,
75,6/12/2026,"A. Fussell, R. Casella",Clewiston Spit,10:21,10:37,Wind 5-10mph Sunny,CS42.26,No,WHIB,Empty,,,,,,,,,,,,,
75,6/12/2026,"A. Fussell, R. Casella",Clewiston Spit,10:21,10:37,Wind 5-10mph Sunny,CS43.26,No,SNEG,Empty,,,,,,,,,,,,,
75,6/12/2026,"A. Fussell, R. Casella",Clewiston Spit,10:21,10:37,Wind 5-10mph Sunny,CS44.26,No,GLIB,Empty,,,,,,,,,,,,,
75,6/12/2026,"A. Fussell, R. Casella",Clewiston Spit,10:21,10:37,Wind 5-10mph Sunny,CS45.26,No,TRHE,Empty,,,,,,,,,,,,,
75,6/12/2026,"A. Fussell, R. Casella",Clewiston Spit,10:21,10:37,Wind 5-10mph Sunny,CS46.26,No,SNEG,Empty,,,,,,,,,,,,,
75,6/12/2026,"A. Fussell, R. Casella",Clewiston Spit,10:21,10:37,Wind 5-10mph Sunny,CS47.26,No,SNEG,Empty,,,,,,,,,,,,,
75,6/12/2026,"A. Fussell, R. Casella",Clewiston Spit,10:21,10:37,Wind 5-10mph Sunny,CS48.26,No,SNEG,Empty,,,,,,,,,,,,,
75,6/12/2026,"A. Fussell, R. Casella",Clewiston Spit,10:21,10:37,Wind 5-10mph Sunny,CS49.26,No,GLIB,Empty,,,,,,,,,,,,,
75,6/12/2026,"A. Fussell, R. Casella",Clewiston Spit,10:21,10:37,Wind 5-10mph Sunny,CS50.26,No,SNEG,Empty,,,,,,,,,,,,,
75,6/12/2026,"A. Fussell, R. Casella",Clewiston Spit,10:21,10:37,Wind 5-10mph Sunny,CS51.26,No,ROSP,Empty,,,,,,,,,,,,,
75,6/12/2026,"A. Fussell, R. Casella",Clewiston Spit,10:21,10:37,Wind 5-10mph Sunny,CS52.26,No,SNEG,Empty,,,,,,,,,,,,,
75,6/12/2026,"A. Fussell, R. Casella",Clewiston Spit,10:21,10:37,Wind 5-10mph Sunny,CS53.26,No,SNEG,Empty,,,,,,,,,,,,,
75,6/12/2026,"A. Fussell, R. Casella",Clewiston Spit,10:21,10:37,Wind 5-10mph Sunny,CS54.26,No,SNEG,Empty,,,,,,,,,,,,,
75,6/12/2026,"A. Fussell, R. Casella",Clewiston Spit,10:21,10:37,Wind 5-10mph Sunny,CS55.26,No,SNEG,Empty,,,,,,,,,,,,,
75,6/12/2026,"A. Fussell, R. Casella",Clewiston Spit,10:21,10:37,Wind 5-10mph Sunny,CS56.26,No,SNEG,Empty,,,,,,,,,,,,,
75,6/12/2026,"A. Fussell, R. Casella",Clewiston Spit,10:21,10:37,Wind 5-10mph Sunny,CS57.26,No,SNEG,Empty,,,,,,,,,,,,,
75,6/12/2026,"A. Fussell, R. Casella",Clewiston Spit,10:21,10:37,Wind 5-10mph Sunny,CS58.26,No,SNEG,Empty,,,,,,,,,,,,,
75,6/12/2026,"A. Fussell, R. Casella",Clewiston Spit,10:21,10:37,Wind 5-10mph Sunny,CS59.26,No,GLIB,Empty,,,,,,,,,,,,,
75,6/12/2026,"A. Fussell, R. Casella",Clewiston Spit,10:21,10:37,Wind 5-10mph Sunny,CS60.26,No,SNEG,Occupied,2,,,,,,,,,,,,
76,6/19/2026,"A. Fussell, R. Casella",Rock Island 11,7:49,8:00,Wind 5-10mph; Lake O water level is 11.03ft,RI11-1.26,No,CAEG,Occupied,2,,,,,,,,,,,,
76,6/19/2026,"A. Fussell, R. Casella",Rock Island 11,7:49,8:00,Wind 5-10mph; Lake O water level is 11.03ft,RI11-2.26,No,CAEG,Occupied,,,,,1,,,,,,,,
76,6/19/2026,"A. Fussell, R. Casella",Rock Island 11,7:49,8:00,Wind 5-10mph; Lake O water level is 11.03ft,RI11-3.26,No,GLIB,Occupied,2,,,,,,,,,,,,
76,6/19/2026,"A. Fussell, R. Casella",Rock Island 11,7:49,8:00,Wind 5-10mph; Lake O water level is 11.03ft,RI11-4.26,No,GBHE,Empty,,,,,,,,,,,,,
76,6/19/2026,"A. Fussell, R. Casella",Rock Island 11,7:49,8:00,Wind 5-10mph; Lake O water level is 11.03ft,RI11-5.26,No,GLIB,Destroyed or Gone,,,,,,,,,,,,,
76,6/19/2026,"A. Fussell, R. Casella",Rock Island 11,7:49,8:00,Wind 5-10mph; Lake O water level is 11.03ft,RI11-6.26,No,GLIB,Destroyed or Gone,,,,,,,,,,,,,
76,6/19/2026,"A. Fussell, R. Casella",Rock Island 11,7:49,8:00,Wind 5-10mph; Lake O water level is 11.03ft,RI11-7.26,No,CAEG,Occupied,2,,,,,,,,,,,,
76,6/19/2026,"A. Fussell, R. Casella",Rock Island 11,7:49,8:00,Wind 5-10mph; Lake O water level is 11.03ft,RI11-8.26,No,CAEG,Empty,,,,,,,,,,,,,
76,6/19/2026,"A. Fussell, R. Casella",Rock Island 11,7:49,8:00,Wind 5-10mph; Lake O water level is 11.03ft,RI11-9.26,No,CAEG,Destroyed or Gone,,,,,,,,,,,,,
76,6/19/2026,"A. Fussell, R. Casella",Rock Island 11,7:49,8:00,Wind 5-10mph; Lake O water level is 11.03ft,RI11-10.26,No,ANHI,Destroyed or Gone,,,,,,,,,,,,,
76,6/19/2026,"A. Fussell, R. Casella",Rock Island 11,7:49,8:00,Wind 5-10mph; Lake O water level is 11.03ft,RI11-11.26,No,ANHI,Empty,,,,,,,,,,,,,
76,6/19/2026,"A. Fussell, R. Casella",Rock Island 11,7:49,8:00,Wind 5-10mph; Lake O water level is 11.03ft,RI11-12.26,No,ROSP,Empty,,,,,,,,,,,,,
76,6/19/2026,"A. Fussell, R. Casella",Rock Island 11,7:49,8:00,Wind 5-10mph; Lake O water level is 11.03ft,RI11-13.26,No,CAEG,Destroyed or Gone,,,,,,,,,,,,,
76,6/19/2026,"A. Fussell, R. Casella",Rock Island 11,7:49,8:00,Wind 5-10mph; Lake O water level is 11.03ft,RI11-14.26,No,GBHE,Empty,,,,,,,,,,,,,
76,6/19/2026,"A. Fussell, R. Casella",Rock Island 11,7:49,8:00,Wind 5-10mph; Lake O water level is 11.03ft,RI11-15.26,No,ANHI,Empty,,,,,,,,,,,,,
76,6/19/2026,"A. Fussell, R. Casella",Rock Island 11,7:49,8:00,Wind 5-10mph; Lake O water level is 11.03ft,RI11-16.26,No,GBHE,Empty,,,,,,,,,,,,,
76,6/19/2026,"A. Fussell, R. Casella",Rock Island 11,7:49,8:00,Wind 5-10mph; Lake O water level is 11.03ft,RI11-17.26,No,WHIB,Destroyed or Gone,,,,,,,,,,,,,
76,6/19/2026,"A. Fussell, R. Casella",Rock Island 11,7:49,8:00,Wind 5-10mph; Lake O water level is 11.03ft,RI11-18.26,No,CAEG,Empty,,,,,1,,,,,,,,
76,6/19/2026,"A. Fussell, R. Casella",Rock Island 11,7:49,8:00,Wind 5-10mph; Lake O water level is 11.03ft,RI11-19.26,No,GLIB,Destroyed or Gone,,,,,,,,,,,,,
76,6/19/2026,"A. Fussell, R. Casella",Rock Island 11,7:49,8:00,Wind 5-10mph; Lake O water level is 11.03ft,RI11-20.26,No,ANHI,Empty,,,,,,,,,,,,,
76,6/19/2026,"A. Fussell, R. Casella",Rock Island 11,7:49,8:00,Wind 5-10mph; Lake O water level is 11.03ft,RI11-20.26,No,ROSP,Empty,,,,,,,,,,,,,
76,6/19/2026,"A. Fussell, R. Casella",Rock Island 11,7:49,8:00,Wind 5-10mph; Lake O water level is 11.03ft,RI11-21.26,No,WHIB,Occupied,2,,,,,,,,,,,,
76,6/19/2026,"A. Fussell, R. Casella",Rock Island 11,7:49,8:00,Wind 5-10mph; Lake O water level is 11.03ft,RI11-22.26,No,SNEG/TRHE,Destroyed or Gone,,,,,,,,,,,,,
76,6/19/2026,"A. Fussell, R. Casella",Rock Island 11,7:49,8:00,Wind 5-10mph; Lake O water level is 11.03ft,RI11-23.26,No,GLIB,Destroyed or Gone,,,,,,,,,,,,,
76,6/19/2026,"A. Fussell, R. Casella",Rock Island 11,7:49,8:00,Wind 5-10mph; Lake O water level is 11.03ft,RI11-24.26,No,WHIB,Destroyed or Gone,,,,,,,,,,,,,
76,6/19/2026,"A. Fussell, R. Casella",Rock Island 11,7:49,8:00,Wind 5-10mph; Lake O water level is 11.03ft,RI11-25.26,No,CAEG,Occupied,2,,,,,,,,,,,,
76,6/19/2026,"A. Fussell, R. Casella",Rock Island 11,7:49,8:00,Wind 5-10mph; Lake O water level is 11.03ft,RI11-26.26,No,GLIB,Empty,,,,,,,,,,,,,
76,6/19/2026,"A. Fussell, R. Casella",Rock Island 11,7:49,8:00,Wind 5-10mph; Lake O water level is 11.03ft,RI11-27.26,No,GLIB,Empty,,,,,,,,,,,,,
76,6/19/2026,"A. Fussell, R. Casella",Rock Island 11,7:49,8:00,Wind 5-10mph; Lake O water level is 11.03ft,RI11-31.26,No,GLIB,Destroyed or Gone,,,,,,,,,,,,,
76,6/19/2026,"A. Fussell, R. Casella",Rock Island 11,7:49,8:00,Wind 5-10mph; Lake O water level is 11.03ft,RI11-32.26,No,GLIB,Empty,,,,,,,,,,,,,
76,6/19/2026,"A. Fussell, R. Casella",Rock Island 11,7:49,8:00,Wind 5-10mph; Lake O water level is 11.03ft,RI11-33.26,No,GLIB,Destroyed or Gone,,,,,,,,,,,,,
76,6/19/2026,"A. Fussell, R. Casella",Rock Island 11,7:49,8:00,Wind 5-10mph; Lake O water level is 11.03ft,RI11-34.26,No,CAEG,Occupied,2,1,,,,,,,,,,,
76,6/19/2026,"A. Fussell, R. Casella",Rock Island 11,7:49,8:00,Wind 5-10mph; Lake O water level is 11.03ft,RI11-35.26,No,TRHE,Empty,,,,,,,,,,,,,
76,6/19/2026,"A. Fussell, R. Casella",Rock Island 11,7:49,8:00,Wind 5-10mph; Lake O water level is 11.03ft,RI11-36.26,No,GLIB,Empty,,,,,,,,,,,,,
76,6/19/2026,"A. Fussell, R. Casella",Rock Island 11,7:49,8:00,Wind 5-10mph; Lake O water level is 11.03ft,RI11-37.26,No,GLIB,Destroyed or Gone,,,,,,,,,,,,,
76,6/19/2026,"A. Fussell, R. Casella",Rock Island 11,7:49,8:00,Wind 5-10mph; Lake O water level is 11.03ft,RI11-38.26,No,GLIB,Destroyed or Gone,,,,,,,,,,,,,
77,6/19/2026,"A. Fussell, R. Casella",Rock Island 12,8:20,8:31,Wind 5-10mph; Lake O water level is 11.03ft,RI12-1.26,No,ROSP,Empty,,,,,,,,,,,,,
77,6/19/2026,"A. Fussell, R. Casella",Rock Island 12,8:20,8:31,Wind 5-10mph; Lake O water level is 11.03ft,RI12-2.26,No,GBHE,Empty,,,,,,,,,,,,,
77,6/19/2026,"A. Fussell, R. Casella",Rock Island 12,8:20,8:31,Wind 5-10mph; Lake O water level is 11.03ft,RI12-3.26,No,GLIB,Empty,,,,,,,,,,,,,
77,6/19/2026,"A. Fussell, R. Casella",Rock Island 12,8:20,8:31,Wind 5-10mph; Lake O water level is 11.03ft,RI12-4.26,No,WHIB,Occupied,,1,,,1,,,,,,,,
77,6/19/2026,"A. Fussell, R. Casella",Rock Island 12,8:20,8:31,Wind 5-10mph; Lake O water level is 11.03ft,RI12-5.26,No,WHIB,Empty,,,,,,,,,,,,,
77,6/19/2026,"A. Fussell, R. Casella",Rock Island 12,8:20,8:31,Wind 5-10mph; Lake O water level is 11.03ft,RI12-6.26,No,GBHE,Empty,,,,,,,,,,,,,
77,6/19/2026,"A. Fussell, R. Casella",Rock Island 12,8:20,8:31,Wind 5-10mph; Lake O water level is 11.03ft,RI12-7.26,No,GLIB,Empty,,,,,,,,,,,,,
77,6/19/2026,"A. Fussell, R. Casella",Rock Island 12,8:20,8:31,Wind 5-10mph; Lake O water level is 11.03ft,RI12-8.26,No,SNEG,Empty,,,,,,,,,,,,,
77,6/19/2026,"A. Fussell, R. Casella",Rock Island 12,8:20,8:31,Wind 5-10mph; Lake O water level is 11.03ft,RI12-9.26,No,ANHI,Empty,,,,,,,,,,,,,
77,6/19/2026,"A. Fussell, R. Casella",Rock Island 12,8:20,8:31,Wind 5-10mph; Lake O water level is 11.03ft,RI12-10.26,No,ROSP,Destroyed or Gone,,,,,,,,,,,,,
77,6/19/2026,"A. Fussell, R. Casella",Rock Island 12,8:20,8:31,Wind 5-10mph; Lake O water level is 11.03ft,RI12-11.26,No,ROSP,Empty,,,,,,,,,,,,,
77,6/19/2026,"A. Fussell, R. Casella",Rock Island 12,8:20,8:31,Wind 5-10mph; Lake O water level is 11.03ft,RI12-12.26,No,WHIB,Empty,,,,,,,,,,,,,
77,6/19/2026,"A. Fussell, R. Casella",Rock Island 12,8:20,8:31,Wind 5-10mph; Lake O water level is 11.03ft,RI12-13.26,No,GBHE,Empty,,,,,,,,,,,,,
77,6/19/2026,"A. Fussell, R. Casella",Rock Island 12,8:20,8:31,Wind 5-10mph; Lake O water level is 11.03ft,RI12-14.26,No,ROSP,Empty,,,,,,,,,,,,,
77,6/19/2026,"A. Fussell, R. Casella",Rock Island 12,8:20,8:31,Wind 5-10mph; Lake O water level is 11.03ft,RI12-15.26,No,ROSP,Destroyed or Gone,,,,,,,,,,,,,
77,6/19/2026,"A. Fussell, R. Casella",Rock Island 12,8:20,8:31,Wind 5-10mph; Lake O water level is 11.03ft,RI12-16.26,No,GBHE,Empty,,,,,,,,,,,,,
77,6/19/2026,"A. Fussell, R. Casella",Rock Island 12,8:20,8:31,Wind 5-10mph; Lake O water level is 11.03ft,RI12-17.26,No,GLIB,Empty,,,,,,,,,,,,,
77,6/19/2026,"A. Fussell, R. Casella",Rock Island 12,8:20,8:31,Wind 5-10mph; Lake O water level is 11.03ft,RI12-18.26,No,WHIB,Empty,,,,,,,,,,,,,
77,6/19/2026,"A. Fussell, R. Casella",Rock Island 12,8:20,8:31,Wind 5-10mph; Lake O water level is 11.03ft,RI12-19.26,No,GBHE,Empty,,,,,,,,,,,,,
77,6/19/2026,"A. Fussell, R. Casella",Rock Island 12,8:20,8:31,Wind 5-10mph; Lake O water level is 11.03ft,RI12-20.26,No,GLIB,Destroyed or Gone,,,,,,,,,,,,,
77,6/19/2026,"A. Fussell, R. Casella",Rock Island 12,8:20,8:31,Wind 5-10mph; Lake O water level is 11.03ft,RI12-21.26,No,GBHE,Empty,,,,,,,,,,,,,
77,6/19/2026,"A. Fussell, R. Casella",Rock Island 12,8:20,8:31,Wind 5-10mph; Lake O water level is 11.03ft,RI12-22.26,No,GLIB,Destroyed or Gone,,,,,,,,,,,,,
77,6/19/2026,"A. Fussell, R. Casella",Rock Island 12,8:20,8:31,Wind 5-10mph; Lake O water level is 11.03ft,RI12-23.26,No,WHIB,Empty,,,,,,,,,,,,,
77,6/19/2026,"A. Fussell, R. Casella",Rock Island 12,8:20,8:31,Wind 5-10mph; Lake O water level is 11.03ft,RI12-24.26,No,WHIB,Empty,,,,,,,,,,,,,
77,6/19/2026,"A. Fussell, R. Casella",Rock Island 12,8:20,8:31,Wind 5-10mph; Lake O water level is 11.03ft,RI12-25.26,No,SNEG,Empty,,,,,,,,,,,,,
77,6/19/2026,"A. Fussell, R. Casella",Rock Island 12,8:20,8:31,Wind 5-10mph; Lake O water level is 11.03ft,RI12-26.26,No,WHIB,Destroyed or Gone,,,,,,,,,,,,,
77,6/19/2026,"A. Fussell, R. Casella",Rock Island 12,8:20,8:31,Wind 5-10mph; Lake O water level is 11.03ft,RI12-27.26,No,GLIB,Empty,,,,,,,,,,,,,
77,6/19/2026,"A. Fussell, R. Casella",Rock Island 12,8:20,8:31,Wind 5-10mph; Lake O water level is 11.03ft,RI12-28.26,No,GLIB,Destroyed or Gone,,,,,,,,,,,,,
77,6/19/2026,"A. Fussell, R. Casella",Rock Island 12,8:20,8:31,Wind 5-10mph; Lake O water level is 11.03ft,RI12-29.26,No,WHIB,Empty,,,,,,,,,,,,,
77,6/19/2026,"A. Fussell, R. Casella",Rock Island 12,8:20,8:31,Wind 5-10mph; Lake O water level is 11.03ft,RI12-30.26,No,TRHE,Destroyed or Gone,,,,,,,,,,,,,
77,6/19/2026,"A. Fussell, R. Casella",Rock Island 12,8:20,8:31,Wind 5-10mph; Lake O water level is 11.03ft,RI12-31.26,No,WHIB,Destroyed or Gone,,,,,,,,,,,,,
77,6/19/2026,"A. Fussell, R. Casella",Rock Island 12,8:20,8:31,Wind 5-10mph; Lake O water level is 11.03ft,RI12-32.26,No,WHIB,Occupied,,1,,,,,,,,,,,
77,6/19/2026,"A. Fussell, R. Casella",Rock Island 12,8:20,8:31,Wind 5-10mph; Lake O water level is 11.03ft,RI12-33.26,No,WHIB,Occupied,,1,,,,,,,,,,,
77,6/19/2026,"A. Fussell, R. Casella",Rock Island 12,8:20,8:31,Wind 5-10mph; Lake O water level is 11.03ft,RI12-34.26,No,WHIB,Occupied,,2,,,,,,,,,,,
77,6/19/2026,"A. Fussell, R. Casella",Rock Island 12,8:20,8:31,Wind 5-10mph; Lake O water level is 11.03ft,RI12-35.26,No,WHIB,Empty,,,,,,,,,,,,,
77,6/19/2026,"A. Fussell, R. Casella",Rock Island 12,8:20,8:31,Wind 5-10mph; Lake O water level is 11.03ft,RI12-36.26,No,WHIB,Occupied,,1,,,,,,,,,,,
77,6/19/2026,"A. Fussell, R. Casella",Rock Island 12,8:20,8:31,Wind 5-10mph; Lake O water level is 11.03ft,RI12-37.26,No,WHIB,Destroyed or Gone,,,,,,,,,,,,,
77,6/19/2026,"A. Fussell, R. Casella",Rock Island 12,8:20,8:31,Wind 5-10mph; Lake O water level is 11.03ft,RI12-38.26,No,WHIB,Occupied,,2,,,,,,,,,,,
78,6/19/2026,"A. Fussell, R. Casella",Little Bear Beach,10:32,10:55,Wind 5-10mph; Lake O water level is 11.03ft,LBB1,No,WHIB,Empty,,,,,,,,,,,,,
78,6/19/2026,"A. Fussell, R. Casella",Little Bear Beach,10:32,10:55,Wind 5-10mph; Lake O water level is 11.03ft,LBB2,No,WHIB,Empty,,,,,,,,,,,,,
78,6/19/2026,"A. Fussell, R. Casella",Little Bear Beach,10:32,10:55,Wind 5-10mph; Lake O water level is 11.03ft,LBB3,No,WHIB,Empty,,,,,,,,,,,,,
78,6/19/2026,"A. Fussell, R. Casella",Little Bear Beach,10:32,10:55,Wind 5-10mph; Lake O water level is 11.03ft,LBB4,No,TRHE,Occupied,,1,,,,,,,,,,,
78,6/19/2026,"A. Fussell, R. Casella",Little Bear Beach,10:32,10:55,Wind 5-10mph; Lake O water level is 11.03ft,LBB5,No,SNEG,Destroyed or Gone,,,,,,,,,,,,,
78,6/19/2026,"A. Fussell, R. Casella",Little Bear Beach,10:32,10:55,Wind 5-10mph; Lake O water level is 11.03ft,LBB6,No,WHIB,Empty,,,,,,,,,,,,,
78,6/19/2026,"A. Fussell, R. Casella",Little Bear Beach,10:32,10:55,Wind 5-10mph; Lake O water level is 11.03ft,LBB7,No,WHIB,Destroyed or Gone,,,,,,,,,,,,,
78,6/19/2026,"A. Fussell, R. Casella",Little Bear Beach,10:32,10:55,Wind 5-10mph; Lake O water level is 11.03ft,LBB8,No,SNEG,Occupied,,1,,,,,,,,,,,
78,6/19/2026,"A. Fussell, R. Casella",Little Bear Beach,10:32,10:55,Wind 5-10mph; Lake O water level is 11.03ft,LBB9,No,SNEG,Empty,,,,,1,,,,,,,,
78,6/19/2026,"A. Fussell, R. Casella",Little Bear Beach,10:32,10:55,Wind 5-10mph; Lake O water level is 11.03ft,LBB10,No,GLIB,Empty,,,,,,,,,,,,,
78,6/19/2026,"A. Fussell, R. Casella",Little Bear Beach,10:32,10:55,Wind 5-10mph; Lake O water level is 11.03ft,LBB11,No,WHIB,Empty,,,,,,,,,,,,,
78,6/19/2026,"A. Fussell, R. Casella",Little Bear Beach,10:32,10:55,Wind 5-10mph; Lake O water level is 11.03ft,LBB12,No,SNEG,Destroyed or Gone,,,,,,,,,,,,,
78,6/19/2026,"A. Fussell, R. Casella",Little Bear Beach,10:32,10:55,Wind 5-10mph; Lake O water level is 11.03ft,LBB13,No,SNEG,Destroyed or Gone,,,,,,,,,,,,,
78,6/19/2026,"A. Fussell, R. Casella",Little Bear Beach,10:32,10:55,Wind 5-10mph; Lake O water level is 11.03ft,LBB14,No,WHIB,Destroyed or Gone,,,,,,,,,,,,,
78,6/19/2026,"A. Fussell, R. Casella",Little Bear Beach,10:32,10:55,Wind 5-10mph; Lake O water level is 11.03ft,LBB15,No,WHIB,Empty,,,,,,,,,,,,,
78,6/19/2026,"A. Fussell, R. Casella",Little Bear Beach,10:32,10:55,Wind 5-10mph; Lake O water level is 11.03ft,LBB16,No,WHIB,Empty,,,,,,,,,,,,,
78,6/19/2026,"A. Fussell, R. Casella",Little Bear Beach,10:32,10:55,Wind 5-10mph; Lake O water level is 11.03ft,LBB17,No,WHIB,Empty,,,,,,,,,,,,,
78,6/19/2026,"A. Fussell, R. Casella",Little Bear Beach,10:32,10:55,Wind 5-10mph; Lake O water level is 11.03ft,LBB18,No,WHIB,Empty,,,,,,,,,,,,,
78,6/19/2026,"A. Fussell, R. Casella",Little Bear Beach,10:32,10:55,Wind 5-10mph; Lake O water level is 11.03ft,LBB19,No,WHIB,Empty,,,,,,,,,,,,,
78,6/19/2026,"A. Fussell, R. Casella",Little Bear Beach,10:32,10:55,Wind 5-10mph; Lake O water level is 11.03ft,LBB20,No,WHIB,Destroyed or Gone,,,,,,,,,,,,,
78,6/19/2026,"A. Fussell, R. Casella",Little Bear Beach,10:32,10:55,Wind 5-10mph; Lake O water level is 11.03ft,LBB21,No,WHIB,Empty,,,,,,,,,,,,,
78,6/19/2026,"A. Fussell, R. Casella",Little Bear Beach,10:32,10:55,Wind 5-10mph; Lake O water level is 11.03ft,LBB22,No,WHIB,Empty,,,,,,,,,,,,,
78,6/19/2026,"A. Fussell, R. Casella",Little Bear Beach,10:32,10:55,Wind 5-10mph; Lake O water level is 11.03ft,LBB23,No,SNEG,Empty,,,,,,,,,,,,,
78,6/19/2026,"A. Fussell, R. Casella",Little Bear Beach,10:32,10:55,Wind 5-10mph; Lake O water level is 11.03ft,LBB24,No,SNEG,Empty,,,,,,,,,,,,,
78,6/19/2026,"A. Fussell, R. Casella",Little Bear Beach,10:32,10:55,Wind 5-10mph; Lake O water level is 11.03ft,LBB25,No,SNEG,Destroyed or Gone,,,,,,,,,,,,,
78,6/19/2026,"A. Fussell, R. Casella",Little Bear Beach,10:32,10:55,Wind 5-10mph; Lake O water level is 11.03ft,LBB26,No,WHIB,Occupied,1,1,,,,,,,,,,,
78,6/19/2026,"A. Fussell, R. Casella",Little Bear Beach,10:32,10:55,Wind 5-10mph; Lake O water level is 11.03ft,LBB27,No,WHIB,Occupied,,2,,,,,,,,,,,
78,6/19/2026,"A. Fussell, R. Casella",Little Bear Beach,10:32,10:55,Wind 5-10mph; Lake O water level is 11.03ft,LBB28,No,WHIB,Empty,,,,,,,,,,,,,
78,6/19/2026,"A. Fussell, R. Casella",Little Bear Beach,10:32,10:55,Wind 5-10mph; Lake O water level is 11.03ft,LBB29,No,WHIB,Empty,,,,,,,,,,,,,
78,6/19/2026,"A. Fussell, R. Casella",Little Bear Beach,10:32,10:55,Wind 5-10mph; Lake O water level is 11.03ft,LBB30,No,WHIB,Empty,,,,,,,,,,,,,
78,6/19/2026,"A. Fussell, R. Casella",Little Bear Beach,10:32,10:55,Wind 5-10mph; Lake O water level is 11.03ft,LBB31,No,SNEG,Destroyed or Gone,,,,,,,,,,,,,
78,6/19/2026,"A. Fussell, R. Casella",Little Bear Beach,10:32,10:55,Wind 5-10mph; Lake O water level is 11.03ft,LBB32,No,SNEG,Empty,,,,,,,,,,,,,
78,6/19/2026,"A. Fussell, R. Casella",Little Bear Beach,10:32,10:55,Wind 5-10mph; Lake O water level is 11.03ft,LBB33,No,WHIB,Occupied,,2,,,,,,,,,,,
78,6/19/2026,"A. Fussell, R. Casella",Little Bear Beach,10:32,10:55,Wind 5-10mph; Lake O water level is 11.03ft,LBB34,No,WHIB,Destroyed or Gone,,,,,,,,,,,,,
78,6/19/2026,"A. Fussell, R. Casella",Little Bear Beach,10:32,10:55,Wind 5-10mph; Lake O water level is 11.03ft,LBB35,No,WHIB,Destroyed or Gone,,,,,,,,,,,,,
78,6/19/2026,"A. Fussell, R. Casella",Little Bear Beach,10:32,10:55,Wind 5-10mph; Lake O water level is 11.03ft,LBB36,No,WHIB,Empty,,,,,,,,,,,,,
78,6/19/2026,"A. Fussell, R. Casella",Little Bear Beach,10:32,10:55,Wind 5-10mph; Lake O water level is 11.03ft,LBB37,No,WHIB,Empty,,,,,,,,,,,,,
78,6/19/2026,"A. Fussell, R. Casella",Little Bear Beach,10:32,10:55,Wind 5-10mph; Lake O water level is 11.03ft,LBB38,No,WHIB,Destroyed or Gone,,,,,,,,,,,,,
78,6/19/2026,"A. Fussell, R. Casella",Little Bear Beach,10:32,10:55,Wind 5-10mph; Lake O water level is 11.03ft,LBB39,No,WHIB,Occupied,,2,,,,,,,,,,,
78,6/19/2026,"A. Fussell, R. Casella",Little Bear Beach,10:32,10:55,Wind 5-10mph; Lake O water level is 11.03ft,LBB40,No,WHIB,Occupied,1,1,,,,,,,,,,,
78,6/19/2026,"A. Fussell, R. Casella",Little Bear Beach,10:32,10:55,Wind 5-10mph; Lake O water level is 11.03ft,LBB41,No,WHIB,Occupied,,2,,,,,,,,,,,
78,6/19/2026,"A. Fussell, R. Casella",Little Bear Beach,10:32,10:55,Wind 5-10mph; Lake O water level is 11.03ft,LBB42,No,WHIB,Empty,,,,,,,,,,,,,
78,6/19/2026,"A. Fussell, R. Casella",Little Bear Beach,10:32,10:55,Wind 5-10mph; Lake O water level is 11.03ft,LBB43,No,WHIB,Occupied,1,2,,,,,,,,,,,
78,6/19/2026,"A. Fussell, R. Casella",Little Bear Beach,10:32,10:55,Wind 5-10mph; Lake O water level is 11.03ft,LBB44,No,WHIB,Empty,,,,,,,,,,,,,
78,6/19/2026,"A. Fussell, R. Casella",Little Bear Beach,10:32,10:55,Wind 5-10mph; Lake O water level is 11.03ft,LBB45,No,WHIB,Occupied,,1,,,,,,,,,,,
78,6/19/2026,"A. Fussell, R. Casella",Little Bear Beach,10:32,10:55,Wind 5-10mph; Lake O water level is 11.03ft,LBB46,No,WHIB,Occupied,2,,,,,,,,,,,,
78,6/19/2026,"A. Fussell, R. Casella",Little Bear Beach,10:32,10:55,Wind 5-10mph; Lake O water level is 11.03ft,LBB47,No,WHIB,Occupied,1,1,,,,,,,,,,,
78,6/19/2026,"A. Fussell, R. Casella",Little Bear Beach,10:32,10:55,Wind 5-10mph; Lake O water level is 11.03ft,LBB48,No,WHIB,Occupied,1,,,,,,,,,,,,
78,6/19/2026,"A. Fussell, R. Casella",Little Bear Beach,10:32,10:55,Wind 5-10mph; Lake O water level is 11.03ft,LBB49,No,WHIB,Occupied,2,,,,,,,,,,,,
78,6/19/2026,"A. Fussell, R. Casella",Little Bear Beach,10:32,10:55,Wind 5-10mph; Lake O water level is 11.03ft,LBB50,No,WHIB,Destroyed or Gone,,,,,,,,,,,,,
79,6/26/2026,"A. Fussell, R. Casella",Little Bear Beach,8:34,8:56,,LBB1,No,WHIB,Empty,,,,,,,,,,,,,
79,6/26/2026,"A. Fussell, R. Casella",Little Bear Beach,8:34,8:56,,LBB2,No,WHIB,Empty,,,,,,,,,,,,,
79,6/26/2026,"A. Fussell, R. Casella",Little Bear Beach,8:34,8:56,,LBB3,No,WHIB,Empty,,,,,,,,,,,,,
79,6/26/2026,"A. Fussell, R. Casella",Little Bear Beach,8:34,8:56,,LBB4,No,TRHE,Empty,,,,,,,,,,,,,
79,6/26/2026,"A. Fussell, R. Casella",Little Bear Beach,8:34,8:56,,LBB5,No,SNEG,Destroyed or Gone,,,,,,,,,,,,,
79,6/26/2026,"A. Fussell, R. Casella",Little Bear Beach,8:34,8:56,,LBB6,No,WHIB,Empty,,,,,,,,,,,,,
79,6/26/2026,"A. Fussell, R. Casella",Little Bear Beach,8:34,8:56,,LBB7,No,WHIB,Destroyed or Gone,,,,,,,,,,,,,
79,6/26/2026,"A. Fussell, R. Casella",Little Bear Beach,8:34,8:56,,LBB8,No,SNEG,Destroyed or Gone,,,,,,,,,,,,,
79,6/26/2026,"A. Fussell, R. Casella",Little Bear Beach,8:34,8:56,,LBB9,No,SNEG,Empty,,,,,,,,,,,,,
79,6/26/2026,"A. Fussell, R. Casella",Little Bear Beach,8:34,8:56,,LBB10,No,GLIB,Empty,,,,,,,,,,,,,
79,6/26/2026,"A. Fussell, R. Casella",Little Bear Beach,8:34,8:56,,LBB11,No,WHIB,Empty,,,,,,,,,,,,,
79,6/26/2026,"A. Fussell, R. Casella",Little Bear Beach,8:34,8:56,,LBB12,No,SNEG,Destroyed or Gone,,,,,,,,,,,,,
79,6/26/2026,"A. Fussell, R. Casella",Little Bear Beach,8:34,8:56,,LBB13,No,SNEG,Destroyed or Gone,,,,,,,,,,,,,
79,6/26/2026,"A. Fussell, R. Casella",Little Bear Beach,8:34,8:56,,LBB14,No,WHIB,Destroyed or Gone,,,,,,,,,,,,,
79,6/26/2026,"A. Fussell, R. Casella",Little Bear Beach,8:34,8:56,,LBB15,No,WHIB,Empty,,,,,,,,,,,,,
79,6/26/2026,"A. Fussell, R. Casella",Little Bear Beach,8:34,8:56,,LBB16,No,WHIB,Empty,,,,,,,,,,,,,
79,6/26/2026,"A. Fussell, R. Casella",Little Bear Beach,8:34,8:56,,LBB17,No,WHIB,Empty,,,,,,,,,,,,,
79,6/26/2026,"A. Fussell, R. Casella",Little Bear Beach,8:34,8:56,,LBB18,No,WHIB,Empty,,,,,,,,,,,,,
79,6/26/2026,"A. Fussell, R. Casella",Little Bear Beach,8:34,8:56,,LBB19,No,WHIB,Empty,,,,,,,,,,,,,
79,6/26/2026,"A. Fussell, R. Casella",Little Bear Beach,8:34,8:56,,LBB20,No,WHIB,Destroyed or Gone,,,,,,,,,,,,,
79,6/26/2026,"A. Fussell, R. Casella",Little Bear Beach,8:34,8:56,,LBB21,No,WHIB,Empty,,,,,,,,,,,,,
79,6/26/2026,"A. Fussell, R. Casella",Little Bear Beach,8:34,8:56,,LBB22,No,WHIB,Empty,,,,,,,,,,,,,
79,6/26/2026,"A. Fussell, R. Casella",Little Bear Beach,8:34,8:56,,LBB23,No,SNEG,Empty,,,,,,,,,,,,,
79,6/26/2026,"A. Fussell, R. Casella",Little Bear Beach,8:34,8:56,,LBB24,No,SNEG,Empty,,,,,,,,,,,,,
79,6/26/2026,"A. Fussell, R. Casella",Little Bear Beach,8:34,8:56,,LBB25,No,SNEG,Destroyed or Gone,,,,,,,,,,,,,
79,6/26/2026,"A. Fussell, R. Casella",Little Bear Beach,8:34,8:56,,LBB26,No,WHIB,Occupied,,1,,,,,,,,,,,
79,6/26/2026,"A. Fussell, R. Casella",Little Bear Beach,8:34,8:56,,LBB27,No,WHIB,Destroyed or Gone,,,,,,,,,,,,,
79,6/26/2026,"A. Fussell, R. Casella",Little Bear Beach,8:34,8:56,,LBB28,No,WHIB,Empty,,,,,,,,,,,,,
79,6/26/2026,"A. Fussell, R. Casella",Little Bear Beach,8:34,8:56,,LBB29,No,WHIB,Empty,,,,,,,,,,,,,
79,6/26/2026,"A. Fussell, R. Casella",Little Bear Beach,8:34,8:56,,LBB30,No,WHIB,Empty,,,,,,,,,,,,,
79,6/26/2026,"A. Fussell, R. Casella",Little Bear Beach,8:34,8:56,,LBB31,No,SNEG,Destroyed or Gone,,,,,,,,,,,,,
79,6/26/2026,"A. Fussell, R. Casella",Little Bear Beach,8:34,8:56,,LBB32,No,SNEG,Empty,,,,,,,,,,,,,
79,6/26/2026,"A. Fussell, R. Casella",Little Bear Beach,8:34,8:56,,LBB33,No,WHIB,Occupied,,1,,,,,,,,,,,
79,6/26/2026,"A. Fussell, R. Casella",Little Bear Beach,8:34,8:56,,LBB34,No,WHIB,Destroyed or Gone,,,,,,,,,,,,,
79,6/26/2026,"A. Fussell, R. Casella",Little Bear Beach,8:34,8:56,,LBB35,No,WHIB,Destroyed or Gone,,,,,,,,,,,,,
79,6/26/2026,"A. Fussell, R. Casella",Little Bear Beach,8:34,8:56,,LBB36,No,WHIB,Empty,,,,,,,,,,,,,
79,6/26/2026,"A. Fussell, R. Casella",Little Bear Beach,8:34,8:56,,LBB37,No,WHIB,Empty,,,,,,,,,,,,,
79,6/26/2026,"A. Fussell, R. Casella",Little Bear Beach,8:34,8:56,,LBB38,No,WHIB,Destroyed or Gone,,,,,,,,,,,,,
79,6/26/2026,"A. Fussell, R. Casella",Little Bear Beach,8:34,8:56,,LBB39,No,WHIB,Occupied,,2,,,,,,,,,,,
79,6/26/2026,"A. Fussell, R. Casella",Little Bear Beach,8:34,8:56,,LBB40,No,WHIB,Occupied,,1,,,,,,,,,,,
79,6/26/2026,"A. Fussell, R. Casella",Little Bear Beach,8:34,8:56,,LBB41,No,WHIB,Empty,,,,,,,,,,,,,
79,6/26/2026,"A. Fussell, R. Casella",Little Bear Beach,8:34,8:56,,LBB42,No,WHIB,Empty,,,,,,,,,,,,,
79,6/26/2026,"A. Fussell, R. Casella",Little Bear Beach,8:34,8:56,,LBB43,No,WHIB,Occupied,,2,,,,,,,,,,,
79,6/26/2026,"A. Fussell, R. Casella",Little Bear Beach,8:34,8:56,,LBB44,No,WHIB,Empty,,,,,,,,,,,,,
79,6/26/2026,"A. Fussell, R. Casella",Little Bear Beach,8:34,8:56,,LBB45,No,WHIB,Empty,,,,,,,,,,,,,
79,6/26/2026,"A. Fussell, R. Casella",Little Bear Beach,8:34,8:56,,LBB46,No,WHIB,Occupied,,2,,,,,,,,,,,
79,6/26/2026,"A. Fussell, R. Casella",Little Bear Beach,8:34,8:56,,LBB47,No,WHIB,Occupied,,1,,,,,,,,,,,
79,6/26/2026,"A. Fussell, R. Casella",Little Bear Beach,8:34,8:56,,LBB48,No,WHIB,Occupied,,1,,,,,,,,,,,
79,6/26/2026,"A. Fussell, R. Casella",Little Bear Beach,8:34,8:56,,LBB49,No,WHIB,Empty,,,,,,,,,,,,,
79,6/26/2026,"A. Fussell, R. Casella",Little Bear Beach,8:34,8:56,,LBB50,No,WHIB,Destroyed or Gone,,,,,,,,,,,,,
79,6/26/2026,"A. Fussell, R. Casella",Little Bear Beach,8:34,8:56,,LBB1,No,WHIB,Empty,,,,,,,,,,,,,
79,6/26/2026,"A. Fussell, R. Casella",Little Bear Beach,8:34,8:56,,LBB2,No,WHIB,Empty,,,,,,,,,,,,,
79,6/26/2026,"A. Fussell, R. Casella",Little Bear Beach,8:34,8:56,,LBB3,No,WHIB,Empty,,,,,,,,,,,,,
79,6/26/2026,"A. Fussell, R. Casella",Little Bear Beach,8:34,8:56,,LBB4,No,TRHE,Empty,,,,,,,,,,,,,
79,6/26/2026,"A. Fussell, R. Casella",Little Bear Beach,8:34,8:56,,LBB5,No,SNEG,Destroyed or Gone,,,,,,,,,,,,,
79,6/26/2026,"A. Fussell, R. Casella",Little Bear Beach,8:34,8:56,,LBB6,No,WHIB,Empty,,,,,,,,,,,,,
79,6/26/2026,"A. Fussell, R. Casella",Little Bear Beach,8:34,8:56,,LBB7,No,WHIB,Destroyed or Gone,,,,,,,,,,,,,
79,6/26/2026,"A. Fussell, R. Casella",Little Bear Beach,8:34,8:56,,LBB8,No,SNEG,Destroyed or Gone,,,,,,,,,,,,,
79,6/26/2026,"A. Fussell, R. Casella",Little Bear Beach,8:34,8:56,,LBB9,No,SNEG,Empty,,,,,,,,,,,,,
79,6/26/2026,"A. Fussell, R. Casella",Little Bear Beach,8:34,8:56,,LBB10,No,GLIB,Empty,,,,,,,,,,,,,
79,6/26/2026,"A. Fussell, R. Casella",Little Bear Beach,8:34,8:56,,LBB11,No,WHIB,Empty,,,,,,,,,,,,,
79,6/26/2026,"A. Fussell, R. Casella",Little Bear Beach,8:34,8:56,,LBB12,No,SNEG,Destroyed or Gone,,,,,,,,,,,,,
79,6/26/2026,"A. Fussell, R. Casella",Little Bear Beach,8:34,8:56,,LBB13,No,SNEG,Destroyed or Gone,,,,,,,,,,,,,
79,6/26/2026,"A. Fussell, R. Casella",Little Bear Beach,8:34,8:56,,LBB14,No,WHIB,Destroyed or Gone,,,,,,,,,,,,,
79,6/26/2026,"A. Fussell, R. Casella",Little Bear Beach,8:34,8:56,,LBB15,No,WHIB,Empty,,,,,,,,,,,,,
79,6/26/2026,"A. Fussell, R. Casella",Little Bear Beach,8:34,8:56,,LBB16,No,WHIB,Empty,,,,,,,,,,,,,
79,6/26/2026,"A. Fussell, R. Casella",Little Bear Beach,8:34,8:56,,LBB17,No,WHIB,Empty,,,,,,,,,,,,,
79,6/26/2026,"A. Fussell, R. Casella",Little Bear Beach,8:34,8:56,,LBB18,No,WHIB,Empty,,,,,,,,,,,,,
79,6/26/2026,"A. Fussell, R. Casella",Little Bear Beach,8:34,8:56,,LBB19,No,WHIB,Empty,,,,,,,,,,,,,
79,6/26/2026,"A. Fussell, R. Casella",Little Bear Beach,8:34,8:56,,LBB20,No,WHIB,Destroyed or Gone,,,,,,,,,,,,,
79,6/26/2026,"A. Fussell, R. Casella",Little Bear Beach,8:34,8:56,,LBB21,No,WHIB,Empty,,,,,,,,,,,,,
79,6/26/2026,"A. Fussell, R. Casella",Little Bear Beach,8:34,8:56,,LBB22,No,WHIB,Empty,,,,,,,,,,,,,
79,6/26/2026,"A. Fussell, R. Casella",Little Bear Beach,8:34,8:56,,LBB23,No,SNEG,Empty,,,,,,,,,,,,,
79,6/26/2026,"A. Fussell, R. Casella",Little Bear Beach,8:34,8:56,,LBB24,No,SNEG,Empty,,,,,,,,,,,,,
79,6/26/2026,"A. Fussell, R. Casella",Little Bear Beach,8:34,8:56,,LBB25,No,SNEG,Destroyed or Gone,,,,,,,,,,,,,
79,6/26/2026,"A. Fussell, R. Casella",Little Bear Beach,8:34,8:56,,LBB26,No,WHIB,Empty,,,,,,,,,,,,,
79,6/26/2026,"A. Fussell, R. Casella",Little Bear Beach,8:34,8:56,,LBB27,No,WHIB,Destroyed or Gone,,,,,,,,,,,,,
79,6/26/2026,"A. Fussell, R. Casella",Little Bear Beach,8:34,8:56,,LBB28,No,WHIB,Empty,,,,,,,,,,,,,
79,6/26/2026,"A. Fussell, R. Casella",Little Bear Beach,8:34,8:56,,LBB29,No,WHIB,Empty,,,,,,,,,,,,,
79,6/26/2026,"A. Fussell, R. Casella",Little Bear Beach,8:34,8:56,,LBB30,No,WHIB,Empty,,,,,,,,,,,,,
79,6/26/2026,"A. Fussell, R. Casella",Little Bear Beach,8:34,8:56,,LBB31,No,SNEG,Destroyed or Gone,,,,,,,,,,,,,
79,6/26/2026,"A. Fussell, R. Casella",Little Bear Beach,8:34,8:56,,LBB32,No,SNEG,Empty,,,,,,,,,,,,,
79,6/26/2026,"A. Fussell, R. Casella",Little Bear Beach,8:34,8:56,,LBB33,No,WHIB,Occupied,,1,,,,,,,,,,,
79,6/26/2026,"A. Fussell, R. Casella",Little Bear Beach,8:34,8:56,,LBB34,No,WHIB,Destroyed or Gone,,,,,,,,,,,,,
79,6/26/2026,"A. Fussell, R. Casella",Little Bear Beach,8:34,8:56,,LBB35,No,WHIB,Destroyed or Gone,,,,,,,,,,,,,
79,6/26/2026,"A. Fussell, R. Casella",Little Bear Beach,8:34,8:56,,LBB36,No,WHIB,Empty,,,,,,,,,,,,,
79,6/26/2026,"A. Fussell, R. Casella",Little Bear Beach,8:34,8:56,,LBB37,No,WHIB,Empty,,,,,,,,,,,,,
79,6/26/2026,"A. Fussell, R. Casella",Little Bear Beach,8:34,8:56,,LBB38,No,WHIB,Destroyed or Gone,,,,,,,,,,,,,
79,6/26/2026,"A. Fussell, R. Casella",Little Bear Beach,8:34,8:56,,LBB39,No,WHIB,Destroyed or Gone,,,,,,,,,,,,,
79,6/26/2026,"A. Fussell, R. Casella",Little Bear Beach,8:34,8:56,,LBB40,No,WHIB,Empty,,,,,,,,,,,,,
79,6/26/2026,"A. Fussell, R. Casella",Little Bear Beach,8:34,8:56,,LBB41,No,WHIB,Empty,,,,,,,,,,,,,
79,6/26/2026,"A. Fussell, R. Casella",Little Bear Beach,8:34,8:56,,LBB42,No,WHIB,Empty,,,,,,,,,,,,,
79,6/26/2026,"A. Fussell, R. Casella",Little Bear Beach,8:34,8:56,,LBB43,No,WHIB,Occupied,,2,,,,,,,,,,,
79,6/26/2026,"A. Fussell, R. Casella",Little Bear Beach,8:34,8:56,,LBB44,No,WHIB,Empty,,,,,,,,,,,,,
79,6/26/2026,"A. Fussell, R. Casella",Little Bear Beach,8:34,8:56,,LBB45,No,WHIB,Empty,,,,,,,,,,,,,
79,6/26/2026,"A. Fussell, R. Casella",Little Bear Beach,8:34,8:56,,LBB46,No,WHIB,Empty,,,,,,,,,,,,,
79,6/26/2026,"A. Fussell, R. Casella",Little Bear Beach,8:34,8:56,,LBB47,No,WHIB,Empty,,,,,,,,,,,,,
79,6/26/2026,"A. Fussell, R. Casella",Little Bear Beach,8:34,8:56,,LBB48,No,WHIB,Empty,,,, ,,,,,,,,,
79,6/26/2026,"A. Fussell, R. Casella",Little Bear Beach,8:34,8:56,,LBB49,No,WHIB,Empty,,,,,,,,,,,,,
79,6/26/2026,"A. Fussell, R. Casella",Little Bear Beach,8:34,8:56,,LBB50,No,WHIB,Destroyed or Gone,,,,,,,,,,,,,
80,7/3/2026,"A. Fussell, R. Casella",Little Bear Beach,9:08,9:34,,LBB1,No,WHIB,Empty,,,,,,,,,,,,,
80,7/3/2026,"A. Fussell, R. Casella",Little Bear Beach,9:08,9:34,,LBB2,No,WHIB,Empty,,,,,,,,,,,,,
80,7/3/2026,"A. Fussell, R. Casella",Little Bear Beach,9:08,9:34,,LBB3,No,WHIB,Empty,,,,,,,,,,,,,
80,7/3/2026,"A. Fussell, R. Casella",Little Bear Beach,9:08,9:34,,LBB4,No,TRHE,Empty,,,,,,,,,,,,,
80,7/3/2026,"A. Fussell, R. Casella",Little Bear Beach,9:08,9:34,,LBB5,No,SNEG,Destroyed or Gone,,,,,,,,,,,,,
80,7/3/2026,"A. Fussell, R. Casella",Little Bear Beach,9:08,9:34,,LBB6,No,WHIB,Empty,,,,,,,,,,,,,
80,7/3/2026,"A. Fussell, R. Casella",Little Bear Beach,9:08,9:34,,LBB7,No,WHIB,Destroyed or Gone,,,,,,,,,,,,,
80,7/3/2026,"A. Fussell, R. Casella",Little Bear Beach,9:08,9:34,,LBB8,No,SNEG,Destroyed or Gone,,,,,,,,,,,,,
80,7/3/2026,"A. Fussell, R. Casella",Little Bear Beach,9:08,9:34,,LBB9,No,SNEG,Empty,,,,,,,,,,,,,
80,7/3/2026,"A. Fussell, R. Casella",Little Bear Beach,9:08,9:34,,LBB10,No,GLIB,Empty,,,,,,,,,,,,,
80,7/3/2026,"A. Fussell, R. Casella",Little Bear Beach,9:08,9:34,,LBB11,No,WHIB,Empty,,,,,,,,,,,,,
80,7/3/2026,"A. Fussell, R. Casella",Little Bear Beach,9:08,9:34,,LBB12,No,SNEG,Destroyed or Gone,,,,,,,,,,,,,
80,7/3/2026,"A. Fussell, R. Casella",Little Bear Beach,9:08,9:34,,LBB13,No,SNEG,Destroyed or Gone,,,,,,,,,,,,,
80,7/3/2026,"A. Fussell, R. Casella",Little Bear Beach,9:08,9:34,,LBB14,No,WHIB,Destroyed or Gone,,,,,,,,,,,,,
80,7/3/2026,"A. Fussell, R. Casella",Little Bear Beach,9:08,9:34,,LBB15,No,WHIB,Empty,,,,,,,,,,,,,
80,7/3/2026,"A. Fussell, R. Casella",Little Bear Beach,9:08,9:34,,LBB16,No,WHIB,Empty,,,,,,,,,,,,,
80,7/3/2026,"A. Fussell, R. Casella",Little Bear Beach,9:08,9:34,,LBB17,No,WHIB,Empty,,,,,,,,,,,,,
80,7/3/2026,"A. Fussell, R. Casella",Little Bear Beach,9:08,9:34,,LBB18,No,WHIB,Empty,,,,,,,,,,,,,
80,7/3/2026,"A. Fussell, R. Casella",Little Bear Beach,9:08,9:34,,LBB19,No,WHIB,Empty,,,,,,,,,,,,,
80,7/3/2026,"A. Fussell, R. Casella",Little Bear Beach,9:08,9:34,,LBB20,No,WHIB,Destroyed or Gone,,,,,,,,,,,,,
80,7/3/2026,"A. Fussell, R. Casella",Little Bear Beach,9:08,9:34,,LBB21,No,WHIB,Empty,,,,,,,,,,,,,
80,7/3/2026,"A. Fussell, R. Casella",Little Bear Beach,9:08,9:34,,LBB22,No,WHIB,Empty,,,,,,,,,,,,,
80,7/3/2026,"A. Fussell, R. Casella",Little Bear Beach,9:08,9:34,,LBB23,No,SNEG,Empty,,,,,,,,,,,,,
80,7/3/2026,"A. Fussell, R. Casella",Little Bear Beach,9:08,9:34,,LBB24,No,SNEG,Empty,,,,,,,,,,,,,
80,7/3/2026,"A. Fussell, R. Casella",Little Bear Beach,9:08,9:34,,LBB25,No,SNEG,Destroyed or Gone,,,,,,,,,,,,,
80,7/3/2026,"A. Fussell, R. Casella",Little Bear Beach,9:08,9:34,,LBB26,No,WHIB,Empty,,,,,,,,,,,,,
80,7/3/2026,"A. Fussell, R. Casella",Little Bear Beach,9:08,9:34,,LBB27,No,WHIB,Destroyed or Gone,,,,,,,,,,,,,
80,7/3/2026,"A. Fussell, R. Casella",Little Bear Beach,9:08,9:34,,LBB28,No,WHIB,Empty,,,,,,,,,,,,,
80,7/3/2026,"A. Fussell, R. Casella",Little Bear Beach,9:08,9:34,,LBB29,No,WHIB,Empty,,,,,,,,,,,,,
80,7/3/2026,"A. Fussell, R. Casella",Little Bear Beach,9:08,9:34,,LBB30,No,WHIB,Empty,,,,,,,,,,,,,
80,7/3/2026,"A. Fussell, R. Casella",Little Bear Beach,9:08,9:34,,LBB31,No,SNEG,Destroyed or Gone,,,,,,,,,,,,,
80,7/3/2026,"A. Fussell, R. Casella",Little Bear Beach,9:08,9:34,,LBB32,No,SNEG,Empty,,,,,,,,,,,,,
80,7/3/2026,"A. Fussell, R. Casella",Little Bear Beach,9:08,9:34,,LBB33,No,WHIB,Occupied,,1,,,,,,,,,,,
80,7/3/2026,"A. Fussell, R. Casella",Little Bear Beach,9:08,9:34,,LBB34,No,WHIB,Destroyed or Gone,,,,,,,,,,,,,
80,7/3/2026,"A. Fussell, R. Casella",Little Bear Beach,9:08,9:34,,LBB35,No,WHIB,Destroyed or Gone,,,,,,,,,,,,,
80,7/3/2026,"A. Fussell, R. Casella",Little Bear Beach,9:08,9:34,,LBB36,No,WHIB,Empty,,,,,,,,,,,,,
80,7/3/2026,"A. Fussell, R. Casella",Little Bear Beach,9:08,9:34,,LBB37,No,WHIB,Empty,,,,,,,,,,,,,
80,7/3/2026,"A. Fussell, R. Casella",Little Bear Beach,9:08,9:34,,LBB38,No,WHIB,Destroyed or Gone,,,,,,,,,,,,,
80,7/3/2026,"A. Fussell, R. Casella",Little Bear Beach,9:08,9:34,,LBB39,No,WHIB,Destroyed or Gone,,,,,,,,,,,,,
80,7/3/2026,"A. Fussell, R. Casella",Little Bear Beach,9:08,9:34,,LBB40,No,WHIB,Empty,,,,,,,,,,,,,
80,7/3/2026,"A. Fussell, R. Casella",Little Bear Beach,9:08,9:34,,LBB41,No,WHIB,Empty,,,,,,,,,,,,,
80,7/3/2026,"A. Fussell, R. Casella",Little Bear Beach,9:08,9:34,,LBB42,No,WHIB,Empty,,,,,,,,,,,,,
80,7/3/2026,"A. Fussell, R. Casella",Little Bear Beach,9:08,9:34,,LBB43,No,WHIB,Occupied,,2,,,,,,,,,,,
80,7/3/2026,"A. Fussell, R. Casella",Little Bear Beach,9:08,9:34,,LBB44,No,WHIB,Empty,,,,,,,,,,,,,
80,7/3/2026,"A. Fussell, R. Casella",Little Bear Beach,9:08,9:34,,LBB45,No,WHIB,Empty,,,,,,,,,,,,,
80,7/3/2026,"A. Fussell, R. Casella",Little Bear Beach,9:08,9:34,,LBB46,No,WHIB,Empty,,,,,,,,,,,,,
80,7/3/2026,"A. Fussell, R. Casella",Little Bear Beach,9:08,9:34,,LBB47,No,WHIB,Empty,,,,,,,,,,,,,
80,7/3/2026,"A. Fussell, R. Casella",Little Bear Beach,9:08,9:34,,LBB48,No,WHIB,Empty,,,, ,,,,,,,,,
80,7/3/2026,"A. Fussell, R. Casella",Little Bear Beach,9:08,9:34,,LBB49,No,WHIB,Empty,,,,,,,,,,,,,
80,7/3/2026,"A. Fussell, R. Casella",Little Bear Beach,9:08,9:34,,LBB50,No,WHIB,Destroyed or Gone,,,,,,,,,,,,,
