Report Year,Table Number,Colony Name,Colony Type,Nest Check,Latitude,Longitude,Species,Number,Data Type,Survey Type/Method,Data Details,Notes
2023,31,Clewiston Spit,Spoil Island,Y,26.77573,-80.90938,Cattle Egret,2,Peak nest abundances,Aerial and ground surveys,Geographic coordinates (NAD 83) and species-specific peak nest abundances in detected colonies during the 2023 breeding season at Lake Okeechobee.,
2023,31,Clewiston Spit,Spoil Island,Y,26.77573,-80.90938,Great Blue Heron,3,Peak nest abundances,Aerial and ground surveys,Geographic coordinates (NAD 83) and species-specific peak nest abundances in detected colonies during the 2023 breeding season at Lake Okeechobee.,
2023,31,Clewiston Spit,Spoil Island,Y,26.77573,-80.90938,Roseate Spoonbill,5,Peak nest abundances,Aerial and ground surveys,Geographic coordinates (NAD 83) and species-specific peak nest abundances in detected colonies during the 2023 breeding season at Lake Okeechobee.,
2023,31,Clewiston Spit,Spoil Island,Y,26.77573,-80.90938,Little Blue Heron,8,Peak nest abundances,Aerial and ground surveys,Geographic coordinates (NAD 83) and species-specific peak nest abundances in detected colonies during the 2023 breeding season at Lake Okeechobee.,
2023,31,Clewiston Spit,Spoil Island,Y,26.77573,-80.90938,White Ibis,13,Peak nest abundances,Aerial and ground surveys,Geographic coordinates (NAD 83) and species-specific peak nest abundances in detected colonies during the 2023 breeding season at Lake Okeechobee.,
2023,31,Clewiston Spit,Spoil Island,Y,26.77573,-80.90938,Glossy Ibis,26,Peak nest abundances,Aerial and ground surveys,Geographic coordinates (NAD 83) and species-specific peak nest abundances in detected colonies during the 2023 breeding season at Lake Okeechobee.,
2023,31,Clewiston Spit,Spoil Island,Y,26.77573,-80.90938,Tricolored Heron,99,Peak nest abundances,Aerial and ground surveys,Geographic coordinates (NAD 83) and species-specific peak nest abundances in detected colonies during the 2023 breeding season at Lake Okeechobee.,
2023,31,Clewiston Spit,Spoil Island,Y,26.77573,-80.90938,Snowy Egret,105,Peak nest abundances,Aerial and ground surveys,Geographic coordinates (NAD 83) and species-specific peak nest abundances in detected colonies during the 2023 breeding season at Lake Okeechobee.,
2023,31,Clewiston Spit,Spoil Island,Y,26.77573,-80.90938,Great Egret,178,Peak nest abundances,Aerial and ground surveys,Geographic coordinates (NAD 83) and species-specific peak nest abundances in detected colonies during the 2023 breeding season at Lake Okeechobee.,
2023,31,Eagle Bay Island,Marsh Island,N,27.179183,-80.837133,Great Blue Heron,1,Peak nest abundances,Aerial and ground surveys,Geographic coordinates (NAD 83) and species-specific peak nest abundances in detected colonies during the 2023 breeding season at Lake Okeechobee.,
2023,31,Eagle Bay Island,Marsh Island,N,27.179183,-80.837133,Anhinga,10,Peak nest abundances,Aerial and ground surveys,Geographic coordinates (NAD 83) and species-specific peak nest abundances in detected colonies during the 2023 breeding season at Lake Okeechobee.,
2023,31,Eagle Bay Island,Marsh Island,N,27.179183,-80.837133,Great Egret,25,Peak nest abundances,Aerial and ground surveys,Geographic coordinates (NAD 83) and species-specific peak nest abundances in detected colonies during the 2023 breeding season at Lake Okeechobee.,
2023,31,Eagle Bay Island,Marsh Island,N,27.179183,-80.837133,Little Blue Heron,48,Peak nest abundances,Aerial and ground surveys,Geographic coordinates (NAD 83) and species-specific peak nest abundances in detected colonies during the 2023 breeding season at Lake Okeechobee.,
2023,31,Eagle Bay Island,Marsh Island,N,27.179183,-80.837133,Glossy Ibis,102,Peak nest abundances,Aerial and ground surveys,Geographic coordinates (NAD 83) and species-specific peak nest abundances in detected colonies during the 2023 breeding season at Lake Okeechobee.,
2023,31,Eagle Bay Island,Marsh Island,N,27.179183,-80.837133,Tricolored Heron,144,Peak nest abundances,Aerial and ground surveys,Geographic coordinates (NAD 83) and species-specific peak nest abundances in detected colonies during the 2023 breeding season at Lake Okeechobee.,
2023,31,Eagle Bay Island,Marsh Island,N,27.179183,-80.837133,White Ibis,204,Peak nest abundances,Aerial and ground surveys,Geographic coordinates (NAD 83) and species-specific peak nest abundances in detected colonies during the 2023 breeding season at Lake Okeechobee.,
2023,31,Eagle Bay Island,Marsh Island,N,27.179183,-80.837133,Cattle Egret,228,Peak nest abundances,Aerial and ground surveys,Geographic coordinates (NAD 83) and species-specific peak nest abundances in detected colonies during the 2023 breeding season at Lake Okeechobee.,
2023,31,Eagle Bay Island,Marsh Island,N,27.179183,-80.837133,Snowy Egret,241,Peak nest abundances,Aerial and ground surveys,Geographic coordinates (NAD 83) and species-specific peak nest abundances in detected colonies during the 2023 breeding season at Lake Okeechobee.,
2023,31,Gator Farm,Off-Lake Island,N,27.022778,-81.060833,Great Blue Heron,1,Peak nest abundances,Aerial and ground surveys,Geographic coordinates (NAD 83) and species-specific peak nest abundances in detected colonies during the 2023 breeding season at Lake Okeechobee.,
2023,31,Gator Farm,Off-Lake Island,N,27.022778,-81.060833,Tricolored Heron,8,Peak nest abundances,Aerial and ground surveys,Geographic coordinates (NAD 83) and species-specific peak nest abundances in detected colonies during the 2023 breeding season at Lake Okeechobee.,
2023,31,Gator Farm,Off-Lake Island,N,27.022778,-81.060833,Little Blue Heron,10,Peak nest abundances,Aerial and ground surveys,Geographic coordinates (NAD 83) and species-specific peak nest abundances in detected colonies during the 2023 breeding season at Lake Okeechobee.,
2023,31,Gator Farm,Off-Lake Island,N,27.022778,-81.060833,Roseate Spoonbill,10,Peak nest abundances,Aerial and ground surveys,Geographic coordinates (NAD 83) and species-specific peak nest abundances in detected colonies during the 2023 breeding season at Lake Okeechobee.,
2023,31,Gator Farm,Off-Lake Island,N,27.022778,-81.060833,Anhinga,12,Peak nest abundances,Aerial and ground surveys,Geographic coordinates (NAD 83) and species-specific peak nest abundances in detected colonies during the 2023 breeding season at Lake Okeechobee.,
2023,31,Gator Farm,Off-Lake Island,N,27.022778,-81.060833,Glossy Ibis,15,Peak nest abundances,Aerial and ground surveys,Geographic coordinates (NAD 83) and species-specific peak nest abundances in detected colonies during the 2023 breeding season at Lake Okeechobee.,
2023,31,Gator Farm,Off-Lake Island,N,27.022778,-81.060833,White Ibis,26,Peak nest abundances,Aerial and ground surveys,Geographic coordinates (NAD 83) and species-specific peak nest abundances in detected colonies during the 2023 breeding season at Lake Okeechobee.,
2023,31,Gator Farm,Off-Lake Island,N,27.022778,-81.060833,Snowy Egret,37,Peak nest abundances,Aerial and ground surveys,Geographic coordinates (NAD 83) and species-specific peak nest abundances in detected colonies during the 2023 breeding season at Lake Okeechobee.,
2023,31,Gator Farm,Off-Lake Island,N,27.022778,-81.060833,Wood Stork,58,Peak nest abundances,Aerial and ground surveys,Geographic coordinates (NAD 83) and species-specific peak nest abundances in detected colonies during the 2023 breeding season at Lake Okeechobee.,
2023,31,Gator Farm,Off-Lake Island,N,27.022778,-81.060833,Great Egret,109,Peak nest abundances,Aerial and ground surveys,Geographic coordinates (NAD 83) and species-specific peak nest abundances in detected colonies during the 2023 breeding season at Lake Okeechobee.,
2023,31,Gator Farm,Off-Lake Island,N,27.022778,-81.060833,Cattle Egret,292,Peak nest abundances,Aerial and ground surveys,Geographic coordinates (NAD 83) and species-specific peak nest abundances in detected colonies during the 2023 breeding season at Lake Okeechobee.,
2023,31,Gun Range,Off-Lake Island,N,26.893252,-81.124557,Great Blue Heron,1,Peak nest abundances,Aerial and ground surveys,Geographic coordinates (NAD 83) and species-specific peak nest abundances in detected colonies during the 2023 breeding season at Lake Okeechobee.,
2023,31,Gun Range,Off-Lake Island,N,26.893252,-81.124557,Great Egret,23,Peak nest abundances,Aerial and ground surveys,Geographic coordinates (NAD 83) and species-specific peak nest abundances in detected colonies during the 2023 breeding season at Lake Okeechobee.,
2023,31,Gun Range,Off-Lake Island,N,26.893252,-81.124557,Anhinga,29,Peak nest abundances,Aerial and ground surveys,Geographic coordinates (NAD 83) and species-specific peak nest abundances in detected colonies during the 2023 breeding season at Lake Okeechobee.,
2023,31,Gun Range,Off-Lake Island,N,26.893252,-81.124557,Cattle Egret,129,Peak nest abundances,Aerial and ground surveys,Geographic coordinates (NAD 83) and species-specific peak nest abundances in detected colonies during the 2023 breeding season at Lake Okeechobee.,
2023,31,Lakeport Marina,Off-Lake Island,N,26.97336,-81.11562,Anhinga,8,Peak nest abundances,Aerial and ground surveys,Geographic coordinates (NAD 83) and species-specific peak nest abundances in detected colonies during the 2023 breeding season at Lake Okeechobee.,
2023,31,Lakeport Marina,Off-Lake Island,N,26.97336,-81.11562,Tricolored Heron,13,Peak nest abundances,Aerial and ground surveys,Geographic coordinates (NAD 83) and species-specific peak nest abundances in detected colonies during the 2023 breeding season at Lake Okeechobee.,
2023,31,Lakeport Marina,Off-Lake Island,N,26.97336,-81.11562,Snowy Egret,78,Peak nest abundances,Aerial and ground surveys,Geographic coordinates (NAD 83) and species-specific peak nest abundances in detected colonies during the 2023 breeding season at Lake Okeechobee.,
2023,31,Lakeport Marina,Off-Lake Island,N,26.97336,-81.11562,Great Egret,134,Peak nest abundances,Aerial and ground surveys,Geographic coordinates (NAD 83) and species-specific peak nest abundances in detected colonies during the 2023 breeding season at Lake Okeechobee.,
2023,31,Lakeport Marina,Off-Lake Island,N,26.97336,-81.11562,Cattle Egret,410,Peak nest abundances,Aerial and ground surveys,Geographic coordinates (NAD 83) and species-specific peak nest abundances in detected colonies during the 2023 breeding season at Lake Okeechobee.,
2023,31,Little Bear Beach,Spoil Island,Y,26.721389,-80.842222,Great Blue Heron,1,Peak nest abundances,Aerial and ground surveys,Geographic coordinates (NAD 83) and species-specific peak nest abundances in detected colonies during the 2023 breeding season at Lake Okeechobee.,
2023,31,Little Bear Beach,Spoil Island,Y,26.721389,-80.842222,Cattle Egret,13,Peak nest abundances,Aerial and ground surveys,Geographic coordinates (NAD 83) and species-specific peak nest abundances in detected colonies during the 2023 breeding season at Lake Okeechobee.,
2023,31,Little Bear Beach,Spoil Island,Y,26.721389,-80.842222,Little Blue Heron,18,Peak nest abundances,Aerial and ground surveys,Geographic coordinates (NAD 83) and species-specific peak nest abundances in detected colonies during the 2023 breeding season at Lake Okeechobee.,
2023,31,Little Bear Beach,Spoil Island,Y,26.721389,-80.842222,Glossy Ibis,41,Peak nest abundances,Aerial and ground surveys,Geographic coordinates (NAD 83) and species-specific peak nest abundances in detected colonies during the 2023 breeding season at Lake Okeechobee.,
2023,31,Little Bear Beach,Spoil Island,Y,26.721389,-80.842222,Tricolored Heron,64,Peak nest abundances,Aerial and ground surveys,Geographic coordinates (NAD 83) and species-specific peak nest abundances in detected colonies during the 2023 breeding season at Lake Okeechobee.,
2023,31,Little Bear Beach,Spoil Island,Y,26.721389,-80.842222,Great Egret,99,Peak nest abundances,Aerial and ground surveys,Geographic coordinates (NAD 83) and species-specific peak nest abundances in detected colonies during the 2023 breeding season at Lake Okeechobee.,
2023,31,Little Bear Beach,Spoil Island,Y,26.721389,-80.842222,Snowy Egret,157,Peak nest abundances,Aerial and ground surveys,Geographic coordinates (NAD 83) and species-specific peak nest abundances in detected colonies during the 2023 breeding season at Lake Okeechobee.,
2023,31,Little Bear Beach,Spoil Island,Y,26.721389,-80.842222,White Ibis,178,Peak nest abundances,Aerial and ground surveys,Geographic coordinates (NAD 83) and species-specific peak nest abundances in detected colonies during the 2023 breeding season at Lake Okeechobee.,
2023,31,Moonshine Bay 1,Marsh Island,Y,26.91327,-81.02416,Great Egret,2,Peak nest abundances,Aerial and ground surveys,Geographic coordinates (NAD 83) and species-specific peak nest abundances in detected colonies during the 2023 breeding season at Lake Okeechobee.,
2023,31,Moonshine Bay 1,Marsh Island,Y,26.91327,-81.02416,Great Blue Heron,5,Peak nest abundances,Aerial and ground surveys,Geographic coordinates (NAD 83) and species-specific peak nest abundances in detected colonies during the 2023 breeding season at Lake Okeechobee.,
2023,31,Moonshine Bay 3,Marsh Island,N,26.92755,-81.03479,Great Blue Heron,2,Peak nest abundances,Aerial and ground surveys,Geographic coordinates (NAD 83) and species-specific peak nest abundances in detected colonies during the 2023 breeding season at Lake Okeechobee.,
2023,31,Moonshine Bay 3,Marsh Island,N,26.92755,-81.03479,Great Egret,2,Peak nest abundances,Aerial and ground surveys,Geographic coordinates (NAD 83) and species-specific peak nest abundances in detected colonies during the 2023 breeding season at Lake Okeechobee.,
2023,31,Moore Haven East 5,Marsh Island,N,26.86221,-81.006862,Great Blue Heron,2,Peak nest abundances,Aerial and ground surveys,Geographic coordinates (NAD 83) and species-specific peak nest abundances in detected colonies during the 2023 breeding season at Lake Okeechobee.,
2023,31,Moore Haven East 5,Marsh Island,N,26.86221,-81.006862,Anhinga,5,Peak nest abundances,Aerial and ground surveys,Geographic coordinates (NAD 83) and species-specific peak nest abundances in detected colonies during the 2023 breeding season at Lake Okeechobee.,
2023,31,Moore Haven East 5,Marsh Island,N,26.86221,-81.006862,Snowy Egret,12,Peak nest abundances,Aerial and ground surveys,Geographic coordinates (NAD 83) and species-specific peak nest abundances in detected colonies during the 2023 breeding season at Lake Okeechobee.,
2023,31,Moore Haven East 5,Marsh Island,N,26.86221,-81.006862,Great Egret,109,Peak nest abundances,Aerial and ground surveys,Geographic coordinates (NAD 83) and species-specific peak nest abundances in detected colonies during the 2023 breeding season at Lake Okeechobee.,
2023,31,Moore Haven NW,Marsh Island,N,26.9511,-81.00739,Glossy Ibis,2,Peak nest abundances,Aerial and ground surveys,Geographic coordinates (NAD 83) and species-specific peak nest abundances in detected colonies during the 2023 breeding season at Lake Okeechobee.,
2023,31,Moore Haven NW,Marsh Island,N,26.9511,-81.00739,Roseate Spoonbill,2,Peak nest abundances,Aerial and ground surveys,Geographic coordinates (NAD 83) and species-specific peak nest abundances in detected colonies during the 2023 breeding season at Lake Okeechobee.,
2023,31,Moore Haven NW,Marsh Island,N,26.9511,-81.00739,White Ibis,2,Peak nest abundances,Aerial and ground surveys,Geographic coordinates (NAD 83) and species-specific peak nest abundances in detected colonies during the 2023 breeding season at Lake Okeechobee.,
2023,31,Moore Haven NW,Marsh Island,N,26.9511,-81.00739,Great Blue Heron,7,Peak nest abundances,Aerial and ground surveys,Geographic coordinates (NAD 83) and species-specific peak nest abundances in detected colonies during the 2023 breeding season at Lake Okeechobee.,
2023,31,Moore Haven NW,Marsh Island,N,26.9511,-81.00739,Anhinga,8,Peak nest abundances,Aerial and ground surveys,Geographic coordinates (NAD 83) and species-specific peak nest abundances in detected colonies during the 2023 breeding season at Lake Okeechobee.,
2023,31,Moore Haven NW,Marsh Island,N,26.9511,-81.00739,Cattle Egret,24,Peak nest abundances,Aerial and ground surveys,Geographic coordinates (NAD 83) and species-specific peak nest abundances in detected colonies during the 2023 breeding season at Lake Okeechobee.,
2023,31,Moore Haven NW,Marsh Island,N,26.9511,-81.00739,Little Blue Heron,25,Peak nest abundances,Aerial and ground surveys,Geographic coordinates (NAD 83) and species-specific peak nest abundances in detected colonies during the 2023 breeding season at Lake Okeechobee.,
2023,31,Moore Haven NW,Marsh Island,N,26.9511,-81.00739,Tricolored Heron,99,Peak nest abundances,Aerial and ground surveys,Geographic coordinates (NAD 83) and species-specific peak nest abundances in detected colonies during the 2023 breeding season at Lake Okeechobee.,
2023,31,Moore Haven NW,Marsh Island,N,26.9511,-81.00739,Snowy Egret,111,Peak nest abundances,Aerial and ground surveys,Geographic coordinates (NAD 83) and species-specific peak nest abundances in detected colonies during the 2023 breeding season at Lake Okeechobee.,
2023,31,Moore Haven NW,Marsh Island,N,26.9511,-81.00739,Great Egret,130,Peak nest abundances,Aerial and ground surveys,Geographic coordinates (NAD 83) and species-specific peak nest abundances in detected colonies during the 2023 breeding season at Lake Okeechobee.,
2023,31,Moore Haven West 1,Marsh Island,N,26.898056,-81.088333,Snowy Egret,18,Peak nest abundances,Aerial and ground surveys,Geographic coordinates (NAD 83) and species-specific peak nest abundances in detected colonies during the 2023 breeding season at Lake Okeechobee.,
2023,31,Moore Haven West 1,Marsh Island,N,26.898056,-81.088333,Great Egret,22,Peak nest abundances,Aerial and ground surveys,Geographic coordinates (NAD 83) and species-specific peak nest abundances in detected colonies during the 2023 breeding season at Lake Okeechobee.,
2023,31,Pahokee Airport,Spoil Island,N,26.77908,-80.6976,Anhinga,2,Peak nest abundances,Aerial and ground surveys,Geographic coordinates (NAD 83) and species-specific peak nest abundances in detected colonies during the 2023 breeding season at Lake Okeechobee.,
2023,31,Pahokee Airport,Spoil Island,N,26.77908,-80.6976,Glossy Ibis,12,Peak nest abundances,Aerial and ground surveys,Geographic coordinates (NAD 83) and species-specific peak nest abundances in detected colonies during the 2023 breeding season at Lake Okeechobee.,
2023,31,Pahokee Airport,Spoil Island,N,26.77908,-80.6976,Great Egret,18,Peak nest abundances,Aerial and ground surveys,Geographic coordinates (NAD 83) and species-specific peak nest abundances in detected colonies during the 2023 breeding season at Lake Okeechobee.,
2023,31,Pahokee Airport,Spoil Island,N,26.77908,-80.6976,Little Blue Heron,58,Peak nest abundances,Aerial and ground surveys,Geographic coordinates (NAD 83) and species-specific peak nest abundances in detected colonies during the 2023 breeding season at Lake Okeechobee.,
2023,31,Pahokee Airport,Spoil Island,N,26.77908,-80.6976,White Ibis,74,Peak nest abundances,Aerial and ground surveys,Geographic coordinates (NAD 83) and species-specific peak nest abundances in detected colonies during the 2023 breeding season at Lake Okeechobee.,
2023,31,Pahokee Airport,Spoil Island,N,26.77908,-80.6976,Cattle Egret,111,Peak nest abundances,Aerial and ground surveys,Geographic coordinates (NAD 83) and species-specific peak nest abundances in detected colonies during the 2023 breeding season at Lake Okeechobee.,
2023,31,Pahokee Airport,Spoil Island,N,26.77908,-80.6976,Tricolored Heron,116,Peak nest abundances,Aerial and ground surveys,Geographic coordinates (NAD 83) and species-specific peak nest abundances in detected colonies during the 2023 breeding season at Lake Okeechobee.,
2023,31,Pahokee Airport,Spoil Island,N,26.77908,-80.6976,Snowy Egret,136,Peak nest abundances,Aerial and ground surveys,Geographic coordinates (NAD 83) and species-specific peak nest abundances in detected colonies during the 2023 breeding season at Lake Okeechobee.,
2022,29,Chance Bay,Marsh Island,N,27.108117,-80.670867,Cattle Egret,403,Peak nest abundances,Aerial and ground surveys,Geographic coordinates (NAD 83) and species-specific peak nest abundances in detected colonies during the 2022 breeding season at Lake Okeechobee.,
2022,29,Clewiston Spit,Spoil Island,Y,26.77573,-80.90938,Glossy Ibis,2,Peak nest abundances,Aerial and ground surveys,Geographic coordinates (NAD 83) and species-specific peak nest abundances in detected colonies during the 2022 breeding season at Lake Okeechobee.,Colony type determined from aerial imagery
2022,29,Clewiston Spit,Spoil Island,Y,26.77573,-80.90938,Great Blue Heron,2,Peak nest abundances,Aerial and ground surveys,Geographic coordinates (NAD 83) and species-specific peak nest abundances in detected colonies during the 2022 breeding season at Lake Okeechobee.,
2022,29,Clewiston Spit,Spoil Island,Y,26.77573,-80.90938,Roseate Spoonbill,17,Peak nest abundances,Aerial and ground surveys,Geographic coordinates (NAD 83) and species-specific peak nest abundances in detected colonies during the 2022 breeding season at Lake Okeechobee.,
2022,29,Clewiston Spit,Spoil Island,Y,26.77573,-80.90938,Tricolored Heron,47,Peak nest abundances,Aerial and ground surveys,Geographic coordinates (NAD 83) and species-specific peak nest abundances in detected colonies during the 2022 breeding season at Lake Okeechobee.,
2022,29,Clewiston Spit,Spoil Island,Y,26.77573,-80.90938,Great Egret,138,Peak nest abundances,Aerial and ground surveys,Geographic coordinates (NAD 83) and species-specific peak nest abundances in detected colonies during the 2022 breeding season at Lake Okeechobee.,
2022,29,Clewiston Spit,Spoil Island,Y,26.77573,-80.90938,Snowy Egret,194,Peak nest abundances,Aerial and ground surveys,Geographic coordinates (NAD 83) and species-specific peak nest abundances in detected colonies during the 2022 breeding season at Lake Okeechobee.,
2022,29,Eagle Bay Island NE,Marsh Island,N,27.17064003,-80.8464299,Great Blue Heron,1,Peak nest abundances,Aerial and ground surveys,Geographic coordinates (NAD 83) and species-specific peak nest abundances in detected colonies during the 2022 breeding season at Lake Okeechobee.,
2022,29,Eagle Bay Island NE,Marsh Island,N,27.17064003,-80.8464299,Little Blue Heron,2,Peak nest abundances,Aerial and ground surveys,Geographic coordinates (NAD 83) and species-specific peak nest abundances in detected colonies during the 2022 breeding season at Lake Okeechobee.,
2022,29,Eagle Bay Island NE,Marsh Island,N,27.17064003,-80.8464299,Tricolored Heron,2,Peak nest abundances,Aerial and ground surveys,Geographic coordinates (NAD 83) and species-specific peak nest abundances in detected colonies during the 2022 breeding season at Lake Okeechobee.,
2022,29,Eagle Bay Island NE,Marsh Island,N,27.17064003,-80.8464299,Glossy Ibis,3,Peak nest abundances,Aerial and ground surveys,Geographic coordinates (NAD 83) and species-specific peak nest abundances in detected colonies during the 2022 breeding season at Lake Okeechobee.,
2022,29,Eagle Bay Island NE,Marsh Island,N,27.17064003,-80.8464299,Great Egret,5,Peak nest abundances,Aerial and ground surveys,Geographic coordinates (NAD 83) and species-specific peak nest abundances in detected colonies during the 2022 breeding season at Lake Okeechobee.,
2022,29,Eagle Bay Island NE,Marsh Island,N,27.17064003,-80.8464299,Snowy Egret,66,Peak nest abundances,Aerial and ground surveys,Geographic coordinates (NAD 83) and species-specific peak nest abundances in detected colonies during the 2022 breeding season at Lake Okeechobee.,
2022,29,Eagle Bay Island NE,Marsh Island,N,27.17064003,-80.8464299,White Ibis,101,Peak nest abundances,Aerial and ground surveys,Geographic coordinates (NAD 83) and species-specific peak nest abundances in detected colonies during the 2022 breeding season at Lake Okeechobee.,
2022,29,Eagle Bay Island NE,Marsh Island,N,27.17064003,-80.8464299,Cattle Egret,127,Peak nest abundances,Aerial and ground surveys,Geographic coordinates (NAD 83) and species-specific peak nest abundances in detected colonies during the 2022 breeding season at Lake Okeechobee.,
2022,29,Eagle Bay Island S,Marsh Island,N,27.179183,-80.837133,Anhinga,1,Peak nest abundances,Aerial and ground surveys,Geographic coordinates (NAD 83) and species-specific peak nest abundances in detected colonies during the 2022 breeding season at Lake Okeechobee.,
2022,29,Eagle Bay Island S,Marsh Island,N,27.179183,-80.837133,Glossy Ibis,1,Peak nest abundances,Aerial and ground surveys,Geographic coordinates (NAD 83) and species-specific peak nest abundances in detected colonies during the 2022 breeding season at Lake Okeechobee.,
2022,29,Eagle Bay Island S,Marsh Island,N,27.179183,-80.837133,Great Blue Heron,1,Peak nest abundances,Aerial and ground surveys,Geographic coordinates (NAD 83) and species-specific peak nest abundances in detected colonies during the 2022 breeding season at Lake Okeechobee.,
2022,29,Eagle Bay Island S,Marsh Island,N,27.179183,-80.837133,Little Blue Heron,5,Peak nest abundances,Aerial and ground surveys,Geographic coordinates (NAD 83) and species-specific peak nest abundances in detected colonies during the 2022 breeding season at Lake Okeechobee.,
2022,29,Eagle Bay Island S,Marsh Island,N,27.179183,-80.837133,Snowy Egret,21,Peak nest abundances,Aerial and ground surveys,Geographic coordinates (NAD 83) and species-specific peak nest abundances in detected colonies during the 2022 breeding season at Lake Okeechobee.,
2022,29,Eagle Bay Island S,Marsh Island,N,27.179183,-80.837133,Cattle Egret,240,Peak nest abundances,Aerial and ground surveys,Geographic coordinates (NAD 83) and species-specific peak nest abundances in detected colonies during the 2022 breeding season at Lake Okeechobee.,
2022,29,Gator Farm,Off-Lake Island,N,27.0230043,-81.06110296,Anhinga,1,Peak nest abundances,Aerial and ground surveys,Geographic coordinates (NAD 83) and species-specific peak nest abundances in detected colonies during the 2022 breeding season at Lake Okeechobee.,
2022,29,Gator Farm,Off-Lake Island,N,27.0230043,-81.06110296,Glossy Ibis,1,Peak nest abundances,Aerial and ground surveys,Geographic coordinates (NAD 83) and species-specific peak nest abundances in detected colonies during the 2022 breeding season at Lake Okeechobee.,
2022,29,Gator Farm,Off-Lake Island,N,27.0230043,-81.06110296,Tricolored Heron,1,Peak nest abundances,Aerial and ground surveys,Geographic coordinates (NAD 83) and species-specific peak nest abundances in detected colonies during the 2022 breeding season at Lake Okeechobee.,
2022,29,Gator Farm,Off-Lake Island,N,27.0230043,-81.06110296,White Ibis,1,Peak nest abundances,Aerial and ground surveys,Geographic coordinates (NAD 83) and species-specific peak nest abundances in detected colonies during the 2022 breeding season at Lake Okeechobee.,
2022,29,Gator Farm,Off-Lake Island,N,27.0230043,-81.06110296,Great Blue Heron,2,Peak nest abundances,Aerial and ground surveys,Geographic coordinates (NAD 83) and species-specific peak nest abundances in detected colonies during the 2022 breeding season at Lake Okeechobee.,
2022,29,Gator Farm,Off-Lake Island,N,27.0230043,-81.06110296,Snowy Egret,2,Peak nest abundances,Aerial and ground surveys,Geographic coordinates (NAD 83) and species-specific peak nest abundances in detected colonies during the 2022 breeding season at Lake Okeechobee.,
2022,29,Gator Farm,Off-Lake Island,N,27.0230043,-81.06110296,Little Blue Heron,10,Peak nest abundances,Aerial and ground surveys,Geographic coordinates (NAD 83) and species-specific peak nest abundances in detected colonies during the 2022 breeding season at Lake Okeechobee.,
2022,29,Gator Farm,Off-Lake Island,N,27.0230043,-81.06110296,Roseate Spoonbill,16,Peak nest abundances,Aerial and ground surveys,Geographic coordinates (NAD 83) and species-specific peak nest abundances in detected colonies during the 2022 breeding season at Lake Okeechobee.,
2022,29,Gator Farm,Off-Lake Island,N,27.0230043,-81.06110296,Wood Stork,40,Peak nest abundances,Aerial and ground surveys,Geographic coordinates (NAD 83) and species-specific peak nest abundances in detected colonies during the 2022 breeding season at Lake Okeechobee.,
2022,29,Gator Farm,Off-Lake Island,N,27.0230043,-81.06110296,Great Egret,49,Peak nest abundances,Aerial and ground surveys,Geographic coordinates (NAD 83) and species-specific peak nest abundances in detected colonies during the 2022 breeding season at Lake Okeechobee.,
2022,29,Gator Farm,Off-Lake Island,N,27.0230043,-81.06110296,Cattle Egret,138,Peak nest abundances,Aerial and ground surveys,Geographic coordinates (NAD 83) and species-specific peak nest abundances in detected colonies during the 2022 breeding season at Lake Okeechobee.,
2022,29,Gun Range,Off-Lake Island,N,26.893205,-81.124513,Great Blue Heron,1,Peak nest abundances,Aerial and ground surveys,Geographic coordinates (NAD 83) and species-specific peak nest abundances in detected colonies during the 2022 breeding season at Lake Okeechobee.,
2022,29,Gun Range,Off-Lake Island,N,26.893205,-81.124513,Anhinga,8,Peak nest abundances,Aerial and ground surveys,Geographic coordinates (NAD 83) and species-specific peak nest abundances in detected colonies during the 2022 breeding season at Lake Okeechobee.,
2022,29,Gun Range,Off-Lake Island,N,26.893205,-81.124513,Great Egret,32,Peak nest abundances,Aerial and ground surveys,Geographic coordinates (NAD 83) and species-specific peak nest abundances in detected colonies during the 2022 breeding season at Lake Okeechobee.,
2022,29,Gun Range,Off-Lake Island,N,26.893205,-81.124513,Cattle Egret,70,Peak nest abundances,Aerial and ground surveys,Geographic coordinates (NAD 83) and species-specific peak nest abundances in detected colonies during the 2022 breeding season at Lake Okeechobee.,
2022,29,Lakeport Marina,Off-Lake Island,N,26.9726,-81.1144,Tricolored Heron,2,Peak nest abundances,Aerial and ground surveys,Geographic coordinates (NAD 83) and species-specific peak nest abundances in detected colonies during the 2022 breeding season at Lake Okeechobee.,
2022,29,Lakeport Marina,Off-Lake Island,N,26.9726,-81.1144,Snowy Egret,8,Peak nest abundances,Aerial and ground surveys,Geographic coordinates (NAD 83) and species-specific peak nest abundances in detected colonies during the 2022 breeding season at Lake Okeechobee.,
2022,29,Lakeport Marina,Off-Lake Island,N,26.9726,-81.1144,Great Egret,107,Peak nest abundances,Aerial and ground surveys,Geographic coordinates (NAD 83) and species-specific peak nest abundances in detected colonies during the 2022 breeding season at Lake Okeechobee.,
2022,29,Lakeport Marina,Off-Lake Island,N,26.9726,-81.1144,Cattle Egret,442,Peak nest abundances,Aerial and ground surveys,Geographic coordinates (NAD 83) and species-specific peak nest abundances in detected colonies during the 2022 breeding season at Lake Okeechobee.,
2022,29,Little Bear Beach,Spoil Island,Y,26.72139,-80.84222,Glossy Ibis,1,Peak nest abundances,Aerial and ground surveys,Geographic coordinates (NAD 83) and species-specific peak nest abundances in detected colonies during the 2022 breeding season at Lake Okeechobee.,
2022,29,Little Bear Beach,Spoil Island,Y,26.72139,-80.84222,Little Blue Heron,1,Peak nest abundances,Aerial and ground surveys,Geographic coordinates (NAD 83) and species-specific peak nest abundances in detected colonies during the 2022 breeding season at Lake Okeechobee.,
2022,29,Little Bear Beach,Spoil Island,Y,26.72139,-80.84222,Great Egret,51,Peak nest abundances,Aerial and ground surveys,Geographic coordinates (NAD 83) and species-specific peak nest abundances in detected colonies during the 2022 breeding season at Lake Okeechobee.,
2022,29,Little Bear Beach,Spoil Island,Y,26.72139,-80.84222,Tricolored Heron,68.5,Peak nest abundances,Aerial and ground surveys,Geographic coordinates (NAD 83) and species-specific peak nest abundances in detected colonies during the 2022 breeding season at Lake Okeechobee.,
2022,29,Little Bear Beach,Spoil Island,Y,26.72139,-80.84222,Snowy Egret,180,Peak nest abundances,Aerial and ground surveys,Geographic coordinates (NAD 83) and species-specific peak nest abundances in detected colonies during the 2022 breeding season at Lake Okeechobee.,
2022,29,Little Bear Beach,Spoil Island,Y,26.72139,-80.84222,White Ibis,344,Peak nest abundances,Aerial and ground surveys,Geographic coordinates (NAD 83) and species-specific peak nest abundances in detected colonies during the 2022 breeding season at Lake Okeechobee.,
2022,29,Moore Haven East 1,Marsh Island,N,26.88641245,-81.09643592,Great Blue Heron,2,Peak nest abundances,Aerial and ground surveys,Geographic coordinates (NAD 83) and species-specific peak nest abundances in detected colonies during the 2022 breeding season at Lake Okeechobee.,
2022,29,Moore Haven East 1,Marsh Island,N,26.88641245,-81.09643592,Anhinga,6,Peak nest abundances,Aerial and ground surveys,Geographic coordinates (NAD 83) and species-specific peak nest abundances in detected colonies during the 2022 breeding season at Lake Okeechobee.,
2022,29,Moore Haven East 1,Marsh Island,N,26.88641245,-81.09643592,Great Egret,206,Peak nest abundances,Aerial and ground surveys,Geographic coordinates (NAD 83) and species-specific peak nest abundances in detected colonies during the 2022 breeding season at Lake Okeechobee.,
2022,29,Moore Haven NW,Marsh Island,N,26.91117,-81.02514,Glossy Ibis,2,Peak nest abundances,Aerial and ground surveys,Geographic coordinates (NAD 83) and species-specific peak nest abundances in detected colonies during the 2022 breeding season at Lake Okeechobee.,
2022,29,Moore Haven NW,Marsh Island,N,26.91117,-81.02514,Great Blue Heron,2,Peak nest abundances,Aerial and ground surveys,Geographic coordinates (NAD 83) and species-specific peak nest abundances in detected colonies during the 2022 breeding season at Lake Okeechobee.,
2022,29,Moore Haven NW,Marsh Island,N,26.91117,-81.02514,Anhinga,4,Peak nest abundances,Aerial and ground surveys,Geographic coordinates (NAD 83) and species-specific peak nest abundances in detected colonies during the 2022 breeding season at Lake Okeechobee.,
2022,29,Moore Haven NW,Marsh Island,N,26.91117,-81.02514,Roseate Spoonbill,5,Peak nest abundances,Aerial and ground surveys,Geographic coordinates (NAD 83) and species-specific peak nest abundances in detected colonies during the 2022 breeding season at Lake Okeechobee.,
2022,29,Moore Haven NW,Marsh Island,N,26.91117,-81.02514,Tricolored Heron,8,Peak nest abundances,Aerial and ground surveys,Geographic coordinates (NAD 83) and species-specific peak nest abundances in detected colonies during the 2022 breeding season at Lake Okeechobee.,
2022,29,Moore Haven NW,Marsh Island,N,26.91117,-81.02514,Cattle Egret,76,Peak nest abundances,Aerial and ground surveys,Geographic coordinates (NAD 83) and species-specific peak nest abundances in detected colonies during the 2022 breeding season at Lake Okeechobee.,
2022,29,Moore Haven NW,Marsh Island,N,26.91117,-81.02514,Snowy Egret,103,Peak nest abundances,Aerial and ground surveys,Geographic coordinates (NAD 83) and species-specific peak nest abundances in detected colonies during the 2022 breeding season at Lake Okeechobee.,
2022,29,Moore Haven NW,Marsh Island,N,26.91117,-81.02514,Great Egret,115,Peak nest abundances,Aerial and ground surveys,Geographic coordinates (NAD 83) and species-specific peak nest abundances in detected colonies during the 2022 breeding season at Lake Okeechobee.,
2022,29,Moore Haven NW,Marsh Island,N,26.91117,-81.02514,White Ibis,442,Peak nest abundances,Aerial and ground surveys,Geographic coordinates (NAD 83) and species-specific peak nest abundances in detected colonies during the 2022 breeding season at Lake Okeechobee.,
2022,29,Pahokee Airport,Spoil Island,N,26.77908,-80.697596,Tricolored Heron,1,Peak nest abundances,Aerial and ground surveys,Geographic coordinates (NAD 83) and species-specific peak nest abundances in detected colonies during the 2022 breeding season at Lake Okeechobee.,
2022,29,Pahokee Airport,Spoil Island,N,26.77908,-80.697596,White Ibis,4,Peak nest abundances,Aerial and ground surveys,Geographic coordinates (NAD 83) and species-specific peak nest abundances in detected colonies during the 2022 breeding season at Lake Okeechobee.,
2022,29,Pahokee Airport,Spoil Island,N,26.77908,-80.697596,Cattle Egret,5,Peak nest abundances,Aerial and ground surveys,Geographic coordinates (NAD 83) and species-specific peak nest abundances in detected colonies during the 2022 breeding season at Lake Okeechobee.,
2022,29,Pahokee Airport,Spoil Island,N,26.77908,-80.697596,Great Egret,20,Peak nest abundances,Aerial and ground surveys,Geographic coordinates (NAD 83) and species-specific peak nest abundances in detected colonies during the 2022 breeding season at Lake Okeechobee.,
2022,29,Pahokee Airport,Spoil Island,N,26.77908,-80.697596,Snowy Egret,41,Peak nest abundances,Aerial and ground surveys,Geographic coordinates (NAD 83) and species-specific peak nest abundances in detected colonies during the 2022 breeding season at Lake Okeechobee.,
2021,15,Clewiston Marsh,Marsh Island,N,26.76599,-80.89796,Snowy Egret,45,Nest Count,Aerial and airboat ground surveys,Geographic coordinates (NAD83) and species-specific peak nest abundances in detected colonies during the 2021 breeding season at Lake Okeechobee.,
2021,15,Clewiston Marsh,Marsh Island,N,26.76599,-80.89796,Cattle Egret,120,Nest Count,Aerial and airboat ground surveys,Geographic coordinates (NAD83) and species-specific peak nest abundances in detected colonies during the 2021 breeding season at Lake Okeechobee.,
2021,15,Clewiston Marsh,Marsh Island,N,26.76599,-80.89796,White Ibis,205,Nest Count,Aerial and airboat ground surveys,Geographic coordinates (NAD83) and species-specific peak nest abundances in detected colonies during the 2021 breeding season at Lake Okeechobee.,
2021,15,Clewiston Spit,Spoil Island,Y,26.77658,-80.90914,Roseate Spoonbill,2,Nest Count,Aerial and airboat ground surveys,Geographic coordinates (NAD83) and species-specific peak nest abundances in detected colonies during the 2021 breeding season at Lake Okeechobee.,
2021,15,Clewiston Spit,Spoil Island,Y,26.77658,-80.90914,Tricolored Heron,67,Nest Count,Aerial and airboat ground surveys,Geographic coordinates (NAD83) and species-specific peak nest abundances in detected colonies during the 2021 breeding season at Lake Okeechobee.,
2021,15,Clewiston Spit,Spoil Island,Y,26.77658,-80.90914,Great Egret,148,Nest Count,Aerial and airboat ground surveys,Geographic coordinates (NAD83) and species-specific peak nest abundances in detected colonies during the 2021 breeding season at Lake Okeechobee.,
2021,15,Clewiston Spit,Spoil Island,Y,26.77658,-80.90914,Snowy Egret,202,Nest Count,Aerial and airboat ground surveys,Geographic coordinates (NAD83) and species-specific peak nest abundances in detected colonies during the 2021 breeding season at Lake Okeechobee.,
2021,15,Eagle Bay Island,Marsh Island,Y,27.17064,-80.84643,Great Egret,3,Nest Count,Aerial and airboat ground surveys,Geographic coordinates (NAD83) and species-specific peak nest abundances in detected colonies during the 2021 breeding season at Lake Okeechobee.,
2021,15,Eagle Bay Island,Marsh Island,Y,27.17064,-80.84643,Tricolored Heron,50,Nest Count,Aerial and airboat ground surveys,Geographic coordinates (NAD83) and species-specific peak nest abundances in detected colonies during the 2021 breeding season at Lake Okeechobee.,
2021,15,Eagle Bay Island,Marsh Island,Y,27.17064,-80.84643,Glossy Ibis,137,Nest Count,Aerial and airboat ground surveys,Geographic coordinates (NAD83) and species-specific peak nest abundances in detected colonies during the 2021 breeding season at Lake Okeechobee.,
2021,15,Eagle Bay Island,Marsh Island,Y,27.17064,-80.84643,White Ibis,137,Nest Count,Aerial and airboat ground surveys,Geographic coordinates (NAD83) and species-specific peak nest abundances in detected colonies during the 2021 breeding season at Lake Okeechobee.,
2021,15,Eagle Bay Island,Marsh Island,Y,27.17064,-80.84643,Snowy Egret,206,Nest Count,Aerial and airboat ground surveys,Geographic coordinates (NAD83) and species-specific peak nest abundances in detected colonies during the 2021 breeding season at Lake Okeechobee.,
2021,15,Eagle Bay Island,Marsh Island,Y,27.17064,-80.84643,Cattle Egret,343,Nest Count,Aerial and airboat ground surveys,Geographic coordinates (NAD83) and species-specific peak nest abundances in detected colonies during the 2021 breeding season at Lake Okeechobee.,
2021,15,Gator Farm,Off-Lake Island,N,27.02278,-81.06084,Tricolored Heron,3,Nest Count,Aerial and airboat ground surveys,Geographic coordinates (NAD83) and species-specific peak nest abundances in detected colonies during the 2021 breeding season at Lake Okeechobee.,
2021,15,Gator Farm,Off-Lake Island,N,27.02278,-81.06084,Snowy Egret,4,Nest Count,Aerial and airboat ground surveys,Geographic coordinates (NAD83) and species-specific peak nest abundances in detected colonies during the 2021 breeding season at Lake Okeechobee.,
2021,15,Gator Farm,Off-Lake Island,N,27.02278,-81.06084,Roseate Spoonbill,16,Nest Count,Aerial and airboat ground surveys,Geographic coordinates (NAD83) and species-specific peak nest abundances in detected colonies during the 2021 breeding season at Lake Okeechobee.,
2021,15,Gator Farm,Off-Lake Island,N,27.02278,-81.06084,White Ibis,25,Nest Count,Aerial and airboat ground surveys,Geographic coordinates (NAD83) and species-specific peak nest abundances in detected colonies during the 2021 breeding season at Lake Okeechobee.,
2021,15,Gator Farm,Off-Lake Island,N,27.02278,-81.06084,Wood Stork,25,Nest Count,Aerial and airboat ground surveys,Geographic coordinates (NAD83) and species-specific peak nest abundances in detected colonies during the 2021 breeding season at Lake Okeechobee.,
2021,15,Gator Farm,Off-Lake Island,N,27.02278,-81.06084,Great Egret,175,Nest Count,Aerial and airboat ground surveys,Geographic coordinates (NAD83) and species-specific peak nest abundances in detected colonies during the 2021 breeding season at Lake Okeechobee.,
2021,15,Gun Range,Off-Lake Island,N,26.893216,-81.124687,Great Egret,40,Nest Count,Aerial and airboat ground surveys,Geographic coordinates (NAD83) and species-specific peak nest abundances in detected colonies during the 2021 breeding season at Lake Okeechobee.,
2021,15,Lakeport Marina,Off-Lake Island,N,26.9726,-81.1144,Tricolored Heron,9,Nest Count,Aerial and airboat ground surveys,Geographic coordinates (NAD83) and species-specific peak nest abundances in detected colonies during the 2021 breeding season at Lake Okeechobee.,
2021,15,Lakeport Marina,Off-Lake Island,N,26.9726,-81.1144,Snowy Egret,19,Nest Count,Aerial and airboat ground surveys,Geographic coordinates (NAD83) and species-specific peak nest abundances in detected colonies during the 2021 breeding season at Lake Okeechobee.,
2021,15,Lakeport Marina,Off-Lake Island,N,26.9726,-81.1144,Great Egret,187,Nest Count,Aerial and airboat ground surveys,Geographic coordinates (NAD83) and species-specific peak nest abundances in detected colonies during the 2021 breeding season at Lake Okeechobee.,
2021,15,Lakeport Marina,Off-Lake Island,N,26.9726,-81.1144,Cattle Egret,277,Nest Count,Aerial and airboat ground surveys,Geographic coordinates (NAD83) and species-specific peak nest abundances in detected colonies during the 2021 breeding season at Lake Okeechobee.,
2021,15,Little Bear Beach,Spoil Island,Y,26.721389,-80.842222,Little Blue Heron,3,Nest Count,Aerial and airboat ground surveys,Geographic coordinates (NAD83) and species-specific peak nest abundances in detected colonies during the 2021 breeding season at Lake Okeechobee.,
2021,15,Little Bear Beach,Spoil Island,Y,26.721389,-80.842222,Great Blue Heron,5,Nest Count,Aerial and airboat ground surveys,Geographic coordinates (NAD83) and species-specific peak nest abundances in detected colonies during the 2021 breeding season at Lake Okeechobee.,
2021,15,Little Bear Beach,Spoil Island,Y,26.721389,-80.842222,Tricolored Heron,56,Nest Count,Aerial and airboat ground surveys,Geographic coordinates (NAD83) and species-specific peak nest abundances in detected colonies during the 2021 breeding season at Lake Okeechobee.,
2021,15,Little Bear Beach,Spoil Island,Y,26.721389,-80.842222,Great Egret,115,Nest Count,Aerial and airboat ground surveys,Geographic coordinates (NAD83) and species-specific peak nest abundances in detected colonies during the 2021 breeding season at Lake Okeechobee.,
2021,15,Little Bear Beach,Spoil Island,Y,26.721389,-80.842222,Snowy Egret,120,Nest Count,Aerial and airboat ground surveys,Geographic coordinates (NAD83) and species-specific peak nest abundances in detected colonies during the 2021 breeding season at Lake Okeechobee.,
2021,15,Moonshine Bay,Marsh Island,Y,26.92755,-81.03479,Tricolored Heron,14,Nest Count,Aerial and airboat ground surveys,Geographic coordinates (NAD83) and species-specific peak nest abundances in detected colonies during the 2021 breeding season at Lake Okeechobee.,
2021,15,Moonshine Bay,Marsh Island,Y,26.92755,-81.03479,Great Egret,15,Nest Count,Aerial and airboat ground surveys,Geographic coordinates (NAD83) and species-specific peak nest abundances in detected colonies during the 2021 breeding season at Lake Okeechobee.,
2021,15,Moonshine Bay,Marsh Island,Y,26.92755,-81.03479,Glossy Ibis,71,Nest Count,Aerial and airboat ground surveys,Geographic coordinates (NAD83) and species-specific peak nest abundances in detected colonies during the 2021 breeding season at Lake Okeechobee.,
2021,15,Moonshine Bay,Marsh Island,Y,26.92755,-81.03479,Snowy Egret,101,Nest Count,Aerial and airboat ground surveys,Geographic coordinates (NAD83) and species-specific peak nest abundances in detected colonies during the 2021 breeding season at Lake Okeechobee.,
2021,15,Moonshine Bay,Marsh Island,Y,26.92755,-81.03479,White Ibis,998,Nest Count,Aerial and airboat ground surveys,Geographic coordinates (NAD83) and species-specific peak nest abundances in detected colonies during the 2021 breeding season at Lake Okeechobee.,
2021,15,Moorehaven East 4,Marsh Island,N,26.892645,-81.050998,Great Blue Heron,4,Nest Count,Aerial and airboat ground surveys,Geographic coordinates (NAD83) and species-specific peak nest abundances in detected colonies during the 2021 breeding season at Lake Okeechobee.,
2021,15,Moorehaven East 4,Marsh Island,N,26.892645,-81.050998,Snowy Egret,5,Nest Count,Aerial and airboat ground surveys,Geographic coordinates (NAD83) and species-specific peak nest abundances in detected colonies during the 2021 breeding season at Lake Okeechobee.,
2021,15,Moorehaven East 4,Marsh Island,N,26.892645,-81.050998,Great Egret,56,Nest Count,Aerial and airboat ground surveys,Geographic coordinates (NAD83) and species-specific peak nest abundances in detected colonies during the 2021 breeding season at Lake Okeechobee.,
2021,15,Pahokee,Spoil Island,N,26.77908,-80.697596,Cattle Egret,26,Nest Count,Aerial and airboat ground surveys,Geographic coordinates (NAD83) and species-specific peak nest abundances in detected colonies during the 2021 breeding season at Lake Okeechobee.,
2021,15,Pahokee,Spoil Island,N,26.77908,-80.697596,Tricolored Heron,100,Nest Count,Aerial and airboat ground surveys,Geographic coordinates (NAD83) and species-specific peak nest abundances in detected colonies during the 2021 breeding season at Lake Okeechobee.,
2021,15,Pahokee,Spoil Island,N,26.77908,-80.697596,White Ibis,127,Nest Count,Aerial and airboat ground surveys,Geographic coordinates (NAD83) and species-specific peak nest abundances in detected colonies during the 2021 breeding season at Lake Okeechobee.,
2021,15,Pahokee,Spoil Island,N,26.77908,-80.697596,Snowy Egret,298,Nest Count,Aerial and airboat ground surveys,Geographic coordinates (NAD83) and species-specific peak nest abundances in detected colonies during the 2021 breeding season at Lake Okeechobee.,
2020,13,Bird Island,Spoil Island,Y,26.97196,-81.0086,Great Blue Heron,3,Nest Count,Ground and aerial surveys,Geographic coordinates (NAD83) and species-specific peak nest abundances,
2020,13,Bird Island,Spoil Island,Y,26.97196,-81.0086,Snowy Egret,12,Nest Count,Ground and aerial surveys,Geographic coordinates (NAD83) and species-specific peak nest abundances,
2020,13,Bird Island,Spoil Island,Y,26.97196,-81.0086,Tricolored Heron,21,Nest Count,Ground and aerial surveys,Geographic coordinates (NAD83) and species-specific peak nest abundances,
2020,13,Clewiston Spit,Spoil Island,Y,26.77573,-80.90938,White Ibis,2,Nest Count,Ground and aerial surveys,Geographic coordinates (NAD83) and species-specific peak nest abundances,
2020,13,Clewiston Spit,Spoil Island,Y,26.77573,-80.90938,Great Blue Heron,4,Nest Count,Ground and aerial surveys,Geographic coordinates (NAD83) and species-specific peak nest abundances,
2020,13,Clewiston Spit,Spoil Island,Y,26.77573,-80.90938,Great Egret,98,Nest Count,Ground and aerial surveys,Geographic coordinates (NAD83) and species-specific peak nest abundances,
2020,13,Clewiston Spit,Spoil Island,Y,26.77573,-80.90938,Tricolored Heron,105,Nest Count,Ground and aerial surveys,Geographic coordinates (NAD83) and species-specific peak nest abundances,
2020,13,Clewiston Spit,Spoil Island,Y,26.77573,-80.90938,Snowy Egret,370,Nest Count,Ground and aerial surveys,Geographic coordinates (NAD83) and species-specific peak nest abundances,
2020,13,Eagle Bay Island,Marsh Island,N,27.17427,-80.83663,Anhinga,1,Nest Count,Ground and aerial surveys,Geographic coordinates (NAD83) and species-specific peak nest abundances,
2020,13,Eagle Bay Island,Marsh Island,N,27.17427,-80.83663,Tricolored Heron,5,Nest Count,Ground and aerial surveys,Geographic coordinates (NAD83) and species-specific peak nest abundances,
2020,13,Eagle Bay Island,Marsh Island,N,27.17427,-80.83663,Glossy Ibis,10,Nest Count,Ground and aerial surveys,Geographic coordinates (NAD83) and species-specific peak nest abundances,
2020,13,Eagle Bay Island,Marsh Island,N,27.17427,-80.83663,Snowy Egret,142,Nest Count,Ground and aerial surveys,Geographic coordinates (NAD83) and species-specific peak nest abundances,
2020,13,Eagle Bay Island,Marsh Island,N,27.17427,-80.83663,Cattle Egret,263,Nest Count,Ground and aerial surveys,Geographic coordinates (NAD83) and species-specific peak nest abundances,
2020,13,Eagle Bay Island,Marsh Island,N,27.17427,-80.83663,White Ibis,387,Nest Count,Ground and aerial surveys,Geographic coordinates (NAD83) and species-specific peak nest abundances,
2020,13,Gator Farm,Off-Lake Island,N,27.023,-81.0611,Great Blue Heron,1,Nest Count,Ground and aerial surveys,Geographic coordinates (NAD83) and species-specific peak nest abundances,
2020,13,Gator Farm,Off-Lake Island,N,27.023,-81.0611,Tricolored Heron,1,Nest Count,Ground and aerial surveys,Geographic coordinates (NAD83) and species-specific peak nest abundances,
2020,13,Gator Farm,Off-Lake Island,N,27.023,-81.0611,Glossy Ibis,8,Nest Count,Ground and aerial surveys,Geographic coordinates (NAD83) and species-specific peak nest abundances,
2020,13,Gator Farm,Off-Lake Island,N,27.023,-81.0611,Anhinga,12,Nest Count,Ground and aerial surveys,Geographic coordinates (NAD83) and species-specific peak nest abundances,
2020,13,Gator Farm,Off-Lake Island,N,27.023,-81.0611,Little Blue Heron,26,Nest Count,Ground and aerial surveys,Geographic coordinates (NAD83) and species-specific peak nest abundances,
2020,13,Gator Farm,Off-Lake Island,N,27.023,-81.0611,Snowy Egret,30,Nest Count,Ground and aerial surveys,Geographic coordinates (NAD83) and species-specific peak nest abundances,
2020,13,Gator Farm,Off-Lake Island,N,27.023,-81.0611,Roseate Spoonbill,51,Nest Count,Ground and aerial surveys,Geographic coordinates (NAD83) and species-specific peak nest abundances,
2020,13,Gator Farm,Off-Lake Island,N,27.023,-81.0611,Wood Stork,52,Nest Count,Ground and aerial surveys,Geographic coordinates (NAD83) and species-specific peak nest abundances,
2020,13,Gator Farm,Off-Lake Island,N,27.023,-81.0611,Cattle Egret,132,Nest Count,Ground and aerial surveys,Geographic coordinates (NAD83) and species-specific peak nest abundances,
2020,13,Gator Farm,Off-Lake Island,N,27.023,-81.0611,Great Egret,179,Nest Count,Ground and aerial surveys,Geographic coordinates (NAD83) and species-specific peak nest abundances,
2020,13,Lakeport Marina,Off-Lake Island,N,26.9726,-81.1144,Anhinga,3,Nest Count,Ground and aerial surveys,Geographic coordinates (NAD83) and species-specific peak nest abundances,
2020,13,Lakeport Marina,Off-Lake Island,N,26.9726,-81.1144,Little Blue Heron,3,Nest Count,Ground and aerial surveys,Geographic coordinates (NAD83) and species-specific peak nest abundances,
2020,13,Lakeport Marina,Off-Lake Island,N,26.9726,-81.1144,Tricolored Heron,19,Nest Count,Ground and aerial surveys,Geographic coordinates (NAD83) and species-specific peak nest abundances,
2020,13,Lakeport Marina,Off-Lake Island,N,26.9726,-81.1144,Great Egret,22,Nest Count,Ground and aerial surveys,Geographic coordinates (NAD83) and species-specific peak nest abundances,
2020,13,Lakeport Marina,Off-Lake Island,N,26.9726,-81.1144,Snowy Egret,35,Nest Count,Ground and aerial surveys,Geographic coordinates (NAD83) and species-specific peak nest abundances,
2020,13,Lakeport Marina,Off-Lake Island,N,26.9726,-81.1144,Cattle Egret,539,Nest Count,Ground and aerial surveys,Geographic coordinates (NAD83) and species-specific peak nest abundances,
2020,13,Little Bear Beach,Spoil Island,Y,26.72139,-80.84222,Great Blue Heron,2,Nest Count,Ground and aerial surveys,Geographic coordinates (NAD83) and species-specific peak nest abundances,
2020,13,Little Bear Beach,Spoil Island,Y,26.72139,-80.84222,Tricolored Heron,45,Nest Count,Ground and aerial surveys,Geographic coordinates (NAD83) and species-specific peak nest abundances,
2020,13,Little Bear Beach,Spoil Island,Y,26.72139,-80.84222,Great Egret,82,Nest Count,Ground and aerial surveys,Geographic coordinates (NAD83) and species-specific peak nest abundances,
2020,13,Little Bear Beach,Spoil Island,Y,26.72139,-80.84222,Snowy Egret,127,Nest Count,Ground and aerial surveys,Geographic coordinates (NAD83) and species-specific peak nest abundances,
2020,13,Pahokee Airport,Spoil Island,N,26.77908,-80.6976,Glossy Ibis,1,Nest Count,Ground and aerial surveys,Geographic coordinates (NAD83) and species-specific peak nest abundances,
2020,13,Pahokee Airport,Spoil Island,N,26.77908,-80.6976,White Ibis,4,Nest Count,Ground and aerial surveys,Geographic coordinates (NAD83) and species-specific peak nest abundances,
2020,13,Pahokee Airport,Spoil Island,N,26.77908,-80.6976,Tricolored Heron,10,Nest Count,Ground and aerial surveys,Geographic coordinates (NAD83) and species-specific peak nest abundances,
2020,13,Pahokee Airport,Spoil Island,N,26.77908,-80.6976,Cattle Egret,14,Nest Count,Ground and aerial surveys,Geographic coordinates (NAD83) and species-specific peak nest abundances,
2020,13,Pahokee Airport,Spoil Island,N,26.77908,-80.6976,Snowy Egret,94,Nest Count,Ground and aerial surveys,Geographic coordinates (NAD83) and species-specific peak nest abundances,
2019,15,Bird Island,Spoil Island,Y,26.97199,-81.00917,Great Blue Heron,1,Nest Count,Ground and aerial surveys,Geographic coordinates (NAD83) and species-specific peak nest abundances in detected colonies during the 2019 breeding season at Lake Okeechobee.,
2019,15,Bird Island,Spoil Island,Y,26.97199,-81.00917,Tricolored Heron,19,Nest Count,Ground and aerial surveys,Geographic coordinates (NAD83) and species-specific peak nest abundances in detected colonies during the 2019 breeding season at Lake Okeechobee.,
2019,15,Bird Island,Spoil Island,Y,26.97199,-81.00917,Snowy Egret,35,Nest Count,Ground and aerial surveys,Geographic coordinates (NAD83) and species-specific peak nest abundances in detected colonies during the 2019 breeding season at Lake Okeechobee.,
2019,15,Clewiston Spit,Spoil Island,Y,26.77573,-80.90938,Great Blue Heron,3,Nest Count,Ground and aerial surveys,Geographic coordinates (NAD83) and species-specific peak nest abundances in detected colonies during the 2019 breeding season at Lake Okeechobee.,
2019,15,Clewiston Spit,Spoil Island,Y,26.77573,-80.90938,White Ibis,31,Nest Count,Ground and aerial surveys,Geographic coordinates (NAD83) and species-specific peak nest abundances in detected colonies during the 2019 breeding season at Lake Okeechobee.,
2019,15,Clewiston Spit,Spoil Island,Y,26.77573,-80.90938,Great Egret,60,Nest Count,Ground and aerial surveys,Geographic coordinates (NAD83) and species-specific peak nest abundances in detected colonies during the 2019 breeding season at Lake Okeechobee.,
2019,15,Clewiston Spit,Spoil Island,Y,26.77573,-80.90938,Glossy Ibis,105,Nest Count,Ground and aerial surveys,Geographic coordinates (NAD83) and species-specific peak nest abundances in detected colonies during the 2019 breeding season at Lake Okeechobee.,
2019,15,Clewiston Spit,Spoil Island,Y,26.77573,-80.90938,Tricolored Heron,130,Nest Count,Ground and aerial surveys,Geographic coordinates (NAD83) and species-specific peak nest abundances in detected colonies during the 2019 breeding season at Lake Okeechobee.,
2019,15,Clewiston Spit,Spoil Island,Y,26.77573,-80.90938,Snowy Egret,215,Nest Count,Ground and aerial surveys,Geographic coordinates (NAD83) and species-specific peak nest abundances in detected colonies during the 2019 breeding season at Lake Okeechobee.,
2019,15,Eagle Bay Island,Marsh Island,N,27.17427,-80.836672,Anhinga,12,Nest Count,Ground and aerial surveys,Geographic coordinates (NAD83) and species-specific peak nest abundances in detected colonies during the 2019 breeding season at Lake Okeechobee.,
2019,15,Eagle Bay Island,Marsh Island,N,27.17427,-80.836672,Little Blue Heron,15,Nest Count,Ground and aerial surveys,Geographic coordinates (NAD83) and species-specific peak nest abundances in detected colonies during the 2019 breeding season at Lake Okeechobee.,
2019,15,Eagle Bay Island,Marsh Island,N,27.17427,-80.836672,Snowy Egret,30,Nest Count,Ground and aerial surveys,Geographic coordinates (NAD83) and species-specific peak nest abundances in detected colonies during the 2019 breeding season at Lake Okeechobee.,
2019,15,Eagle Bay Island,Marsh Island,N,27.17427,-80.836672,Tricolored Heron,40,Nest Count,Ground and aerial surveys,Geographic coordinates (NAD83) and species-specific peak nest abundances in detected colonies during the 2019 breeding season at Lake Okeechobee.,
2019,15,Eagle Bay Island,Marsh Island,N,27.17427,-80.836672,Glossy Ibis,118,Nest Count,Ground and aerial surveys,Geographic coordinates (NAD83) and species-specific peak nest abundances in detected colonies during the 2019 breeding season at Lake Okeechobee.,
2019,15,Eagle Bay Island,Marsh Island,N,27.17427,-80.836672,White Ibis,160,Nest Count,Ground and aerial surveys,Geographic coordinates (NAD83) and species-specific peak nest abundances in detected colonies during the 2019 breeding season at Lake Okeechobee.,
2019,15,Eagle Bay Island,Marsh Island,N,27.17427,-80.836672,Cattle Egret,400,Nest Count,Ground and aerial surveys,Geographic coordinates (NAD83) and species-specific peak nest abundances in detected colonies during the 2019 breeding season at Lake Okeechobee.,
2019,15,Gator Farm,Off-Lake Island,N,27.023004,-81.061103,Anhinga,10,Nest Count,Ground and aerial surveys,Geographic coordinates (NAD83) and species-specific peak nest abundances in detected colonies during the 2019 breeding season at Lake Okeechobee.,
2019,15,Gator Farm,Off-Lake Island,N,27.023004,-81.061103,Little Blue Heron,11,Nest Count,Ground and aerial surveys,Geographic coordinates (NAD83) and species-specific peak nest abundances in detected colonies during the 2019 breeding season at Lake Okeechobee.,
2019,15,Gator Farm,Off-Lake Island,N,27.023004,-81.061103,Glossy Ibis,12,Nest Count,Ground and aerial surveys,Geographic coordinates (NAD83) and species-specific peak nest abundances in detected colonies during the 2019 breeding season at Lake Okeechobee.,
2019,15,Gator Farm,Off-Lake Island,N,27.023004,-81.061103,Roseate Spoonbill,20,Nest Count,Ground and aerial surveys,Geographic coordinates (NAD83) and species-specific peak nest abundances in detected colonies during the 2019 breeding season at Lake Okeechobee.,
2019,15,Gator Farm,Off-Lake Island,N,27.023004,-81.061103,Wood Stork,28,Nest Count,Ground and aerial surveys,Geographic coordinates (NAD83) and species-specific peak nest abundances in detected colonies during the 2019 breeding season at Lake Okeechobee.,
2019,15,Gator Farm,Off-Lake Island,N,27.023004,-81.061103,Snowy Egret,30,Nest Count,Ground and aerial surveys,Geographic coordinates (NAD83) and species-specific peak nest abundances in detected colonies during the 2019 breeding season at Lake Okeechobee.,
2019,15,Gator Farm,Off-Lake Island,N,27.023004,-81.061103,Great Egret,200,Nest Count,Ground and aerial surveys,Geographic coordinates (NAD83) and species-specific peak nest abundances in detected colonies during the 2019 breeding season at Lake Okeechobee.,
2019,15,Gator Farm,Off-Lake Island,N,27.023004,-81.061103,Cattle Egret,400,Nest Count,Ground and aerial surveys,Geographic coordinates (NAD83) and species-specific peak nest abundances in detected colonies during the 2019 breeding season at Lake Okeechobee.,
2019,15,Gator Farm,Off-Lake Island,N,27.023004,-81.061103,Tricolored Heron,P,Nest Count,Ground and aerial surveys,Geographic coordinates (NAD83) and species-specific peak nest abundances in detected colonies during the 2019 breeding season at Lake Okeechobee.,
2019,15,Lakeport Marina,Off-Lake Island,N,26.9726,-81.1144,Anhinga,4,Nest Count,Ground and aerial surveys,Geographic coordinates (NAD83) and species-specific peak nest abundances in detected colonies during the 2019 breeding season at Lake Okeechobee.,
2019,15,Lakeport Marina,Off-Lake Island,N,26.9726,-81.1144,Tricolored Heron,6,Nest Count,Ground and aerial surveys,Geographic coordinates (NAD83) and species-specific peak nest abundances in detected colonies during the 2019 breeding season at Lake Okeechobee.,
2019,15,Lakeport Marina,Off-Lake Island,N,26.9726,-81.1144,Snowy Egret,10,Nest Count,Ground and aerial surveys,Geographic coordinates (NAD83) and species-specific peak nest abundances in detected colonies during the 2019 breeding season at Lake Okeechobee.,
2019,15,Lakeport Marina,Off-Lake Island,N,26.9726,-81.1144,Great Egret,25,Nest Count,Ground and aerial surveys,Geographic coordinates (NAD83) and species-specific peak nest abundances in detected colonies during the 2019 breeding season at Lake Okeechobee.,
2019,15,Lakeport Marina,Off-Lake Island,N,26.9726,-81.1144,Cattle Egret,550,Nest Count,Ground and aerial surveys,Geographic coordinates (NAD83) and species-specific peak nest abundances in detected colonies during the 2019 breeding season at Lake Okeechobee.,
2019,15,Little Bear Beach,Spoil Island,Y,26.72139,-80.84222,Great Blue Heron,1,Nest Count,Ground and aerial surveys,Geographic coordinates (NAD83) and species-specific peak nest abundances in detected colonies during the 2019 breeding season at Lake Okeechobee.,
2019,15,Little Bear Beach,Spoil Island,Y,26.72139,-80.84222,Little Blue Heron,1,Nest Count,Ground and aerial surveys,Geographic coordinates (NAD83) and species-specific peak nest abundances in detected colonies during the 2019 breeding season at Lake Okeechobee.,
2019,15,Little Bear Beach,Spoil Island,Y,26.72139,-80.84222,White Ibis,40,Nest Count,Ground and aerial surveys,Geographic coordinates (NAD83) and species-specific peak nest abundances in detected colonies during the 2019 breeding season at Lake Okeechobee.,
2019,15,Little Bear Beach,Spoil Island,Y,26.72139,-80.84222,Great Egret,50,Nest Count,Ground and aerial surveys,Geographic coordinates (NAD83) and species-specific peak nest abundances in detected colonies during the 2019 breeding season at Lake Okeechobee.,
2019,15,Little Bear Beach,Spoil Island,Y,26.72139,-80.84222,Tricolored Heron,75,Nest Count,Ground and aerial surveys,Geographic coordinates (NAD83) and species-specific peak nest abundances in detected colonies during the 2019 breeding season at Lake Okeechobee.,
2019,15,Little Bear Beach,Spoil Island,Y,26.72139,-80.84222,Glossy Ibis,100,Nest Count,Ground and aerial surveys,Geographic coordinates (NAD83) and species-specific peak nest abundances in detected colonies during the 2019 breeding season at Lake Okeechobee.,
2019,15,Little Bear Beach,Spoil Island,Y,26.72139,-80.84222,Snowy Egret,130,Nest Count,Ground and aerial surveys,Geographic coordinates (NAD83) and species-specific peak nest abundances in detected colonies during the 2019 breeding season at Lake Okeechobee.,
2019,15,Moore Haven,Marsh Island,N,26.886412,-81.096436,Great Blue Heron,1,Nest Count,Ground and aerial surveys,Geographic coordinates (NAD83) and species-specific peak nest abundances in detected colonies during the 2019 breeding season at Lake Okeechobee.,
2019,15,Moore Haven,Marsh Island,N,26.886412,-81.096436,Great Egret,10,Nest Count,Ground and aerial surveys,Geographic coordinates (NAD83) and species-specific peak nest abundances in detected colonies during the 2019 breeding season at Lake Okeechobee.,
2019,15,Moore Haven,Marsh Island,N,26.886412,-81.096436,Snowy Egret,30,Nest Count,Ground and aerial surveys,Geographic coordinates (NAD83) and species-specific peak nest abundances in detected colonies during the 2019 breeding season at Lake Okeechobee.,
2019,15,Moore Haven,Marsh Island,N,26.886412,-81.096436,White Ibis,30,Nest Count,Ground and aerial surveys,Geographic coordinates (NAD83) and species-specific peak nest abundances in detected colonies during the 2019 breeding season at Lake Okeechobee.,
2019,15,Pahokee Airport,Spoil Island,N,26.77908,-80.697596,Glossy Ibis,1,Nest Count,Ground and aerial surveys,Geographic coordinates (NAD83) and species-specific peak nest abundances in detected colonies during the 2019 breeding season at Lake Okeechobee.,
2019,15,Pahokee Airport,Spoil Island,N,26.77908,-80.697596,Little Blue Heron,1,Nest Count,Ground and aerial surveys,Geographic coordinates (NAD83) and species-specific peak nest abundances in detected colonies during the 2019 breeding season at Lake Okeechobee.,
2019,15,Pahokee Airport,Spoil Island,N,26.77908,-80.697596,Great Egret,3,Nest Count,Ground and aerial surveys,Geographic coordinates (NAD83) and species-specific peak nest abundances in detected colonies during the 2019 breeding season at Lake Okeechobee.,
2019,15,Pahokee Airport,Spoil Island,N,26.77908,-80.697596,Snowy Egret,20,Nest Count,Ground and aerial surveys,Geographic coordinates (NAD83) and species-specific peak nest abundances in detected colonies during the 2019 breeding season at Lake Okeechobee.,
2019,15,Pahokee Airport,Spoil Island,N,26.77908,-80.697596,Cattle Egret,35,Nest Count,Ground and aerial surveys,Geographic coordinates (NAD83) and species-specific peak nest abundances in detected colonies during the 2019 breeding season at Lake Okeechobee.,
2019,15,Pahokee Airport,Spoil Island,N,26.77908,-80.697596,Tricolored Heron,40,Nest Count,Ground and aerial surveys,Geographic coordinates (NAD83) and species-specific peak nest abundances in detected colonies during the 2019 breeding season at Lake Okeechobee.,
2018,17,Bird Island,Spoil Island,N,26.97199,-81.00917,Tricolored Heron,14,Peak Nest Efforts,Boat Surveys,Geographic coordinates (NAD83) and species-specific peak nest efforts in observed colonies during the 2018 breeding season at Lake Okeechobee.,
2018,17,Clewiston Spit,Spoil Island,Y,26.77573,-80.90938,White Ibis,1,Peak Nest Efforts,Boat Surveys,Geographic coordinates (NAD83) and species-specific peak nest efforts in observed colonies during the 2018 breeding season at Lake Okeechobee.,
2018,17,Clewiston Spit,Spoil Island,Y,26.77573,-80.90938,Anhinga,2,Peak Nest Efforts,Boat Surveys,Geographic coordinates (NAD83) and species-specific peak nest efforts in observed colonies during the 2018 breeding season at Lake Okeechobee.,
2018,17,Clewiston Spit,Spoil Island,Y,26.77573,-80.90938,Cattle Egret,3,Peak Nest Efforts,Boat Surveys,Geographic coordinates (NAD83) and species-specific peak nest efforts in observed colonies during the 2018 breeding season at Lake Okeechobee.,
2018,17,Clewiston Spit,Spoil Island,Y,26.77573,-80.90938,Glossy Ibis,15,Peak Nest Efforts,Boat Surveys,Geographic coordinates (NAD83) and species-specific peak nest efforts in observed colonies during the 2018 breeding season at Lake Okeechobee.,
2018,17,Clewiston Spit,Spoil Island,Y,26.77573,-80.90938,Great Egret,60,Peak Nest Efforts,Boat Surveys,Geographic coordinates (NAD83) and species-specific peak nest efforts in observed colonies during the 2018 breeding season at Lake Okeechobee.,
2018,17,Clewiston Spit,Spoil Island,Y,26.77573,-80.90938,Tricolored Heron,189,Peak Nest Efforts,Boat Surveys,Geographic coordinates (NAD83) and species-specific peak nest efforts in observed colonies during the 2018 breeding season at Lake Okeechobee.,
2018,17,Clewiston Spit,Spoil Island,Y,26.77573,-80.90938,Snowy Egret,220,Peak Nest Efforts,Boat Surveys,Geographic coordinates (NAD83) and species-specific peak nest efforts in observed colonies during the 2018 breeding season at Lake Okeechobee.,
2018,17,Eagle Bay Island,Marsh Island,N,27.17064,-80.84643,Anhinga,2,Peak Nest Efforts,Boat Surveys,Geographic coordinates (NAD83) and species-specific peak nest efforts in observed colonies during the 2018 breeding season at Lake Okeechobee.,
2018,17,Eagle Bay Island,Marsh Island,N,27.17064,-80.84643,Little Blue Heron,4,Peak Nest Efforts,Boat Surveys,Geographic coordinates (NAD83) and species-specific peak nest efforts in observed colonies during the 2018 breeding season at Lake Okeechobee.,
2018,17,Eagle Bay Island,Marsh Island,N,27.17064,-80.84643,Great Blue Heron,6,Peak Nest Efforts,Boat Surveys,Geographic coordinates (NAD83) and species-specific peak nest efforts in observed colonies during the 2018 breeding season at Lake Okeechobee.,
2018,17,Eagle Bay Island,Marsh Island,N,27.17064,-80.84643,Tricolored Heron,25,Peak Nest Efforts,Boat Surveys,Geographic coordinates (NAD83) and species-specific peak nest efforts in observed colonies during the 2018 breeding season at Lake Okeechobee.,
2018,17,Eagle Bay Island,Marsh Island,N,27.17064,-80.84643,Glossy Ibis,50,Peak Nest Efforts,Boat Surveys,Geographic coordinates (NAD83) and species-specific peak nest efforts in observed colonies during the 2018 breeding season at Lake Okeechobee.,
2018,17,Eagle Bay Island,Marsh Island,N,27.17064,-80.84643,Great Egret,100,Peak Nest Efforts,Boat Surveys,Geographic coordinates (NAD83) and species-specific peak nest efforts in observed colonies during the 2018 breeding season at Lake Okeechobee.,
2018,17,Eagle Bay Island,Marsh Island,N,27.17064,-80.84643,Snowy Egret,150,Peak Nest Efforts,Boat Surveys,Geographic coordinates (NAD83) and species-specific peak nest efforts in observed colonies during the 2018 breeding season at Lake Okeechobee.,
2018,17,Eagle Bay Island,Marsh Island,N,27.17064,-80.84643,White Ibis,250,Peak Nest Efforts,Boat Surveys,Geographic coordinates (NAD83) and species-specific peak nest efforts in observed colonies during the 2018 breeding season at Lake Okeechobee.,
2018,17,Eagle Bay Island,Marsh Island,N,27.17064,-80.84643,Cattle Egret,500,Peak Nest Efforts,Boat Surveys,Geographic coordinates (NAD83) and species-specific peak nest efforts in observed colonies during the 2018 breeding season at Lake Okeechobee.,
2018,17,Gator Farm,Off-Lake Island,N,27.023004,-81.061103,Roseate Spoonbill,6,Peak Nest Efforts,Boat Surveys,Geographic coordinates (NAD83) and species-specific peak nest efforts in observed colonies during the 2018 breeding season at Lake Okeechobee.,
2018,17,Gator Farm,Off-Lake Island,N,27.023004,-81.061103,Tricolored Heron,20,Peak Nest Efforts,Boat Surveys,Geographic coordinates (NAD83) and species-specific peak nest efforts in observed colonies during the 2018 breeding season at Lake Okeechobee.,
2018,17,Gator Farm,Off-Lake Island,N,27.023004,-81.061103,Little Blue Heron,50,Peak Nest Efforts,Boat Surveys,Geographic coordinates (NAD83) and species-specific peak nest efforts in observed colonies during the 2018 breeding season at Lake Okeechobee.,
2018,17,Gator Farm,Off-Lake Island,N,27.023004,-81.061103,Wood Stork,90,Peak Nest Efforts,Boat Surveys,Geographic coordinates (NAD83) and species-specific peak nest efforts in observed colonies during the 2018 breeding season at Lake Okeechobee.,
2018,17,Gator Farm,Off-Lake Island,N,27.023004,-81.061103,Great Egret,100,Peak Nest Efforts,Boat Surveys,Geographic coordinates (NAD83) and species-specific peak nest efforts in observed colonies during the 2018 breeding season at Lake Okeechobee.,
2018,17,Gator Farm,Off-Lake Island,N,27.023004,-81.061103,Snowy Egret,100,Peak Nest Efforts,Boat Surveys,Geographic coordinates (NAD83) and species-specific peak nest efforts in observed colonies during the 2018 breeding season at Lake Okeechobee.,
2018,17,Gator Farm,Off-Lake Island,N,27.023004,-81.061103,Cattle Egret,450,Peak Nest Efforts,Boat Surveys,Geographic coordinates (NAD83) and species-specific peak nest efforts in observed colonies during the 2018 breeding season at Lake Okeechobee.,
2018,17,Lakeport Marina,Off-Lake Island,N,26.9726,-81.1144,Little Blue Heron,1,Peak Nest Efforts,Boat Surveys,Geographic coordinates (NAD83) and species-specific peak nest efforts in observed colonies during the 2018 breeding season at Lake Okeechobee.,
2018,17,Lakeport Marina,Off-Lake Island,N,26.9726,-81.1144,Anhinga,2,Peak Nest Efforts,Boat Surveys,Geographic coordinates (NAD83) and species-specific peak nest efforts in observed colonies during the 2018 breeding season at Lake Okeechobee.,
2018,17,Lakeport Marina,Off-Lake Island,N,26.9726,-81.1144,Tricolored Heron,3,Peak Nest Efforts,Boat Surveys,Geographic coordinates (NAD83) and species-specific peak nest efforts in observed colonies during the 2018 breeding season at Lake Okeechobee.,
2018,17,Lakeport Marina,Off-Lake Island,N,26.9726,-81.1144,Snowy Egret,15,Peak Nest Efforts,Boat Surveys,Geographic coordinates (NAD83) and species-specific peak nest efforts in observed colonies during the 2018 breeding season at Lake Okeechobee.,
2018,17,Lakeport Marina,Off-Lake Island,N,26.9726,-81.1144,Great Egret,100,Peak Nest Efforts,Boat Surveys,Geographic coordinates (NAD83) and species-specific peak nest efforts in observed colonies during the 2018 breeding season at Lake Okeechobee.,
2018,17,Lakeport Marina,Off-Lake Island,N,26.9726,-81.1144,Cattle Egret,340,Peak Nest Efforts,Boat Surveys,Geographic coordinates (NAD83) and species-specific peak nest efforts in observed colonies during the 2018 breeding season at Lake Okeechobee.,
2018,17,Liberty Point,Marsh Island,N,26.82562,-81.01068,Little Blue Heron,1,Peak Nest Efforts,Boat Surveys,Geographic coordinates (NAD83) and species-specific peak nest efforts in observed colonies during the 2018 breeding season at Lake Okeechobee.,
2018,17,Liberty Point,Marsh Island,N,26.82562,-81.01068,Snowy Egret,20,Peak Nest Efforts,Boat Surveys,Geographic coordinates (NAD83) and species-specific peak nest efforts in observed colonies during the 2018 breeding season at Lake Okeechobee.,
2018,17,Liberty Point,Marsh Island,N,26.82562,-81.01068,Cattle Egret,50,Peak Nest Efforts,Boat Surveys,Geographic coordinates (NAD83) and species-specific peak nest efforts in observed colonies during the 2018 breeding season at Lake Okeechobee.,
2018,17,Liberty Point,Marsh Island,N,26.82562,-81.01068,Great Egret,120,Peak Nest Efforts,Boat Surveys,Geographic coordinates (NAD83) and species-specific peak nest efforts in observed colonies during the 2018 breeding season at Lake Okeechobee.,
2018,17,Liberty Point 2,Marsh Island,N,26.817518,-80.99675,Great Egret,20,Peak Nest Efforts,Boat Surveys,Geographic coordinates (NAD83) and species-specific peak nest efforts in observed colonies during the 2018 breeding season at Lake Okeechobee.,
2018,17,Little Bear Beach,Spoil Island,Y,26.72139,-80.84222,Cattle Egret,3,Peak Nest Efforts,Boat Surveys,Geographic coordinates (NAD83) and species-specific peak nest efforts in observed colonies during the 2018 breeding season at Lake Okeechobee.,
2018,17,Little Bear Beach,Spoil Island,Y,26.72139,-80.84222,Anhinga,4,Peak Nest Efforts,Boat Surveys,Geographic coordinates (NAD83) and species-specific peak nest efforts in observed colonies during the 2018 breeding season at Lake Okeechobee.,
2018,17,Little Bear Beach,Spoil Island,Y,26.72139,-80.84222,Great Blue Heron,4,Peak Nest Efforts,Boat Surveys,Geographic coordinates (NAD83) and species-specific peak nest efforts in observed colonies during the 2018 breeding season at Lake Okeechobee.,
2018,17,Little Bear Beach,Spoil Island,Y,26.72139,-80.84222,Little Blue Heron,4,Peak Nest Efforts,Boat Surveys,Geographic coordinates (NAD83) and species-specific peak nest efforts in observed colonies during the 2018 breeding season at Lake Okeechobee.,
2018,17,Little Bear Beach,Spoil Island,Y,26.72139,-80.84222,Glossy Ibis,10,Peak Nest Efforts,Boat Surveys,Geographic coordinates (NAD83) and species-specific peak nest efforts in observed colonies during the 2018 breeding season at Lake Okeechobee.,
2018,17,Little Bear Beach,Spoil Island,Y,26.72139,-80.84222,Great Egret,60,Peak Nest Efforts,Boat Surveys,Geographic coordinates (NAD83) and species-specific peak nest efforts in observed colonies during the 2018 breeding season at Lake Okeechobee.,
2018,17,Little Bear Beach,Spoil Island,Y,26.72139,-80.84222,Tricolored Heron,100,Peak Nest Efforts,Boat Surveys,Geographic coordinates (NAD83) and species-specific peak nest efforts in observed colonies during the 2018 breeding season at Lake Okeechobee.,
2018,17,Little Bear Beach,Spoil Island,Y,26.72139,-80.84222,Snowy Egret,200,Peak Nest Efforts,Boat Surveys,Geographic coordinates (NAD83) and species-specific peak nest efforts in observed colonies during the 2018 breeding season at Lake Okeechobee.,
2018,17,Moonshine Bay 1,Marsh Island,N,26.91321,-81.02956,Little Blue Heron,1,Peak Nest Efforts,Boat Surveys,Geographic coordinates (NAD83) and species-specific peak nest efforts in observed colonies during the 2018 breeding season at Lake Okeechobee.,
2018,17,Moonshine Bay 1,Marsh Island,N,26.91321,-81.02956,Tricolored Heron,15,Peak Nest Efforts,Boat Surveys,Geographic coordinates (NAD83) and species-specific peak nest efforts in observed colonies during the 2018 breeding season at Lake Okeechobee.,
2018,17,Moonshine Bay 1,Marsh Island,N,26.91321,-81.02956,Snowy Egret,42,Peak Nest Efforts,Boat Surveys,Geographic coordinates (NAD83) and species-specific peak nest efforts in observed colonies during the 2018 breeding season at Lake Okeechobee.,
2018,17,Moonshine Bay 2,Marsh Island,Y,26.922267,-81.02969,Great Blue Heron,1,Peak Nest Efforts,Boat Surveys,Geographic coordinates (NAD83) and species-specific peak nest efforts in observed colonies during the 2018 breeding season at Lake Okeechobee.,
2018,17,Moonshine Bay 2,Marsh Island,Y,26.922267,-81.02969,White Ibis,1,Peak Nest Efforts,Boat Surveys,Geographic coordinates (NAD83) and species-specific peak nest efforts in observed colonies during the 2018 breeding season at Lake Okeechobee.,
2018,17,Moonshine Bay 2,Marsh Island,Y,26.922267,-81.02969,Little Blue Heron,10,Peak Nest Efforts,Boat Surveys,Geographic coordinates (NAD83) and species-specific peak nest efforts in observed colonies during the 2018 breeding season at Lake Okeechobee.,
2018,17,Moonshine Bay 2,Marsh Island,Y,26.922267,-81.02969,Anhinga,20,Peak Nest Efforts,Boat Surveys,Geographic coordinates (NAD83) and species-specific peak nest efforts in observed colonies during the 2018 breeding season at Lake Okeechobee.,
2018,17,Moonshine Bay 2,Marsh Island,Y,26.922267,-81.02969,Tricolored Heron,44,Peak Nest Efforts,Boat Surveys,Geographic coordinates (NAD83) and species-specific peak nest efforts in observed colonies during the 2018 breeding season at Lake Okeechobee.,
2018,17,Moonshine Bay 2,Marsh Island,Y,26.922267,-81.02969,Snowy Egret,100,Peak Nest Efforts,Boat Surveys,Geographic coordinates (NAD83) and species-specific peak nest efforts in observed colonies during the 2018 breeding season at Lake Okeechobee.,
2018,17,Moonshine Bay 3,Marsh Island,N,26.928044,-81.034227,Great Blue Heron,1,Peak Nest Efforts,Boat Surveys,Geographic coordinates (NAD83) and species-specific peak nest efforts in observed colonies during the 2018 breeding season at Lake Okeechobee.,
2018,17,Moonshine Bay 3,Marsh Island,N,26.928044,-81.034227,Tricolored Heron,1,Peak Nest Efforts,Boat Surveys,Geographic coordinates (NAD83) and species-specific peak nest efforts in observed colonies during the 2018 breeding season at Lake Okeechobee.,
2018,17,Moonshine Bay 3,Marsh Island,N,26.928044,-81.034227,Glossy Ibis,2,Peak Nest Efforts,Boat Surveys,Geographic coordinates (NAD83) and species-specific peak nest efforts in observed colonies during the 2018 breeding season at Lake Okeechobee.,
2018,17,Moonshine Bay 3,Marsh Island,N,26.928044,-81.034227,Anhinga,13,Peak Nest Efforts,Boat Surveys,Geographic coordinates (NAD83) and species-specific peak nest efforts in observed colonies during the 2018 breeding season at Lake Okeechobee.,
2018,17,Moonshine Bay 3,Marsh Island,N,26.928044,-81.034227,White Ibis,40,Peak Nest Efforts,Boat Surveys,Geographic coordinates (NAD83) and species-specific peak nest efforts in observed colonies during the 2018 breeding season at Lake Okeechobee.,
2018,17,Moonshine Bay 3,Marsh Island,N,26.928044,-81.034227,Great Egret,80,Peak Nest Efforts,Boat Surveys,Geographic coordinates (NAD83) and species-specific peak nest efforts in observed colonies during the 2018 breeding season at Lake Okeechobee.,
2018,17,Moonshine Bay 3,Marsh Island,N,26.928044,-81.034227,Snowy Egret,90,Peak Nest Efforts,Boat Surveys,Geographic coordinates (NAD83) and species-specific peak nest efforts in observed colonies during the 2018 breeding season at Lake Okeechobee.,
2018,17,Moore Haven,Marsh Island,Y,26.886412,-81.096436,Anhinga,7,Peak Nest Efforts,Boat Surveys,Geographic coordinates (NAD83) and species-specific peak nest efforts in observed colonies during the 2018 breeding season at Lake Okeechobee.,
2018,17,Moore Haven,Marsh Island,Y,26.886412,-81.096436,Tricolored Heron,25,Peak Nest Efforts,Boat Surveys,Geographic coordinates (NAD83) and species-specific peak nest efforts in observed colonies during the 2018 breeding season at Lake Okeechobee.,
2018,17,Moore Haven,Marsh Island,Y,26.886412,-81.096436,Cattle Egret,200,Peak Nest Efforts,Boat Surveys,Geographic coordinates (NAD83) and species-specific peak nest efforts in observed colonies during the 2018 breeding season at Lake Okeechobee.,
2018,17,Moore Haven,Marsh Island,Y,26.886412,-81.096436,Great Egret,450,Peak Nest Efforts,Boat Surveys,Geographic coordinates (NAD83) and species-specific peak nest efforts in observed colonies during the 2018 breeding season at Lake Okeechobee.,
2018,17,Moore Haven,Marsh Island,Y,26.886412,-81.096436,Snowy Egret,750,Peak Nest Efforts,Boat Surveys,Geographic coordinates (NAD83) and species-specific peak nest efforts in observed colonies during the 2018 breeding season at Lake Okeechobee.,
2018,17,Moore Haven,Marsh Island,Y,26.886412,-81.096436,White Ibis,1200,Peak Nest Efforts,Boat Surveys,Geographic coordinates (NAD83) and species-specific peak nest efforts in observed colonies during the 2018 breeding season at Lake Okeechobee.,
2018,17,Moore Haven East 2,Marsh Island,N,26.883044,-81.050762,Great Egret,2,Peak Nest Efforts,Boat Surveys,Geographic coordinates (NAD83) and species-specific peak nest efforts in observed colonies during the 2018 breeding season at Lake Okeechobee.,
2018,17,Moore Haven East 2,Marsh Island,N,26.883044,-81.050762,Tricolored Heron,25,Peak Nest Efforts,Boat Surveys,Geographic coordinates (NAD83) and species-specific peak nest efforts in observed colonies during the 2018 breeding season at Lake Okeechobee.,
2018,17,Moore Haven East 2,Marsh Island,N,26.883044,-81.050762,Snowy Egret,50,Peak Nest Efforts,Boat Surveys,Geographic coordinates (NAD83) and species-specific peak nest efforts in observed colonies during the 2018 breeding season at Lake Okeechobee.,
2018,17,Moore Haven East 2,Marsh Island,N,26.883044,-81.050762,White Ibis,350,Peak Nest Efforts,Boat Surveys,Geographic coordinates (NAD83) and species-specific peak nest efforts in observed colonies during the 2018 breeding season at Lake Okeechobee.,
2018,17,Moore Haven East 3,Marsh Island,N,26.86238,-81.00704,Great Egret,3,Peak Nest Efforts,Boat Surveys,Geographic coordinates (NAD83) and species-specific peak nest efforts in observed colonies during the 2018 breeding season at Lake Okeechobee.,
2018,17,Moore Haven East 4,Marsh Island,N,26.892645,-81.050998,Great Egret,21,Peak Nest Efforts,Boat Surveys,Geographic coordinates (NAD83) and species-specific peak nest efforts in observed colonies during the 2018 breeding season at Lake Okeechobee.,
2018,17,Moore Haven East 4,Marsh Island,N,26.892645,-81.050998,Snowy Egret,40,Peak Nest Efforts,Boat Surveys,Geographic coordinates (NAD83) and species-specific peak nest efforts in observed colonies during the 2018 breeding season at Lake Okeechobee.,
2018,17,Moore Haven East 4,Marsh Island,N,26.892645,-81.050998,White Ibis,200,Peak Nest Efforts,Boat Surveys,Geographic coordinates (NAD83) and species-specific peak nest efforts in observed colonies during the 2018 breeding season at Lake Okeechobee.,
2018,17,Pahokee Airport,Spoil Island,N,26.77908,-80.697596,Cattle Egret,40,Peak Nest Efforts,Boat Surveys,Geographic coordinates (NAD83) and species-specific peak nest efforts in observed colonies during the 2018 breeding season at Lake Okeechobee.,
2018,17,Pahokee Airport,Spoil Island,N,26.77908,-80.697596,Snowy Egret,60,Peak Nest Efforts,Boat Surveys,Geographic coordinates (NAD83) and species-specific peak nest efforts in observed colonies during the 2018 breeding season at Lake Okeechobee.,
2017,16,Bird Island,Spoil Island,Y,26.97199,-81.00917,Great Blue Heron,1,Nesting Effort,ground surveys,Geographic coordinates (NAD83) and species-specific peak nest efforts in observed colonies during the 2017 breeding,
2017,16,Bird Island,Spoil Island,Y,26.97199,-81.00917,Snowy Egret,39,Nesting Effort,ground surveys,Geographic coordinates (NAD83) and species-specific peak nest efforts in observed colonies during the 2017 breeding,
2017,16,Bird Island,Spoil Island,Y,26.97199,-81.00917,Tricolored Heron,63,Nesting Effort,ground surveys,Geographic coordinates (NAD83) and species-specific peak nest efforts in observed colonies during the 2017 breeding,
2017,16,Clewiston Spit,Spoil Island,Y,26.77573,-80.90938,Roseate Spoonbill,1,Nesting Effort,ground surveys,Geographic coordinates (NAD83) and species-specific peak nest efforts in observed colonies during the 2017 breeding,
2017,16,Clewiston Spit,Spoil Island,Y,26.77573,-80.90938,White Ibis,4,Nesting Effort,ground surveys,Geographic coordinates (NAD83) and species-specific peak nest efforts in observed colonies during the 2017 breeding,
2017,16,Clewiston Spit,Spoil Island,Y,26.77573,-80.90938,Little Blue Heron,5,Nesting Effort,ground surveys,Geographic coordinates (NAD83) and species-specific peak nest efforts in observed colonies during the 2017 breeding,
2017,16,Clewiston Spit,Spoil Island,Y,26.77573,-80.90938,Great Blue Heron,6,Nesting Effort,ground surveys,Geographic coordinates (NAD83) and species-specific peak nest efforts in observed colonies during the 2017 breeding,
2017,16,Clewiston Spit,Spoil Island,Y,26.77573,-80.90938,Great Egret,55,Nesting Effort,ground surveys,Geographic coordinates (NAD83) and species-specific peak nest efforts in observed colonies during the 2017 breeding,
2017,16,Clewiston Spit,Spoil Island,Y,26.77573,-80.90938,Glossy Ibis,57,Nesting Effort,ground surveys,Geographic coordinates (NAD83) and species-specific peak nest efforts in observed colonies during the 2017 breeding,
2017,16,Clewiston Spit,Spoil Island,Y,26.77573,-80.90938,Tricolored Heron,150,Nesting Effort,ground surveys,Geographic coordinates (NAD83) and species-specific peak nest efforts in observed colonies during the 2017 breeding,
2017,16,Clewiston Spit,Spoil Island,Y,26.77573,-80.90938,Snowy Egret,200,Nesting Effort,ground surveys,Geographic coordinates (NAD83) and species-specific peak nest efforts in observed colonies during the 2017 breeding,
2017,16,Eagle Bay East,Marsh Island,N,26.928044,-81.034227,Great Egret,10,Nesting Effort,ground surveys,Geographic coordinates (NAD83) and species-specific peak nest efforts in observed colonies during the 2017 breeding,
2017,16,Eagle Bay East,Marsh Island,N,26.928044,-81.034227,Tricolored Heron,30,Nesting Effort,ground surveys,Geographic coordinates (NAD83) and species-specific peak nest efforts in observed colonies during the 2017 breeding,
2017,16,Eagle Bay East,Marsh Island,N,26.928044,-81.034227,Snowy Egret,50,Nesting Effort,ground surveys,Geographic coordinates (NAD83) and species-specific peak nest efforts in observed colonies during the 2017 breeding,
2017,16,Eagle Bay East,Marsh Island,N,26.928044,-81.034227,White Ibis,75,Nesting Effort,ground surveys,Geographic coordinates (NAD83) and species-specific peak nest efforts in observed colonies during the 2017 breeding,
2017,16,Eagle Bay East,Marsh Island,N,26.928044,-81.034227,Glossy Ibis,150,Nesting Effort,ground surveys,Geographic coordinates (NAD83) and species-specific peak nest efforts in observed colonies during the 2017 breeding,
2017,16,Eagle Bay East,Marsh Island,N,26.928044,-81.034227,Cattle Egret,650,Nesting Effort,ground surveys,Geographic coordinates (NAD83) and species-specific peak nest efforts in observed colonies during the 2017 breeding,
2017,16,Gator Farm,Off-Lake Island,N,27.02278,-81.06084,Roseate Spoonbill,7,Nesting Effort,ground surveys,Geographic coordinates (NAD83) and species-specific peak nest efforts in observed colonies during the 2017 breeding,
2017,16,Gator Farm,Off-Lake Island,N,27.02278,-81.06084,Wood Stork,12,Nesting Effort,ground surveys,Geographic coordinates (NAD83) and species-specific peak nest efforts in observed colonies during the 2017 breeding,
2017,16,Gator Farm,Off-Lake Island,N,27.02278,-81.06084,Little Blue Heron,15,Nesting Effort,ground surveys,Geographic coordinates (NAD83) and species-specific peak nest efforts in observed colonies during the 2017 breeding,
2017,16,Gator Farm,Off-Lake Island,N,27.02278,-81.06084,Great Egret,70,Nesting Effort,ground surveys,Geographic coordinates (NAD83) and species-specific peak nest efforts in observed colonies during the 2017 breeding,
2017,16,Gator Farm,Off-Lake Island,N,27.02278,-81.06084,Cattle Egret,450,Nesting Effort,ground surveys,Geographic coordinates (NAD83) and species-specific peak nest efforts in observed colonies during the 2017 breeding,
2017,16,Indian Prairie East,Marsh Island,N,27.07852,-80.86883,Anhinga,3,Nesting Effort,ground surveys,Geographic coordinates (NAD83) and species-specific peak nest efforts in observed colonies during the 2017 breeding,
2017,16,Indian Prairie East,Marsh Island,N,27.07852,-80.86883,Snowy Egret,10,Nesting Effort,ground surveys,Geographic coordinates (NAD83) and species-specific peak nest efforts in observed colonies during the 2017 breeding,
2017,16,Indian Prairie East,Marsh Island,N,27.07852,-80.86883,Great Egret,80,Nesting Effort,ground surveys,Geographic coordinates (NAD83) and species-specific peak nest efforts in observed colonies during the 2017 breeding,
2017,16,King's Bar,Marsh Island,N,26.89829,-81.08854,Anhinga,10,Nesting Effort,ground surveys,Geographic coordinates (NAD83) and species-specific peak nest efforts in observed colonies during the 2017 breeding,
2017,16,King's Bar,Marsh Island,N,26.89829,-81.08854,Great Egret,10,Nesting Effort,ground surveys,Geographic coordinates (NAD83) and species-specific peak nest efforts in observed colonies during the 2017 breeding,
2017,16,King's Bar,Marsh Island,N,26.89829,-81.08854,Snowy Egret,50,Nesting Effort,ground surveys,Geographic coordinates (NAD83) and species-specific peak nest efforts in observed colonies during the 2017 breeding,
2017,16,King's Bar,Marsh Island,N,26.89829,-81.08854,White Ibis,90,Nesting Effort,ground surveys,Geographic coordinates (NAD83) and species-specific peak nest efforts in observed colonies during the 2017 breeding,
2017,16,Lakeport Marina,Off-Lake Island,N,26.9726,-81.1144,Great Egret,42,Nesting Effort,ground surveys,Geographic coordinates (NAD83) and species-specific peak nest efforts in observed colonies during the 2017 breeding,
2017,16,Lakeport Marina,Off-Lake Island,N,26.9726,-81.1144,Cattle Egret,400,Nesting Effort,ground surveys,Geographic coordinates (NAD83) and species-specific peak nest efforts in observed colonies during the 2017 breeding,
2017,16,Liberty Point 2,Marsh Island,N,26.81752,-80.99675,Great Egret,75,Nesting Effort,ground surveys,Geographic coordinates (NAD83) and species-specific peak nest efforts in observed colonies during the 2017 breeding,
2017,16,Liberty Point 2,Marsh Island,N,26.81752,-80.99675,White Ibis,300,Nesting Effort,ground surveys,Geographic coordinates (NAD83) and species-specific peak nest efforts in observed colonies during the 2017 breeding,
2017,16,Little Bear Beach,Spoil Island,Y,26.72139,-80.84222,Little Blue Heron,1,Nesting Effort,ground surveys,Geographic coordinates (NAD83) and species-specific peak nest efforts in observed colonies during the 2017 breeding,
2017,16,Little Bear Beach,Spoil Island,Y,26.72139,-80.84222,Great Egret,57,Nesting Effort,ground surveys,Geographic coordinates (NAD83) and species-specific peak nest efforts in observed colonies during the 2017 breeding,
2017,16,Little Bear Beach,Spoil Island,Y,26.72139,-80.84222,Tricolored Heron,61,Nesting Effort,ground surveys,Geographic coordinates (NAD83) and species-specific peak nest efforts in observed colonies during the 2017 breeding,
2017,16,Little Bear Beach,Spoil Island,Y,26.72139,-80.84222,Snowy Egret,182,Nesting Effort,ground surveys,Geographic coordinates (NAD83) and species-specific peak nest efforts in observed colonies during the 2017 breeding,
2017,16,Moonshine Bay 2,Marsh Island,N,26.92227,-81.02969,Great Blue Heron,1,Nesting Effort,ground surveys,Geographic coordinates (NAD83) and species-specific peak nest efforts in observed colonies during the 2017 breeding,
2017,16,Moonshine Bay 2,Marsh Island,N,26.92227,-81.02969,Roseate Spoonbill,5,Nesting Effort,ground surveys,Geographic coordinates (NAD83) and species-specific peak nest efforts in observed colonies during the 2017 breeding,
2017,16,Moonshine Bay 2,Marsh Island,N,26.92227,-81.02969,Tricolored Heron,100,Nesting Effort,ground surveys,Geographic coordinates (NAD83) and species-specific peak nest efforts in observed colonies during the 2017 breeding,
2017,16,Moonshine Bay 2,Marsh Island,N,26.92227,-81.02969,Great Egret,150,Nesting Effort,ground surveys,Geographic coordinates (NAD83) and species-specific peak nest efforts in observed colonies during the 2017 breeding,
2017,16,Moonshine Bay 2,Marsh Island,N,26.92227,-81.02969,Snowy Egret,250,Nesting Effort,ground surveys,Geographic coordinates (NAD83) and species-specific peak nest efforts in observed colonies during the 2017 breeding,
2017,16,Moonshine Bay 2,Marsh Island,N,26.92227,-81.02969,Glossy Ibis,950,Nesting Effort,ground surveys,Geographic coordinates (NAD83) and species-specific peak nest efforts in observed colonies during the 2017 breeding,
2017,16,Moonshine Bay 2,Marsh Island,N,26.92227,-81.02969,White Ibis,1030,Nesting Effort,ground surveys,Geographic coordinates (NAD83) and species-specific peak nest efforts in observed colonies during the 2017 breeding,
2017,16,Moonshine Bay 3,Marsh Island,Y,26.92804,-81.03423,Great Blue Heron,1,Nesting Effort,ground surveys,Geographic coordinates (NAD83) and species-specific peak nest efforts in observed colonies during the 2017 breeding,
2017,16,Moonshine Bay 3,Marsh Island,Y,26.92804,-81.03423,Anhinga,15,Nesting Effort,ground surveys,Geographic coordinates (NAD83) and species-specific peak nest efforts in observed colonies during the 2017 breeding,
2017,16,Moonshine Bay 3,Marsh Island,Y,26.92804,-81.03423,Tricolored Heron,50,Nesting Effort,ground surveys,Geographic coordinates (NAD83) and species-specific peak nest efforts in observed colonies during the 2017 breeding,
2017,16,Moonshine Bay 3,Marsh Island,Y,26.92804,-81.03423,Great Egret,75,Nesting Effort,ground surveys,Geographic coordinates (NAD83) and species-specific peak nest efforts in observed colonies during the 2017 breeding,
2017,16,Moonshine Bay 3,Marsh Island,Y,26.92804,-81.03423,Snowy Egret,100,Nesting Effort,ground surveys,Geographic coordinates (NAD83) and species-specific peak nest efforts in observed colonies during the 2017 breeding,
2017,16,Moonshine Bay 3,Marsh Island,Y,26.92804,-81.03423,Glossy Ibis,400,Nesting Effort,ground surveys,Geographic coordinates (NAD83) and species-specific peak nest efforts in observed colonies during the 2017 breeding,
2017,16,Moonshine Bay 3,Marsh Island,Y,26.92804,-81.03423,White Ibis,450,Nesting Effort,ground surveys,Geographic coordinates (NAD83) and species-specific peak nest efforts in observed colonies during the 2017 breeding,
2017,16,Moore Haven,Marsh Island,N,26.887547,-81.09752,Great Egret,45,Nesting Effort,ground surveys,Geographic coordinates (NAD83) and species-specific peak nest efforts in observed colonies during the 2017 breeding,
2017,16,Moore Haven,Marsh Island,N,26.887547,-81.09752,Cattle Egret,50,Nesting Effort,ground surveys,Geographic coordinates (NAD83) and species-specific peak nest efforts in observed colonies during the 2017 breeding,
2017,16,Moore Haven,Marsh Island,N,26.887547,-81.09752,Snowy Egret,70,Nesting Effort,ground surveys,Geographic coordinates (NAD83) and species-specific peak nest efforts in observed colonies during the 2017 breeding,
2016,20,Bird Island,Spoil Island,N,26.97199,-81.00917,Great Blue Heron,1,Peak Nest Efforts,aerial surveys,Geographic coordinates (NAD 83) and species-specific peak nest efforts in detected colonies during the 2016 breeding,"They did not explicity say which islands were spoil, marsh, or off-lake but I am making an assumption based on other years"
2016,20,Bird Island,Spoil Island,N,26.97199,-81.00917,Tricolored Heron,4,Peak Nest Efforts,aerial surveys,Geographic coordinates (NAD 83) and species-specific peak nest efforts in detected colonies during the 2016 breeding,"They did not explicity say which islands were spoil, marsh, or off-lake but I am making an assumption based on other years"
2016,20,Bird Island,Spoil Island,N,26.97199,-81.00917,Snowy Egret,22,Peak Nest Efforts,aerial surveys,Geographic coordinates (NAD 83) and species-specific peak nest efforts in detected colonies during the 2016 breeding,"They did not explicity say which islands were spoil, marsh, or off-lake but I am making an assumption based on other years"
2016,20,Clewiston Spit,Spoil Island,Y,26.77573,-80.90938,Glossy Ibis,12,Peak Nest Efforts,aerial surveys,Geographic coordinates (NAD 83) and species-specific peak nest efforts in detected colonies during the 2016 breeding,"They did not explicity say which islands were spoil, marsh, or off-lake but I am making an assumption based on other years"
2016,20,Clewiston Spit,Spoil Island,Y,26.77573,-80.90938,Tricolored Heron,30,Peak Nest Efforts,aerial surveys,Geographic coordinates (NAD 83) and species-specific peak nest efforts in detected colonies during the 2016 breeding,"They did not explicity say which islands were spoil, marsh, or off-lake but I am making an assumption based on other years"
2016,20,Clewiston Spit,Spoil Island,Y,26.77573,-80.90938,Great Egret,56,Peak Nest Efforts,aerial surveys,Geographic coordinates (NAD 83) and species-specific peak nest efforts in detected colonies during the 2016 breeding,"They did not explicity say which islands were spoil, marsh, or off-lake but I am making an assumption based on other years"
2016,20,Clewiston Spit,Spoil Island,Y,26.77573,-80.90938,Snowy Egret,93,Peak Nest Efforts,aerial surveys,Geographic coordinates (NAD 83) and species-specific peak nest efforts in detected colonies during the 2016 breeding,"They did not explicity say which islands were spoil, marsh, or off-lake but I am making an assumption based on other years"
2016,20,Eagle Bay Trail,Marsh Island,N,27.18791,-80.8317,Little Blue Heron,5,Peak Nest Efforts,aerial surveys,Geographic coordinates (NAD 83) and species-specific peak nest efforts in detected colonies during the 2016 breeding,"They did not explicity say which islands were spoil, marsh, or off-lake but I am making an assumption based on other years"
2016,20,Eagle Bay Trail,Marsh Island,N,27.18791,-80.8317,Tricolored Heron,5,Peak Nest Efforts,aerial surveys,Geographic coordinates (NAD 83) and species-specific peak nest efforts in detected colonies during the 2016 breeding,"They did not explicity say which islands were spoil, marsh, or off-lake but I am making an assumption based on other years"
2016,20,Eagle Bay Trail,Marsh Island,N,27.18791,-80.8317,Great Egret,13,Peak Nest Efforts,aerial surveys,Geographic coordinates (NAD 83) and species-specific peak nest efforts in detected colonies during the 2016 breeding,"They did not explicity say which islands were spoil, marsh, or off-lake but I am making an assumption based on other years"
2016,20,Eagle Bay Trail,Marsh Island,N,27.18791,-80.8317,Snowy Egret,25,Peak Nest Efforts,aerial surveys,Geographic coordinates (NAD 83) and species-specific peak nest efforts in detected colonies during the 2016 breeding,"They did not explicity say which islands were spoil, marsh, or off-lake but I am making an assumption based on other years"
2016,20,Eagle Bay Trail,Marsh Island,N,27.18791,-80.8317,Cattle Egret,425,Peak Nest Efforts,aerial surveys,Geographic coordinates (NAD 83) and species-specific peak nest efforts in detected colonies during the 2016 breeding,"They did not explicity say which islands were spoil, marsh, or off-lake but I am making an assumption based on other years"
2016,20,Gator Farm,Off-Lake Island,N,27.02278,-81.06084,Tricolored Heron,3,Peak Nest Efforts,aerial surveys,Geographic coordinates (NAD 83) and species-specific peak nest efforts in detected colonies during the 2016 breeding,"They did not explicity say which islands were spoil, marsh, or off-lake but I am making an assumption based on other years"
2016,20,Gator Farm,Off-Lake Island,N,27.02278,-81.06084,Roseate Spoonbill,4,Peak Nest Efforts,aerial surveys,Geographic coordinates (NAD 83) and species-specific peak nest efforts in detected colonies during the 2016 breeding,"They did not explicity say which islands were spoil, marsh, or off-lake but I am making an assumption based on other years"
2016,20,Gator Farm,Off-Lake Island,N,27.02278,-81.06084,Wood Stork,63,Peak Nest Efforts,aerial surveys,Geographic coordinates (NAD 83) and species-specific peak nest efforts in detected colonies during the 2016 breeding,"They did not explicity say which islands were spoil, marsh, or off-lake but I am making an assumption based on other years"
2016,20,Gator Farm,Off-Lake Island,N,27.02278,-81.06084,Cattle Egret,150,Peak Nest Efforts,aerial surveys,Geographic coordinates (NAD 83) and species-specific peak nest efforts in detected colonies during the 2016 breeding,"They did not explicity say which islands were spoil, marsh, or off-lake but I am making an assumption based on other years"
2016,20,Gator Farm,Off-Lake Island,N,27.02278,-81.06084,Great Egret,165,Peak Nest Efforts,aerial surveys,Geographic coordinates (NAD 83) and species-specific peak nest efforts in detected colonies during the 2016 breeding,"They did not explicity say which islands were spoil, marsh, or off-lake but I am making an assumption based on other years"
2016,20,Gator Farm,Off-Lake Island,N,27.02278,-81.06084,Snowy Egret,609,Peak Nest Efforts,aerial surveys,Geographic coordinates (NAD 83) and species-specific peak nest efforts in detected colonies during the 2016 breeding,"They did not explicity say which islands were spoil, marsh, or off-lake but I am making an assumption based on other years"
2016,20,Indian Prairie East,Marsh Island,N,27.07852,-80.86883,Anhinga,6,Peak Nest Efforts,aerial surveys,Geographic coordinates (NAD 83) and species-specific peak nest efforts in detected colonies during the 2016 breeding,"They did not explicity say which islands were spoil, marsh, or off-lake but I am making an assumption based on other years"
2016,20,Indian Prairie East,Marsh Island,N,27.07852,-80.86883,Snowy Egret,133,Peak Nest Efforts,aerial surveys,Geographic coordinates (NAD 83) and species-specific peak nest efforts in detected colonies during the 2016 breeding,"They did not explicity say which islands were spoil, marsh, or off-lake but I am making an assumption based on other years"
2016,20,Indian Prairie East,Marsh Island,N,27.07852,-80.86883,Great Egret,190,Peak Nest Efforts,aerial surveys,Geographic coordinates (NAD 83) and species-specific peak nest efforts in detected colonies during the 2016 breeding,"They did not explicity say which islands were spoil, marsh, or off-lake but I am making an assumption based on other years"
2016,20,Indian Prairie East,Marsh Island,N,27.07852,-80.86883,Cattle Egret,290,Peak Nest Efforts,aerial surveys,Geographic coordinates (NAD 83) and species-specific peak nest efforts in detected colonies during the 2016 breeding,"They did not explicity say which islands were spoil, marsh, or off-lake but I am making an assumption based on other years"
2016,20,Lakeport Marina,Off-Lake Island,N,26.9726,-81.1144,Tricolored Heron,3,Peak Nest Efforts,aerial surveys,Geographic coordinates (NAD 83) and species-specific peak nest efforts in detected colonies during the 2016 breeding,"They did not explicity say which islands were spoil, marsh, or off-lake but I am making an assumption based on other years"
2016,20,Lakeport Marina,Off-Lake Island,N,26.9726,-81.1144,Snowy Egret,13,Peak Nest Efforts,aerial surveys,Geographic coordinates (NAD 83) and species-specific peak nest efforts in detected colonies during the 2016 breeding,"They did not explicity say which islands were spoil, marsh, or off-lake but I am making an assumption based on other years"
2016,20,Lakeport Marina,Off-Lake Island,N,26.9726,-81.1144,Great Egret,86,Peak Nest Efforts,aerial surveys,Geographic coordinates (NAD 83) and species-specific peak nest efforts in detected colonies during the 2016 breeding,"They did not explicity say which islands were spoil, marsh, or off-lake but I am making an assumption based on other years"
2016,20,Lakeport Marina,Off-Lake Island,N,26.9726,-81.1144,Cattle Egret,140,Peak Nest Efforts,aerial surveys,Geographic coordinates (NAD 83) and species-specific peak nest efforts in detected colonies during the 2016 breeding,"They did not explicity say which islands were spoil, marsh, or off-lake but I am making an assumption based on other years"
2016,20,Liberty Point,Marsh Island,N,26.82565,-81.01067,Great Egret,20,Peak Nest Efforts,aerial surveys,Geographic coordinates (NAD 83) and species-specific peak nest efforts in detected colonies during the 2016 breeding,"They did not explicity say which islands were spoil, marsh, or off-lake but I am making an assumption based on other years"
2016,20,Liberty Point 2,Marsh Island,Y,26.81752,-80.99675,Great Blue Heron,1,Peak Nest Efforts,aerial surveys,Geographic coordinates (NAD 83) and species-specific peak nest efforts in detected colonies during the 2016 breeding,"They did not explicity say which islands were spoil, marsh, or off-lake but I am making an assumption based on other years"
2016,20,Liberty Point 2,Marsh Island,Y,26.81752,-80.99675,Little Blue Heron,10,Peak Nest Efforts,aerial surveys,Geographic coordinates (NAD 83) and species-specific peak nest efforts in detected colonies during the 2016 breeding,"They did not explicity say which islands were spoil, marsh, or off-lake but I am making an assumption based on other years"
2016,20,Liberty Point 2,Marsh Island,Y,26.81752,-80.99675,Tricolored Heron,10,Peak Nest Efforts,aerial surveys,Geographic coordinates (NAD 83) and species-specific peak nest efforts in detected colonies during the 2016 breeding,"They did not explicity say which islands were spoil, marsh, or off-lake but I am making an assumption based on other years"
2016,20,Liberty Point 2,Marsh Island,Y,26.81752,-80.99675,Anhinga,15,Peak Nest Efforts,aerial surveys,Geographic coordinates (NAD 83) and species-specific peak nest efforts in detected colonies during the 2016 breeding,"They did not explicity say which islands were spoil, marsh, or off-lake but I am making an assumption based on other years"
2016,20,Liberty Point 2,Marsh Island,Y,26.81752,-80.99675,Snowy Egret,125,Peak Nest Efforts,aerial surveys,Geographic coordinates (NAD 83) and species-specific peak nest efforts in detected colonies during the 2016 breeding,"They did not explicity say which islands were spoil, marsh, or off-lake but I am making an assumption based on other years"
2016,20,Liberty Point 2,Marsh Island,Y,26.81752,-80.99675,White Ibis,225,Peak Nest Efforts,aerial surveys,Geographic coordinates (NAD 83) and species-specific peak nest efforts in detected colonies during the 2016 breeding,"They did not explicity say which islands were spoil, marsh, or off-lake but I am making an assumption based on other years"
2016,20,Liberty Point 2,Marsh Island,Y,26.81752,-80.99675,Great Egret,253,Peak Nest Efforts,aerial surveys,Geographic coordinates (NAD 83) and species-specific peak nest efforts in detected colonies during the 2016 breeding,"They did not explicity say which islands were spoil, marsh, or off-lake but I am making an assumption based on other years"
2016,20,Little Bear Beach,Spoil Island,Y,26.72139,-80.84222,Little Blue Heron,3,Peak Nest Efforts,aerial surveys,Geographic coordinates (NAD 83) and species-specific peak nest efforts in detected colonies during the 2016 breeding,"They did not explicity say which islands were spoil, marsh, or off-lake but I am making an assumption based on other years"
2016,20,Little Bear Beach,Spoil Island,Y,26.72139,-80.84222,Tricolored Heron,30,Peak Nest Efforts,aerial surveys,Geographic coordinates (NAD 83) and species-specific peak nest efforts in detected colonies during the 2016 breeding,"They did not explicity say which islands were spoil, marsh, or off-lake but I am making an assumption based on other years"
2016,20,Little Bear Beach,Spoil Island,Y,26.72139,-80.84222,Great Egret,70,Peak Nest Efforts,aerial surveys,Geographic coordinates (NAD 83) and species-specific peak nest efforts in detected colonies during the 2016 breeding,"They did not explicity say which islands were spoil, marsh, or off-lake but I am making an assumption based on other years"
2016,20,Little Bear Beach,Spoil Island,Y,26.72139,-80.84222,Snowy Egret,90,Peak Nest Efforts,aerial surveys,Geographic coordinates (NAD 83) and species-specific peak nest efforts in detected colonies during the 2016 breeding,"They did not explicity say which islands were spoil, marsh, or off-lake but I am making an assumption based on other years"
2016,20,Moore Haven,Marsh Island,Y,26.88058,-81.08236,Glossy Ibis,10,Peak Nest Efforts,aerial surveys,Geographic coordinates (NAD 83) and species-specific peak nest efforts in detected colonies during the 2016 breeding,"They did not explicity say which islands were spoil, marsh, or off-lake but I am making an assumption based on other years"
2016,20,Moore Haven,Marsh Island,Y,26.88058,-81.08236,White Ibis,12,Peak Nest Efforts,aerial surveys,Geographic coordinates (NAD 83) and species-specific peak nest efforts in detected colonies during the 2016 breeding,"They did not explicity say which islands were spoil, marsh, or off-lake but I am making an assumption based on other years"
2016,20,Moore Haven,Marsh Island,Y,26.88058,-81.08236,Tricolored Heron,20,Peak Nest Efforts,aerial surveys,Geographic coordinates (NAD 83) and species-specific peak nest efforts in detected colonies during the 2016 breeding,"They did not explicity say which islands were spoil, marsh, or off-lake but I am making an assumption based on other years"
2016,20,Moore Haven,Marsh Island,Y,26.88058,-81.08236,Cattle Egret,66,Peak Nest Efforts,aerial surveys,Geographic coordinates (NAD 83) and species-specific peak nest efforts in detected colonies during the 2016 breeding,"They did not explicity say which islands were spoil, marsh, or off-lake but I am making an assumption based on other years"
2016,20,Moore Haven,Marsh Island,Y,26.88058,-81.08236,Great Egret,150,Peak Nest Efforts,aerial surveys,Geographic coordinates (NAD 83) and species-specific peak nest efforts in detected colonies during the 2016 breeding,"They did not explicity say which islands were spoil, marsh, or off-lake but I am making an assumption based on other years"
2016,20,Moore Haven,Marsh Island,Y,26.88058,-81.08236,Snowy Egret,218,Peak Nest Efforts,aerial surveys,Geographic coordinates (NAD 83) and species-specific peak nest efforts in detected colonies during the 2016 breeding,"They did not explicity say which islands were spoil, marsh, or off-lake but I am making an assumption based on other years"
2016,20,Moore Haven East 2,Marsh Island,N,26.88409,-81.05237,White Ibis,10,Peak Nest Efforts,aerial surveys,Geographic coordinates (NAD 83) and species-specific peak nest efforts in detected colonies during the 2016 breeding,"They did not explicity say which islands were spoil, marsh, or off-lake but I am making an assumption based on other years"
2016,20,Moore Haven East 2,Marsh Island,N,26.88409,-81.05237,Snowy Egret,30,Peak Nest Efforts,aerial surveys,Geographic coordinates (NAD 83) and species-specific peak nest efforts in detected colonies during the 2016 breeding,"They did not explicity say which islands were spoil, marsh, or off-lake but I am making an assumption based on other years"
2016,20,Moore Haven East 2,Marsh Island,N,26.88409,-81.05237,Great Egret,37,Peak Nest Efforts,aerial surveys,Geographic coordinates (NAD 83) and species-specific peak nest efforts in detected colonies during the 2016 breeding,"They did not explicity say which islands were spoil, marsh, or off-lake but I am making an assumption based on other years"
2016,20,Moore Haven East 4,Marsh Island,N,26.89336,-81.05337,Tricolored Heron,3,Peak Nest Efforts,aerial surveys,Geographic coordinates (NAD 83) and species-specific peak nest efforts in detected colonies during the 2016 breeding,"They did not explicity say which islands were spoil, marsh, or off-lake but I am making an assumption based on other years"
2016,20,Moore Haven East 4,Marsh Island,N,26.89336,-81.05337,Snowy Egret,20,Peak Nest Efforts,aerial surveys,Geographic coordinates (NAD 83) and species-specific peak nest efforts in detected colonies during the 2016 breeding,"They did not explicity say which islands were spoil, marsh, or off-lake but I am making an assumption based on other years"
2016,20,Moore Haven East 4,Marsh Island,N,26.89336,-81.05337,Little Blue Heron,23,Peak Nest Efforts,aerial surveys,Geographic coordinates (NAD 83) and species-specific peak nest efforts in detected colonies during the 2016 breeding,"They did not explicity say which islands were spoil, marsh, or off-lake but I am making an assumption based on other years"
2016,20,Moore Haven East 4,Marsh Island,N,26.89336,-81.05337,White Ibis,23,Peak Nest Efforts,aerial surveys,Geographic coordinates (NAD 83) and species-specific peak nest efforts in detected colonies during the 2016 breeding,"They did not explicity say which islands were spoil, marsh, or off-lake but I am making an assumption based on other years"
2016,20,Moore Haven East 4,Marsh Island,N,26.89336,-81.05337,Great Egret,46,Peak Nest Efforts,aerial surveys,Geographic coordinates (NAD 83) and species-specific peak nest efforts in detected colonies during the 2016 breeding,"They did not explicity say which islands were spoil, marsh, or off-lake but I am making an assumption based on other years"
2016,20,Moore Haven North,Marsh Island,N,26.89829,-81.08854,Great Egret,25,Peak Nest Efforts,aerial surveys,Geographic coordinates (NAD 83) and species-specific peak nest efforts in detected colonies during the 2016 breeding,"They did not explicity say which islands were spoil, marsh, or off-lake but I am making an assumption based on other years"
2016,20,Moore Haven West,Marsh Island,N,26.88423,-81.10539,Great Egret,3,Peak Nest Efforts,aerial surveys,Geographic coordinates (NAD 83) and species-specific peak nest efforts in detected colonies during the 2016 breeding,"They did not explicity say which islands were spoil, marsh, or off-lake but I am making an assumption based on other years"
2015,18,Clewiston Spit,Spoil Island,Y,26.77573,-80.90938,Little Blue Heron,3,Peak Nest Efforts,Aerial and ground,Geographic coordinates (NAD 83) and species-specific peak nest efforts in detected colonies during the 2015 breeding season at Lake Okeechobee. WOST were not detected during monthly surveys.,"They did not explicity say which islands were spoil, marsh, or off-lake but I am making an assumption based on other years"
2015,18,Clewiston Spit,Spoil Island,Y,26.77573,-80.90938,Tricolored Heron,35,Peak Nest Efforts,Aerial and ground,Geographic coordinates (NAD 83) and species-specific peak nest efforts in detected colonies during the 2015 breeding season at Lake Okeechobee. WOST were not detected during monthly surveys.,"They did not explicity say which islands were spoil, marsh, or off-lake but I am making an assumption based on other years"
2015,18,Clewiston Spit,Spoil Island,Y,26.77573,-80.90938,Snowy Egret,45,Peak Nest Efforts,Aerial and ground,Geographic coordinates (NAD 83) and species-specific peak nest efforts in detected colonies during the 2015 breeding season at Lake Okeechobee. WOST were not detected during monthly surveys.,"They did not explicity say which islands were spoil, marsh, or off-lake but I am making an assumption based on other years"
2015,18,Clewiston Spit,Spoil Island,Y,26.77573,-80.90938,Great Egret,80,Peak Nest Efforts,Aerial and ground,Geographic coordinates (NAD 83) and species-specific peak nest efforts in detected colonies during the 2015 breeding season at Lake Okeechobee. WOST were not detected during monthly surveys.,"They did not explicity say which islands were spoil, marsh, or off-lake but I am making an assumption based on other years"
2015,18,Eagle Bay Trail,Marsh Island,N,27.18791,-80.8317,Great Blue Heron,2,Peak Nest Efforts,Aerial and ground,Geographic coordinates (NAD 83) and species-specific peak nest efforts in detected colonies during the 2015 breeding season at Lake Okeechobee. WOST were not detected during monthly surveys.,"They did not explicity say which islands were spoil, marsh, or off-lake but I am making an assumption based on other years"
2015,18,Eagle Bay Trail,Marsh Island,N,27.18791,-80.8317,Great Egret,4,Peak Nest Efforts,Aerial and ground,Geographic coordinates (NAD 83) and species-specific peak nest efforts in detected colonies during the 2015 breeding season at Lake Okeechobee. WOST were not detected during monthly surveys.,"They did not explicity say which islands were spoil, marsh, or off-lake but I am making an assumption based on other years"
2015,18,Eagle Bay Trail,Marsh Island,N,27.18791,-80.8317,White Ibis,10,Peak Nest Efforts,Aerial and ground,Geographic coordinates (NAD 83) and species-specific peak nest efforts in detected colonies during the 2015 breeding season at Lake Okeechobee. WOST were not detected during monthly surveys.,"They did not explicity say which islands were spoil, marsh, or off-lake but I am making an assumption based on other years"
2015,18,Eagle Bay Trail,Marsh Island,N,27.18791,-80.8317,Little Blue Heron,21,Peak Nest Efforts,Aerial and ground,Geographic coordinates (NAD 83) and species-specific peak nest efforts in detected colonies during the 2015 breeding season at Lake Okeechobee. WOST were not detected during monthly surveys.,"They did not explicity say which islands were spoil, marsh, or off-lake but I am making an assumption based on other years"
2015,18,Eagle Bay Trail,Marsh Island,N,27.18791,-80.8317,Glossy Ibis,25,Peak Nest Efforts,Aerial and ground,Geographic coordinates (NAD 83) and species-specific peak nest efforts in detected colonies during the 2015 breeding season at Lake Okeechobee. WOST were not detected during monthly surveys.,"They did not explicity say which islands were spoil, marsh, or off-lake but I am making an assumption based on other years"
2015,18,Eagle Bay Trail,Marsh Island,N,27.18791,-80.8317,Tricolored Heron,59,Peak Nest Efforts,Aerial and ground,Geographic coordinates (NAD 83) and species-specific peak nest efforts in detected colonies during the 2015 breeding season at Lake Okeechobee. WOST were not detected during monthly surveys.,"They did not explicity say which islands were spoil, marsh, or off-lake but I am making an assumption based on other years"
2015,18,Eagle Bay Trail,Marsh Island,N,27.18791,-80.8317,Snowy Egret,125,Peak Nest Efforts,Aerial and ground,Geographic coordinates (NAD 83) and species-specific peak nest efforts in detected colonies during the 2015 breeding season at Lake Okeechobee. WOST were not detected during monthly surveys.,"They did not explicity say which islands were spoil, marsh, or off-lake but I am making an assumption based on other years"
2015,18,Eagle Bay Trail,Marsh Island,N,27.18791,-80.8317,Cattle Egret,650,Peak Nest Efforts,Aerial and ground,Geographic coordinates (NAD 83) and species-specific peak nest efforts in detected colonies during the 2015 breeding season at Lake Okeechobee. WOST were not detected during monthly surveys.,"They did not explicity say which islands were spoil, marsh, or off-lake but I am making an assumption based on other years"
2015,18,Gator Farm,Off-Lake Island,N,27.02278,-81.06084,Snowy Egret,125,Peak Nest Efforts,Aerial and ground,Geographic coordinates (NAD 83) and species-specific peak nest efforts in detected colonies during the 2015 breeding season at Lake Okeechobee. WOST were not detected during monthly surveys.,"They did not explicity say which islands were spoil, marsh, or off-lake but I am making an assumption based on other years"
2015,18,Gator Farm,Off-Lake Island,N,27.02278,-81.06084,Great Egret,160,Peak Nest Efforts,Aerial and ground,Geographic coordinates (NAD 83) and species-specific peak nest efforts in detected colonies during the 2015 breeding season at Lake Okeechobee. WOST were not detected during monthly surveys.,"They did not explicity say which islands were spoil, marsh, or off-lake but I am making an assumption based on other years"
2015,18,Gator Farm,Off-Lake Island,N,27.02278,-81.06084,Cattle Egret,200,Peak Nest Efforts,Aerial and ground,Geographic coordinates (NAD 83) and species-specific peak nest efforts in detected colonies during the 2015 breeding season at Lake Okeechobee. WOST were not detected during monthly surveys.,"They did not explicity say which islands were spoil, marsh, or off-lake but I am making an assumption based on other years"
2015,18,Indian Prairie East,Marsh Island,N,27.07852,-80.86883,Great Blue Heron,2,Peak Nest Efforts,Aerial and ground,Geographic coordinates (NAD 83) and species-specific peak nest efforts in detected colonies during the 2015 breeding season at Lake Okeechobee. WOST were not detected during monthly surveys.,"They did not explicity say which islands were spoil, marsh, or off-lake but I am making an assumption based on other years"
2015,18,Indian Prairie East,Marsh Island,N,27.07852,-80.86883,Snowy Egret,15,Peak Nest Efforts,Aerial and ground,Geographic coordinates (NAD 83) and species-specific peak nest efforts in detected colonies during the 2015 breeding season at Lake Okeechobee. WOST were not detected during monthly surveys.,"They did not explicity say which islands were spoil, marsh, or off-lake but I am making an assumption based on other years"
2015,18,Indian Prairie East,Marsh Island,N,27.07852,-80.86883,Great Egret,250,Peak Nest Efforts,Aerial and ground,Geographic coordinates (NAD 83) and species-specific peak nest efforts in detected colonies during the 2015 breeding season at Lake Okeechobee. WOST were not detected during monthly surveys.,"They did not explicity say which islands were spoil, marsh, or off-lake but I am making an assumption based on other years"
2015,18,Indian Prairie East,Marsh Island,N,27.07852,-80.86883,Cattle Egret,290,Peak Nest Efforts,Aerial and ground,Geographic coordinates (NAD 83) and species-specific peak nest efforts in detected colonies during the 2015 breeding season at Lake Okeechobee. WOST were not detected during monthly surveys.,"They did not explicity say which islands were spoil, marsh, or off-lake but I am making an assumption based on other years"
2015,18,Lakeport Marina,Off-Lake Island,N,26.9726,-81.1144,Tricolored Heron,10,Peak Nest Efforts,Aerial and ground,Geographic coordinates (NAD 83) and species-specific peak nest efforts in detected colonies during the 2015 breeding season at Lake Okeechobee. WOST were not detected during monthly surveys.,"They did not explicity say which islands were spoil, marsh, or off-lake but I am making an assumption based on other years"
2015,18,Lakeport Marina,Off-Lake Island,N,26.9726,-81.1144,Great Blue Heron,26,Peak Nest Efforts,Aerial and ground,Geographic coordinates (NAD 83) and species-specific peak nest efforts in detected colonies during the 2015 breeding season at Lake Okeechobee. WOST were not detected during monthly surveys.,"They did not explicity say which islands were spoil, marsh, or off-lake but I am making an assumption based on other years"
2015,18,Lakeport Marina,Off-Lake Island,N,26.9726,-81.1144,Great Egret,85,Peak Nest Efforts,Aerial and ground,Geographic coordinates (NAD 83) and species-specific peak nest efforts in detected colonies during the 2015 breeding season at Lake Okeechobee. WOST were not detected during monthly surveys.,"They did not explicity say which islands were spoil, marsh, or off-lake but I am making an assumption based on other years"
2015,18,Lakeport Marina,Off-Lake Island,N,26.9726,-81.1144,Cattle Egret,220,Peak Nest Efforts,Aerial and ground,Geographic coordinates (NAD 83) and species-specific peak nest efforts in detected colonies during the 2015 breeding season at Lake Okeechobee. WOST were not detected during monthly surveys.,"They did not explicity say which islands were spoil, marsh, or off-lake but I am making an assumption based on other years"
2015,18,Liberty Point 2,Marsh Island,Y,26.81752,-80.99675,Great Blue Heron,1,Peak Nest Efforts,Aerial and ground,Geographic coordinates (NAD 83) and species-specific peak nest efforts in detected colonies during the 2015 breeding season at Lake Okeechobee. WOST were not detected during monthly surveys.,"They did not explicity say which islands were spoil, marsh, or off-lake but I am making an assumption based on other years"
2015,18,Liberty Point 2,Marsh Island,Y,26.81752,-80.99675,Little Blue Heron,12,Peak Nest Efforts,Aerial and ground,Geographic coordinates (NAD 83) and species-specific peak nest efforts in detected colonies during the 2015 breeding season at Lake Okeechobee. WOST were not detected during monthly surveys.,"They did not explicity say which islands were spoil, marsh, or off-lake but I am making an assumption based on other years"
2015,18,Liberty Point 2,Marsh Island,Y,26.81752,-80.99675,Anhinga,15,Peak Nest Efforts,Aerial and ground,Geographic coordinates (NAD 83) and species-specific peak nest efforts in detected colonies during the 2015 breeding season at Lake Okeechobee. WOST were not detected during monthly surveys.,"They did not explicity say which islands were spoil, marsh, or off-lake but I am making an assumption based on other years"
2015,18,Liberty Point 2,Marsh Island,Y,26.81752,-80.99675,Glossy Ibis,100,Peak Nest Efforts,Aerial and ground,Geographic coordinates (NAD 83) and species-specific peak nest efforts in detected colonies during the 2015 breeding season at Lake Okeechobee. WOST were not detected during monthly surveys.,"They did not explicity say which islands were spoil, marsh, or off-lake but I am making an assumption based on other years"
2015,18,Liberty Point 2,Marsh Island,Y,26.81752,-80.99675,Tricolored Heron,100,Peak Nest Efforts,Aerial and ground,Geographic coordinates (NAD 83) and species-specific peak nest efforts in detected colonies during the 2015 breeding season at Lake Okeechobee. WOST were not detected during monthly surveys.,"They did not explicity say which islands were spoil, marsh, or off-lake but I am making an assumption based on other years"
2015,18,Liberty Point 2,Marsh Island,Y,26.81752,-80.99675,Great Egret,650,Peak Nest Efforts,Aerial and ground,Geographic coordinates (NAD 83) and species-specific peak nest efforts in detected colonies during the 2015 breeding season at Lake Okeechobee. WOST were not detected during monthly surveys.,"They did not explicity say which islands were spoil, marsh, or off-lake but I am making an assumption based on other years"
2015,18,Liberty Point 2,Marsh Island,Y,26.81752,-80.99675,Snowy Egret,750,Peak Nest Efforts,Aerial and ground,Geographic coordinates (NAD 83) and species-specific peak nest efforts in detected colonies during the 2015 breeding season at Lake Okeechobee. WOST were not detected during monthly surveys.,"They did not explicity say which islands were spoil, marsh, or off-lake but I am making an assumption based on other years"
2015,18,Liberty Point 2,Marsh Island,Y,26.81752,-80.99675,White Ibis,1200,Peak Nest Efforts,Aerial and ground,Geographic coordinates (NAD 83) and species-specific peak nest efforts in detected colonies during the 2015 breeding season at Lake Okeechobee. WOST were not detected during monthly surveys.,"They did not explicity say which islands were spoil, marsh, or off-lake but I am making an assumption based on other years"
2015,18,Little Bear Beach,Spoil Island,Y,26.72139,-80.84222,Roseate Spoonbill,1,Peak Nest Efforts,Aerial and ground,Geographic coordinates (NAD 83) and species-specific peak nest efforts in detected colonies during the 2015 breeding season at Lake Okeechobee. WOST were not detected during monthly surveys.,"They did not explicity say which islands were spoil, marsh, or off-lake but I am making an assumption based on other years"
2015,18,Little Bear Beach,Spoil Island,Y,26.72139,-80.84222,Little Blue Heron,3,Peak Nest Efforts,Aerial and ground,Geographic coordinates (NAD 83) and species-specific peak nest efforts in detected colonies during the 2015 breeding season at Lake Okeechobee. WOST were not detected during monthly surveys.,"They did not explicity say which islands were spoil, marsh, or off-lake but I am making an assumption based on other years"
2015,18,Little Bear Beach,Spoil Island,Y,26.72139,-80.84222,Tricolored Heron,30,Peak Nest Efforts,Aerial and ground,Geographic coordinates (NAD 83) and species-specific peak nest efforts in detected colonies during the 2015 breeding season at Lake Okeechobee. WOST were not detected during monthly surveys.,"They did not explicity say which islands were spoil, marsh, or off-lake but I am making an assumption based on other years"
2015,18,Little Bear Beach,Spoil Island,Y,26.72139,-80.84222,Great Egret,50,Peak Nest Efforts,Aerial and ground,Geographic coordinates (NAD 83) and species-specific peak nest efforts in detected colonies during the 2015 breeding season at Lake Okeechobee. WOST were not detected during monthly surveys.,"They did not explicity say which islands were spoil, marsh, or off-lake but I am making an assumption based on other years"
2015,18,Little Bear Beach,Spoil Island,Y,26.72139,-80.84222,Snowy Egret,60,Peak Nest Efforts,Aerial and ground,Geographic coordinates (NAD 83) and species-specific peak nest efforts in detected colonies during the 2015 breeding season at Lake Okeechobee. WOST were not detected during monthly surveys.,"They did not explicity say which islands were spoil, marsh, or off-lake but I am making an assumption based on other years"
2015,18,Moore Haven,Marsh Island,Y,26.88058,-81.08236,Little Blue Heron,1,Peak Nest Efforts,Aerial and ground,Geographic coordinates (NAD 83) and species-specific peak nest efforts in detected colonies during the 2015 breeding season at Lake Okeechobee. WOST were not detected during monthly surveys.,"They did not explicity say which islands were spoil, marsh, or off-lake but I am making an assumption based on other years"
2015,18,Moore Haven,Marsh Island,Y,26.88058,-81.08236,Glossy Ibis,5,Peak Nest Efforts,Aerial and ground,Geographic coordinates (NAD 83) and species-specific peak nest efforts in detected colonies during the 2015 breeding season at Lake Okeechobee. WOST were not detected during monthly surveys.,"They did not explicity say which islands were spoil, marsh, or off-lake but I am making an assumption based on other years"
2015,18,Moore Haven,Marsh Island,Y,26.88058,-81.08236,Tricolored Heron,53,Peak Nest Efforts,Aerial and ground,Geographic coordinates (NAD 83) and species-specific peak nest efforts in detected colonies during the 2015 breeding season at Lake Okeechobee. WOST were not detected during monthly surveys.,"They did not explicity say which islands were spoil, marsh, or off-lake but I am making an assumption based on other years"
2015,18,Moore Haven,Marsh Island,Y,26.88058,-81.08236,White Ibis,80,Peak Nest Efforts,Aerial and ground,Geographic coordinates (NAD 83) and species-specific peak nest efforts in detected colonies during the 2015 breeding season at Lake Okeechobee. WOST were not detected during monthly surveys.,"They did not explicity say which islands were spoil, marsh, or off-lake but I am making an assumption based on other years"
2015,18,Moore Haven,Marsh Island,Y,26.88058,-81.08236,Great Egret,155,Peak Nest Efforts,Aerial and ground,Geographic coordinates (NAD 83) and species-specific peak nest efforts in detected colonies during the 2015 breeding season at Lake Okeechobee. WOST were not detected during monthly surveys.,"They did not explicity say which islands were spoil, marsh, or off-lake but I am making an assumption based on other years"
2015,18,Moore Haven,Marsh Island,Y,26.88058,-81.08236,Snowy Egret,160,Peak Nest Efforts,Aerial and ground,Geographic coordinates (NAD 83) and species-specific peak nest efforts in detected colonies during the 2015 breeding season at Lake Okeechobee. WOST were not detected during monthly surveys.,"They did not explicity say which islands were spoil, marsh, or off-lake but I am making an assumption based on other years"
2015,18,Moore Haven East 4,Marsh Island,N,26.89336,-81.05337,Great Egret,5,Peak Nest Efforts,Aerial and ground,Geographic coordinates (NAD 83) and species-specific peak nest efforts in detected colonies during the 2015 breeding season at Lake Okeechobee. WOST were not detected during monthly surveys.,"They did not explicity say which islands were spoil, marsh, or off-lake but I am making an assumption based on other years"
2014,17,Clewiston Mid,Spoil Island,N,26.77965,-80.90157,Snowy Egret,75,Peak Nest Efforts,ground surveys,Geographic coordinates (NAD 83) and species-specific peak nest efforts in detected colonies,"They did not explicity say which islands were spoil, marsh, or off-lake but I am making an assumption based on other years"
2014,17,Clewiston Mid,Spoil Island,N,26.77965,-80.90157,Tricolored Heron,75,Peak Nest Efforts,ground surveys,Geographic coordinates (NAD 83) and species-specific peak nest efforts in detected colonies,"They did not explicity say which islands were spoil, marsh, or off-lake but I am making an assumption based on other years"
2014,17,Clewiston Mid,Spoil Island,N,26.77965,-80.90157,Glossy Ibis,P,Peak Nest Efforts,ground surveys,Geographic coordinates (NAD 83) and species-specific peak nest efforts in detected colonies,"They did not explicity say which islands were spoil, marsh, or off-lake but I am making an assumption based on other years"
2014,17,Clewiston Out,Spoil Island,N,26.78091,-80.8985,Snowy Egret,30,Peak Nest Efforts,ground surveys,Geographic coordinates (NAD 83) and species-specific peak nest efforts in detected colonies,"They did not explicity say which islands were spoil, marsh, or off-lake but I am making an assumption based on other years"
2014,17,Clewiston Out,Spoil Island,N,26.78091,-80.8985,Great Egret,50,Peak Nest Efforts,ground surveys,Geographic coordinates (NAD 83) and species-specific peak nest efforts in detected colonies,"They did not explicity say which islands were spoil, marsh, or off-lake but I am making an assumption based on other years"
2014,17,Clewiston Out,Spoil Island,N,26.78091,-80.8985,Great Blue Heron,P,Peak Nest Efforts,ground surveys,Geographic coordinates (NAD 83) and species-specific peak nest efforts in detected colonies,"They did not explicity say which islands were spoil, marsh, or off-lake but I am making an assumption based on other years"
2014,17,Clewiston Spit,Spoil Island,Y,26.77658,-80.90914,Snowy Egret,118,Peak Nest Efforts,ground surveys,Geographic coordinates (NAD 83) and species-specific peak nest efforts in detected colonies,"They did not explicity say which islands were spoil, marsh, or off-lake but I am making an assumption based on other years"
2014,17,Clewiston Spit,Spoil Island,Y,26.77658,-80.90914,Great Egret,200,Peak Nest Efforts,ground surveys,Geographic coordinates (NAD 83) and species-specific peak nest efforts in detected colonies,"They did not explicity say which islands were spoil, marsh, or off-lake but I am making an assumption based on other years"
2014,17,Clewiston Spit,Spoil Island,Y,26.77658,-80.90914,Glossy Ibis,P,Peak Nest Efforts,ground surveys,Geographic coordinates (NAD 83) and species-specific peak nest efforts in detected colonies,"They did not explicity say which islands were spoil, marsh, or off-lake but I am making an assumption based on other years"
2014,17,Clewiston Spit,Spoil Island,Y,26.77658,-80.90914,Great Blue Heron,P,Peak Nest Efforts,ground surveys,Geographic coordinates (NAD 83) and species-specific peak nest efforts in detected colonies,"They did not explicity say which islands were spoil, marsh, or off-lake but I am making an assumption based on other years"
2014,17,Eagle Bay East,Marsh Island,N,27.17987,-80.8308,Great Blue Heron,2,Peak Nest Efforts,ground surveys,Geographic coordinates (NAD 83) and species-specific peak nest efforts in detected colonies,"They did not explicity say which islands were spoil, marsh, or off-lake but I am making an assumption based on other years"
2014,17,Eagle Bay East,Marsh Island,N,27.17987,-80.8308,Little Blue Heron,50,Peak Nest Efforts,ground surveys,Geographic coordinates (NAD 83) and species-specific peak nest efforts in detected colonies,"They did not explicity say which islands were spoil, marsh, or off-lake but I am making an assumption based on other years"
2014,17,Eagle Bay East,Marsh Island,N,27.17987,-80.8308,Tricolored Heron,50,Peak Nest Efforts,ground surveys,Geographic coordinates (NAD 83) and species-specific peak nest efforts in detected colonies,"They did not explicity say which islands were spoil, marsh, or off-lake but I am making an assumption based on other years"
2014,17,Eagle Bay East,Marsh Island,N,27.17987,-80.8308,Glossy Ibis,100,Peak Nest Efforts,ground surveys,Geographic coordinates (NAD 83) and species-specific peak nest efforts in detected colonies,"They did not explicity say which islands were spoil, marsh, or off-lake but I am making an assumption based on other years"
2014,17,Eagle Bay East,Marsh Island,N,27.17987,-80.8308,Cattle Egret,200,Peak Nest Efforts,ground surveys,Geographic coordinates (NAD 83) and species-specific peak nest efforts in detected colonies,"They did not explicity say which islands were spoil, marsh, or off-lake but I am making an assumption based on other years"
2014,17,Eagle Bay East,Marsh Island,N,27.17987,-80.8308,White Ibis,200,Peak Nest Efforts,ground surveys,Geographic coordinates (NAD 83) and species-specific peak nest efforts in detected colonies,"They did not explicity say which islands were spoil, marsh, or off-lake but I am making an assumption based on other years"
2014,17,Eagle Bay East,Marsh Island,N,27.17987,-80.8308,Snowy Egret,250,Peak Nest Efforts,ground surveys,Geographic coordinates (NAD 83) and species-specific peak nest efforts in detected colonies,"They did not explicity say which islands were spoil, marsh, or off-lake but I am making an assumption based on other years"
2014,17,Eagle Bay East,Marsh Island,N,27.17987,-80.8308,Roseate Spoonbill,P,Peak Nest Efforts,ground surveys,Geographic coordinates (NAD 83) and species-specific peak nest efforts in detected colonies,"They did not explicity say which islands were spoil, marsh, or off-lake but I am making an assumption based on other years"
2014,17,Eagle Bay East,Marsh Island,N,27.17987,-80.8308,Wood Stork,P,Peak Nest Efforts,ground surveys,Geographic coordinates (NAD 83) and species-specific peak nest efforts in detected colonies,"They did not explicity say which islands were spoil, marsh, or off-lake but I am making an assumption based on other years"
2014,17,Gator Farm,Off-Lake Island,N,27.02278,-81.06084,Great Egret,300,Peak Nest Efforts,ground surveys,Geographic coordinates (NAD 83) and species-specific peak nest efforts in detected colonies,"They did not explicity say which islands were spoil, marsh, or off-lake but I am making an assumption based on other years"
2014,17,Gator Farm,Off-Lake Island,N,27.02278,-81.06084,Cattle Egret,400,Peak Nest Efforts,ground surveys,Geographic coordinates (NAD 83) and species-specific peak nest efforts in detected colonies,"They did not explicity say which islands were spoil, marsh, or off-lake but I am making an assumption based on other years"
2014,17,Indian Prairie 1,Marsh Island,N,27.08526,-80.88613,Great Egret,20,Peak Nest Efforts,ground surveys,Geographic coordinates (NAD 83) and species-specific peak nest efforts in detected colonies,"They did not explicity say which islands were spoil, marsh, or off-lake but I am making an assumption based on other years"
2014,17,Indian Prairie 1,Marsh Island,N,27.08526,-80.88613,Roseate Spoonbill,P,Peak Nest Efforts,ground surveys,Geographic coordinates (NAD 83) and species-specific peak nest efforts in detected colonies,"They did not explicity say which islands were spoil, marsh, or off-lake but I am making an assumption based on other years"
2014,17,Lakeport Marina,Off-Lake Island,N,26.9726,-81.1144,Great Egret,100,Peak Nest Efforts,ground surveys,Geographic coordinates (NAD 83) and species-specific peak nest efforts in detected colonies,"They did not explicity say which islands were spoil, marsh, or off-lake but I am making an assumption based on other years"
2014,17,Lakeport Marina,Off-Lake Island,N,26.9726,-81.1144,Cattle Egret,300,Peak Nest Efforts,ground surveys,Geographic coordinates (NAD 83) and species-specific peak nest efforts in detected colonies,"They did not explicity say which islands were spoil, marsh, or off-lake but I am making an assumption based on other years"
2014,17,Lakeport Marina,Off-Lake Island,N,26.9726,-81.1144,Anhinga,P,Peak Nest Efforts,ground surveys,Geographic coordinates (NAD 83) and species-specific peak nest efforts in detected colonies,"They did not explicity say which islands were spoil, marsh, or off-lake but I am making an assumption based on other years"
2014,17,Liberty Point 2,Marsh Island,N,26.81906,-80.99579,Great Blue Heron,25,Peak Nest Efforts,ground surveys,Geographic coordinates (NAD 83) and species-specific peak nest efforts in detected colonies,"They did not explicity say which islands were spoil, marsh, or off-lake but I am making an assumption based on other years"
2014,17,Liberty Point 2,Marsh Island,N,26.81906,-80.99579,Tricolored Heron,75,Peak Nest Efforts,ground surveys,Geographic coordinates (NAD 83) and species-specific peak nest efforts in detected colonies,"They did not explicity say which islands were spoil, marsh, or off-lake but I am making an assumption based on other years"
2014,17,Liberty Point 2,Marsh Island,N,26.81906,-80.99579,Snowy Egret,100,Peak Nest Efforts,ground surveys,Geographic coordinates (NAD 83) and species-specific peak nest efforts in detected colonies,"They did not explicity say which islands were spoil, marsh, or off-lake but I am making an assumption based on other years"
2014,17,Liberty Point 2,Marsh Island,N,26.81906,-80.99579,White Ibis,100,Peak Nest Efforts,ground surveys,Geographic coordinates (NAD 83) and species-specific peak nest efforts in detected colonies,"They did not explicity say which islands were spoil, marsh, or off-lake but I am making an assumption based on other years"
2014,17,Liberty Point 2,Marsh Island,N,26.81906,-80.99579,Great Egret,550,Peak Nest Efforts,ground surveys,Geographic coordinates (NAD 83) and species-specific peak nest efforts in detected colonies,"They did not explicity say which islands were spoil, marsh, or off-lake but I am making an assumption based on other years"
2014,17,Liberty Point 2,Marsh Island,N,26.81906,-80.99579,Roseate Spoonbill,P,Peak Nest Efforts,ground surveys,Geographic coordinates (NAD 83) and species-specific peak nest efforts in detected colonies,"They did not explicity say which islands were spoil, marsh, or off-lake but I am making an assumption based on other years"
2014,17,Liberty Point 2,Marsh Island,N,26.81906,-80.99579,Wood Stork,P,Peak Nest Efforts,ground surveys,Geographic coordinates (NAD 83) and species-specific peak nest efforts in detected colonies,"They did not explicity say which islands were spoil, marsh, or off-lake but I am making an assumption based on other years"
2014,17,Little Bear Beach,Spoil Island,Y,26.72139,-80.84222,Tricolored Heron,35,Peak Nest Efforts,ground surveys,Geographic coordinates (NAD 83) and species-specific peak nest efforts in detected colonies,"They did not explicity say which islands were spoil, marsh, or off-lake but I am making an assumption based on other years"
2014,17,Little Bear Beach,Spoil Island,Y,26.72139,-80.84222,Great Egret,50,Peak Nest Efforts,ground surveys,Geographic coordinates (NAD 83) and species-specific peak nest efforts in detected colonies,"They did not explicity say which islands were spoil, marsh, or off-lake but I am making an assumption based on other years"
2014,17,Little Bear Beach,Spoil Island,Y,26.72139,-80.84222,Snowy Egret,150,Peak Nest Efforts,ground surveys,Geographic coordinates (NAD 83) and species-specific peak nest efforts in detected colonies,"They did not explicity say which islands were spoil, marsh, or off-lake but I am making an assumption based on other years"
2014,17,Moore Haven,Marsh Island,N,26.88641,-81.09644,White Ibis,25,Peak Nest Efforts,ground surveys,Geographic coordinates (NAD 83) and species-specific peak nest efforts in detected colonies,"They did not explicity say which islands were spoil, marsh, or off-lake but I am making an assumption based on other years"
2014,17,Moore Haven,Marsh Island,N,26.88641,-81.09644,Great Egret,50,Peak Nest Efforts,ground surveys,Geographic coordinates (NAD 83) and species-specific peak nest efforts in detected colonies,"They did not explicity say which islands were spoil, marsh, or off-lake but I am making an assumption based on other years"
2014,17,Moore Haven,Marsh Island,N,26.88641,-81.09644,Little Blue Heron,50,Peak Nest Efforts,ground surveys,Geographic coordinates (NAD 83) and species-specific peak nest efforts in detected colonies,"They did not explicity say which islands were spoil, marsh, or off-lake but I am making an assumption based on other years"
2014,17,Moore Haven East 4,Marsh Island,N,26.89336,-81.05337,Glossy Ibis,25,Peak Nest Efforts,ground surveys,Geographic coordinates (NAD 83) and species-specific peak nest efforts in detected colonies,"They did not explicity say which islands were spoil, marsh, or off-lake but I am making an assumption based on other years"
2014,17,Moore Haven East 4,Marsh Island,N,26.89336,-81.05337,Great Blue Heron,25,Peak Nest Efforts,ground surveys,Geographic coordinates (NAD 83) and species-specific peak nest efforts in detected colonies,"They did not explicity say which islands were spoil, marsh, or off-lake but I am making an assumption based on other years"
2014,17,Moore Haven East 4,Marsh Island,N,26.89336,-81.05337,Tricolored Heron,50,Peak Nest Efforts,ground surveys,Geographic coordinates (NAD 83) and species-specific peak nest efforts in detected colonies,"They did not explicity say which islands were spoil, marsh, or off-lake but I am making an assumption based on other years"
2014,17,Moore Haven East 4,Marsh Island,N,26.89336,-81.05337,White Ibis,50,Peak Nest Efforts,ground surveys,Geographic coordinates (NAD 83) and species-specific peak nest efforts in detected colonies,"They did not explicity say which islands were spoil, marsh, or off-lake but I am making an assumption based on other years"
2014,17,Moore Haven East 4,Marsh Island,N,26.89336,-81.05337,Great Egret,100,Peak Nest Efforts,ground surveys,Geographic coordinates (NAD 83) and species-specific peak nest efforts in detected colonies,"They did not explicity say which islands were spoil, marsh, or off-lake but I am making an assumption based on other years"
2014,17,Moore Haven East 4,Marsh Island,N,26.89336,-81.05337,Snowy Egret,100,Peak Nest Efforts,ground surveys,Geographic coordinates (NAD 83) and species-specific peak nest efforts in detected colonies,"They did not explicity say which islands were spoil, marsh, or off-lake but I am making an assumption based on other years"
2014,17,Moore Haven East 4,Marsh Island,N,26.89336,-81.05337,Roseate Spoonbill,P,Peak Nest Efforts,ground surveys,Geographic coordinates (NAD 83) and species-specific peak nest efforts in detected colonies,"They did not explicity say which islands were spoil, marsh, or off-lake but I am making an assumption based on other years"
2013,17,Clewiston Mid,Spoil Island,N,26.77965,-80.90157,Snowy Egret,25,species-specific peak nest efforts,Aerial and ground surveys,Geographic coordinates (NAD 83) and species-specific peak nest efforts in detected colonies during the 2013 breeding season at Lake Okeechobee,"They did not explicity say which islands were spoil, marsh, or off-lake but I am making an assumption based on other years"
2013,17,Clewiston Out,Spoil Island,Y,26.78091,-80.8985,Great Egret,17,species-specific peak nest efforts,Aerial and ground surveys,Geographic coordinates (NAD 83) and species-specific peak nest efforts in detected colonies during the 2013 breeding season at Lake Okeechobee,"They did not explicity say which islands were spoil, marsh, or off-lake but I am making an assumption based on other years"
2013,17,Clewiston Out,Spoil Island,Y,26.78091,-80.8985,Snowy Egret,26,species-specific peak nest efforts,Aerial and ground surveys,Geographic coordinates (NAD 83) and species-specific peak nest efforts in detected colonies during the 2013 breeding season at Lake Okeechobee,"They did not explicity say which islands were spoil, marsh, or off-lake but I am making an assumption based on other years"
2013,17,Clewiston Out,Spoil Island,Y,26.78091,-80.8985,Tricolored Heron,39,species-specific peak nest efforts,Aerial and ground surveys,Geographic coordinates (NAD 83) and species-specific peak nest efforts in detected colonies during the 2013 breeding season at Lake Okeechobee,"They did not explicity say which islands were spoil, marsh, or off-lake but I am making an assumption based on other years"
2013,17,Clewiston Spit,Spoil Island,Y,26.77658,-80.90914,Great Blue Heron,1,species-specific peak nest efforts,Aerial and ground surveys,Geographic coordinates (NAD 83) and species-specific peak nest efforts in detected colonies during the 2013 breeding season at Lake Okeechobee,"They did not explicity say which islands were spoil, marsh, or off-lake but I am making an assumption based on other years"
2013,17,Clewiston Spit,Spoil Island,Y,26.77658,-80.90914,Great Egret,50,species-specific peak nest efforts,Aerial and ground surveys,Geographic coordinates (NAD 83) and species-specific peak nest efforts in detected colonies during the 2013 breeding season at Lake Okeechobee,"They did not explicity say which islands were spoil, marsh, or off-lake but I am making an assumption based on other years"
2013,17,Clewiston Spit,Spoil Island,Y,26.77658,-80.90914,Snowy Egret,50,species-specific peak nest efforts,Aerial and ground surveys,Geographic coordinates (NAD 83) and species-specific peak nest efforts in detected colonies during the 2013 breeding season at Lake Okeechobee,"They did not explicity say which islands were spoil, marsh, or off-lake but I am making an assumption based on other years"
2013,17,Eagle Bay East,Marsh Island,N,27.17987,-80.8308,Great Blue Heron,10,species-specific peak nest efforts,Aerial and ground surveys,Geographic coordinates (NAD 83) and species-specific peak nest efforts in detected colonies during the 2013 breeding season at Lake Okeechobee,"They did not explicity say which islands were spoil, marsh, or off-lake but I am making an assumption based on other years"
2013,17,Eagle Bay East,Marsh Island,N,27.17987,-80.8308,Great Egret,25,species-specific peak nest efforts,Aerial and ground surveys,Geographic coordinates (NAD 83) and species-specific peak nest efforts in detected colonies during the 2013 breeding season at Lake Okeechobee,"They did not explicity say which islands were spoil, marsh, or off-lake but I am making an assumption based on other years"
2013,17,Eagle Bay East,Marsh Island,N,27.17987,-80.8308,Tricolored Heron,100,species-specific peak nest efforts,Aerial and ground surveys,Geographic coordinates (NAD 83) and species-specific peak nest efforts in detected colonies during the 2013 breeding season at Lake Okeechobee,"They did not explicity say which islands were spoil, marsh, or off-lake but I am making an assumption based on other years"
2013,17,Eagle Bay East,Marsh Island,N,27.17987,-80.8308,Glossy Ibis,200,species-specific peak nest efforts,Aerial and ground surveys,Geographic coordinates (NAD 83) and species-specific peak nest efforts in detected colonies during the 2013 breeding season at Lake Okeechobee,"They did not explicity say which islands were spoil, marsh, or off-lake but I am making an assumption based on other years"
2013,17,Eagle Bay East,Marsh Island,N,27.17987,-80.8308,Snowy Egret,300,species-specific peak nest efforts,Aerial and ground surveys,Geographic coordinates (NAD 83) and species-specific peak nest efforts in detected colonies during the 2013 breeding season at Lake Okeechobee,"They did not explicity say which islands were spoil, marsh, or off-lake but I am making an assumption based on other years"
2013,17,Eagle Bay East,Marsh Island,N,27.17987,-80.8308,White Ibis,400,species-specific peak nest efforts,Aerial and ground surveys,Geographic coordinates (NAD 83) and species-specific peak nest efforts in detected colonies during the 2013 breeding season at Lake Okeechobee,"They did not explicity say which islands were spoil, marsh, or off-lake but I am making an assumption based on other years"
2013,17,Eagle Bay East,Marsh Island,N,27.17987,-80.8308,Cattle Egret,800,species-specific peak nest efforts,Aerial and ground surveys,Geographic coordinates (NAD 83) and species-specific peak nest efforts in detected colonies during the 2013 breeding season at Lake Okeechobee,"They did not explicity say which islands were spoil, marsh, or off-lake but I am making an assumption based on other years"
2013,17,Eagle Bay Trail,Marsh Island,N,27.18659,-80.83056,Great Blue Heron,1,species-specific peak nest efforts,Aerial and ground surveys,Geographic coordinates (NAD 83) and species-specific peak nest efforts in detected colonies during the 2013 breeding season at Lake Okeechobee,"They did not explicity say which islands were spoil, marsh, or off-lake but I am making an assumption based on other years"
2013,17,Eagle Bay Trail,Marsh Island,N,27.18659,-80.83056,Tricolored Heron,20,species-specific peak nest efforts,Aerial and ground surveys,Geographic coordinates (NAD 83) and species-specific peak nest efforts in detected colonies during the 2013 breeding season at Lake Okeechobee,"They did not explicity say which islands were spoil, marsh, or off-lake but I am making an assumption based on other years"
2013,17,Eagle Bay Trail,Marsh Island,N,27.18659,-80.83056,Snowy Egret,25,species-specific peak nest efforts,Aerial and ground surveys,Geographic coordinates (NAD 83) and species-specific peak nest efforts in detected colonies during the 2013 breeding season at Lake Okeechobee,"They did not explicity say which islands were spoil, marsh, or off-lake but I am making an assumption based on other years"
2013,17,Eagle Bay Trail,Marsh Island,N,27.18659,-80.83056,Cattle Egret,200,species-specific peak nest efforts,Aerial and ground surveys,Geographic coordinates (NAD 83) and species-specific peak nest efforts in detected colonies during the 2013 breeding season at Lake Okeechobee,"They did not explicity say which islands were spoil, marsh, or off-lake but I am making an assumption based on other years"
2013,17,Gator Farm,Off-Lake Island,N,27.02278,-81.06084,Great Egret,150,species-specific peak nest efforts,Aerial and ground surveys,Geographic coordinates (NAD 83) and species-specific peak nest efforts in detected colonies during the 2013 breeding season at Lake Okeechobee,"They did not explicity say which islands were spoil, marsh, or off-lake but I am making an assumption based on other years"
2013,17,Gator Farm,Off-Lake Island,N,27.02278,-81.06084,Cattle Egret,350,species-specific peak nest efforts,Aerial and ground surveys,Geographic coordinates (NAD 83) and species-specific peak nest efforts in detected colonies during the 2013 breeding season at Lake Okeechobee,"They did not explicity say which islands were spoil, marsh, or off-lake but I am making an assumption based on other years"
2013,17,Gator Farm,Off-Lake Island,N,27.02278,-81.06084,Snowy Egret,350,species-specific peak nest efforts,Aerial and ground surveys,Geographic coordinates (NAD 83) and species-specific peak nest efforts in detected colonies during the 2013 breeding season at Lake Okeechobee,"They did not explicity say which islands were spoil, marsh, or off-lake but I am making an assumption based on other years"
2013,17,Indian Prairie 1,Marsh Island,N,27.08526,-80.88613,Anhinga,10,species-specific peak nest efforts,Aerial and ground surveys,Geographic coordinates (NAD 83) and species-specific peak nest efforts in detected colonies during the 2013 breeding season at Lake Okeechobee,"They did not explicity say which islands were spoil, marsh, or off-lake but I am making an assumption based on other years"
2013,17,Lakeport Marina,Off-Lake Island,N,26.9726,-81.1144,Great Blue Heron,1,species-specific peak nest efforts,Aerial and ground surveys,Geographic coordinates (NAD 83) and species-specific peak nest efforts in detected colonies during the 2013 breeding season at Lake Okeechobee,"They did not explicity say which islands were spoil, marsh, or off-lake but I am making an assumption based on other years"
2013,17,Lakeport Marina,Off-Lake Island,N,26.9726,-81.1144,Little Blue Heron,1,species-specific peak nest efforts,Aerial and ground surveys,Geographic coordinates (NAD 83) and species-specific peak nest efforts in detected colonies during the 2013 breeding season at Lake Okeechobee,"They did not explicity say which islands were spoil, marsh, or off-lake but I am making an assumption based on other years"
2013,17,Lakeport Marina,Off-Lake Island,N,26.9726,-81.1144,Anhinga,3,species-specific peak nest efforts,Aerial and ground surveys,Geographic coordinates (NAD 83) and species-specific peak nest efforts in detected colonies during the 2013 breeding season at Lake Okeechobee,"They did not explicity say which islands were spoil, marsh, or off-lake but I am making an assumption based on other years"
2013,17,Lakeport Marina,Off-Lake Island,N,26.9726,-81.1144,Tricolored Heron,5,species-specific peak nest efforts,Aerial and ground surveys,Geographic coordinates (NAD 83) and species-specific peak nest efforts in detected colonies during the 2013 breeding season at Lake Okeechobee,"They did not explicity say which islands were spoil, marsh, or off-lake but I am making an assumption based on other years"
2013,17,Lakeport Marina,Off-Lake Island,N,26.9726,-81.1144,Great Egret,200,species-specific peak nest efforts,Aerial and ground surveys,Geographic coordinates (NAD 83) and species-specific peak nest efforts in detected colonies during the 2013 breeding season at Lake Okeechobee,"They did not explicity say which islands were spoil, marsh, or off-lake but I am making an assumption based on other years"
2013,17,Lakeport Marina,Off-Lake Island,N,26.9726,-81.1144,Snowy Egret,200,species-specific peak nest efforts,Aerial and ground surveys,Geographic coordinates (NAD 83) and species-specific peak nest efforts in detected colonies during the 2013 breeding season at Lake Okeechobee,"They did not explicity say which islands were spoil, marsh, or off-lake but I am making an assumption based on other years"
2013,17,Lakeport Marina,Off-Lake Island,N,26.9726,-81.1144,Cattle Egret,500,species-specific peak nest efforts,Aerial and ground surveys,Geographic coordinates (NAD 83) and species-specific peak nest efforts in detected colonies during the 2013 breeding season at Lake Okeechobee,"They did not explicity say which islands were spoil, marsh, or off-lake but I am making an assumption based on other years"
2013,17,Liberty Point 2,Marsh Island,Y,26.81906,-80.99579,Great Blue Heron,3,species-specific peak nest efforts,Aerial and ground surveys,Geographic coordinates (NAD 83) and species-specific peak nest efforts in detected colonies during the 2013 breeding season at Lake Okeechobee,"They did not explicity say which islands were spoil, marsh, or off-lake but I am making an assumption based on other years"
2013,17,Liberty Point 2,Marsh Island,Y,26.81906,-80.99579,Anhinga,20,species-specific peak nest efforts,Aerial and ground surveys,Geographic coordinates (NAD 83) and species-specific peak nest efforts in detected colonies during the 2013 breeding season at Lake Okeechobee,"They did not explicity say which islands were spoil, marsh, or off-lake but I am making an assumption based on other years"
2013,17,Liberty Point 2,Marsh Island,Y,26.81906,-80.99579,Glossy Ibis,100,species-specific peak nest efforts,Aerial and ground surveys,Geographic coordinates (NAD 83) and species-specific peak nest efforts in detected colonies during the 2013 breeding season at Lake Okeechobee,"They did not explicity say which islands were spoil, marsh, or off-lake but I am making an assumption based on other years"
2013,17,Liberty Point 2,Marsh Island,Y,26.81906,-80.99579,Tricolored Heron,200,species-specific peak nest efforts,Aerial and ground surveys,Geographic coordinates (NAD 83) and species-specific peak nest efforts in detected colonies during the 2013 breeding season at Lake Okeechobee,"They did not explicity say which islands were spoil, marsh, or off-lake but I am making an assumption based on other years"
2013,17,Liberty Point 2,Marsh Island,Y,26.81906,-80.99579,Little Blue Heron,400,species-specific peak nest efforts,Aerial and ground surveys,Geographic coordinates (NAD 83) and species-specific peak nest efforts in detected colonies during the 2013 breeding season at Lake Okeechobee,"They did not explicity say which islands were spoil, marsh, or off-lake but I am making an assumption based on other years"
2013,17,Liberty Point 2,Marsh Island,Y,26.81906,-80.99579,Great Egret,750,species-specific peak nest efforts,Aerial and ground surveys,Geographic coordinates (NAD 83) and species-specific peak nest efforts in detected colonies during the 2013 breeding season at Lake Okeechobee,"They did not explicity say which islands were spoil, marsh, or off-lake but I am making an assumption based on other years"
2013,17,Liberty Point 2,Marsh Island,Y,26.81906,-80.99579,Snowy Egret,925,species-specific peak nest efforts,Aerial and ground surveys,Geographic coordinates (NAD 83) and species-specific peak nest efforts in detected colonies during the 2013 breeding season at Lake Okeechobee,"They did not explicity say which islands were spoil, marsh, or off-lake but I am making an assumption based on other years"
2013,17,Liberty Point 2,Marsh Island,Y,26.81906,-80.99579,White Ibis,1050,species-specific peak nest efforts,Aerial and ground surveys,Geographic coordinates (NAD 83) and species-specific peak nest efforts in detected colonies during the 2013 breeding season at Lake Okeechobee,"They did not explicity say which islands were spoil, marsh, or off-lake but I am making an assumption based on other years"
2013,17,Little Bear Beach,Spoil Island,Y,26.72139,-80.84222,Great Egret,50,species-specific peak nest efforts,Aerial and ground surveys,Geographic coordinates (NAD 83) and species-specific peak nest efforts in detected colonies during the 2013 breeding season at Lake Okeechobee,"They did not explicity say which islands were spoil, marsh, or off-lake but I am making an assumption based on other years"
2013,17,Little Bear Beach,Spoil Island,Y,26.72139,-80.84222,Tricolored Heron,75,species-specific peak nest efforts,Aerial and ground surveys,Geographic coordinates (NAD 83) and species-specific peak nest efforts in detected colonies during the 2013 breeding season at Lake Okeechobee,"They did not explicity say which islands were spoil, marsh, or off-lake but I am making an assumption based on other years"
2013,17,Little Bear Beach,Spoil Island,Y,26.72139,-80.84222,Snowy Egret,200,species-specific peak nest efforts,Aerial and ground surveys,Geographic coordinates (NAD 83) and species-specific peak nest efforts in detected colonies during the 2013 breeding season at Lake Okeechobee,"They did not explicity say which islands were spoil, marsh, or off-lake but I am making an assumption based on other years"
2013,17,Moore Haven,Marsh Island,N,26.88641,-81.09644,Snowy Egret,10,species-specific peak nest efforts,Aerial and ground surveys,Geographic coordinates (NAD 83) and species-specific peak nest efforts in detected colonies during the 2013 breeding season at Lake Okeechobee,"They did not explicity say which islands were spoil, marsh, or off-lake but I am making an assumption based on other years"
2013,17,Moore Haven,Marsh Island,N,26.88641,-81.09644,Great Egret,50,species-specific peak nest efforts,Aerial and ground surveys,Geographic coordinates (NAD 83) and species-specific peak nest efforts in detected colonies during the 2013 breeding season at Lake Okeechobee,"They did not explicity say which islands were spoil, marsh, or off-lake but I am making an assumption based on other years"
2013,17,Moore Haven,Marsh Island,N,26.88641,-81.09644,White Ibis,50,species-specific peak nest efforts,Aerial and ground surveys,Geographic coordinates (NAD 83) and species-specific peak nest efforts in detected colonies during the 2013 breeding season at Lake Okeechobee,"They did not explicity say which islands were spoil, marsh, or off-lake but I am making an assumption based on other years"
2013,17,Moore Haven East 4,Marsh Island,N,26.89336,-81.05337,Roseate Spoonbill,2,species-specific peak nest efforts,Aerial and ground surveys,Geographic coordinates (NAD 83) and species-specific peak nest efforts in detected colonies during the 2013 breeding season at Lake Okeechobee,"They did not explicity say which islands were spoil, marsh, or off-lake but I am making an assumption based on other years"
2013,17,Moore Haven East 4,Marsh Island,N,26.89336,-81.05337,Anhinga,25,species-specific peak nest efforts,Aerial and ground surveys,Geographic coordinates (NAD 83) and species-specific peak nest efforts in detected colonies during the 2013 breeding season at Lake Okeechobee,"They did not explicity say which islands were spoil, marsh, or off-lake but I am making an assumption based on other years"
2013,17,Moore Haven East 4,Marsh Island,N,26.89336,-81.05337,Glossy Ibis,100,species-specific peak nest efforts,Aerial and ground surveys,Geographic coordinates (NAD 83) and species-specific peak nest efforts in detected colonies during the 2013 breeding season at Lake Okeechobee,"They did not explicity say which islands were spoil, marsh, or off-lake but I am making an assumption based on other years"
2013,17,Moore Haven East 4,Marsh Island,N,26.89336,-81.05337,Great Egret,300,species-specific peak nest efforts,Aerial and ground surveys,Geographic coordinates (NAD 83) and species-specific peak nest efforts in detected colonies during the 2013 breeding season at Lake Okeechobee,"They did not explicity say which islands were spoil, marsh, or off-lake but I am making an assumption based on other years"
2013,17,Moore Haven East 4,Marsh Island,N,26.89336,-81.05337,Tricolored Heron,300,species-specific peak nest efforts,Aerial and ground surveys,Geographic coordinates (NAD 83) and species-specific peak nest efforts in detected colonies during the 2013 breeding season at Lake Okeechobee,"They did not explicity say which islands were spoil, marsh, or off-lake but I am making an assumption based on other years"
2013,17,Moore Haven East 4,Marsh Island,N,26.89336,-81.05337,Snowy Egret,800,species-specific peak nest efforts,Aerial and ground surveys,Geographic coordinates (NAD 83) and species-specific peak nest efforts in detected colonies during the 2013 breeding season at Lake Okeechobee,"They did not explicity say which islands were spoil, marsh, or off-lake but I am making an assumption based on other years"
2013,17,Moore Haven East 4,Marsh Island,N,26.89336,-81.05337,White Ibis,900,species-specific peak nest efforts,Aerial and ground surveys,Geographic coordinates (NAD 83) and species-specific peak nest efforts in detected colonies during the 2013 breeding season at Lake Okeechobee,"They did not explicity say which islands were spoil, marsh, or off-lake but I am making an assumption based on other years"
2012,2,Bird Island,Spoil Island,N,26.97199,-81.00917,Tricolored Heron,2,species-specific peak nest efforts,Aerial and ground surveys,Geographic coordinates (NAD 83) and species-specific peak nest efforts in detected colonies during the 2012 breeding season at Lake Okeechobee.,"They did not explicity say which islands were spoil, marsh, or off-lake but I am making an assumption based on other years"
2012,2,Bird Island,Spoil Island,N,26.97199,-81.00917,Snowy Egret,3,species-specific peak nest efforts,Aerial and ground surveys,Geographic coordinates (NAD 83) and species-specific peak nest efforts in detected colonies during the 2012 breeding season at Lake Okeechobee.,"They did not explicity say which islands were spoil, marsh, or off-lake but I am making an assumption based on other years"
2012,2,Bird Island,Spoil Island,N,26.97199,-81.00917,Great Blue Heron,4,species-specific peak nest efforts,Aerial and ground surveys,Geographic coordinates (NAD 83) and species-specific peak nest efforts in detected colonies during the 2012 breeding season at Lake Okeechobee.,"They did not explicity say which islands were spoil, marsh, or off-lake but I am making an assumption based on other years"
2012,2,Clewiston Channel,Spoil Island,Y,26.78324,-80.89298,Great Egret,15,species-specific peak nest efforts,Aerial and ground surveys,Geographic coordinates (NAD 83) and species-specific peak nest efforts in detected colonies during the 2012 breeding season at Lake Okeechobee.,"They did not explicity say which islands were spoil, marsh, or off-lake but I am making an assumption based on other years"
2012,2,Clewiston Channel,Spoil Island,Y,26.78324,-80.89298,Tricolored Heron,65,species-specific peak nest efforts,Aerial and ground surveys,Geographic coordinates (NAD 83) and species-specific peak nest efforts in detected colonies during the 2012 breeding season at Lake Okeechobee.,"They did not explicity say which islands were spoil, marsh, or off-lake but I am making an assumption based on other years"
2012,2,Clewiston Channel,Spoil Island,Y,26.78324,-80.89298,Snowy Egret,70,species-specific peak nest efforts,Aerial and ground surveys,Geographic coordinates (NAD 83) and species-specific peak nest efforts in detected colonies during the 2012 breeding season at Lake Okeechobee.,"They did not explicity say which islands were spoil, marsh, or off-lake but I am making an assumption based on other years"
2012,2,Clewiston Mid,Spoil Island,N,26.77965,-80.90157,Tricolored Heron,10,species-specific peak nest efforts,Aerial and ground surveys,Geographic coordinates (NAD 83) and species-specific peak nest efforts in detected colonies during the 2012 breeding season at Lake Okeechobee.,"They did not explicity say which islands were spoil, marsh, or off-lake but I am making an assumption based on other years"
2012,2,Clewiston Mid,Spoil Island,N,26.77965,-80.90157,Snowy Egret,25,species-specific peak nest efforts,Aerial and ground surveys,Geographic coordinates (NAD 83) and species-specific peak nest efforts in detected colonies during the 2012 breeding season at Lake Okeechobee.,"They did not explicity say which islands were spoil, marsh, or off-lake but I am making an assumption based on other years"
2012,2,Clewiston Out,Spoil Island,Y,26.78091,-80.8985,Great Egret,30,species-specific peak nest efforts,Aerial and ground surveys,Geographic coordinates (NAD 83) and species-specific peak nest efforts in detected colonies during the 2012 breeding season at Lake Okeechobee.,"They did not explicity say which islands were spoil, marsh, or off-lake but I am making an assumption based on other years"
2012,2,Clewiston Out,Spoil Island,Y,26.78091,-80.8985,Snowy Egret,120,species-specific peak nest efforts,Aerial and ground surveys,Geographic coordinates (NAD 83) and species-specific peak nest efforts in detected colonies during the 2012 breeding season at Lake Okeechobee.,"They did not explicity say which islands were spoil, marsh, or off-lake but I am making an assumption based on other years"
2012,2,Clewiston Out,Spoil Island,Y,26.78091,-80.8985,Tricolored Heron,180,species-specific peak nest efforts,Aerial and ground surveys,Geographic coordinates (NAD 83) and species-specific peak nest efforts in detected colonies during the 2012 breeding season at Lake Okeechobee.,"They did not explicity say which islands were spoil, marsh, or off-lake but I am making an assumption based on other years"
2012,2,Clewiston Spit,Spoil Island,N,26.77658,-80.90914,Great Blue Heron,1,species-specific peak nest efforts,Aerial and ground surveys,Geographic coordinates (NAD 83) and species-specific peak nest efforts in detected colonies during the 2012 breeding season at Lake Okeechobee.,"They did not explicity say which islands were spoil, marsh, or off-lake but I am making an assumption based on other years"
2012,2,Clewiston Spit,Spoil Island,N,26.77658,-80.90914,Great Egret,25,species-specific peak nest efforts,Aerial and ground surveys,Geographic coordinates (NAD 83) and species-specific peak nest efforts in detected colonies during the 2012 breeding season at Lake Okeechobee.,"They did not explicity say which islands were spoil, marsh, or off-lake but I am making an assumption based on other years"
2012,2,Dynamite Hole,Marsh Island,N,26.69746,-80.77078,Great Blue Heron,12,species-specific peak nest efforts,Aerial and ground surveys,Geographic coordinates (NAD 83) and species-specific peak nest efforts in detected colonies during the 2012 breeding season at Lake Okeechobee.,"They did not explicity say which islands were spoil, marsh, or off-lake but I am making an assumption based on other years"
2012,2,Eagle Bay East,Marsh Island,Y,27.17987,-80.8308,Little Blue Heron,2,species-specific peak nest efforts,Aerial and ground surveys,Geographic coordinates (NAD 83) and species-specific peak nest efforts in detected colonies during the 2012 breeding season at Lake Okeechobee.,"They did not explicity say which islands were spoil, marsh, or off-lake but I am making an assumption based on other years"
2012,2,Eagle Bay East,Marsh Island,Y,27.17987,-80.8308,Anhinga,5,species-specific peak nest efforts,Aerial and ground surveys,Geographic coordinates (NAD 83) and species-specific peak nest efforts in detected colonies during the 2012 breeding season at Lake Okeechobee.,"They did not explicity say which islands were spoil, marsh, or off-lake but I am making an assumption based on other years"
2012,2,Eagle Bay East,Marsh Island,Y,27.17987,-80.8308,Great Blue Heron,15,species-specific peak nest efforts,Aerial and ground surveys,Geographic coordinates (NAD 83) and species-specific peak nest efforts in detected colonies during the 2012 breeding season at Lake Okeechobee.,"They did not explicity say which islands were spoil, marsh, or off-lake but I am making an assumption based on other years"
2012,2,Eagle Bay East,Marsh Island,Y,27.17987,-80.8308,Tricolored Heron,50,species-specific peak nest efforts,Aerial and ground surveys,Geographic coordinates (NAD 83) and species-specific peak nest efforts in detected colonies during the 2012 breeding season at Lake Okeechobee.,"They did not explicity say which islands were spoil, marsh, or off-lake but I am making an assumption based on other years"
2012,2,Eagle Bay East,Marsh Island,Y,27.17987,-80.8308,Snowy Egret,600,species-specific peak nest efforts,Aerial and ground surveys,Geographic coordinates (NAD 83) and species-specific peak nest efforts in detected colonies during the 2012 breeding season at Lake Okeechobee.,"They did not explicity say which islands were spoil, marsh, or off-lake but I am making an assumption based on other years"
2012,2,Eagle Bay East,Marsh Island,Y,27.17987,-80.8308,Glossy Ibis,800,species-specific peak nest efforts,Aerial and ground surveys,Geographic coordinates (NAD 83) and species-specific peak nest efforts in detected colonies during the 2012 breeding season at Lake Okeechobee.,"They did not explicity say which islands were spoil, marsh, or off-lake but I am making an assumption based on other years"
2012,2,Eagle Bay East,Marsh Island,Y,27.17987,-80.8308,White Ibis,900,species-specific peak nest efforts,Aerial and ground surveys,Geographic coordinates (NAD 83) and species-specific peak nest efforts in detected colonies during the 2012 breeding season at Lake Okeechobee.,"They did not explicity say which islands were spoil, marsh, or off-lake but I am making an assumption based on other years"
2012,2,Eagle Bay East,Marsh Island,Y,27.17987,-80.8308,Cattle Egret,1000,species-specific peak nest efforts,Aerial and ground surveys,Geographic coordinates (NAD 83) and species-specific peak nest efforts in detected colonies during the 2012 breeding season at Lake Okeechobee.,"They did not explicity say which islands were spoil, marsh, or off-lake but I am making an assumption based on other years"
2012,2,Eagle Bay Trail,Marsh Island,Y,27.18659,-80.83056,Great Blue Heron,2,species-specific peak nest efforts,Aerial and ground surveys,Geographic coordinates (NAD 83) and species-specific peak nest efforts in detected colonies during the 2012 breeding season at Lake Okeechobee.,"They did not explicity say which islands were spoil, marsh, or off-lake but I am making an assumption based on other years"
2012,2,Eagle Bay Trail,Marsh Island,Y,27.18659,-80.83056,Snowy Egret,45,species-specific peak nest efforts,Aerial and ground surveys,Geographic coordinates (NAD 83) and species-specific peak nest efforts in detected colonies during the 2012 breeding season at Lake Okeechobee.,"They did not explicity say which islands were spoil, marsh, or off-lake but I am making an assumption based on other years"
2012,2,Eagle Bay Trail,Marsh Island,Y,27.18659,-80.83056,Tricolored Heron,45,species-specific peak nest efforts,Aerial and ground surveys,Geographic coordinates (NAD 83) and species-specific peak nest efforts in detected colonies during the 2012 breeding season at Lake Okeechobee.,"They did not explicity say which islands were spoil, marsh, or off-lake but I am making an assumption based on other years"
2012,2,Eagle Bay Trail,Marsh Island,Y,27.18659,-80.83056,Cattle Egret,100,species-specific peak nest efforts,Aerial and ground surveys,Geographic coordinates (NAD 83) and species-specific peak nest efforts in detected colonies during the 2012 breeding season at Lake Okeechobee.,"They did not explicity say which islands were spoil, marsh, or off-lake but I am making an assumption based on other years"
2012,2,Gator Farm,Off-Lake Island,N,27.02278,-81.06084,Great Egret,130,species-specific peak nest efforts,Aerial and ground surveys,Geographic coordinates (NAD 83) and species-specific peak nest efforts in detected colonies during the 2012 breeding season at Lake Okeechobee.,"They did not explicity say which islands were spoil, marsh, or off-lake but I am making an assumption based on other years"
2012,2,Gator Farm,Off-Lake Island,N,27.02278,-81.06084,Snowy Egret,250,species-specific peak nest efforts,Aerial and ground surveys,Geographic coordinates (NAD 83) and species-specific peak nest efforts in detected colonies during the 2012 breeding season at Lake Okeechobee.,"They did not explicity say which islands were spoil, marsh, or off-lake but I am making an assumption based on other years"
2012,2,Gator Farm,Off-Lake Island,N,27.02278,-81.06084,Cattle Egret,400,species-specific peak nest efforts,Aerial and ground surveys,Geographic coordinates (NAD 83) and species-specific peak nest efforts in detected colonies during the 2012 breeding season at Lake Okeechobee.,"They did not explicity say which islands were spoil, marsh, or off-lake but I am making an assumption based on other years"
2012,2,Indian Prairie 1,Marsh Island,N,27.08526,-80.88613,Anhinga,15,species-specific peak nest efforts,Aerial and ground surveys,Geographic coordinates (NAD 83) and species-specific peak nest efforts in detected colonies during the 2012 breeding season at Lake Okeechobee.,"They did not explicity say which islands were spoil, marsh, or off-lake but I am making an assumption based on other years"
2012,2,Lakeport Marina,Off-Lake Island,N,26.9726,-81.1144,Great Blue Heron,1,species-specific peak nest efforts,Aerial and ground surveys,Geographic coordinates (NAD 83) and species-specific peak nest efforts in detected colonies during the 2012 breeding season at Lake Okeechobee.,"They did not explicity say which islands were spoil, marsh, or off-lake but I am making an assumption based on other years"
2012,2,Lakeport Marina,Off-Lake Island,N,26.9726,-81.1144,Little Blue Heron,1,species-specific peak nest efforts,Aerial and ground surveys,Geographic coordinates (NAD 83) and species-specific peak nest efforts in detected colonies during the 2012 breeding season at Lake Okeechobee.,"They did not explicity say which islands were spoil, marsh, or off-lake but I am making an assumption based on other years"
2012,2,Lakeport Marina,Off-Lake Island,N,26.9726,-81.1144,Tricolored Heron,12,species-specific peak nest efforts,Aerial and ground surveys,Geographic coordinates (NAD 83) and species-specific peak nest efforts in detected colonies during the 2012 breeding season at Lake Okeechobee.,"They did not explicity say which islands were spoil, marsh, or off-lake but I am making an assumption based on other years"
2012,2,Lakeport Marina,Off-Lake Island,N,26.9726,-81.1144,Snowy Egret,50,species-specific peak nest efforts,Aerial and ground surveys,Geographic coordinates (NAD 83) and species-specific peak nest efforts in detected colonies during the 2012 breeding season at Lake Okeechobee.,"They did not explicity say which islands were spoil, marsh, or off-lake but I am making an assumption based on other years"
2012,2,Lakeport Marina,Off-Lake Island,N,26.9726,-81.1144,Great Egret,100,species-specific peak nest efforts,Aerial and ground surveys,Geographic coordinates (NAD 83) and species-specific peak nest efforts in detected colonies during the 2012 breeding season at Lake Okeechobee.,"They did not explicity say which islands were spoil, marsh, or off-lake but I am making an assumption based on other years"
2012,2,Lakeport Marina,Off-Lake Island,N,26.9726,-81.1144,Cattle Egret,600,species-specific peak nest efforts,Aerial and ground surveys,Geographic coordinates (NAD 83) and species-specific peak nest efforts in detected colonies during the 2012 breeding season at Lake Okeechobee.,"They did not explicity say which islands were spoil, marsh, or off-lake but I am making an assumption based on other years"
2012,2,Little Bear Beach,Spoil Island,Y,26.72139,-80.84222,Great Egret,25,species-specific peak nest efforts,Aerial and ground surveys,Geographic coordinates (NAD 83) and species-specific peak nest efforts in detected colonies during the 2012 breeding season at Lake Okeechobee.,"They did not explicity say which islands were spoil, marsh, or off-lake but I am making an assumption based on other years"
2012,2,Little Bear Beach,Spoil Island,Y,26.72139,-80.84222,Tricolored Heron,75,species-specific peak nest efforts,Aerial and ground surveys,Geographic coordinates (NAD 83) and species-specific peak nest efforts in detected colonies during the 2012 breeding season at Lake Okeechobee.,"They did not explicity say which islands were spoil, marsh, or off-lake but I am making an assumption based on other years"
2012,2,Little Bear Beach,Spoil Island,Y,26.72139,-80.84222,Snowy Egret,225,species-specific peak nest efforts,Aerial and ground surveys,Geographic coordinates (NAD 83) and species-specific peak nest efforts in detected colonies during the 2012 breeding season at Lake Okeechobee.,"They did not explicity say which islands were spoil, marsh, or off-lake but I am making an assumption based on other years"
2012,2,Moonshine 1,Marsh Island,N,26.91292,-81.02474,Great Blue Heron,1,species-specific peak nest efforts,Aerial and ground surveys,Geographic coordinates (NAD 83) and species-specific peak nest efforts in detected colonies during the 2012 breeding season at Lake Okeechobee.,"They did not explicity say which islands were spoil, marsh, or off-lake but I am making an assumption based on other years"
2012,2,Moonshine 1,Marsh Island,N,26.91292,-81.02474,Great Egret,10,species-specific peak nest efforts,Aerial and ground surveys,Geographic coordinates (NAD 83) and species-specific peak nest efforts in detected colonies during the 2012 breeding season at Lake Okeechobee.,"They did not explicity say which islands were spoil, marsh, or off-lake but I am making an assumption based on other years"
2012,2,Moonshine 1,Marsh Island,N,26.91292,-81.02474,Snowy Egret,10,species-specific peak nest efforts,Aerial and ground surveys,Geographic coordinates (NAD 83) and species-specific peak nest efforts in detected colonies during the 2012 breeding season at Lake Okeechobee.,"They did not explicity say which islands were spoil, marsh, or off-lake but I am making an assumption based on other years"
2012,2,Moonshine 3,Marsh Island,N,26.92755,-81.03479,Great Egret,5,species-specific peak nest efforts,Aerial and ground surveys,Geographic coordinates (NAD 83) and species-specific peak nest efforts in detected colonies during the 2012 breeding season at Lake Okeechobee.,"They did not explicity say which islands were spoil, marsh, or off-lake but I am making an assumption based on other years"
2012,2,Moonshine 3,Marsh Island,N,26.92755,-81.03479,Snowy Egret,10,species-specific peak nest efforts,Aerial and ground surveys,Geographic coordinates (NAD 83) and species-specific peak nest efforts in detected colonies during the 2012 breeding season at Lake Okeechobee.,"They did not explicity say which islands were spoil, marsh, or off-lake but I am making an assumption based on other years"
2012,2,Moonshine 4,Marsh Island,N,26.926,-81.01903,Great Blue Heron,7,species-specific peak nest efforts,Aerial and ground surveys,Geographic coordinates (NAD 83) and species-specific peak nest efforts in detected colonies during the 2012 breeding season at Lake Okeechobee.,"They did not explicity say which islands were spoil, marsh, or off-lake but I am making an assumption based on other years"
2012,2,Taylor Creek,Off-Lake Island,N,27.21569,-80.79831,Roseate Spoonbill,1,species-specific peak nest efforts,Aerial and ground surveys,Geographic coordinates (NAD 83) and species-specific peak nest efforts in detected colonies during the 2012 breeding season at Lake Okeechobee.,"They did not explicity say which islands were spoil, marsh, or off-lake but I am making an assumption based on other years"
2012,2,Taylor Creek,Off-Lake Island,N,27.21569,-80.79831,Anhinga,10,species-specific peak nest efforts,Aerial and ground surveys,Geographic coordinates (NAD 83) and species-specific peak nest efforts in detected colonies during the 2012 breeding season at Lake Okeechobee.,"They did not explicity say which islands were spoil, marsh, or off-lake but I am making an assumption based on other years"
2012,2,Taylor Creek,Off-Lake Island,N,27.21569,-80.79831,Great Blue Heron,50,species-specific peak nest efforts,Aerial and ground surveys,Geographic coordinates (NAD 83) and species-specific peak nest efforts in detected colonies during the 2012 breeding season at Lake Okeechobee.,"They did not explicity say which islands were spoil, marsh, or off-lake but I am making an assumption based on other years"
2012,2,Taylor Creek,Off-Lake Island,N,27.21569,-80.79831,Great Egret,250,species-specific peak nest efforts,Aerial and ground surveys,Geographic coordinates (NAD 83) and species-specific peak nest efforts in detected colonies during the 2012 breeding season at Lake Okeechobee.,"They did not explicity say which islands were spoil, marsh, or off-lake but I am making an assumption based on other years"
2011,1,Bird Island,Spoil Island,Y,26.97199,-81.00917,Great Egret,6,Geographic coordinates (NAD 83) and species-specific peak nest efforts in detected colonies during the 2011 breeding season at Lake Okeechobee.,,,
2011,1,Bird Island,Spoil Island,Y,26.97199,-81.00917,Great Blue Heron,4,Geographic coordinates (NAD 83) and species-specific peak nest efforts in detected colonies during the 2011 breeding season at Lake Okeechobee.,,,
2011,1,Bird Island,Spoil Island,Y,26.97199,-81.00917,Snowy Egret,250,Geographic coordinates (NAD 83) and species-specific peak nest efforts in detected colonies during the 2011 breeding season at Lake Okeechobee.,,,
2011,1,Bird Island,Spoil Island,Y,26.97199,-81.00917,Tricolored Heron,20,Geographic coordinates (NAD 83) and species-specific peak nest efforts in detected colonies during the 2011 breeding season at Lake Okeechobee.,,,
2011,1,Buckhead Ridge,Off-Lake Island,N,27.12783,-80.90227,Cattle Egret,125,Geographic coordinates (NAD 83) and species-specific peak nest efforts in detected colonies during the 2011 breeding season at Lake Okeechobee.,,,
2011,1,Clewiston Channel,Spoil Island,N,26.78324,-80.89298,Great Egret,35,Geographic coordinates (NAD 83) and species-specific peak nest efforts in detected colonies during the 2011 breeding season at Lake Okeechobee.,,,
2011,1,Clewiston Channel,Spoil Island,N,26.78324,-80.89298,Snowy Egret,120,Geographic coordinates (NAD 83) and species-specific peak nest efforts in detected colonies during the 2011 breeding season at Lake Okeechobee.,,,
2011,1,Clewiston Channel,Spoil Island,N,26.78324,-80.89298,Tricolored Heron,12,Geographic coordinates (NAD 83) and species-specific peak nest efforts in detected colonies during the 2011 breeding season at Lake Okeechobee.,,,
2011,1,Clewiston Spit,Spoil Island,Y,26.77658,-80.90914,Great Egret,39,Geographic coordinates (NAD 83) and species-specific peak nest efforts in detected colonies during the 2011 breeding season at Lake Okeechobee.,,,
2011,1,Clewiston Spit,Spoil Island,Y,26.77658,-80.90914,Great Blue Heron,1,Geographic coordinates (NAD 83) and species-specific peak nest efforts in detected colonies during the 2011 breeding season at Lake Okeechobee.,,,
2011,1,Clewiston Trail,Spoil Island,N,26.77278,-80.91111,Snowy Egret,25,Geographic coordinates (NAD 83) and species-specific peak nest efforts in detected colonies during the 2011 breeding season at Lake Okeechobee.,,,
2011,1,Clewiston Trail,Spoil Island,N,26.77278,-80.91111,Tricolored Heron,75,Geographic coordinates (NAD 83) and species-specific peak nest efforts in detected colonies during the 2011 breeding season at Lake Okeechobee.,,,
2011,1,Eagle Bay East,Marsh Island,Y,27.17987,-80.8308,Great Blue Heron,8,Geographic coordinates (NAD 83) and species-specific peak nest efforts in detected colonies during the 2011 breeding season at Lake Okeechobee.,,,
2011,1,Eagle Bay East,Marsh Island,Y,27.17987,-80.8308,White Ibis,1000,Geographic coordinates (NAD 83) and species-specific peak nest efforts in detected colonies during the 2011 breeding season at Lake Okeechobee.,,,
2011,1,Eagle Bay East,Marsh Island,Y,27.17987,-80.8308,Snowy Egret,2500,Geographic coordinates (NAD 83) and species-specific peak nest efforts in detected colonies during the 2011 breeding season at Lake Okeechobee.,,,
2011,1,Eagle Bay East,Marsh Island,Y,27.17987,-80.8308,Little Blue Heron,10,Geographic coordinates (NAD 83) and species-specific peak nest efforts in detected colonies during the 2011 breeding season at Lake Okeechobee.,,,
2011,1,Eagle Bay East,Marsh Island,Y,27.17987,-80.8308,Tricolored Heron,500,Geographic coordinates (NAD 83) and species-specific peak nest efforts in detected colonies during the 2011 breeding season at Lake Okeechobee.,,,
2011,1,Eagle Bay East,Marsh Island,Y,27.17987,-80.8308,Glossy Ibis,500,Geographic coordinates (NAD 83) and species-specific peak nest efforts in detected colonies during the 2011 breeding season at Lake Okeechobee.,,,
2011,1,Eagle Bay East,Marsh Island,Y,27.17987,-80.8308,Cattle Egret,100,Geographic coordinates (NAD 83) and species-specific peak nest efforts in detected colonies during the 2011 breeding season at Lake Okeechobee.,,,
2011,1,Eagle Bay Trail,Marsh Island,Y,27.18659,-80.83056,Great Blue Heron,2,Geographic coordinates (NAD 83) and species-specific peak nest efforts in detected colonies during the 2011 breeding season at Lake Okeechobee.,,,
2011,1,Eagle Bay Trail,Marsh Island,Y,27.18659,-80.83056,Snowy Egret,10,Geographic coordinates (NAD 83) and species-specific peak nest efforts in detected colonies during the 2011 breeding season at Lake Okeechobee.,,,
2011,1,Eagle Bay Trail,Marsh Island,Y,27.18659,-80.83056,Tricolored Heron,250,Geographic coordinates (NAD 83) and species-specific peak nest efforts in detected colonies during the 2011 breeding season at Lake Okeechobee.,,,
2011,1,Gator Farm,Off-Lake Island,N,27.02278,-81.06084,Great Egret,65,Geographic coordinates (NAD 83) and species-specific peak nest efforts in detected colonies during the 2011 breeding season at Lake Okeechobee.,,,
2011,1,Gator Farm,Off-Lake Island,N,27.02278,-81.06084,Snowy Egret,10,Geographic coordinates (NAD 83) and species-specific peak nest efforts in detected colonies during the 2011 breeding season at Lake Okeechobee.,,,
2011,1,Gator Farm,Off-Lake Island,N,27.02278,-81.06084,Cattle Egret,300,Geographic coordinates (NAD 83) and species-specific peak nest efforts in detected colonies during the 2011 breeding season at Lake Okeechobee.,,,
2011,1,Lakeport Marina,Off-Lake Island,N,26.9726,-81.1144,Great Egret,50,Geographic coordinates (NAD 83) and species-specific peak nest efforts in detected colonies during the 2011 breeding season at Lake Okeechobee.,,,
2011,1,Lakeport Marina,Off-Lake Island,N,26.9726,-81.1144,Snowy Egret,100,Geographic coordinates (NAD 83) and species-specific peak nest efforts in detected colonies during the 2011 breeding season at Lake Okeechobee.,,,
2011,1,Lakeport Marina,Off-Lake Island,N,26.9726,-81.1144,Little Blue Heron,2,Geographic coordinates (NAD 83) and species-specific peak nest efforts in detected colonies during the 2011 breeding season at Lake Okeechobee.,,,
2011,1,Lakeport Marina,Off-Lake Island,N,26.9726,-81.1144,Tricolored Heron,10,Geographic coordinates (NAD 83) and species-specific peak nest efforts in detected colonies during the 2011 breeding season at Lake Okeechobee.,,,
2011,1,Lakeport Marina,Off-Lake Island,N,26.9726,-81.1144,Cattle Egret,1000,Geographic coordinates (NAD 83) and species-specific peak nest efforts in detected colonies during the 2011 breeding season at Lake Okeechobee.,,,
2011,1,Moonshine 3,Marsh Island,N,26.92755,-81.03479,Great Blue Heron,3,Geographic coordinates (NAD 83) and species-specific peak nest efforts in detected colonies during the 2011 breeding season at Lake Okeechobee.,,,
2011,1,Ritta Island New,Marsh Island,N,26.73327,-80.80904,Great Blue Heron,4,Geographic coordinates (NAD 83) and species-specific peak nest efforts in detected colonies during the 2011 breeding season at Lake Okeechobee.,,,
2011,1,Rock Islands,Spoil Island,Y,26.97021,-81.03683,Great Egret,10,Geographic coordinates (NAD 83) and species-specific peak nest efforts in detected colonies during the 2011 breeding season at Lake Okeechobee.,,,
2011,1,Rock Islands,Spoil Island,Y,26.97021,-81.03683,Great Blue Heron,4,Geographic coordinates (NAD 83) and species-specific peak nest efforts in detected colonies during the 2011 breeding season at Lake Okeechobee.,,,
2011,1,Rock Islands,Spoil Island,Y,26.97021,-81.03683,Snowy Egret,20,Geographic coordinates (NAD 83) and species-specific peak nest efforts in detected colonies during the 2011 breeding season at Lake Okeechobee.,,,
2010,2,Clewiston Spit 1,Spoil Island,Y,26.77591,-80.90939,Great Egret,30,Geographic coordinates (NAD 83) and species-specific peak nest efforts in detected colonies during the 2010 breeding season at Lake Okeechobee. Airboat monitoring only was conducted during January and February.,,,
2010,2,Eagle Bay East,Marsh Island,N,27.17987,-80.8308,Great Blue Heron,1,Geographic coordinates (NAD 83) and species-specific peak nest efforts in detected colonies during the 2010 breeding season at Lake Okeechobee. Airboat monitoring only was conducted during January and February.,,,
2010,2,Eagle Bay East,Marsh Island,N,27.17987,-80.8308,Snowy Egret,1000,Geographic coordinates (NAD 83) and species-specific peak nest efforts in detected colonies during the 2010 breeding season at Lake Okeechobee. Airboat monitoring only was conducted during January and February.,,,
2010,2,Eagle Bay East,Marsh Island,N,27.17987,-80.8308,Little Blue Heron,10,Geographic coordinates (NAD 83) and species-specific peak nest efforts in detected colonies during the 2010 breeding season at Lake Okeechobee. Airboat monitoring only was conducted during January and February.,,,
2010,2,Eagle Bay East,Marsh Island,N,27.17987,-80.8308,Tricolored Heron,250,Geographic coordinates (NAD 83) and species-specific peak nest efforts in detected colonies during the 2010 breeding season at Lake Okeechobee. Airboat monitoring only was conducted during January and February.,,,
2010,2,Eagle Bay East,Marsh Island,N,27.17987,-80.8308,Cattle Egret,100,Geographic coordinates (NAD 83) and species-specific peak nest efforts in detected colonies during the 2010 breeding season at Lake Okeechobee. Airboat monitoring only was conducted during January and February.,,,
2010,2,Eagle Bay Trail,Marsh Island,N,27.18659,-80.83056,Great Blue Heron,3,Geographic coordinates (NAD 83) and species-specific peak nest efforts in detected colonies during the 2010 breeding season at Lake Okeechobee. Airboat monitoring only was conducted during January and February.,,,
2010,2,Eagle Bay Trail,Marsh Island,N,27.18659,-80.83056,Snowy Egret,200,Geographic coordinates (NAD 83) and species-specific peak nest efforts in detected colonies during the 2010 breeding season at Lake Okeechobee. Airboat monitoring only was conducted during January and February.,,,
2010,2,Eagle Bay Trail,Marsh Island,N,27.18659,-80.83056,Little Blue Heron,20,Geographic coordinates (NAD 83) and species-specific peak nest efforts in detected colonies during the 2010 breeding season at Lake Okeechobee. Airboat monitoring only was conducted during January and February.,,,
2010,2,Eagle Bay Trail,Marsh Island,N,27.18659,-80.83056,Tricolored Heron,200,Geographic coordinates (NAD 83) and species-specific peak nest efforts in detected colonies during the 2010 breeding season at Lake Okeechobee. Airboat monitoring only was conducted during January and February.,,,
2010,2,Eagle Bay Trail,Marsh Island,N,27.18659,-80.83056,Cattle Egret,300,Geographic coordinates (NAD 83) and species-specific peak nest efforts in detected colonies during the 2010 breeding season at Lake Okeechobee. Airboat monitoring only was conducted during January and February.,,,
2010,2,Eagle Bay Trail,Marsh Island,N,27.18659,-80.83056,Anhinga,15,Geographic coordinates (NAD 83) and species-specific peak nest efforts in detected colonies during the 2010 breeding season at Lake Okeechobee. Airboat monitoring only was conducted during January and February.,,,
2010,2,Gator Farm,Off-Lake Island,N,27.02278,-81.06084,Great Egret,80,Geographic coordinates (NAD 83) and species-specific peak nest efforts in detected colonies during the 2010 breeding season at Lake Okeechobee. Airboat monitoring only was conducted during January and February.,,,
2010,2,Gator Farm,Off-Lake Island,N,27.02278,-81.06084,Snowy Egret,115,Geographic coordinates (NAD 83) and species-specific peak nest efforts in detected colonies during the 2010 breeding season at Lake Okeechobee. Airboat monitoring only was conducted during January and February.,,,
2010,2,Gator Farm,Off-Lake Island,N,27.02278,-81.06084,Wood Stork,7,Geographic coordinates (NAD 83) and species-specific peak nest efforts in detected colonies during the 2010 breeding season at Lake Okeechobee. Airboat monitoring only was conducted during January and February.,,,
2010,2,Gator Farm,Off-Lake Island,N,27.02278,-81.06084,Cattle Egret,250,Geographic coordinates (NAD 83) and species-specific peak nest efforts in detected colonies during the 2010 breeding season at Lake Okeechobee. Airboat monitoring only was conducted during January and February.,,,
2010,2,Indian Prairie South,Marsh Island,N,27.00386,-80.98625,Great Blue Heron,4,Geographic coordinates (NAD 83) and species-specific peak nest efforts in detected colonies during the 2010 breeding season at Lake Okeechobee. Airboat monitoring only was conducted during January and February.,,,
2010,2,Indian Prairie South,Marsh Island,N,27.00386,-80.98625,Anhinga,5,Geographic coordinates (NAD 83) and species-specific peak nest efforts in detected colonies during the 2010 breeding season at Lake Okeechobee. Airboat monitoring only was conducted during January and February.,,,
2010,2,Lakeport Marina,Off-Lake Island,N,26.9726,-81.1144,Great Egret,25,Geographic coordinates (NAD 83) and species-specific peak nest efforts in detected colonies during the 2010 breeding season at Lake Okeechobee. Airboat monitoring only was conducted during January and February.,,,
2010,2,Lakeport Marina,Off-Lake Island,N,26.9726,-81.1144,Snowy Egret,50,Geographic coordinates (NAD 83) and species-specific peak nest efforts in detected colonies during the 2010 breeding season at Lake Okeechobee. Airboat monitoring only was conducted during January and February.,,,
2010,2,Lakeport Marina,Off-Lake Island,N,26.9726,-81.1144,Tricolored Heron,10,Geographic coordinates (NAD 83) and species-specific peak nest efforts in detected colonies during the 2010 breeding season at Lake Okeechobee. Airboat monitoring only was conducted during January and February.,,,
2010,2,Lakeport Marina,Off-Lake Island,N,26.9726,-81.1144,Cattle Egret,500,Geographic coordinates (NAD 83) and species-specific peak nest efforts in detected colonies during the 2010 breeding season at Lake Okeechobee. Airboat monitoring only was conducted during January and February.,,,
2010,2,Moonshine Bay,Marsh Island,Y,26.91117,-81.02514,Great Egret,40,Geographic coordinates (NAD 83) and species-specific peak nest efforts in detected colonies during the 2010 breeding season at Lake Okeechobee. Airboat monitoring only was conducted during January and February.,,,
2010,2,Moonshine Bay,Marsh Island,Y,26.91117,-81.02514,Great Blue Heron,15,Geographic coordinates (NAD 83) and species-specific peak nest efforts in detected colonies during the 2010 breeding season at Lake Okeechobee. Airboat monitoring only was conducted during January and February.,,,
2010,2,Moonshine Bay,Marsh Island,Y,26.91117,-81.02514,Anhinga,30,Geographic coordinates (NAD 83) and species-specific peak nest efforts in detected colonies during the 2010 breeding season at Lake Okeechobee. Airboat monitoring only was conducted during January and February.,,,
2010,2,Moonshine 2,Marsh Island,N,26.92233,-81.03053,Great Egret,6,Geographic coordinates (NAD 83) and species-specific peak nest efforts in detected colonies during the 2010 breeding season at Lake Okeechobee. Airboat monitoring only was conducted during January and February.,,,
2010,2,Moonshine 2,Marsh Island,N,26.92233,-81.03053,Great Blue Heron,6,Geographic coordinates (NAD 83) and species-specific peak nest efforts in detected colonies during the 2010 breeding season at Lake Okeechobee. Airboat monitoring only was conducted during January and February.,,,
2010,2,Moonshine 2,Marsh Island,N,26.92233,-81.03053,Anhinga,10,Geographic coordinates (NAD 83) and species-specific peak nest efforts in detected colonies during the 2010 breeding season at Lake Okeechobee. Airboat monitoring only was conducted during January and February.,,,
2010,2,Moonshine 3,Marsh Island,N,26.92755,-81.03479,Great Egret,8,Geographic coordinates (NAD 83) and species-specific peak nest efforts in detected colonies during the 2010 breeding season at Lake Okeechobee. Airboat monitoring only was conducted during January and February.,,,
2010,2,Moonshine 3,Marsh Island,N,26.92755,-81.03479,Great Blue Heron,2,Geographic coordinates (NAD 83) and species-specific peak nest efforts in detected colonies during the 2010 breeding season at Lake Okeechobee. Airboat monitoring only was conducted during January and February.,,,
2010,2,Moonshine 3,Marsh Island,N,26.92755,-81.03479,Anhinga,20,Geographic coordinates (NAD 83) and species-specific peak nest efforts in detected colonies during the 2010 breeding season at Lake Okeechobee. Airboat monitoring only was conducted during January and February.,,,
2010,2,Moore Haven,Marsh Island,Y,26.88525,-81.09517,Great Egret,500,Geographic coordinates (NAD 83) and species-specific peak nest efforts in detected colonies during the 2010 breeding season at Lake Okeechobee. Airboat monitoring only was conducted during January and February.,,,
2010,2,Moore Haven,Marsh Island,Y,26.88525,-81.09517,Great Blue Heron,10,Geographic coordinates (NAD 83) and species-specific peak nest efforts in detected colonies during the 2010 breeding season at Lake Okeechobee. Airboat monitoring only was conducted during January and February.,,,
2010,2,Moore Haven,Marsh Island,Y,26.88525,-81.09517,White Ibis,2000,Geographic coordinates (NAD 83) and species-specific peak nest efforts in detected colonies during the 2010 breeding season at Lake Okeechobee. Airboat monitoring only was conducted during January and February.,,,
2010,2,Moore Haven,Marsh Island,Y,26.88525,-81.09517,Snowy Egret,1500,Geographic coordinates (NAD 83) and species-specific peak nest efforts in detected colonies during the 2010 breeding season at Lake Okeechobee. Airboat monitoring only was conducted during January and February.,,,
2010,2,Moore Haven,Marsh Island,Y,26.88525,-81.09517,Little Blue Heron,200,Geographic coordinates (NAD 83) and species-specific peak nest efforts in detected colonies during the 2010 breeding season at Lake Okeechobee. Airboat monitoring only was conducted during January and February.,,,
2010,2,Moore Haven,Marsh Island,Y,26.88525,-81.09517,Tricolored Heron,300,Geographic coordinates (NAD 83) and species-specific peak nest efforts in detected colonies during the 2010 breeding season at Lake Okeechobee. Airboat monitoring only was conducted during January and February.,,,
2010,2,Moore Haven,Marsh Island,Y,26.88525,-81.09517,Glossy Ibis,150,Geographic coordinates (NAD 83) and species-specific peak nest efforts in detected colonies during the 2010 breeding season at Lake Okeechobee. Airboat monitoring only was conducted during January and February.,,,
2010,2,Moore Haven,Marsh Island,Y,26.88525,-81.09517,Cattle Egret,1000,Geographic coordinates (NAD 83) and species-specific peak nest efforts in detected colonies during the 2010 breeding season at Lake Okeechobee. Airboat monitoring only was conducted during January and February.,,,
2010,2,Moore Haven,Marsh Island,Y,26.88525,-81.09517,Anhinga,100,Geographic coordinates (NAD 83) and species-specific peak nest efforts in detected colonies during the 2010 breeding season at Lake Okeechobee. Airboat monitoring only was conducted during January and February.,,,
2010,2,Moore Haven East1,Marsh Island,N,26.87882,-81.03612,Great Egret,9,Geographic coordinates (NAD 83) and species-specific peak nest efforts in detected colonies during the 2010 breeding season at Lake Okeechobee. Airboat monitoring only was conducted during January and February.,,,
2010,2,Moore Haven East1,Marsh Island,N,26.87882,-81.03612,Great Blue Heron,2,Geographic coordinates (NAD 83) and species-specific peak nest efforts in detected colonies during the 2010 breeding season at Lake Okeechobee. Airboat monitoring only was conducted during January and February.,,,
2010,2,Rock Island 4,Spoil Island,Y,26.97227,-81.03672,Great Egret,41,Geographic coordinates (NAD 83) and species-specific peak nest efforts in detected colonies during the 2010 breeding season at Lake Okeechobee. Airboat monitoring only was conducted during January and February.,,,
2010,2,Rock Island 4,Spoil Island,Y,26.97227,-81.03672,Great Blue Heron,3,Geographic coordinates (NAD 83) and species-specific peak nest efforts in detected colonies during the 2010 breeding season at Lake Okeechobee. Airboat monitoring only was conducted during January and February.,,,
2010,2,Rock Island 4,Spoil Island,Y,26.97227,-81.03672,Snowy Egret,45,Geographic coordinates (NAD 83) and species-specific peak nest efforts in detected colonies during the 2010 breeding season at Lake Okeechobee. Airboat monitoring only was conducted during January and February.,,,
2009,2,Clewiston Channel,Spoil Island,N,26.7842,-80.89423,Great Egret,50,Geographic coordinates (NAD 83) and species-specific peak nest efforts in detected colonies during the 2009 breeding season at Lake Okeechobee.,,,
2009,2,Clewiston Channel,Spoil Island,N,26.7842,-80.89423,Snowy Egret,60,Geographic coordinates (NAD 83) and species-specific peak nest efforts in detected colonies during the 2009 breeding season at Lake Okeechobee.,,,
2009,2,Clewiston Channel,Spoil Island,N,26.7842,-80.89423,Tricolored Heron,20,Geographic coordinates (NAD 83) and species-specific peak nest efforts in detected colonies during the 2009 breeding season at Lake Okeechobee.,,,
2009,2,Clewiston Channel,Spoil Island,N,26.7842,-80.89423,Glossy Ibis,5,Geographic coordinates (NAD 83) and species-specific peak nest efforts in detected colonies during the 2009 breeding season at Lake Okeechobee.,,,
2009,2,Clewiston Marsh,Marsh Island,N,26.76599,-80.89796,Great Egret,30,Geographic coordinates (NAD 83) and species-specific peak nest efforts in detected colonies during the 2009 breeding season at Lake Okeechobee.,,,
2009,2,Clewiston Marsh,Marsh Island,N,26.76599,-80.89796,Snowy Egret,320,Geographic coordinates (NAD 83) and species-specific peak nest efforts in detected colonies during the 2009 breeding season at Lake Okeechobee.,,,
2009,2,Clewiston Marsh,Marsh Island,N,26.76599,-80.89796,Tricolored Heron,20,Geographic coordinates (NAD 83) and species-specific peak nest efforts in detected colonies during the 2009 breeding season at Lake Okeechobee.,,,
2009,2,Clewiston Marsh,Marsh Island,N,26.76599,-80.89796,Anhinga,2,Geographic coordinates (NAD 83) and species-specific peak nest efforts in detected colonies during the 2009 breeding season at Lake Okeechobee.,,,
2009,2,Clewiston Spit,Spoil Island,Y,26.77591,-80.90939,Great Egret,60,Geographic coordinates (NAD 83) and species-specific peak nest efforts in detected colonies during the 2009 breeding season at Lake Okeechobee.,,,
2009,2,Clewiston Spit,Spoil Island,Y,26.77591,-80.90939,Snowy Egret,80,Geographic coordinates (NAD 83) and species-specific peak nest efforts in detected colonies during the 2009 breeding season at Lake Okeechobee.,,,
2009,2,Clewiston Spit,Spoil Island,Y,26.77591,-80.90939,Little Blue Heron,1,Geographic coordinates (NAD 83) and species-specific peak nest efforts in detected colonies during the 2009 breeding season at Lake Okeechobee.,,,
2009,2,Clewiston Spit,Spoil Island,Y,26.77591,-80.90939,Tricolored Heron,80,Geographic coordinates (NAD 83) and species-specific peak nest efforts in detected colonies during the 2009 breeding season at Lake Okeechobee.,,,
2009,2,Clewiston Spit,Spoil Island,Y,26.77591,-80.90939,Glossy Ibis,10,Geographic coordinates (NAD 83) and species-specific peak nest efforts in detected colonies during the 2009 breeding season at Lake Okeechobee.,,,
2009,2,Cochran's Hole,Marsh Island,N,26.89073,-81.01295,Great Egret,40,Geographic coordinates (NAD 83) and species-specific peak nest efforts in detected colonies during the 2009 breeding season at Lake Okeechobee.,,,
2009,2,Cochran's Hole,Marsh Island,N,26.89073,-81.01295,White Ibis,500,Geographic coordinates (NAD 83) and species-specific peak nest efforts in detected colonies during the 2009 breeding season at Lake Okeechobee.,,,
2009,2,Cochran's Hole,Marsh Island,N,26.89073,-81.01295,Glossy Ibis,500,Geographic coordinates (NAD 83) and species-specific peak nest efforts in detected colonies during the 2009 breeding season at Lake Okeechobee.,,,
2009,2,Eagle Bay East,Marsh Island,Y,27.17987,-80.8308,Great Egret,5,Geographic coordinates (NAD 83) and species-specific peak nest efforts in detected colonies during the 2009 breeding season at Lake Okeechobee.,,,
2009,2,Eagle Bay East,Marsh Island,Y,27.17987,-80.8308,Great Blue Heron,3,Geographic coordinates (NAD 83) and species-specific peak nest efforts in detected colonies during the 2009 breeding season at Lake Okeechobee.,,,
2009,2,Eagle Bay East,Marsh Island,Y,27.17987,-80.8308,White Ibis,1200,Geographic coordinates (NAD 83) and species-specific peak nest efforts in detected colonies during the 2009 breeding season at Lake Okeechobee.,,,
2009,2,Eagle Bay East,Marsh Island,Y,27.17987,-80.8308,Snowy Egret,800,Geographic coordinates (NAD 83) and species-specific peak nest efforts in detected colonies during the 2009 breeding season at Lake Okeechobee.,,,
2009,2,Eagle Bay East,Marsh Island,Y,27.17987,-80.8308,Little Blue Heron,10,Geographic coordinates (NAD 83) and species-specific peak nest efforts in detected colonies during the 2009 breeding season at Lake Okeechobee.,,,
2009,2,Eagle Bay East,Marsh Island,Y,27.17987,-80.8308,Tricolored Heron,80,Geographic coordinates (NAD 83) and species-specific peak nest efforts in detected colonies during the 2009 breeding season at Lake Okeechobee.,,,
2009,2,Eagle Bay East,Marsh Island,Y,27.17987,-80.8308,Glossy Ibis,300,Geographic coordinates (NAD 83) and species-specific peak nest efforts in detected colonies during the 2009 breeding season at Lake Okeechobee.,,,
2009,2,Eagle Bay South,Marsh Island,Y,27.17064,-80.84643,Great Egret,85,Geographic coordinates (NAD 83) and species-specific peak nest efforts in detected colonies during the 2009 breeding season at Lake Okeechobee.,,,
2009,2,Eagle Bay South,Marsh Island,Y,27.17064,-80.84643,Great Blue Heron,25,Geographic coordinates (NAD 83) and species-specific peak nest efforts in detected colonies during the 2009 breeding season at Lake Okeechobee.,,,
2009,2,Eagle Bay South,Marsh Island,Y,27.17064,-80.84643,Anhinga,20,Geographic coordinates (NAD 83) and species-specific peak nest efforts in detected colonies during the 2009 breeding season at Lake Okeechobee.,,,
2009,2,Eagle Bay Trail,Marsh Island,N,27.18659,-80.83056,Great Egret,10,Geographic coordinates (NAD 83) and species-specific peak nest efforts in detected colonies during the 2009 breeding season at Lake Okeechobee.,,,
2009,2,Eagle Bay Trail,Marsh Island,N,27.18659,-80.83056,Great Blue Heron,2,Geographic coordinates (NAD 83) and species-specific peak nest efforts in detected colonies during the 2009 breeding season at Lake Okeechobee.,,,
2009,2,Eagle Bay Trail,Marsh Island,N,27.18659,-80.83056,White Ibis,20,Geographic coordinates (NAD 83) and species-specific peak nest efforts in detected colonies during the 2009 breeding season at Lake Okeechobee.,,,
2009,2,Eagle Bay Trail,Marsh Island,N,27.18659,-80.83056,Snowy Egret,90,Geographic coordinates (NAD 83) and species-specific peak nest efforts in detected colonies during the 2009 breeding season at Lake Okeechobee.,,,
2009,2,Eagle Bay Trail,Marsh Island,N,27.18659,-80.83056,Little Blue Heron,10,Geographic coordinates (NAD 83) and species-specific peak nest efforts in detected colonies during the 2009 breeding season at Lake Okeechobee.,,,
2009,2,Eagle Bay Trail,Marsh Island,N,27.18659,-80.83056,Tricolored Heron,10,Geographic coordinates (NAD 83) and species-specific peak nest efforts in detected colonies during the 2009 breeding season at Lake Okeechobee.,,,
2009,2,Eagle Bay Trail,Marsh Island,N,27.18659,-80.83056,Cattle Egret,50,Geographic coordinates (NAD 83) and species-specific peak nest efforts in detected colonies during the 2009 breeding season at Lake Okeechobee.,,,
2009,2,Eagle Bay Trail,Marsh Island,N,27.18659,-80.83056,Anhinga,5,Geographic coordinates (NAD 83) and species-specific peak nest efforts in detected colonies during the 2009 breeding season at Lake Okeechobee.,,,
2009,2,Gator Farm,Off-Lake Island,N,27.02278,-81.06084,Great Egret,130,Geographic coordinates (NAD 83) and species-specific peak nest efforts in detected colonies during the 2009 breeding season at Lake Okeechobee.,,,
2009,2,Gator Farm,Off-Lake Island,N,27.02278,-81.06084,Snowy Egret,40,Geographic coordinates (NAD 83) and species-specific peak nest efforts in detected colonies during the 2009 breeding season at Lake Okeechobee.,,,
2009,2,Gator Farm,Off-Lake Island,N,27.02278,-81.06084,Wood Stork,35,Geographic coordinates (NAD 83) and species-specific peak nest efforts in detected colonies during the 2009 breeding season at Lake Okeechobee.,,,
2009,2,Gator Farm,Off-Lake Island,N,27.02278,-81.06084,Cattle Egret,200,Geographic coordinates (NAD 83) and species-specific peak nest efforts in detected colonies during the 2009 breeding season at Lake Okeechobee.,,,
2009,2,Indian Prairie,Marsh Island,Y,27.08482,-80.8862,Great Egret,50,Geographic coordinates (NAD 83) and species-specific peak nest efforts in detected colonies during the 2009 breeding season at Lake Okeechobee.,,,
2009,2,Indian Prairie,Marsh Island,Y,27.08482,-80.8862,White Ibis,150,Geographic coordinates (NAD 83) and species-specific peak nest efforts in detected colonies during the 2009 breeding season at Lake Okeechobee.,,,
2009,2,Indian Prairie,Marsh Island,Y,27.08482,-80.8862,Snowy Egret,400,Geographic coordinates (NAD 83) and species-specific peak nest efforts in detected colonies during the 2009 breeding season at Lake Okeechobee.,,,
2009,2,Indian Prairie,Marsh Island,Y,27.08482,-80.8862,Tricolored Heron,400,Geographic coordinates (NAD 83) and species-specific peak nest efforts in detected colonies during the 2009 breeding season at Lake Okeechobee.,,,
2009,2,Indian Prairie,Marsh Island,Y,27.08482,-80.8862,Roseate Spoonbill,3,Geographic coordinates (NAD 83) and species-specific peak nest efforts in detected colonies during the 2009 breeding season at Lake Okeechobee.,,,
2009,2,Indian Prairie,Marsh Island,Y,27.08482,-80.8862,Anhinga,30,Geographic coordinates (NAD 83) and species-specific peak nest efforts in detected colonies during the 2009 breeding season at Lake Okeechobee.,,,
2009,2,Lakeport Marina,Off-Lake Island,Y,26.9726,-81.1144,Great Egret,12,Geographic coordinates (NAD 83) and species-specific peak nest efforts in detected colonies during the 2009 breeding season at Lake Okeechobee.,,,
2009,2,Lakeport Marina,Off-Lake Island,Y,26.9726,-81.1144,Snowy Egret,70,Geographic coordinates (NAD 83) and species-specific peak nest efforts in detected colonies during the 2009 breeding season at Lake Okeechobee.,,,
2009,2,Lakeport Marina,Off-Lake Island,Y,26.9726,-81.1144,Tricolored Heron,10,Geographic coordinates (NAD 83) and species-specific peak nest efforts in detected colonies during the 2009 breeding season at Lake Okeechobee.,,,
2009,2,Lakeport Marina,Off-Lake Island,Y,26.9726,-81.1144,Cattle Egret,350,Geographic coordinates (NAD 83) and species-specific peak nest efforts in detected colonies during the 2009 breeding season at Lake Okeechobee.,,,
2009,2,Moonshine 2,Marsh Island,N,26.92233,-81.03053,Great Egret,2,Geographic coordinates (NAD 83) and species-specific peak nest efforts in detected colonies during the 2009 breeding season at Lake Okeechobee.,,,
2009,2,Moonshine 2,Marsh Island,N,26.92233,-81.03053,Great Blue Heron,4,Geographic coordinates (NAD 83) and species-specific peak nest efforts in detected colonies during the 2009 breeding season at Lake Okeechobee.,,,
2009,2,Moonshine 2,Marsh Island,N,26.92233,-81.03053,Snowy Egret,18,Geographic coordinates (NAD 83) and species-specific peak nest efforts in detected colonies during the 2009 breeding season at Lake Okeechobee.,,,
2009,2,Moonshine 2,Marsh Island,N,26.92233,-81.03053,Tricolored Heron,4,Geographic coordinates (NAD 83) and species-specific peak nest efforts in detected colonies during the 2009 breeding season at Lake Okeechobee.,,,
2009,2,Moonshine 2,Marsh Island,N,26.92233,-81.03053,Anhinga,6,Geographic coordinates (NAD 83) and species-specific peak nest efforts in detected colonies during the 2009 breeding season at Lake Okeechobee.,,,
2009,2,Moonshine 3,Marsh Island,N,26.92755,-81.03479,Great Egret,9,Geographic coordinates (NAD 83) and species-specific peak nest efforts in detected colonies during the 2009 breeding season at Lake Okeechobee.,,,
2009,2,Moonshine 3,Marsh Island,N,26.92755,-81.03479,Snowy Egret,320,Geographic coordinates (NAD 83) and species-specific peak nest efforts in detected colonies during the 2009 breeding season at Lake Okeechobee.,,,
2009,2,Moonshine 3,Marsh Island,N,26.92755,-81.03479,Tricolored Heron,40,Geographic coordinates (NAD 83) and species-specific peak nest efforts in detected colonies during the 2009 breeding season at Lake Okeechobee.,,,
2009,2,Moonshine 3,Marsh Island,N,26.92755,-81.03479,Glossy Ibis,500,Geographic coordinates (NAD 83) and species-specific peak nest efforts in detected colonies during the 2009 breeding season at Lake Okeechobee.,,,
2009,2,Moonshine 3,Marsh Island,N,26.92755,-81.03479,Anhinga,8,Geographic coordinates (NAD 83) and species-specific peak nest efforts in detected colonies during the 2009 breeding season at Lake Okeechobee.,,,
2009,2,Moonshine Bay,Marsh Island,Y,26.91117,-81.02514,Great Egret,25,Geographic coordinates (NAD 83) and species-specific peak nest efforts in detected colonies during the 2009 breeding season at Lake Okeechobee.,,,
2009,2,Moonshine Bay,Marsh Island,Y,26.91117,-81.02514,Great Blue Heron,4,Geographic coordinates (NAD 83) and species-specific peak nest efforts in detected colonies during the 2009 breeding season at Lake Okeechobee.,,,
2009,2,Moonshine Bay,Marsh Island,Y,26.91117,-81.02514,White Ibis,1300,Geographic coordinates (NAD 83) and species-specific peak nest efforts in detected colonies during the 2009 breeding season at Lake Okeechobee.,,,
2009,2,Moonshine Bay,Marsh Island,Y,26.91117,-81.02514,Snowy Egret,1200,Geographic coordinates (NAD 83) and species-specific peak nest efforts in detected colonies during the 2009 breeding season at Lake Okeechobee.,,,
2009,2,Moonshine Bay,Marsh Island,Y,26.91117,-81.02514,Tricolored Heron,700,Geographic coordinates (NAD 83) and species-specific peak nest efforts in detected colonies during the 2009 breeding season at Lake Okeechobee.,,,
2009,2,Moonshine Bay,Marsh Island,Y,26.91117,-81.02514,Glossy Ibis,1000,Geographic coordinates (NAD 83) and species-specific peak nest efforts in detected colonies during the 2009 breeding season at Lake Okeechobee.,,,
2009,2,Moore Haven,Marsh Island,Y,26.88525,-81.09517,Great Egret,53,Geographic coordinates (NAD 83) and species-specific peak nest efforts in detected colonies during the 2009 breeding season at Lake Okeechobee.,,,
2009,2,Moore Haven,Marsh Island,Y,26.88525,-81.09517,Great Blue Heron,8,Geographic coordinates (NAD 83) and species-specific peak nest efforts in detected colonies during the 2009 breeding season at Lake Okeechobee.,,,
2009,2,Moore Haven,Marsh Island,Y,26.8841,-81.05237,Great Egret,30,Geographic coordinates (NAD 83) and species-specific peak nest efforts in detected colonies during the 2009 breeding season at Lake Okeechobee.,,,
2009,2,Moore Haven,Marsh Island,Y,26.86238,-81.00704,Great Blue Heron,4,Geographic coordinates (NAD 83) and species-specific peak nest efforts in detected colonies during the 2009 breeding season at Lake Okeechobee.,,,
2009,2,Moore Haven NW,Marsh Island,N,26.95153,-81.0573,Great Egret,50,Geographic coordinates (NAD 83) and species-specific peak nest efforts in detected colonies during the 2009 breeding season at Lake Okeechobee.,,,
2009,2,Moore Haven NW,Marsh Island,N,26.95153,-81.0573,Great Blue Heron,8,Geographic coordinates (NAD 83) and species-specific peak nest efforts in detected colonies during the 2009 breeding season at Lake Okeechobee.,,,
2009,2,Rock Island 4,Spoil Island,N,26.97227,-81.03672,Great Egret,12,Geographic coordinates (NAD 83) and species-specific peak nest efforts in detected colonies during the 2009 breeding season at Lake Okeechobee.,,,
2009,2,Rock Island 4,Spoil Island,N,26.97227,-81.03672,Great Blue Heron,3,Geographic coordinates (NAD 83) and species-specific peak nest efforts in detected colonies during the 2009 breeding season at Lake Okeechobee.,,,
2009,2,Rock Island 4,Spoil Island,N,26.97227,-81.03672,Snowy Egret,38,Geographic coordinates (NAD 83) and species-specific peak nest efforts in detected colonies during the 2009 breeding season at Lake Okeechobee.,,,
2009,2,Rock Island 4,Spoil Island,N,26.97227,-81.03672,Tricolored Heron,2,Geographic coordinates (NAD 83) and species-specific peak nest efforts in detected colonies during the 2009 breeding season at Lake Okeechobee.,,,
2009,2,Rock Island 4,Spoil Island,N,26.97227,-81.03672,Anhinga,5,Geographic coordinates (NAD 83) and species-specific peak nest efforts in detected colonies during the 2009 breeding season at Lake Okeechobee.,,,
2008,1,Eagle Bay Island,Marsh Island,,27.17919,-80.83708,Tricolored Heron,3,"Colony locations (NAD 83), individual colony counts of nests for each species, and maximum counts of each species of wading bird detected at Lake Okeechobee during aerial surveys in the 2008 breeding season.",,,
2008,1,Eagle Bay Island,Marsh Island,,27.17919,-80.83708,Little Blue Heron,5,"Colony locations (NAD 83), individual colony counts of nests for each species, and maximum counts of each species of wading bird detected at Lake Okeechobee during aerial surveys in the 2008 breeding season.",,,
2008,1,Eagle Bay Island,Marsh Island,,27.17919,-80.83708,Cattle Egret,3500,"Colony locations (NAD 83), individual colony counts of nests for each species, and maximum counts of each species of wading bird detected at Lake Okeechobee during aerial surveys in the 2008 breeding season.",,,
2008,1,Lakeport Marina,Off-Lake Island,,,,Great Egret,1,"Colony locations (NAD 83), individual colony counts of nests for each species, and maximum counts of each species of wading bird detected at Lake Okeechobee during aerial surveys in the 2008 breeding season.","Coordinates are off, so not reported here",,
2008,1,Lakeport Marina,Off-Lake Island,,,,Cattle Egret,2000,"Colony locations (NAD 83), individual colony counts of nests for each species, and maximum counts of each species of wading bird detected at Lake Okeechobee during aerial surveys in the 2008 breeding season.","Coordinates are off, so not reported here",,
2008,1,Gator Farm,Off-Lake Island,,27.02278,-81.06081,Great Egret,20,"Colony locations (NAD 83), individual colony counts of nests for each species, and maximum counts of each species of wading bird detected at Lake Okeechobee during aerial surveys in the 2008 breeding season.",,,
2008,1,Gator Farm,Off-Lake Island,,27.02278,-81.06081,Wood Stork,8,"Colony locations (NAD 83), individual colony counts of nests for each species, and maximum counts of each species of wading bird detected at Lake Okeechobee during aerial surveys in the 2008 breeding season.",,,
2008,1,Gator Farm,Off-Lake Island,,27.02278,-81.06081,Cattle Egret,500,"Colony locations (NAD 83), individual colony counts of nests for each species, and maximum counts of each species of wading bird detected at Lake Okeechobee during aerial surveys in the 2008 breeding season.",,,
