Database ID,Date,Observers,Survey Type,Start Time,End Time,Survey Notes,Method,Sky Code,Counts by,Waypoint Number,Latitude,Longitude,Colony Name,Photo Numbers,Colony Notes,Species Code,Nest Count,Adult Count,Fledling Count
1,1/13/2025,"B. Mason, J. Mulling",Aerial,8:16,10:33,,Aerial Count,1,B. Mason,1,26.97398,81.12099,Lakeport Marina,1721-1723,3 GREG present but not nesting,GREG,1,3,
1,1/13/2025,"B. Mason, J. Mulling",Aerial,8:16,10:33,,Aerial Count,1,J. Mulling,1,26.97398,81.12099,Lakeport Marina,1721-1724,3 GREG present but not nesting,GREG,1,3,
1,1/13/2025,"B. Mason, J. Mulling",Aerial,8:16,10:33,,Photograph Count,1,"J. Mulling, B. Mason",1,26.97398,81.12099,Lakeport Marina,1721-1724,,GREG,2,5,
2,2/10/2025,"B. Mason, A. Fussell, D. Serrano",Targeted Ground,10:00,11:20,,Ground Count,1,"B. Mason, A. Fussell",Moore Haven East,26.517428,81.004224,Moore Haven East,1487-1495,One pair of GREG,GBHE,0,4,
2,2/10/2025,"B. Mason, A. Fussell, D. Serrano",Targeted Ground,10:00,11:20,,Ground Count,1,"B. Mason, A. Fussell",Moore Haven East,26.517428,81.004224,Moore Haven East,1487-1495,One pair of GREG,GREG,0,3,
2,2/10/2025,"B. Mason, A. Fussell, D. Serrano",Targeted Ground,10:00,11:20,,Ground Count,1,"B. Mason, A. Fussell",Moore Haven East,26.517428,81.004224,Moore Haven East,1487-1495,One pair of GREG,ANHI,0,1,
2,2/10/2025,"B. Mason, A. Fussell, D. Serrano",Targeted Ground,10:00,11:20,,Ground Count,1,"B. Mason, A. Fussell",Moore Haven East,26.517428,81.004224,Moore Haven East,1487-1495,One pair of GREG,LIMP,0,1,
3,2/17/2025,"B. Mason, A. Fussell",Aerial,8:10,10:33,,Aerial Count,2,B. Mason,5,26.7221,80.84575,Little Bear Beach,1784-1790,,GREG,10,,
3,2/17/2025,"B. Mason, A. Fussell",Aerial,8:10,10:33,,Aerial Count,2,B. Mason,6,26.72419,80.83878,Little Bear Beach,1791-1794,"Originally thought to be two different little bear beach coloines, but later corrected to just one",GREG,12,,
3,2/17/2025,"B. Mason, A. Fussell",Aerial,8:10,10:33,,Aerial Count,2,B. Mason,7,26.74902,80.90056,Clewiston Spit 2,1796-1801,,GREG,17,,
3,2/17/2025,"B. Mason, A. Fussell",Aerial,8:10,10:33,,Aerial Count,2,B. Mason,7,26.74902,80.90056,Clewiston Spit 2,1796-1801,,GBHE,2,,
3,2/17/2025,"B. Mason, A. Fussell",Aerial,8:10,10:33,,Aerial Count,2,B. Mason,8,26.7716,80.70533,Pahokee,1802-1805,,GREG,18,,
3,2/17/2025,"B. Mason, A. Fussell",Aerial,8:10,10:33,,Aerial Count,2,B. Mason,9,26.77478,80.91219,Clewiston Spit,1806-1815,,GREG,32,,
3,2/17/2025,"B. Mason, A. Fussell",Aerial,8:10,10:33,,Aerial Count,2,B. Mason,9,26.77478,80.91219,Clewiston Spit,1806-1815,,ROSP,0,1,
3,2/17/2025,"B. Mason, A. Fussell",Aerial,8:10,10:33,,Aerial Count,2,B. Mason,10,26.76642,80.91293,Clewiston Spit 2,1816-1823,,GREG,10,,
3,2/17/2025,"B. Mason, A. Fussell",Aerial,8:10,10:33,,Aerial Count,2,B. Mason,11,26.85907,81.01299,Moore Haven East,1824-1830,,GREG,22,,
3,2/17/2025,"B. Mason, A. Fussell",Aerial,8:10,10:33,,Aerial Count,2,B. Mason,12,26.92278,81.07278,Moore Haven North,1831-1835,"Don't think this was a colony, just foraging birds. ",GREG,0,12,
3,2/17/2025,"B. Mason, A. Fussell",Aerial,8:10,10:33,,Aerial Count,2,B. Mason,13,26.9446,81.01167,Moonshine Bay 1,1836-1839,,GREG,10,33,
3,2/17/2025,"B. Mason, A. Fussell",Aerial,8:10,10:33,,Aerial Count,2,B. Mason,14,26.96582,81.04423,Moonshine Bay 2,1840-1854,,GREG,18,,
3,2/17/2025,"B. Mason, A. Fussell",Aerial,8:10,10:33,,Aerial Count,2,B. Mason,14,26.96582,81.04423,Moonshine Bay 2,1840-1854,,ROSP,0,2,
3,2/17/2025,"B. Mason, A. Fussell",Aerial,8:10,10:33,,Aerial Count,2,B. Mason,15,26.58151,81.03925,Lakeport Marina,1855-1864,,GREG,43,,
3,2/17/2025,"B. Mason, A. Fussell",Aerial,8:10,10:33,,Aerial Count,2,B. Mason,16,27.02503,81.05777,Gator Farm,1865-1869,,GREG,0,4,
3,2/17/2025,"B. Mason, A. Fussell",Aerial,8:10,10:33,,Aerial Count,2,B. Mason,17,27.18596,80.83474,Eagle Bay Island,1870-1876,,SMWT,0,38,
3,2/17/2025,"B. Mason, A. Fussell",Aerial,8:10,10:33,,Aerial Count,2,A. Fussell,22,26.43298,80.50561,Little Bear Beach,,"Originally thought to be two different little bear beach coloines, but later corrected to just one",GREG,15,,
3,2/17/2025,"B. Mason, A. Fussell",Aerial,8:10,10:33,,Aerial Count,2,A. Fussell,23,26.43041,80.50644,Little Bear Beach,,"Originally thought to be two different little bear beach coloines, but later corrected to just one",GREG,11,,
3,2/17/2025,"B. Mason, A. Fussell",Aerial,8:10,10:33,,Aerial Count,2,A. Fussell,24,26.43924,80.53676,Clewiston Spit 2,,,GREG,10,,
3,2/17/2025,"B. Mason, A. Fussell",Aerial,8:10,10:33,,Aerial Count,2,A. Fussell,25,26.46996,80.41898,Pahokee,,,GREG,17,,
3,2/17/2025,"B. Mason, A. Fussell",Aerial,8:10,10:33,,Aerial Count,2,A. Fussell,26,26.4643,80.54493,Clewiston Spit,,,ROSP,3,,
3,2/17/2025,"B. Mason, A. Fussell",Aerial,8:10,10:33,,Aerial Count,2,A. Fussell,26,26.4643,80.54493,Clewiston Spit,,,GREG,30,,
3,2/17/2025,"B. Mason, A. Fussell",Aerial,8:10,10:33,,Aerial Count,2,A. Fussell,27,26.46352,80.54182,Clewiston Spit 2,,,GREG,20,,
3,2/17/2025,"B. Mason, A. Fussell",Aerial,8:10,10:33,,Aerial Count,2,A. Fussell,28,26.51974,81.00353,Moore Haven East,,,GREG,25,,
3,2/17/2025,"B. Mason, A. Fussell",Aerial,8:10,10:33,,Aerial Count,2,A. Fussell,29,26.5535,81.04086,Moore Haven North,,,GREG,50,60,
3,2/17/2025,"B. Mason, A. Fussell",Aerial,8:10,10:33,,Aerial Count,2,A. Fussell,30,26.55819,81.00227,Moonshine Bay 1 ,,,GREG,14,,
3,2/17/2025,"B. Mason, A. Fussell",Aerial,8:10,10:33,,Aerial Count,2,A. Fussell,31,26.58144,81.02736,Moonshine Bay 2,,,GREG,24,,
3,2/17/2025,"B. Mason, A. Fussell",Aerial,8:10,10:33,,Aerial Count,2,A. Fussell,33,26.58151,81.07013,Lakeport Marina,,,GREG,40,75,
3,2/17/2025,"B. Mason, A. Fussell",Aerial,8:10,10:33,,Aerial Count,2,A. Fussell,34,27.01459,81.03925,Gator Farm,,,GREG,2,,
3,2/17/2025,"B. Mason, A. Fussell",Aerial,8:10,10:33,,Aerial Count,2,A. Fussell,35,27.11138,80.49994,Eagle Bay Island ,,,GREG,30,55,
3,2/17/2025,"B. Mason, A. Fussell",Aerial,8:10,10:33,,Photograph Count,2,"B. Mason, A. Fussell",7 and 24,26.43924,80.53676,Clewiston Spit 2,Clewiston_Marsh_1_2025-02-17_1-Clewiston_Marsh_1_2025-02-17_6,Had to use 2 photos together to get total colony nest count estimate,GBHE,9,,
3,2/17/2025,"B. Mason, A. Fussell",Aerial,8:10,10:33,,Photograph Count,2,"B. Mason, A. Fussell",7 and 24,26.43924,80.53676,Clewiston Spit 2,Clewiston_Marsh_1_2025-02-17_1-Clewiston_Marsh_1_2025-02-17_6,Had to use 2 photos together to get total colony nest count estimate,ANHI,5,,
3,2/17/2025,"B. Mason, A. Fussell",Aerial,8:10,10:33,,Photograph Count,2,"B. Mason, A. Fussell",10 and 27,26.46352,80.54182,Clewiston Spit 2,Clewiston_Marsh_2_2025-02-17_1-Clewiston_Marsh_2_2025-02-17_8,"Roosting adults, no nests verified in images",GREG,0,,
3,2/17/2025,"B. Mason, A. Fussell",Aerial,8:10,10:33,,Photograph Count,2,"B. Mason, A. Fussell",9 and 26,26.4643,80.54493,Clewiston Spit,Clewiston_Spit_2025-02-17_1-Clewiston_Spit_2025-02-17_10,Hard to identify - recommend visiting on the ground ,GREG,35,,
3,2/17/2025,"B. Mason, A. Fussell",Aerial,8:10,10:33,,Photograph Count,2,"B. Mason, A. Fussell",17 and 35,27.11138,80.49994,Eagle Bay Island,Eagle_Trail_2025-02-17_1-Eagle_Trail_2025-02-17_7,"Roosting adults, no nests verified in images",GREG,0,,
3,2/17/2025,"B. Mason, A. Fussell",Aerial,8:10,10:33,,Photograph Count,2,"B. Mason, A. Fussell",16 and 34,27.01459,81.03925,Gator Farm,Gator_Farm_2025-02-17_1-Gator_Farm_2025-02-17_5,1 adult appeared to be foraging in the marsh rather than on top of a nest,GREG,0,,
3,2/17/2025,"B. Mason, A. Fussell",Aerial,8:10,10:33,,Photograph Count,2,"B. Mason, A. Fussell",15 and 33,26.58151,81.03925,Lakeport Marina,Lakeport_Marina_2025-02-17_1-Lakeport_Marina_2025-02-17_10,Photos are difficult to read. Looks like we can get an eye on colony from road using binoculars- easy ground survey? Update: went to visit on the ground on 2/20/25 and could not see any birds let alone nests from the road! ,GREG,90,,
3,2/17/2025,"B. Mason, A. Fussell",Aerial,8:10,10:33,,Photograph Count,2,"B. Mason, A. Fussell",5 and 22,26.43298,80.50561,Little Bear Beach,Little_Bear_Beach_1_2025-02-17_1-Little_Bear_Beach_1_2025-02-17_7,Hard to identify - recommend visiting on the ground ,GREG,2,,
3,2/17/2025,"B. Mason, A. Fussell",Aerial,8:10,10:33,,Photograph Count,2,"B. Mason, A. Fussell",6 and 23,26.43041,80.50644,Little Bear Beach,Little_Bear_Beach_2_2025-02-17_1-Little_Bear_Beach_2_2025-02-17_5,Hard to identify - recommend visiting on the ground ,GREG,4,,
3,2/17/2025,"B. Mason, A. Fussell",Aerial,8:10,10:33,,Photograph Count,2,"B. Mason, A. Fussell",13 and 30,26.55819,81.00227,Moonshine Bay 1 ,Moonshine_Bay_1_2025-02-17_1-Moonshine_Bay_1_2025-02-17_4,No nests could be verified. Hard to identify - recommend visiting on the ground ,GREG,0,,
3,2/17/2025,"B. Mason, A. Fussell",Aerial,8:10,10:33,,Photograph Count,2,"B. Mason, A. Fussell",14,26.96582,81.04423,Moonshine Bay 2,Moonshine_Bay_2_2025-02-17_1-Moonshine_Bay_2_2025-02-17_15,"Roosting adults, no nests verified in images",GREG,0,,
3,2/17/2025,"B. Mason, A. Fussell",Aerial,8:10,10:33,,Photograph Count,2,"B. Mason, A. Fussell",11 and 28,26.51974,81.00353,Moore Haven East,Moore_Haven_East_2025-02-17_1-Moore_Haven_East_2025-02-17_7,,GBHE,2,,
3,2/17/2025,"B. Mason, A. Fussell",Aerial,8:10,10:33,,Photograph Count,2,"B. Mason, A. Fussell",12 and 29,26.5535,81.04086,Moore Haven North,Moore_Haven_North_2025-02-17_1-Moore_Haven_North_2025-02-17_5,"Roosting adults, no nests verified in images",GREG,0,,
3,2/17/2025,"B. Mason, A. Fussell",Aerial,8:10,10:33,,Photograph Count,2,"B. Mason, A. Fussell",8 and 25,26.7716,80.70533,Pahokee,Pahokee_2025-02-17_1-Pahokee_2025-02-17_4,"Roosting adults, no nests verified in images",WHIB,0,,
4,2/20/2025,"B. Mason, A. Fussell, J. Mulling",Targeted Ground,10:03,13:20,,Ground Count,4,"B. Mason, A. Fussell, J. Mulling",36,26.556826,81.020536,Moonshine Bay 1,,No nests verified,GBHE,0,1,
4,2/20/2025,"B. Mason, A. Fussell, J. Mulling",Targeted Ground,10:03,13:20,,Ground Count,4,"B. Mason, A. Fussell, J. Mulling",36,26.556826,81.020536,Moonshine Bay 1,,No nests verified,ANHI,0,9,
5,3/13/2025,"B. Mason, A. Fussell",Targeted Ground,9:05,12:12,,Ground Count,0,"B. Mason, A. Fussell",Clewiston Spit,26.465948,80.545484,Clewiston Spit,1977-2041,"TRHE gathering nesting materials, but no nests confirmed. SNEG present but not nesting (N=2), LBHE present, WHIB pair. ",GREG,40,,
5,3/13/2025,"B. Mason, A. Fussell",Targeted Ground,9:05,12:12,,Ground Count,0,"B. Mason, A. Fussell",Clewiston Spit,26.465948,80.545484,Clewiston Spit,1977-2041,"TRHE gathering nesting materials, but no nests confirmed. SNEG present but not nesting (N=2), LBHE present, WHIB pair. ",ROSP,3,,
5,3/13/2025,"B. Mason, A. Fussell",Targeted Ground,9:05,12:12,,Ground Count,0,"B. Mason, A. Fussell",Clewiston Spit,26.465948,80.545484,Clewiston Spit,1977-2041,"TRHE gathering nesting materials, but no nests confirmed. SNEG present but not nesting (N=2), LBHE present, WHIB pair. ",GBHE,1,,
5,3/13/2025,"B. Mason, A. Fussell",Targeted Ground,9:05,12:12,,Ground Count,0,"B. Mason, A. Fussell",Clewiston Spit 2,26.463477,80.544514,Clewiston Spit 2,,"This is a new colony, but we named it Clewiston Spit 2. Many WHIB but no clear nesting. ",GREG,11,,
5,3/13/2025,"B. Mason, A. Fussell",Targeted Ground,9:05,12:12,,Ground Count,0,"B. Mason, A. Fussell",Little Bear Beach,26.435359,80.506134,Little Bear Beach,,"WHIB present, no nests visible. TRHE present, no nest visible. 1 GREG adult, no nest visible. 2 SNEG, no nest visible. ",GREG,,1,
5,3/13/2025,"B. Mason, A. Fussell",Targeted Ground,9:05,12:12,,Ground Count,0,"B. Mason, A. Fussell",Little Bear Beach,26.435359,80.506134,Little Bear Beach,,"WHIB present, no nests visible. TRHE present, no nest visible. 1 GREG adult, no nest visible. 2 SNEG, no nest visible. ",SNEG,,2,
6,3/26/2025,"A. Fussell, B. Mason",Aerial,8:42,11:15,28k acres burned in Moore Haven,Aerial Count,0,A. Fussell,2,26.437937,80.508328,Little Bear Beach,2084-2094,,GREG,20,40,
6,3/26/2025,"A. Fussell, B. Mason",Aerial,8:42,11:15,28k acres burned in Moore Haven,Aerial Count,0,A. Fussell,3,26.46975,80.421515,Pahokee,2095-2104,,GREG,20,35,
6,3/26/2025,"A. Fussell, B. Mason",Aerial,8:42,11:15,28k acres burned in Moore Haven,Aerial Count,0,A. Fussell,4,26.464042,80.541347,Clewiston Spit,2105-2121,,GREG,30,60,
6,3/26/2025,"A. Fussell, B. Mason",Aerial,8:42,11:15,28k acres burned in Moore Haven,Aerial Count,0,A. Fussell,5,26.46363,80.545906,Clewiston Spit 2,2122-2133,,GREG,10,30,
6,3/26/2025,"A. Fussell, B. Mason",Aerial,8:42,11:15,28k acres burned in Moore Haven,Aerial Count,0,A. Fussell,6,26.532156,81.075927,Gun Range,2134-2145,,GREG,5,15,
6,3/26/2025,"A. Fussell, B. Mason",Aerial,8:42,11:15,28k acres burned in Moore Haven,Aerial Count,0,A. Fussell,7,26.532606,80.585992,Moore Haven East 5,2146-2159,,GREG,10,70,
6,3/26/2025,"A. Fussell, B. Mason",Aerial,8:42,11:15,28k acres burned in Moore Haven,Aerial Count,0,A. Fussell,8,26.578665,81.024264,Rock Islands,2160-2186,colony includes multiple adjacent circle islands ,GREG,10,55,
6,3/26/2025,"A. Fussell, B. Mason",Aerial,8:42,11:15,28k acres burned in Moore Haven,Aerial Count,0,A. Fussell,8,26.578665,81.024264,Rock Islands,2160-2186,colony includes multiple adjacent circle islands ,ROSP,,1,
6,3/26/2025,"A. Fussell, B. Mason",Aerial,8:42,11:15,28k acres burned in Moore Haven,Aerial Count,0,A. Fussell,9,26.58111,81.068167,Lakeport Marina,2187-2191,,GREG,10,55,
6,3/26/2025,"A. Fussell, B. Mason",Aerial,8:42,11:15,28k acres burned in Moore Haven,Aerial Count,0,A. Fussell,10,27.016327,81.036809,Gator Farm,2192-2202,,GREG,10,40,
6,3/26/2025,"A. Fussell, B. Mason",Aerial,8:42,11:15,28k acres burned in Moore Haven,Aerial Count,0,A. Fussell,11,27.101287,80.51206,Eagle Bay Island,2203-2216,,GREG,5,30,
6,3/26/2025,"A. Fussell, B. Mason",Aerial,8:42,11:15,28k acres burned in Moore Haven,Aerial Count,0,A. Fussell,11,27.101287,80.51206,Eagle Bay Island,2203-2216,,ROSP,,1,
6,3/26/2025,"A. Fussell, B. Mason",Aerial,8:42,11:15,28k acres burned in Moore Haven,Aerial Count,0,B. Mason,27,26.72083,80.83886,Little Bear Beach,,,GREG,10,,
6,3/26/2025,"A. Fussell, B. Mason",Aerial,8:42,11:15,28k acres burned in Moore Haven,Aerial Count,0,B. Mason,27,26.72083,80.83886,Little Bear Beach,,,WHIB,,35,
6,3/26/2025,"A. Fussell, B. Mason",Aerial,8:42,11:15,28k acres burned in Moore Haven,Aerial Count,0,B. Mason,27,26.72083,80.83886,Little Bear Beach,,,SMWT,,26,
6,3/26/2025,"A. Fussell, B. Mason",Aerial,8:42,11:15,28k acres burned in Moore Haven,Aerial Count,0,B. Mason,28,26.78419,80.70397,Pahokee,,,GREG,18,,
6,3/26/2025,"A. Fussell, B. Mason",Aerial,8:42,11:15,28k acres burned in Moore Haven,Aerial Count,0,B. Mason,29,26.76954,80.90429,Clewiston Marsh,,,GREG,38,,
6,3/26/2025,"A. Fussell, B. Mason",Aerial,8:42,11:15,28k acres burned in Moore Haven,Aerial Count,0,B. Mason,29,26.76954,80.90429,Clewiston Marsh,,,ROSP,2,,
6,3/26/2025,"A. Fussell, B. Mason",Aerial,8:42,11:15,28k acres burned in Moore Haven,Aerial Count,0,B. Mason,30,26.77633,80.90997,Clewiston Spit,,,GREG,18,,
6,3/26/2025,"A. Fussell, B. Mason",Aerial,8:42,11:15,28k acres burned in Moore Haven,Aerial Count,0,B. Mason,30,26.77633,80.90997,Clewiston Spit,,,WHIB,,22,
6,3/26/2025,"A. Fussell, B. Mason",Aerial,8:42,11:15,28k acres burned in Moore Haven,Aerial Count,0,B. Mason,31,26.88834,81.13204,Gun Range,,,GREG,5,,
6,3/26/2025,"A. Fussell, B. Mason",Aerial,8:42,11:15,28k acres burned in Moore Haven,Aerial Count,0,B. Mason,32,26.89007,80.9657,Moore Haven East 5,,may just be foraging birds and not nesting birds; check photos closely,GREG,8,,
6,3/26/2025,"A. Fussell, B. Mason",Aerial,8:42,11:15,28k acres burned in Moore Haven,Aerial Count,0,B. Mason,32,26.89007,80.9657,Moore Haven East 5,,,SMWT,,45,
6,3/26/2025,"A. Fussell, B. Mason",Aerial,8:42,11:15,28k acres burned in Moore Haven,Aerial Count,0,B. Mason,33,26.96452,81.04155,Rock Islands,,colony is spread out over 3 islands,GREG,28,,
6,3/26/2025,"A. Fussell, B. Mason",Aerial,8:42,11:15,28k acres burned in Moore Haven,Aerial Count,0,B. Mason,33,26.96452,81.04155,Rock Islands,,colony is spread out over 3 islands,ROSP,2,,
6,3/26/2025,"A. Fussell, B. Mason",Aerial,8:42,11:15,28k acres burned in Moore Haven,Aerial Count,0,B. Mason,33,26.96452,81.04155,Rock Islands,,colony is spread out over 3 islands,SMDK,,23,
6,3/26/2025,"A. Fussell, B. Mason",Aerial,8:42,11:15,28k acres burned in Moore Haven,Aerial Count,0,B. Mason,34,26.97109,81.10584,Lakeport Marina,,,GREG,18,,
6,3/26/2025,"A. Fussell, B. Mason",Aerial,8:42,11:15,28k acres burned in Moore Haven,Aerial Count,0,B. Mason,35,27.0284,81.0693,Gator Farm,,,GREG,21,,
6,3/26/2025,"A. Fussell, B. Mason",Aerial,8:42,11:15,28k acres burned in Moore Haven,Aerial Count,0,B. Mason,36,27.16942,80.85536,Eagle Bay Island,,,GREG,12,,
6,3/26/2025,"A. Fussell, B. Mason",Aerial,8:42,11:15,28k acres burned in Moore Haven,Aerial Count,0,B. Mason,36,27.16942,80.85536,Eagle Bay Island,,,ROSP,8,,
6,3/26/2025,"A. Fussell, B. Mason",Aerial,8:42,11:15,28k acres burned in Moore Haven,Photograph Count,0,B. Mason,9 and 24,26.58151,81.03925,Lakeport Marina,LakeportMarina_2025_03_26_1-LakeportMarina_2025_03_26_5,,GREG,76,,
6,3/26/2025,"A. Fussell, B. Mason",Aerial,8:42,11:15,28k acres burned in Moore Haven,Photograph Count,0,B. Mason,9 and 24,26.58151,81.03925,Lakeport Marina,LakeportMarina_2025_03_26_1-LakeportMarina_2025_03_26_6,,SNEG,4,,
6,3/26/2025,"A. Fussell, B. Mason",Aerial,8:42,11:15,28k acres burned in Moore Haven,Photograph Count,0,B. Mason,9 and 24,26.58151,81.03925,Lakeport Marina,LakeportMarina_2025_03_26_1-LakeportMarina_2025_03_26_7,,SMWT,4,,
6,3/26/2025,"A. Fussell, B. Mason",Aerial,8:42,11:15,28k acres burned in Moore Haven,Photograph Count,0,B. Mason,9 and 24,26.58151,81.03925,Lakeport Marina,LakeportMarina_2025_03_26_1-LakeportMarina_2025_03_26_8,,CAEG,3,,
6,3/26/2025,"A. Fussell, B. Mason",Aerial,8:42,11:15,28k acres burned in Moore Haven,Photograph Count,0,B. Mason,2 and 27,26.43298,80.50561,Little Bear Beach,LIttleBearBeach_2025_03_26_1-LIttleBearBeach_2025_03_26_11,,GREG,44,,
6,3/26/2025,"A. Fussell, B. Mason",Aerial,8:42,11:15,28k acres burned in Moore Haven,Photograph Count,0,B. Mason,2 and 27,26.43298,80.50561,Little Bear Beach,LIttleBearBeach_2025_03_26_1-LIttleBearBeach_2025_03_26_12,,SNEG,2,,
6,3/26/2025,"A. Fussell, B. Mason",Aerial,8:42,11:15,28k acres burned in Moore Haven,Photograph Count,0,B. Mason,2 and 27,26.43298,80.50561,Little Bear Beach,LIttleBearBeach_2025_03_26_1-LIttleBearBeach_2025_03_26_13,,SMWT,4,,
6,3/26/2025,"A. Fussell, B. Mason",Aerial,8:42,11:15,28k acres burned in Moore Haven,Photograph Count,0,B. Mason,2 and 27,26.43298,80.50561,Little Bear Beach,LIttleBearBeach_2025_03_26_1-LIttleBearBeach_2025_03_26_14,,TRHE,2,,
6,3/26/2025,"A. Fussell, B. Mason",Aerial,8:42,11:15,28k acres burned in Moore Haven,Photograph Count,0,B. Mason,2 and 27,26.43298,80.50561,Little Bear Beach,LIttleBearBeach_2025_03_26_1-LIttleBearBeach_2025_03_26_15,,SMDK,1,,
6,3/26/2025,"A. Fussell, B. Mason",Aerial,8:42,11:15,28k acres burned in Moore Haven,Photograph Count,0,B. Mason,2 and 27,26.43298,80.50561,Little Bear Beach,LIttleBearBeach_2025_03_26_1-LIttleBearBeach_2025_03_26_16,,WHIB,20,,
6,3/26/2025,"A. Fussell, B. Mason",Aerial,8:42,11:15,28k acres burned in Moore Haven,Photograph Count,0,B. Mason,8 and 33,26.96944,81.04035,Rock Islands,BirdIsland_2025_03_26_1-BirdIsland_2025_03_26_27,,ANHI,1,,
6,3/26/2025,"A. Fussell, B. Mason",Aerial,8:42,11:15,28k acres burned in Moore Haven,Photograph Count,0,B. Mason,8 and 33,26.96944,81.04035,Rock Islands,BirdIsland_2025_03_26_1-BirdIsland_2025_03_26_28,,GREG,42,,
6,3/26/2025,"A. Fussell, B. Mason",Aerial,8:42,11:15,28k acres burned in Moore Haven,Photograph Count,0,B. Mason,8 and 33,26.96944,81.04035,Rock Islands,BirdIsland_2025_03_26_1-BirdIsland_2025_03_26_29,,LBHE,1,,
6,3/26/2025,"A. Fussell, B. Mason",Aerial,8:42,11:15,28k acres burned in Moore Haven,Photograph Count,0,B. Mason,8 and 33,26.96944,81.04035,Rock Islands,BirdIsland_2025_03_26_1-BirdIsland_2025_03_26_30,,SMWT,20,,
6,3/26/2025,"A. Fussell, B. Mason",Aerial,8:42,11:15,28k acres burned in Moore Haven,Photograph Count,0,B. Mason,8 and 33,26.96944,81.04035,Rock Islands,BirdIsland_2025_03_26_1-BirdIsland_2025_03_26_31,,SNEG,10,,
6,3/26/2025,"A. Fussell, B. Mason",Aerial,8:42,11:15,28k acres burned in Moore Haven,Photograph Count,0,B. Mason,8 and 33,26.96944,81.04035,Rock Islands,BirdIsland_2025_03_26_1-BirdIsland_2025_03_26_32,,GBHE,4,,
6,3/26/2025,"A. Fussell, B. Mason",Aerial,8:42,11:15,28k acres burned in Moore Haven,Photograph Count,0,B. Mason,3 and 28,26.7716,80.70533,Pahokee,Pahokee_2025_03_25_1-Pahokee_2025_03_25_10,,SNEG,40,,
6,3/26/2025,"A. Fussell, B. Mason",Aerial,8:42,11:15,28k acres burned in Moore Haven,Photograph Count,0,B. Mason,3 and 28,26.7716,80.70533,Pahokee,Pahokee_2025_03_25_1-Pahokee_2025_03_25_11,,GREG,2,,
6,3/26/2025,"A. Fussell, B. Mason",Aerial,8:42,11:15,28k acres burned in Moore Haven,Photograph Count,0,B. Mason,3 and 28,26.7716,80.70533,Pahokee,Pahokee_2025_03_25_1-Pahokee_2025_03_25_12,,GBHE,1,,
6,3/26/2025,"A. Fussell, B. Mason",Aerial,8:42,11:15,28k acres burned in Moore Haven,Photograph Count,0,B. Mason,3 and 28,26.7716,80.70533,Pahokee,Pahokee_2025_03_25_1-Pahokee_2025_03_25_13,,SMWT,1,,
6,3/26/2025,"A. Fussell, B. Mason",Aerial,8:42,11:15,28k acres burned in Moore Haven,Photograph Count,0,B. Mason,3 and 28,26.7716,80.70533,Pahokee,Pahokee_2025_03_25_1-Pahokee_2025_03_25_14,,CAEG,2,,
6,3/26/2025,"A. Fussell, B. Mason",Aerial,8:42,11:15,28k acres burned in Moore Haven,Photograph Count,0,A. Fussell,4 and 30,26.464042,80.541347,Clewiston Spit,ClewistonSpit_2025_03_26_1- ClewistonSpit_2025_03_26_17,,GREG,76,,
6,3/26/2025,"A. Fussell, B. Mason",Aerial,8:42,11:15,28k acres burned in Moore Haven,Photograph Count,0,A. Fussell,4 and 30,26.464042,80.541347,Clewiston Spit,ClewistonSpit_2025_03_26_1- ClewistonSpit_2025_03_26_18,,SMWT,42,,
6,3/26/2025,"A. Fussell, B. Mason",Aerial,8:42,11:15,28k acres burned in Moore Haven,Photograph Count,0,A. Fussell,4 and 30,26.464042,80.541347,Clewiston Spit,ClewistonSpit_2025_03_26_1- ClewistonSpit_2025_03_26_19,,DCCO,2,,
6,3/26/2025,"A. Fussell, B. Mason",Aerial,8:42,11:15,28k acres burned in Moore Haven,Photograph Count,0,A. Fussell,4 and 30,26.464042,80.541347,Clewiston Spit,ClewistonSpit_2025_03_26_1- ClewistonSpit_2025_03_26_20,,ROSP,7,,
6,3/26/2025,"A. Fussell, B. Mason",Aerial,8:42,11:15,28k acres burned in Moore Haven,Photograph Count,0,A. Fussell,4 and 30,26.464042,80.541347,Clewiston Spit,ClewistonSpit_2025_03_26_1- ClewistonSpit_2025_03_26_21,,TRHE,4,,
6,3/26/2025,"A. Fussell, B. Mason",Aerial,8:42,11:15,28k acres burned in Moore Haven,Photograph Count,0,A. Fussell,4 and 30,26.464042,80.541347,Clewiston Spit,ClewistonSpit_2025_03_26_1- ClewistonSpit_2025_03_26_21,,WHIB,269,,
6,3/26/2025,"A. Fussell, B. Mason",Aerial,8:42,11:15,28k acres burned in Moore Haven,Photograph Count,0,A. Fussell,4 and 30,26.464042,80.541347,Clewiston Spit,ClewistonSpit_2025_03_26_1- ClewistonSpit_2025_03_26_21,,SNEG,3,,
6,3/26/2025,"A. Fussell, B. Mason",Aerial,8:42,11:15,28k acres burned in Moore Haven,Photograph Count,0,A. Fussell,4 and 30,26.464042,80.541347,Clewiston Spit,ClewistonSpit_2025_03_26_1- ClewistonSpit_2025_03_26_21,,GBHE,2,,
6,3/26/2025,"A. Fussell, B. Mason",Aerial,8:42,11:15,28k acres burned in Moore Haven,Photograph Count,0,A. Fussell,5,26.46363,80.545906,Clewiston Spit 2,ClewistonSpit2_2025_03_26_1-ClewistonSpit2_2025_03_26_11,,TRHE,1,,
6,3/26/2025,"A. Fussell, B. Mason",Aerial,8:42,11:15,28k acres burned in Moore Haven,Photograph Count,0,A. Fussell,5,26.46363,80.545906,Clewiston Spit 2,ClewistonSpit2_2025_03_26_1-ClewistonSpit2_2025_03_26_11,,GREG,43,,
6,3/26/2025,"A. Fussell, B. Mason",Aerial,8:42,11:15,28k acres burned in Moore Haven,Photograph Count,0,A. Fussell,5,26.46363,80.545906,Clewiston Spit 2,ClewistonSpit2_2025_03_26_1-ClewistonSpit2_2025_03_26_11,,WHIB,116,,
6,3/26/2025,"A. Fussell, B. Mason",Aerial,8:42,11:15,28k acres burned in Moore Haven,Photograph Count,0,A. Fussell,5,26.46363,80.545906,Clewiston Spit 2,ClewistonSpit2_2025_03_26_1-ClewistonSpit2_2025_03_26_11,,SNEG,1,,
6,3/26/2025,"A. Fussell, B. Mason",Aerial,8:42,11:15,28k acres burned in Moore Haven,Photograph Count,0,A. Fussell,5,26.46363,80.545906,Clewiston Spit 2,ClewistonSpit2_2025_03_26_1-ClewistonSpit2_2025_03_26_11,,BCNH,1,,
6,3/26/2025,"A. Fussell, B. Mason",Aerial,8:42,11:15,28k acres burned in Moore Haven,Photograph Count,0,A. Fussell,5,26.46363,80.545906,Clewiston Spit 2,ClewistonSpit2_2025_03_26_1-ClewistonSpit2_2025_03_26_11,,GBHE,1,,
6,3/26/2025,"A. Fussell, B. Mason",Aerial,8:42,11:15,28k acres burned in Moore Haven,Photograph Count,0,A. Fussell,11 and 36,27.16942,80.85536,Eagle Bay Island,EagleBayIsland_2025_03_26_1-EagleBayIsland_2025_03_26_14,,GBHE,5,,2
6,3/26/2025,"A. Fussell, B. Mason",Aerial,8:42,11:15,28k acres burned in Moore Haven,Photograph Count,0,A. Fussell,11 and 36,27.16942,80.85536,Eagle Bay Island,EagleBayIsland_2025_03_26_1-EagleBayIsland_2025_03_26_14,,ROSP,2,,
6,3/26/2025,"A. Fussell, B. Mason",Aerial,8:42,11:15,28k acres burned in Moore Haven,Photograph Count,0,A. Fussell,10 and 35 ,27.0284,81.0693,Gator Farm,GatorFarm_2025_03_26_1-GatorFarm_2025_03_26_11,,SMDK,1,,
6,3/26/2025,"A. Fussell, B. Mason",Aerial,8:42,11:15,28k acres burned in Moore Haven,Photograph Count,0,A. Fussell,10 and 35 ,27.0284,81.0693,Gator Farm,GatorFarm_2025_03_26_1-GatorFarm_2025_03_26_11,,GREG,42,,
6,3/26/2025,"A. Fussell, B. Mason",Aerial,8:42,11:15,28k acres burned in Moore Haven,Photograph Count,0,A. Fussell,6 and 31 ,26.88834,81.13204,Gun Range,GunRange_2025_03_26_1-GunRange_2025_03_26_12,,SMDK,9,,
6,3/26/2025,"A. Fussell, B. Mason",Aerial,8:42,11:15,28k acres burned in Moore Haven,Photograph Count,0,A. Fussell,6 and 31 ,26.88834,81.13204,Gun Range,GunRange_2025_03_26_1-GunRange_2025_03_26_12,,ANHI,2,,
6,3/26/2025,"A. Fussell, B. Mason",Aerial,8:42,11:15,28k acres burned in Moore Haven,Photograph Count,0,A. Fussell,6 and 31 ,26.88834,81.13204,Gun Range,GunRange_2025_03_26_1-GunRange_2025_03_26_12,,SMWT,2,,
6,3/26/2025,"A. Fussell, B. Mason",Aerial,8:42,11:15,28k acres burned in Moore Haven,Photograph Count,0,A. Fussell,6 and 31 ,26.88834,81.13204,Gun Range,GunRange_2025_03_26_1-GunRange_2025_03_26_12,,GREG,1,,
7,3/28/2025,"A. Fussell, B. Mason",Targeted Ground,9:28,12:29,No colonies assessed due to low water levels ,Ground Count,1,A. Fussell,,,,,,,,,,
8,4/1/2025,"B. Mason, A. Fussell, J. Mulling",Targeted Ground,9:34,13:06,"very foggy, 1st time on the island to check the percentage of nests with eggs at Clewiston Spit and Little Bear Beach",Ground Count,3,"A. Fussell, B. Mason, J. Mulling",Clewiston Spit,26.465948,80.545484,Clewiston Spit,2217-2253,first time on island to check the percentage of nests with eggs; 9 of GREG nests had fledglings,ROSP,5,,5
8,4/1/2025,"B. Mason, A. Fussell, J. Mulling",Targeted Ground,9:34,13:06,"very foggy, 1st time on the island to check the percentage of nests with eggs at Clewiston Spit and Little Bear Beach",Ground Count,3,"A. Fussell, B. Mason, J. Mulling",Clewiston Spit,26.465948,80.545484,Clewiston Spit,2217-2253,first time on island to check the percentage of nests with eggs; 9 of GREG nests had fledglings,GREG,35,,
8,4/1/2025,"B. Mason, A. Fussell, J. Mulling",Targeted Ground,9:34,13:06,"very foggy, 1st time on the island to check the percentage of nests with eggs at Clewiston Spit and Little Bear Beach",Ground Count,3,"A. Fussell, B. Mason, J. Mulling",Clewiston Spit,26.465948,80.545484,Clewiston Spit,2217-2253,first time on island to check the percentage of nests with eggs; 9 of GREG nests had fledglings,SNEG,3,,
8,4/1/2025,"B. Mason, A. Fussell, J. Mulling",Targeted Ground,9:34,13:06,"very foggy, 1st time on the island to check the percentage of nests with eggs at Clewiston Spit and Little Bear Beach",Ground Count,3,"A. Fussell, B. Mason, J. Mulling",Clewiston Spit,26.465948,80.545484,Clewiston Spit,2217-2253,first time on island to check the percentage of nests with eggs; 9 of GREG nests had fledglings,WHIB,44,,
8,4/1/2025,"B. Mason, A. Fussell, J. Mulling",Targeted Ground,9:34,13:06,"very foggy, 1st time on the island to check the percentage of nests with eggs at Clewiston Spit and Little Bear Beach",Ground Count,3,"A. Fussell, B. Mason, J. Mulling",Clewiston Spit,26.465948,80.545484,Clewiston Spit,2217-2253,first time on island to check the percentage of nests with eggs; 9 of GREG nests had fledglings,GLIB,2,,
8,4/1/2025,"B. Mason, A. Fussell, J. Mulling",Targeted Ground,9:34,13:06,"very foggy, 1st time on the island to check the percentage of nests with eggs at Clewiston Spit and Little Bear Beach",Ground Count,3,"A. Fussell, B. Mason, J. Mulling",Clewiston Spit,26.465948,80.545484,Clewiston Spit,2217-2253,first time on island to check the percentage of nests with eggs; 9 of GREG nests had fledglings,TRHE,1,,
8,4/1/2025,"B. Mason, A. Fussell, J. Mulling",Targeted Ground,9:34,13:06,"very foggy, 1st time on the island to check the percentage of nests with eggs at Clewiston Spit and Little Bear Beach",Ground Count,3,"A. Fussell, B. Mason, J. Mulling",Clewiston Spit 2,26.462664,80.544262,Clewiston Spit 2,2254-2278,GREG fledglings present,WHIB,29,,
8,4/1/2025,"B. Mason, A. Fussell, J. Mulling",Targeted Ground,9:34,13:06,"very foggy, 1st time on the island to check the percentage of nests with eggs at Clewiston Spit and Little Bear Beach",Ground Count,3,"A. Fussell, B. Mason, J. Mulling",Clewiston Spit 2,26.462664,80.544262,Clewiston Spit 2,2254-2278,GREG fledglings present,GREG,16,,
8,4/1/2025,"B. Mason, A. Fussell, J. Mulling",Targeted Ground,9:34,13:06,"very foggy, 1st time on the island to check the percentage of nests with eggs at Clewiston Spit and Little Bear Beach",Ground Count,3,"A. Fussell, B. Mason, J. Mulling",Clewiston Spit 2,26.462664,80.544262,Clewiston Spit 2,2254-2278,GREG fledglings present,GBHE,1,,
8,4/1/2025,"B. Mason, A. Fussell, J. Mulling",Targeted Ground,9:34,13:06,"very foggy, 1st time on the island to check the percentage of nests with eggs at Clewiston Spit and Little Bear Beach",Ground Count,3,"A. Fussell, B. Mason, J. Mulling",Clewiston Spit 2,26.462664,80.544262,Clewiston Spit 2,2254-2278,GREG fledglings present,SNEG,2,,
8,4/1/2025,"B. Mason, A. Fussell, J. Mulling",Targeted Ground,9:34,13:06,"very foggy, 1st time on the island to check the percentage of nests with eggs at Clewiston Spit and Little Bear Beach",Ground Count,3,"A. Fussell, B. Mason, J. Mulling",Clewiston Spit 2,26.462664,80.544262,Clewiston Spit 2,2254-2278,GREG fledglings present,GLIB,1,,
8,4/1/2025,"B. Mason, A. Fussell, J. Mulling",Targeted Ground,9:34,13:06,"very foggy, 1st time on the island to check the percentage of nests with eggs at Clewiston Spit and Little Bear Beach",Ground Count,3,"A. Fussell, B. Mason, J. Mulling",Clewiston Spit 2,26.462664,80.544262,Clewiston Spit 2,2254-2278,GREG fledglings present,TRHE,1,,
8,4/1/2025,"B. Mason, A. Fussell, J. Mulling",Targeted Ground,9:34,13:06,"very foggy, 1st time on the island to check the percentage of nests with eggs at Clewiston Spit and Little Bear Beach",Ground Count,3,"A. Fussell, B. Mason, J. Mulling",Little Bear Beach,26.435395,80.506134,Little Bear Beach,2255-2285,"went onto island to check nest status, WHIB nests have eggs, but did not see fledglings; limited view of birds from the boat due to the tall vegetation. BMM saw at least 45 WHIB while checking nest status",WHIB,50,,
8,4/1/2025,"B. Mason, A. Fussell, J. Mulling",Targeted Ground,9:34,13:06,"very foggy, 1st time on the island to check the percentage of nests with eggs at Clewiston Spit and Little Bear Beach",Ground Count,3,"A. Fussell, B. Mason, J. Mulling",Little Bear Beach,26.435395,80.506134,Little Bear Beach,2255-2286,"went onto island to check nest status, WHIB nests have eggs, but did not see fledglings; limited view of birds from the boat due to the tall vegetation. BMM saw at least 45 WHIB while checking nest status",SNEG,3,,
8,4/1/2025,"B. Mason, A. Fussell, J. Mulling",Targeted Ground,9:34,13:06,"very foggy, 1st time on the island to check the percentage of nests with eggs at Clewiston Spit and Little Bear Beach",Ground Count,3,"A. Fussell, B. Mason, J. Mulling",Little Bear Beach,26.435395,80.506134,Little Bear Beach,2255-2287,"went onto island to check nest status, WHIB nests have eggs, but did not see fledglings; limited view of birds from the boat due to the tall vegetation. BMM saw at least 45 WHIB while checking nest status",TRHE,2,,
9,4/22/2025,"A. Fussell, J. Mulling",Aerial,8:20,10:49,J. Mulling got motion sick and stopped recording counts after Clewiston Spit,Aerial Count,2,J. Mulling,12,26.72354,80.84519,Little Bear Beach,20-Jan,,GREG,25,,
9,4/22/2025,"A. Fussell, J. Mulling",Aerial,8:20,10:49,J. Mulling got motion sick and stopped recording counts after Clewiston Spit,Aerial Count,2,J. Mulling,13,26.78015,80.70395,Pahokee,21-42,,GREG,50,,
9,4/22/2025,"A. Fussell, J. Mulling",Aerial,8:20,10:49,J. Mulling got motion sick and stopped recording counts after Clewiston Spit,Aerial Count,2,J. Mulling,14,26.77465,80.9015,Clewiston Spit,43-58,,GREG,50,,
9,4/22/2025,"A. Fussell, J. Mulling",Aerial,8:20,10:49,J. Mulling got motion sick and stopped recording counts after Clewiston Spit,Aerial Count,2,J. Mulling,14,26.77465,80.9015,Clewiston Spit,43-58,,ROSP,8,,
9,4/22/2025,"A. Fussell, J. Mulling",Aerial,8:20,10:49,J. Mulling got motion sick and stopped recording counts after Clewiston Spit,Aerial Count,2,A. Fussell,12,26.434122,80.507113,Little Bear Beach,20-Jan,,GREG,35,,
9,4/22/2025,"A. Fussell, J. Mulling",Aerial,8:20,10:49,J. Mulling got motion sick and stopped recording counts after Clewiston Spit,Aerial Count,2,A. Fussell,13,26.468089,80.422369,Pahokee,21-42,,GREG,30,,
9,4/22/2025,"A. Fussell, J. Mulling",Aerial,8:20,10:49,J. Mulling got motion sick and stopped recording counts after Clewiston Spit,Aerial Count,2,A. Fussell,13,26.468089,80.422369,Pahokee,21-42,,SNEG,10,,
9,4/22/2025,"A. Fussell, J. Mulling",Aerial,8:20,10:49,J. Mulling got motion sick and stopped recording counts after Clewiston Spit,Aerial Count,2,A. Fussell,14,26.77465,80.9015,Clewiston Spit,43-58,,,,,
9,4/22/2025,"A. Fussell, J. Mulling",Aerial,8:20,10:49,J. Mulling got motion sick and stopped recording counts after Clewiston Spit,Aerial Count,2,A. Fussell,15,26.529864,80.577972,New Colony,59-61,may just be foraging birds and not nesting birds; check photos closely; 20 foraging birds - CAEG/SNEG/GREG,,,,
9,4/22/2025,"A. Fussell, J. Mulling",Aerial,8:20,10:49,J. Mulling got motion sick and stopped recording counts after Clewiston Spit,Aerial Count,2,A. Fussell,16,26.89418,81.02293,,62-66,foraging birds,,,,
9,4/22/2025,"A. Fussell, J. Mulling",Aerial,8:20,10:49,J. Mulling got motion sick and stopped recording counts after Clewiston Spit,Aerial Count,2,A. Fussell,17,26.91285,81.02937,,67-70,foraging birds,,,,
9,4/22/2025,"A. Fussell, J. Mulling",Aerial,8:20,10:49,J. Mulling got motion sick and stopped recording counts after Clewiston Spit,Aerial Count,2,A. Fussell,18,26.91739,81.03,Moonshine Bay,71-83,,GREG,20,,
9,4/22/2025,"A. Fussell, J. Mulling",Aerial,8:20,10:49,J. Mulling got motion sick and stopped recording counts after Clewiston Spit,Aerial Count,2,A. Fussell,18,26.91739,81.03,Moonshine Bay,71-83,,WHIB,150,,
9,4/22/2025,"A. Fussell, J. Mulling",Aerial,8:20,10:49,J. Mulling got motion sick and stopped recording counts after Clewiston Spit,Aerial Count,2,A. Fussell,18,26.91739,81.03,Moonshine Bay,71-83,,GLIB,50,,
9,4/22/2025,"A. Fussell, J. Mulling",Aerial,8:20,10:49,J. Mulling got motion sick and stopped recording counts after Clewiston Spit,Aerial Count,2,A. Fussell,19,26.96225,81.0269,Rock Islands,84-98,multiple colonies photographed,,,,
9,4/22/2025,"A. Fussell, J. Mulling",Aerial,8:20,10:49,J. Mulling got motion sick and stopped recording counts after Clewiston Spit,Aerial Count,2,A. Fussell,20,26.97817,81.11929,Lakeport Marina,99-108,GREG/WHIB/SMWH 40-50 nests,UNKN,45,,
9,4/22/2025,"A. Fussell, J. Mulling",Aerial,8:20,10:49,J. Mulling got motion sick and stopped recording counts after Clewiston Spit,Aerial Count,2,A. Fussell,21,27.01733,81.06383,Gator Farm,109-118,WHIB/GREG,UNKN,35,,
9,4/22/2025,"A. Fussell, J. Mulling",Aerial,8:20,10:49,J. Mulling got motion sick and stopped recording counts after Clewiston Spit,Aerial Count,2,A. Fussell,22,27.1725,80.83765,Eagle Bay Island,119-132,WHIB/GREG,UNKN,65,,
9,4/22/2025,"A. Fussell, J. Mulling",Aerial,8:20,10:49,,Photograph Count,2,B. Mason,22,27.1725,80.83765,Eagle Bay Island,EagleBayIsland_2025_04_22_1 - EagleBayIsland_2025_04_22_14,,WHIB,240,,
9,4/22/2025,"A. Fussell, J. Mulling",Aerial,8:20,10:49,,Photograph Count,2,B. Mason,22,27.1725,80.83765,Eagle Bay Island,EagleBayIsland_2025_04_22_1 - EagleBayIsland_2025_04_22_14,,SMDK,3,,
9,4/22/2025,"A. Fussell, J. Mulling",Aerial,8:20,10:49,,Photograph Count,2,B. Mason,22,27.1725,80.83765,Eagle Bay Island,EagleBayIsland_2025_04_22_1 - EagleBayIsland_2025_04_22_14,,SNEG,80,,
9,4/22/2025,"A. Fussell, J. Mulling",Aerial,8:20,10:49,,Photograph Count,2,B. Mason,22,27.1725,80.83765,Eagle Bay Island,EagleBayIsland_2025_04_22_1 - EagleBayIsland_2025_04_22_14,,GREG,7,,
9,4/22/2025,"A. Fussell, J. Mulling",Aerial,8:20,10:49,,Photograph Count,2,B. Mason,21,27.01733,81.06383,Gator Farm,GatorFarm_2025_04_22_1 - GatorFarm_2025_04_22_10,,GREG,26,,
9,4/22/2025,"A. Fussell, J. Mulling",Aerial,8:20,10:49,,Photograph Count,2,B. Mason,21,27.01733,81.06383,Gator Farm,GatorFarm_2025_04_22_1 - GatorFarm_2025_04_22_11,,SNEG,12,,
9,4/22/2025,"A. Fussell, J. Mulling",Aerial,8:20,10:49,,Photograph Count,2,B. Mason,21,27.01733,81.06383,Gator Farm,GatorFarm_2025_04_22_1 - GatorFarm_2025_04_22_12,,ANHI,1,,
9,4/22/2025,"A. Fussell, J. Mulling",Aerial,8:20,10:49,,Photograph Count,2,B. Mason,21,27.01733,81.06383,Gator Farm,GatorFarm_2025_04_22_1 - GatorFarm_2025_04_22_13,,SMDK,1,,
9,4/22/2025,"A. Fussell, J. Mulling",Aerial,8:20,10:49,,Photograph Count,2,B. Mason,20,26.97817,81.11929,Lakeport Marina,LakeportMarina_2025_04_22_1 - LakeportMarina_2025_04_22_10,,GREG,37,,
9,4/22/2025,"A. Fussell, J. Mulling",Aerial,8:20,10:49,,Photograph Count,2,B. Mason,20,26.97817,81.11929,Lakeport Marina,LakeportMarina_2025_04_22_1 - LakeportMarina_2025_04_22_10,,ANHI,1,,
9,4/22/2025,"A. Fussell, J. Mulling",Aerial,8:20,10:49,,Photograph Count,2,B. Mason,19,26.96225,81.0269,Rock Islands,RockIslands_2025_04_22_1 - RockIslands_2025_04_22_15,,GREG,5,,
9,4/22/2025,"A. Fussell, J. Mulling",Aerial,8:20,10:49,,Photograph Count,2,B. Mason,19,26.96225,81.0269,Rock Islands,RockIslands_2025_04_22_1 - RockIslands_2025_04_22_15,,SMWT,7,,
9,4/22/2025,"A. Fussell, J. Mulling",Aerial,8:20,10:49,,Photograph Count,2,B. Mason,19,26.96225,81.0269,Rock Islands,RockIslands_2025_04_22_1 - RockIslands_2025_04_22_15,,ROSP,3,,
9,4/22/2025,"A. Fussell, J. Mulling",Aerial,8:20,10:49,,Photograph Count,2,B. Mason,19,26.96225,81.0269,Rock Islands,RockIslands_2025_04_22_1 - RockIslands_2025_04_22_15,,SMDK,2,,
9,4/22/2025,"A. Fussell, J. Mulling",Aerial,8:20,10:49,,Photograph Count,2,B. Mason,18,26.91739,81.03,Moonshine Bay,MoonshineBay_2025_04_22_1 - MoonshineBay_2025_04_22_13,,WHIB,315,,
9,4/22/2025,"A. Fussell, J. Mulling",Aerial,8:20,10:49,,Photograph Count,2,B. Mason,18,26.91739,81.03,Moonshine Bay,MoonshineBay_2025_04_22_1 - MoonshineBay_2025_04_22_14,,GREG,11,,
9,4/22/2025,"A. Fussell, J. Mulling",Aerial,8:20,10:49,,Photograph Count,2,B. Mason,18,26.91739,81.03,Moonshine Bay,MoonshineBay_2025_04_22_1 - MoonshineBay_2025_04_22_15,,SMDK,1,,
9,4/22/2025,"A. Fussell, J. Mulling",Aerial,8:20,10:49,,Photograph Count,2,B. Mason,14,26.77465,80.9015,Clewiston Spit 2,ClewistonSpit2_2025_04_22_1 - ClewistonSpit2_2025_04_22_4,,WHIB,17,,
9,4/22/2025,"A. Fussell, J. Mulling",Aerial,8:20,10:49,,Photograph Count,2,B. Mason,14,26.77465,80.9015,Clewiston Spit 2,ClewistonSpit2_2025_04_22_1 - ClewistonSpit2_2025_04_22_4,,GREG,29,,
9,4/22/2025,"A. Fussell, J. Mulling",Aerial,8:20,10:49,,Photograph Count,2,B. Mason,14,26.77465,80.9015,Clewiston Spit,ClewistonSpit_2025_04_22_1 - ClewistonSpit2_2025_04_22_12,,WHIB,42,,
9,4/22/2025,"A. Fussell, J. Mulling",Aerial,8:20,10:49,,Photograph Count,2,B. Mason,14,26.77465,80.9015,Clewiston Spit,ClewistonSpit_2025_04_22_1 - ClewistonSpit2_2025_04_22_12,,GREG,38,,
9,4/22/2025,"A. Fussell, J. Mulling",Aerial,8:20,10:49,,Photograph Count,2,B. Mason,14,26.77465,80.9015,Clewiston Spit,ClewistonSpit_2025_04_22_1 - ClewistonSpit2_2025_04_22_12,,SNEG,35,,
9,4/22/2025,"A. Fussell, J. Mulling",Aerial,8:20,10:49,,Photograph Count,2,B. Mason,14,26.77465,80.9015,Clewiston Spit,ClewistonSpit_2025_04_22_1 - ClewistonSpit2_2025_04_22_12,,ROSP,5,,
9,4/22/2025,"A. Fussell, J. Mulling",Aerial,8:20,10:49,,Photograph Count,2,B. Mason,14,26.77465,80.9015,Clewiston Spit,ClewistonSpit_2025_04_22_1 - ClewistonSpit2_2025_04_22_12,,TRHE,1,,
9,4/22/2025,"A. Fussell, J. Mulling",Aerial,8:20,10:49,,Photograph Count,2,B. Mason,14,26.77465,80.9015,Clewiston Spit,ClewistonSpit_2025_04_22_1 - ClewistonSpit2_2025_04_22_12,,GBHE,2,,
9,4/22/2025,"A. Fussell, J. Mulling",Aerial,8:20,10:49,,Photograph Count,2,B. Mason,13,26.468089,80.422369,Pahokee,Pahokee_2025_04_22_1 - Pahokee_2025_04_22_22,,SNEG,23,,
9,4/22/2025,"A. Fussell, J. Mulling",Aerial,8:20,10:49,,Photograph Count,2,B. Mason,13,26.468089,80.422369,Pahokee,Pahokee_2025_04_22_1 - Pahokee_2025_04_22_22,,WHIB,22,,
9,4/22/2025,"A. Fussell, J. Mulling",Aerial,8:20,10:49,,Photograph Count,2,B. Mason,13,26.468089,80.422369,Pahokee,Pahokee_2025_04_22_1 - Pahokee_2025_04_22_22,,GREG,3,,
9,4/22/2025,"A. Fussell, J. Mulling",Aerial,8:20,10:49,,Photograph Count,2,B. Mason,13,26.468089,80.422369,Pahokee,Pahokee_2025_04_22_1 - Pahokee_2025_04_22_22,,SMDK,1,,
9,4/22/2025,"A. Fussell, J. Mulling",Aerial,8:20,10:49,,Photograph Count,2,B. Mason,13,26.468089,80.422369,Pahokee,Pahokee_2025_04_22_1 - Pahokee_2025_04_22_22,,CAEG,13,,
9,4/22/2025,"A. Fussell, J. Mulling",Aerial,8:20,10:49,,Photograph Count,2,B. Mason,12,26.434122,80.507113,Little Bear Beach,LittleBearBeach_2025_04_22_1 - Pahokee_2025_04_22_19,,WHIB,78,,
9,4/22/2025,"A. Fussell, J. Mulling",Aerial,8:20,10:49,,Photograph Count,2,B. Mason,12,26.434122,80.507113,Little Bear Beach,LittleBearBeach_2025_04_22_1 - Pahokee_2025_04_22_19,,GREG,24,,
9,4/22/2025,"A. Fussell, J. Mulling",Aerial,8:20,10:49,,Photograph Count,2,B. Mason,12,26.434122,80.507113,Little Bear Beach,LittleBearBeach_2025_04_22_1 - Pahokee_2025_04_22_19,,SNEG,19,,
9,4/22/2025,"A. Fussell, J. Mulling",Aerial,8:20,10:49,,Photograph Count,2,J. Mulling,14,26.77465,80.9015,Clewiston Spit,ClewistonSpit_2025_04_22_1 - ClewistonSpit2_2025_04_22_12,,WHIB,47,,
9,4/22/2025,"A. Fussell, J. Mulling",Aerial,8:20,10:49,,Photograph Count,2,J. Mulling,14,26.77465,80.9015,Clewiston Spit,ClewistonSpit_2025_04_22_1 - ClewistonSpit2_2025_04_22_13,,ROSP,5,,
9,4/22/2025,"A. Fussell, J. Mulling",Aerial,8:20,10:49,,Photograph Count,2,J. Mulling,14,26.77465,80.9015,Clewiston Spit,ClewistonSpit_2025_04_22_1 - ClewistonSpit2_2025_04_22_14,,TRHE,1,,
9,4/22/2025,"A. Fussell, J. Mulling",Aerial,8:20,10:49,,Photograph Count,2,J. Mulling,14,26.77465,80.9015,Clewiston Spit,ClewistonSpit_2025_04_22_1 - ClewistonSpit2_2025_04_22_15,,GREG,35,,
9,4/22/2025,"A. Fussell, J. Mulling",Aerial,8:20,10:49,,Photograph Count,2,J. Mulling,14,26.77465,80.9015,Clewiston Spit,ClewistonSpit_2025_04_22_1 - ClewistonSpit2_2025_04_22_16,,SNEG,34,,
9,4/22/2025,"A. Fussell, J. Mulling",Aerial,8:20,10:49,,Photograph Count,2,J. Mulling,14,26.77465,80.9015,Clewiston Spit,ClewistonSpit_2025_04_22_1 - ClewistonSpit2_2025_04_22_17,,GBHE,2,,
9,4/22/2025,"A. Fussell, J. Mulling",Aerial,8:20,10:49,,Photograph Count,2,J. Mulling,14,26.77465,80.9015,Clewiston Spit 2,ClewistonSpit2_2025_04_22_1 - ClewistonSpit2_2025_04_22_4,,WHIB,16,,
9,4/22/2025,"A. Fussell, J. Mulling",Aerial,8:20,10:49,,Photograph Count,2,J. Mulling,14,26.77465,80.9015,Clewiston Spit 2,ClewistonSpit2_2025_04_22_1 - ClewistonSpit2_2025_04_22_4,,GREG,32,,
9,4/22/2025,"A. Fussell, J. Mulling",Aerial,8:20,10:49,,Photograph Count,2,A. Fussell,22,27.1725,80.83765,Eagle Bay Island,EagleBayIsland_2025_04_22_1 - EagleBayIsland_2025_04_22_14,,WHIB,470,,
9,4/22/2025,"A. Fussell, J. Mulling",Aerial,8:20,10:49,,Photograph Count,2,A. Fussell,22,27.1725,80.83765,Eagle Bay Island,EagleBayIsland_2025_04_22_1 - EagleBayIsland_2025_04_22_14,,SMDK,1,,
9,4/22/2025,"A. Fussell, J. Mulling",Aerial,8:20,10:49,,Photograph Count,2,A. Fussell,22,27.1725,80.83765,Eagle Bay Island,EagleBayIsland_2025_04_22_1 - EagleBayIsland_2025_04_22_14,,GREG,5,,
9,4/22/2025,"A. Fussell, J. Mulling",Aerial,8:20,10:49,,Photograph Count,2,A. Fussell,22,27.1725,80.83765,Eagle Bay Island,EagleBayIsland_2025_04_22_1 - EagleBayIsland_2025_04_22_14,,SNEG,40,,
9,4/22/2025,"A. Fussell, J. Mulling",Aerial,8:20,10:49,,Photograph Count,2,A. Fussell,21,27.01733,81.06383,Gator Farm,GatorFarm_2025_04_22_1 - GatorFarm_2025_04_22_10,,GREG,27,,
9,4/22/2025,"A. Fussell, J. Mulling",Aerial,8:20,10:49,,Photograph Count,2,A. Fussell,21,27.01733,81.06383,Gator Farm,GatorFarm_2025_04_22_1 - GatorFarm_2025_04_22_10,,SNEG,21,,
9,4/22/2025,"A. Fussell, J. Mulling",Aerial,8:20,10:49,,Photograph Count,2,A. Fussell,21,27.01733,81.06383,Gator Farm,GatorFarm_2025_04_22_1 - GatorFarm_2025_04_22_10,,ANHI,1,,
9,4/22/2025,"A. Fussell, J. Mulling",Aerial,8:20,10:49,,Photograph Count,2,A. Fussell,21,27.01733,81.06383,Gator Farm,GatorFarm_2025_04_22_1 - GatorFarm_2025_04_22_10,,GLIB,2,,
9,4/22/2025,"A. Fussell, J. Mulling",Aerial,8:20,10:49,,Photograph Count,2,A. Fussell,20,26.97817,81.11929,Lakeport Marina,LakeportMarina_2025_04_22_1 - LakeportMarina_2025_04_22_10,,GREG,40,,
9,4/22/2025,"A. Fussell, J. Mulling",Aerial,8:20,10:49,,Photograph Count,2,A. Fussell,20,26.97817,81.11929,Lakeport Marina,LakeportMarina_2025_04_22_1 - LakeportMarina_2025_04_22_10,,ANHI,1,,
9,4/22/2025,"A. Fussell, J. Mulling",Aerial,8:20,10:49,,Photograph Count,2,A. Fussell,12,26.72354,80.84519,Little Bear Beach,LittleBearBeach_2025_04_22_1 - Pahokee_2025_04_22_19,,WHIB,230,,
9,4/22/2025,"A. Fussell, J. Mulling",Aerial,8:20,10:49,,Photograph Count,2,A. Fussell,12,26.72354,80.84519,Little Bear Beach,LittleBearBeach_2025_04_22_1 - Pahokee_2025_04_22_19,,GREG,34,,
9,4/22/2025,"A. Fussell, J. Mulling",Aerial,8:20,10:49,,Photograph Count,2,A. Fussell,12,26.72354,80.84519,Little Bear Beach,LittleBearBeach_2025_04_22_1 - Pahokee_2025_04_22_19,,SNEG,32,,
9,4/22/2025,"A. Fussell, J. Mulling",Aerial,8:20,10:49,,Photograph Count,2,A. Fussell,12,26.72354,80.84519,Little Bear Beach,LittleBearBeach_2025_04_22_1 - Pahokee_2025_04_22_19,,GLIB,30,,
9,4/22/2025,"A. Fussell, J. Mulling",Aerial,8:20,10:49,,Photograph Count,2,A. Fussell,18,26.91739,81.03,Moonshine Bay,MoonshineBay_2025_04_22_1 - MoonshineBay_2025_04_22_13,,WHIB,400,,
9,4/22/2025,"A. Fussell, J. Mulling",Aerial,8:20,10:49,,Photograph Count,2,A. Fussell,18,26.91739,81.03,Moonshine Bay,MoonshineBay_2025_04_22_1 - MoonshineBay_2025_04_22_13,,GLIB,90,,
9,4/22/2025,"A. Fussell, J. Mulling",Aerial,8:20,10:49,,Photograph Count,2,A. Fussell,18,26.91739,81.03,Moonshine Bay,MoonshineBay_2025_04_22_1 - MoonshineBay_2025_04_22_13,,GREG,9,,
9,4/22/2025,"A. Fussell, J. Mulling",Aerial,8:20,10:49,,Photograph Count,2,A. Fussell,19,26.96225,81.0269,Rock Islands,RockIslands_2025_04_22_1 - RockIslands_2025_04_22_15,,SMWT,14,,
9,4/22/2025,"A. Fussell, J. Mulling",Aerial,8:20,10:49,,Photograph Count,2,A. Fussell,19,26.96225,81.0269,Rock Islands,RockIslands_2025_04_22_1 - RockIslands_2025_04_22_15,,GREG,3,,
9,4/22/2025,"A. Fussell, J. Mulling",Aerial,8:20,10:49,,Photograph Count,2,A. Fussell,19,26.96225,81.0269,Rock Islands,RockIslands_2025_04_22_1 - RockIslands_2025_04_22_15,,ROSP,3,,
9,4/22/2025,"A. Fussell, J. Mulling",Aerial,8:20,10:49,,Photograph Count,2,A. Fussell,19,26.96225,81.0269,Rock Islands,RockIslands_2025_04_22_1 - RockIslands_2025_04_22_15,,SMDK,2,,
9,4/22/2025,"A. Fussell, J. Mulling",Aerial,8:20,10:49,,Photograph Count,2,A. Fussell,13,26.468089,80.422369,Pahokee,Pahokee_2025_04_22_1 - Pahokee_2025_04_22_22,,TRHE,4,,
9,4/22/2025,"A. Fussell, J. Mulling",Aerial,8:20,10:49,,Photograph Count,2,A. Fussell,13,26.468089,80.422369,Pahokee,Pahokee_2025_04_22_1 - Pahokee_2025_04_22_22,,SNEG,33,,
9,4/22/2025,"A. Fussell, J. Mulling",Aerial,8:20,10:49,,Photograph Count,2,A. Fussell,13,26.468089,80.422369,Pahokee,Pahokee_2025_04_22_1 - Pahokee_2025_04_22_22,,WHIB,37,,
9,4/22/2025,"A. Fussell, J. Mulling",Aerial,8:20,10:49,,Photograph Count,2,A. Fussell,13,26.468089,80.422369,Pahokee,Pahokee_2025_04_22_1 - Pahokee_2025_04_22_22,,GREG,3,,
9,4/22/2025,"A. Fussell, J. Mulling",Aerial,8:20,10:49,,Photograph Count,2,A. Fussell,13,26.468089,80.422369,Pahokee,Pahokee_2025_04_22_1 - Pahokee_2025_04_22_22,,SMDK,4,,
9,4/22/2025,"A. Fussell, J. Mulling",Aerial,8:20,10:49,,Photograph Count,2,A. Fussell,13,26.468089,80.422369,Pahokee,Pahokee_2025_04_22_1 - Pahokee_2025_04_22_22,,CAEG,15,,
10,5/13/2025,"A. Fussell, M. Marquis, Volunteer",Aerial,9:52,12:20,Volunteer is Garcy from the FLREC aquatic plants lab,Aerial Count,1,M. Marquis,23,26.72121,80.84225,Little Bear Beach,17-Jan,3 ROSP flying over; UNK = GREG or WHIB,UNKN,50,125,
10,5/13/2025,"A. Fussell, M. Marquis, Volunteer",Aerial,9:52,12:20,Volunteer is Garcy from the FLREC aquatic plants lab,Aerial Count,1,M. Marquis,24,26.77306,80.6975,Pahokee,18-25,UNK = GREG or WHIB,UNKN,80,,
10,5/13/2025,"A. Fussell, M. Marquis, Volunteer",Aerial,9:52,12:20,Volunteer is Garcy from the FLREC aquatic plants lab,Aerial Count,1,M. Marquis,25,26.77799,80.89818,Clewiston Spit,36-66,UNK = GREG/WHIB/GLIB/SNEG,UNKN,250,,
10,5/13/2025,"A. Fussell, M. Marquis, Volunteer",Aerial,9:52,12:20,Volunteer is Garcy from the FLREC aquatic plants lab,Aerial Count,1,M. Marquis,25,26.77799,80.89818,Clewiston Spit,36-66,,ROSP,2,,
10,5/13/2025,"A. Fussell, M. Marquis, Volunteer",Aerial,9:52,12:20,Volunteer is Garcy from the FLREC aquatic plants lab,Aerial Count,1,M. Marquis,26,26.77224,80.90241,Clewiston Spit 2,67-87,UNK = white birds,UNKN,60,,
10,5/13/2025,"A. Fussell, M. Marquis, Volunteer",Aerial,9:52,12:20,Volunteer is Garcy from the FLREC aquatic plants lab,Aerial Count,1,M. Marquis,27,26.78775,81.1062,Lake Hicpochee,88-89,UNK = white birds,UNKN,33,,
10,5/13/2025,"A. Fussell, M. Marquis, Volunteer",Aerial,9:52,12:20,Volunteer is Garcy from the FLREC aquatic plants lab,Aerial Count,1,M. Marquis,28,26.8959,81.12725,Gun Range,100-111,"UNK = 8 white, 1 gray",UNKN,9,,
10,5/13/2025,"A. Fussell, M. Marquis, Volunteer",Aerial,9:52,12:20,Volunteer is Garcy from the FLREC aquatic plants lab,Aerial Count,1,M. Marquis,29,26.90979,81.02355,Moonshiny Bay,112-139,"UNK = WHIB, GLIB, GREG",UNKN,80,,
10,5/13/2025,"A. Fussell, M. Marquis, Volunteer",Aerial,9:52,12:20,Volunteer is Garcy from the FLREC aquatic plants lab,Aerial Count,1,M. Marquis,30,26.96423,81.03269,Rock Islands,140-172,"UNK = WHIB, GREG, SNEG",UNKN,250,,
10,5/13/2025,"A. Fussell, M. Marquis, Volunteer",Aerial,9:52,12:20,Volunteer is Garcy from the FLREC aquatic plants lab,Aerial Count,1,M. Marquis,31,26.97847,81.11571,Lakeport Marina,173-185,,UNKN,60,,
10,5/13/2025,"A. Fussell, M. Marquis, Volunteer",Aerial,9:52,12:20,Volunteer is Garcy from the FLREC aquatic plants lab,Aerial Count,1,M. Marquis,32,27.01694,81.06118,Gator Farm,186-198,,UNKN,50,,
10,5/13/2025,"A. Fussell, M. Marquis, Volunteer",Aerial,9:52,12:20,Volunteer is Garcy from the FLREC aquatic plants lab,Aerial Count,1,Volunteer,23,26.72121,80.84225,Little Bear Beach,17-Jan,,GREG,50,,
10,5/13/2025,"A. Fussell, M. Marquis, Volunteer",Aerial,9:52,12:20,Volunteer is Garcy from the FLREC aquatic plants lab,Aerial Count,1,Volunteer,23,26.72121,80.84225,Little Bear Beach,17-Jan,3 ROSP flying over not nesting,WHIB,50,,
10,5/13/2025,"A. Fussell, M. Marquis, Volunteer",Aerial,9:52,12:20,Volunteer is Garcy from the FLREC aquatic plants lab,Aerial Count,1,Volunteer,24,26.77306,80.6975,Pahokee,18-35,,GREG,20,,
10,5/13/2025,"A. Fussell, M. Marquis, Volunteer",Aerial,9:52,12:20,Volunteer is Garcy from the FLREC aquatic plants lab,Aerial Count,1,Volunteer,24,26.77306,80.6975,Pahokee,18-35,,WHIB,30,,
10,5/13/2025,"A. Fussell, M. Marquis, Volunteer",Aerial,9:52,12:20,Volunteer is Garcy from the FLREC aquatic plants lab,Aerial Count,1,Volunteer,24,26.77306,80.6975,Pahokee,18-35,,TRHE,5,,
10,5/13/2025,"A. Fussell, M. Marquis, Volunteer",Aerial,9:52,12:20,Volunteer is Garcy from the FLREC aquatic plants lab,Aerial Count,1,Volunteer,25,26.77799,80.89818,Clewiston Spit,36-66,UNK = GREG/WHIB ,UNKN,250,,
10,5/13/2025,"A. Fussell, M. Marquis, Volunteer",Aerial,9:52,12:20,Volunteer is Garcy from the FLREC aquatic plants lab,Aerial Count,1,Volunteer,25,26.77799,80.89818,Clewiston Spit,36-66,UNK = GREG/WHIB ,ROSP,2,,
10,5/13/2025,"A. Fussell, M. Marquis, Volunteer",Aerial,9:52,12:20,Volunteer is Garcy from the FLREC aquatic plants lab,Aerial Count,1,Volunteer,26,26.77224,80.90241,Clewiston Spit 2,67-87,UNK = GREG/WHIB,UNKN,55,,
10,5/13/2025,"A. Fussell, M. Marquis, Volunteer",Aerial,9:52,12:20,Volunteer is Garcy from the FLREC aquatic plants lab,Aerial Count,1,Volunteer,26,26.77224,80.90241,Clewiston Spit 2,67-87,,ROSP,2,,
10,5/13/2025,"A. Fussell, M. Marquis, Volunteer",Aerial,9:52,12:20,Volunteer is Garcy from the FLREC aquatic plants lab,Aerial Count,1,Volunteer,27,26.78775,81.1062,Lake Hicpochee,88-89,UNK = GREG/WHIB,UNKN,25,,
10,5/13/2025,"A. Fussell, M. Marquis, Volunteer",Aerial,9:52,12:20,Volunteer is Garcy from the FLREC aquatic plants lab,Aerial Count,1,Volunteer,28,26.8959,81.12725,Gun Range,100-111,UNK = GREG/WHIB,UNKN,15,,
10,5/13/2025,"A. Fussell, M. Marquis, Volunteer",Aerial,9:52,12:20,Volunteer is Garcy from the FLREC aquatic plants lab,Aerial Count,1,Volunteer,29,26.90979,81.02355,Moonshine Bay,112-139,UNK = GREG/WHIB,UNKN,100,,
10,5/13/2025,"A. Fussell, M. Marquis, Volunteer",Aerial,9:52,12:20,Volunteer is Garcy from the FLREC aquatic plants lab,Aerial Count,1,Volunteer,29,26.90979,81.02355,Moonshine Bay,112-139,UNK = GREG/WHIB,GLIB,10,,
10,5/13/2025,"A. Fussell, M. Marquis, Volunteer",Aerial,9:52,12:20,Volunteer is Garcy from the FLREC aquatic plants lab,Aerial Count,1,Volunteer,30,26.96423,81.03269,Rock Islands,140-172,UNK = GREG/WHIB/SNEG,UNKN,250,,
10,5/13/2025,"A. Fussell, M. Marquis, Volunteer",Aerial,9:52,12:20,Volunteer is Garcy from the FLREC aquatic plants lab,Aerial Count,1,Volunteer,30,26.96423,81.03269,Rock Islands,140-172,UNK = GREG/WHIB/SNEG,ROSP,30,,
10,5/13/2025,"A. Fussell, M. Marquis, Volunteer",Aerial,9:52,12:20,Volunteer is Garcy from the FLREC aquatic plants lab,Aerial Count,1,Volunteer,31,26.97847,81.11571,Lakeport Marina,173-185,,GREG,20,,
10,5/13/2025,"A. Fussell, M. Marquis, Volunteer",Aerial,9:52,12:20,Volunteer is Garcy from the FLREC aquatic plants lab,Aerial Count,1,Volunteer,31,26.97847,81.11571,Lakeport Marina,173-185,,WHIB,25,,
10,5/13/2025,"A. Fussell, M. Marquis, Volunteer",Aerial,9:52,12:20,Volunteer is Garcy from the FLREC aquatic plants lab,Aerial Count,1,Volunteer,32,27.01694,81.06118,Gator Farm,186-198,UNK=GREG/WHIB,UNKN,35,,
10,5/13/2025,"A. Fussell, M. Marquis, Volunteer",Aerial,9:52,12:20,Volunteer is Garcy from the FLREC aquatic plants lab,Aerial Count,1,A. Fussell,23,26.72121,80.84225,Little Bear Beach,17-Jan,,WHIB,200,,
10,5/13/2025,"A. Fussell, M. Marquis, Volunteer",Aerial,9:52,12:20,Volunteer is Garcy from the FLREC aquatic plants lab,Aerial Count,1,A. Fussell,23,26.72121,80.84225,Little Bear Beach,17-Jan,,GREG,50,,
10,5/13/2025,"A. Fussell, M. Marquis, Volunteer",Aerial,9:52,12:20,Volunteer is Garcy from the FLREC aquatic plants lab,Aerial Count,1,A. Fussell,24,26.77306,80.6975,Pahokee,18-35,,WHIB,25,,
10,5/13/2025,"A. Fussell, M. Marquis, Volunteer",Aerial,9:52,12:20,Volunteer is Garcy from the FLREC aquatic plants lab,Aerial Count,1,A. Fussell,24,26.77306,80.6975,Pahokee,18-35,,GREG,10,,
10,5/13/2025,"A. Fussell, M. Marquis, Volunteer",Aerial,9:52,12:20,Volunteer is Garcy from the FLREC aquatic plants lab,Aerial Count,1,A. Fussell,24,26.77306,80.6975,Pahokee,18-35,,TRHE,1,,
10,5/13/2025,"A. Fussell, M. Marquis, Volunteer",Aerial,9:52,12:20,Volunteer is Garcy from the FLREC aquatic plants lab,Aerial Count,1,A. Fussell,25,26.77799,80.89818,Clewiston Spit,36-66,,ROSP,5,,
10,5/13/2025,"A. Fussell, M. Marquis, Volunteer",Aerial,9:52,12:20,Volunteer is Garcy from the FLREC aquatic plants lab,Aerial Count,1,A. Fussell,25,26.77799,80.89818,Clewiston Spit,36-66,,WHIB,50,,
10,5/13/2025,"A. Fussell, M. Marquis, Volunteer",Aerial,9:52,12:20,Volunteer is Garcy from the FLREC aquatic plants lab,Aerial Count,1,A. Fussell,25,26.77799,80.89818,Clewiston Spit,36-66,,SNEG,20,,
10,5/13/2025,"A. Fussell, M. Marquis, Volunteer",Aerial,9:52,12:20,Volunteer is Garcy from the FLREC aquatic plants lab,Aerial Count,1,A. Fussell,25,26.77799,80.89818,Clewiston Spit,36-66,,GREG,25,,
10,5/13/2025,"A. Fussell, M. Marquis, Volunteer",Aerial,9:52,12:20,Volunteer is Garcy from the FLREC aquatic plants lab,Aerial Count,1,A. Fussell,25,26.77799,80.89818,Clewiston Spit,36-66,,GLIB,5,,
10,5/13/2025,"A. Fussell, M. Marquis, Volunteer",Aerial,9:52,12:20,Volunteer is Garcy from the FLREC aquatic plants lab,Aerial Count,1,A. Fussell,26,26.77224,80.90241,Clewiston Spit 2,67-87,,WHIB,100,,
10,5/13/2025,"A. Fussell, M. Marquis, Volunteer",Aerial,9:52,12:20,Volunteer is Garcy from the FLREC aquatic plants lab,Aerial Count,1,A. Fussell,26,26.77224,80.90241,Clewiston Spit 2,67-87,,GREG,20,,
10,5/13/2025,"A. Fussell, M. Marquis, Volunteer",Aerial,9:52,12:20,Volunteer is Garcy from the FLREC aquatic plants lab,Aerial Count,1,A. Fussell,27,26.78775,81.1062,Lake Hicpochee,88-99,,GREG,30,,
10,5/13/2025,"A. Fussell, M. Marquis, Volunteer",Aerial,9:52,12:20,Volunteer is Garcy from the FLREC aquatic plants lab,Aerial Count,1,A. Fussell,27,26.78775,81.1062,Lake Hicpochee,88-99,,WHIB,20,,
10,5/13/2025,"A. Fussell, M. Marquis, Volunteer",Aerial,9:52,12:20,Volunteer is Garcy from the FLREC aquatic plants lab,Aerial Count,1,A. Fussell,28,26.8959,81.12725,Gun Range,100-111,,GREG,5,,
10,5/13/2025,"A. Fussell, M. Marquis, Volunteer",Aerial,9:52,12:20,Volunteer is Garcy from the FLREC aquatic plants lab,Aerial Count,1,A. Fussell,29,26.90979,81.02355,Moonshine Bay,112-139,,WHIB,200,,
10,5/13/2025,"A. Fussell, M. Marquis, Volunteer",Aerial,9:52,12:20,Volunteer is Garcy from the FLREC aquatic plants lab,Aerial Count,1,A. Fussell,29,26.90979,81.02355,Moonshine Bay,112-139,,GLIB,5,,
10,5/13/2025,"A. Fussell, M. Marquis, Volunteer",Aerial,9:52,12:20,Volunteer is Garcy from the FLREC aquatic plants lab,Aerial Count,1,A. Fussell,29,26.90979,81.02355,Moonshine Bay,112-139,,GREG,2,,
10,5/13/2025,"A. Fussell, M. Marquis, Volunteer",Aerial,9:52,12:20,Volunteer is Garcy from the FLREC aquatic plants lab,Aerial Count,1,A. Fussell,30,26.96423,81.03269,Rock Islands,140-172,,GREG,50,,
10,5/13/2025,"A. Fussell, M. Marquis, Volunteer",Aerial,9:52,12:20,Volunteer is Garcy from the FLREC aquatic plants lab,Aerial Count,1,A. Fussell,30,26.96423,81.03269,Rock Islands,140-172,,WHIB,200,,
10,5/13/2025,"A. Fussell, M. Marquis, Volunteer",Aerial,9:52,12:20,Volunteer is Garcy from the FLREC aquatic plants lab,Aerial Count,1,A. Fussell,30,26.96423,81.03269,Rock Islands,140-172,,SNEG,50,,
10,5/13/2025,"A. Fussell, M. Marquis, Volunteer",Aerial,9:52,12:20,Volunteer is Garcy from the FLREC aquatic plants lab,Aerial Count,1,A. Fussell,31,26.97847,81.11571,Lakeport Marina,173-185,,GREG,25,,
10,5/13/2025,"A. Fussell, M. Marquis, Volunteer",Aerial,9:52,12:20,Volunteer is Garcy from the FLREC aquatic plants lab,Aerial Count,1,A. Fussell,31,26.97847,81.11571,Lakeport Marina,173-185,,WHIB,25,,
10,5/13/2025,"A. Fussell, M. Marquis, Volunteer",Aerial,9:52,12:20,Volunteer is Garcy from the FLREC aquatic plants lab,Aerial Count,1,A. Fussell,32,27.01694,81.06118,Gator Farm,186-198,,GREG,40,,
10,5/13/2025,"A. Fussell, M. Marquis, Volunteer",Aerial,9:52,12:20,Volunteer is Garcy from the FLREC aquatic plants lab,Aerial Count,1,B. Mason,Clewiston Spit,26.77799,80.89818,Clewiston Spit,ClewistonSpit_2025_05_13_1 - ClewistonSpit_2025_05_13_31,"Many birds present, but few active nests",TRHE,1,,
10,5/13/2025,"A. Fussell, M. Marquis, Volunteer",Aerial,9:52,12:20,Volunteer is Garcy from the FLREC aquatic plants lab,Aerial Count,1,B. Mason,Clewiston Spit,26.77799,80.89818,Clewiston Spit,ClewistonSpit_2025_05_13_1 - ClewistonSpit_2025_05_13_32,"Many birds present, but few active nests",SNEG,25,,
10,5/13/2025,"A. Fussell, M. Marquis, Volunteer",Aerial,9:52,12:20,Volunteer is Garcy from the FLREC aquatic plants lab,Aerial Count,1,B. Mason,Clewiston Spit,26.77799,80.89818,Clewiston Spit,ClewistonSpit_2025_05_13_1 - ClewistonSpit_2025_05_13_33,"Many birds present, but few active nests",WHIB,2,,
10,5/13/2025,"A. Fussell, M. Marquis, Volunteer",Aerial,9:52,12:20,Volunteer is Garcy from the FLREC aquatic plants lab,Aerial Count,1,B. Mason,Clewiston Spit,26.77799,80.89818,Clewiston Spit,ClewistonSpit_2025_05_13_1 - ClewistonSpit_2025_05_13_34,"Many birds present, but few active nests",GREG,3,,
10,5/13/2025,"A. Fussell, M. Marquis, Volunteer",Aerial,9:52,12:20,Volunteer is Garcy from the FLREC aquatic plants lab,Aerial Count,1,B. Mason,Clewiston Spit,26.77799,80.89818,Clewiston Spit,ClewistonSpit_2025_05_13_1 - ClewistonSpit_2025_05_13_35,"Many birds present, but few active nests",SMDK,1,,
10,5/13/2025,"A. Fussell, M. Marquis, Volunteer",Aerial,9:52,12:20,Volunteer is Garcy from the FLREC aquatic plants lab,Aerial Count,1,B. Mason,Clewiston Spit 2,26.77224,80.90241,Clewiston Spit 2,ClewistonSpit2_2025_05_13_1 - ClewistonSpit2_2025_05_13_21,"Many birds present, but few active nests",SNEG,17,,
10,5/13/2025,"A. Fussell, M. Marquis, Volunteer",Aerial,9:52,12:20,Volunteer is Garcy from the FLREC aquatic plants lab,Aerial Count,1,B. Mason,Clewiston Spit 2,26.77224,80.90241,Clewiston Spit 2,ClewistonSpit2_2025_05_13_1 - ClewistonSpit2_2025_05_13_21,"Many birds present, but few active nests",WHIB,10,,
10,5/13/2025,"A. Fussell, M. Marquis, Volunteer",Aerial,9:52,12:20,Volunteer is Garcy from the FLREC aquatic plants lab,Aerial Count,1,B. Mason,Clewiston Spit 2,26.77224,80.90241,Clewiston Spit 2,ClewistonSpit2_2025_05_13_1 - ClewistonSpit2_2025_05_13_21,"Many birds present, but few active nests",GREG,39,,
10,5/13/2025,"A. Fussell, M. Marquis, Volunteer",Aerial,9:52,12:20,Volunteer is Garcy from the FLREC aquatic plants lab,Aerial Count,1,B. Mason,Clewiston Spit 2,26.77224,80.90241,Clewiston Spit 2,ClewistonSpit2_2025_05_13_1 - ClewistonSpit2_2025_05_13_21,"Many birds present, but few active nests",SMWT,1,,
10,5/13/2025,"A. Fussell, M. Marquis, Volunteer",Aerial,9:52,12:20,Volunteer is Garcy from the FLREC aquatic plants lab,Aerial Count,1,B. Mason,Clewiston Spit 2,26.77224,80.90241,Clewiston Spit 2,ClewistonSpit2_2025_05_13_1 - ClewistonSpit2_2025_05_13_21,"Many birds present, but few active nests",GBHE,1,,
10,5/13/2025,"A. Fussell, M. Marquis, Volunteer",Aerial,9:52,12:20,Volunteer is Garcy from the FLREC aquatic plants lab,Aerial Count,1,B. Mason,Clewiston Spit 2,26.77224,80.90241,Clewiston Spit 2,ClewistonSpit2_2025_05_13_1 - ClewistonSpit2_2025_05_13_21,"Many birds present, but few active nests",CAEG,2,,
10,5/13/2025,"A. Fussell, M. Marquis, Volunteer",Aerial,9:52,12:20,Volunteer is Garcy from the FLREC aquatic plants lab,Aerial Count,1,B. Mason,Gator Farm,27.01694,81.06118,Gator Farm,GatorFarm_2025_05_13_1 - GatorFarm_2025_05_13_13,,GREG,18,,
10,5/13/2025,"A. Fussell, M. Marquis, Volunteer",Aerial,9:52,12:20,Volunteer is Garcy from the FLREC aquatic plants lab,Aerial Count,1,B. Mason,Gator Farm,27.01694,81.06118,Gator Farm,GatorFarm_2025_05_13_1 - GatorFarm_2025_05_13_13,,SNEG,2,,
10,5/13/2025,"A. Fussell, M. Marquis, Volunteer",Aerial,9:52,12:20,Volunteer is Garcy from the FLREC aquatic plants lab,Aerial Count,1,B. Mason,Gator Farm,27.01694,81.06118,Gator Farm,GatorFarm_2025_05_13_1 - GatorFarm_2025_05_13_13,,LBHE,1,,
10,5/13/2025,"A. Fussell, M. Marquis, Volunteer",Aerial,9:52,12:20,Volunteer is Garcy from the FLREC aquatic plants lab,Aerial Count,1,B. Mason,Gun Range,26.8959,81.12725,Gun Range,GunRange_2025_05_13_1 - GunRange_2025_05_13_12,,SNEG,2,,
10,5/13/2025,"A. Fussell, M. Marquis, Volunteer",Aerial,9:52,12:20,Volunteer is Garcy from the FLREC aquatic plants lab,Aerial Count,1,B. Mason,Gun Range,26.8959,81.12725,Gun Range,GunRange_2025_05_13_1 - GunRange_2025_05_13_12,,CAEG,3,,
10,5/13/2025,"A. Fussell, M. Marquis, Volunteer",Aerial,9:52,12:20,Volunteer is Garcy from the FLREC aquatic plants lab,Aerial Count,1,B. Mason,Gun Range,26.8959,81.12725,Gun Range,GunRange_2025_05_13_1 - GunRange_2025_05_13_12,,ANHI,2,,
10,5/13/2025,"A. Fussell, M. Marquis, Volunteer",Aerial,9:52,12:20,Volunteer is Garcy from the FLREC aquatic plants lab,Aerial Count,1,B. Mason,Lakeport Marina,26.97847,81.11571,Lakeport Marina,LakeportMarina_2025_05_13_1 - LakeportMarina_2025_05_13_13,"Many birds present, but few active nests",GREG,7,,
10,5/13/2025,"A. Fussell, M. Marquis, Volunteer",Aerial,9:52,12:20,Volunteer is Garcy from the FLREC aquatic plants lab,Aerial Count,1,B. Mason,Lakeport Marina,26.97847,81.11571,Lakeport Marina,LakeportMarina_2025_05_13_1 - LakeportMarina_2025_05_13_13,"Many birds present, but few active nests",WHIB,14,,
10,5/13/2025,"A. Fussell, M. Marquis, Volunteer",Aerial,9:52,12:20,Volunteer is Garcy from the FLREC aquatic plants lab,Aerial Count,1,B. Mason,Lakeport Marina,26.97847,81.11571,Lakeport Marina,LakeportMarina_2025_05_13_1 - LakeportMarina_2025_05_13_13,"Many birds present, but few active nests",ANHI,2,,
10,5/13/2025,"A. Fussell, M. Marquis, Volunteer",Aerial,9:52,12:20,Volunteer is Garcy from the FLREC aquatic plants lab,Aerial Count,1,B. Mason,Little Bear Beach,26.72121,80.84225,Little Bear Beach,LittleBearBeach_2025_05_13_1 - LittleBearBeach_2025_05_13_11,"Many birds present, but few active nests",WHIB,7,,
10,5/13/2025,"A. Fussell, M. Marquis, Volunteer",Aerial,9:52,12:20,Volunteer is Garcy from the FLREC aquatic plants lab,Aerial Count,1,B. Mason,Little Bear Beach,26.72121,80.84225,Little Bear Beach,LittleBearBeach_2025_05_13_1 - LittleBearBeach_2025_05_13_11,"Many birds present, but few active nests",GREG,15,,
10,5/13/2025,"A. Fussell, M. Marquis, Volunteer",Aerial,9:52,12:20,Volunteer is Garcy from the FLREC aquatic plants lab,Aerial Count,1,B. Mason,Little Bear Beach,26.72121,80.84225,Little Bear Beach,LittleBearBeach_2025_05_13_1 - LittleBearBeach_2025_05_13_11,"Many birds present, but few active nests",SNEG,4,,
10,5/13/2025,"A. Fussell, M. Marquis, Volunteer",Aerial,9:52,12:20,Volunteer is Garcy from the FLREC aquatic plants lab,Aerial Count,1,B. Mason,Little Bear Beach,26.72121,80.84225,Little Bear Beach,LittleBearBeach_2025_05_13_1 - LittleBearBeach_2025_05_13_11,"Many birds present, but few active nests",GLIB,1,,
10,5/13/2025,"A. Fussell, M. Marquis, Volunteer",Aerial,9:52,12:20,Volunteer is Garcy from the FLREC aquatic plants lab,Aerial Count,1,B. Mason,Moonshine Bay,26.90979,81.02355,Moonshine Bay,MoonshineBay_2025_05_13_1 - MoonshineBay_2025_05_13_28,,ANHI,10,,
10,5/13/2025,"A. Fussell, M. Marquis, Volunteer",Aerial,9:52,12:20,Volunteer is Garcy from the FLREC aquatic plants lab,Aerial Count,1,B. Mason,Moonshine Bay,26.90979,81.02355,Moonshine Bay,MoonshineBay_2025_05_13_1 - MoonshineBay_2025_05_13_28,,SMDK,1,,
10,5/13/2025,"A. Fussell, M. Marquis, Volunteer",Aerial,9:52,12:20,Volunteer is Garcy from the FLREC aquatic plants lab,Aerial Count,1,B. Mason,Moonshine Bay,26.90979,81.02355,Moonshine Bay,MoonshineBay_2025_05_13_1 - MoonshineBay_2025_05_13_28,,SMWT,1,,
10,5/13/2025,"A. Fussell, M. Marquis, Volunteer",Aerial,9:52,12:20,Volunteer is Garcy from the FLREC aquatic plants lab,Aerial Count,1,B. Mason,Moonshine Bay,26.90979,81.02355,Moonshine Bay,MoonshineBay_2025_05_13_1 - MoonshineBay_2025_05_13_28,,SNEG,1,,
10,5/13/2025,"A. Fussell, M. Marquis, Volunteer",Aerial,9:52,12:20,Volunteer is Garcy from the FLREC aquatic plants lab,Aerial Count,1,B. Mason,Moonshine Bay,26.90979,81.02355,Moonshine Bay,MoonshineBay_2025_05_13_1 - MoonshineBay_2025_05_13_28,,WHIB,24,,
10,5/13/2025,"A. Fussell, M. Marquis, Volunteer",Aerial,9:52,12:20,Volunteer is Garcy from the FLREC aquatic plants lab,Aerial Count,1,B. Mason,Moonshine Bay,26.90979,81.02355,Moonshine Bay,MoonshineBay_2025_05_13_1 - MoonshineBay_2025_05_13_28,,GBHE,3,,
10,5/13/2025,"A. Fussell, M. Marquis, Volunteer",Aerial,9:52,12:20,Volunteer is Garcy from the FLREC aquatic plants lab,Aerial Count,1,B. Mason,Moonshine Bay,26.90979,81.02355,Moonshine Bay,MoonshineBay_2025_05_13_1 - MoonshineBay_2025_05_13_28,,GREG,4,,
10,5/13/2025,"A. Fussell, M. Marquis, Volunteer",Aerial,9:52,12:20,Volunteer is Garcy from the FLREC aquatic plants lab,Aerial Count,1,B. Mason,New Colony,26.78775,81.1062,Lake Hicpochee,LakeHicopochee_2025_05_13_1 - LakeHicopochee_2025_05_13_12,,GREG,6,,
10,5/13/2025,"A. Fussell, M. Marquis, Volunteer",Aerial,9:52,12:20,Volunteer is Garcy from the FLREC aquatic plants lab,Aerial Count,1,B. Mason,New Colony,26.78775,81.1062,Lake Hicpochee,LakeHicopochee_2025_05_13_1 - LakeHicopochee_2025_05_13_12,,GBHE,1,,
10,5/13/2025,"A. Fussell, M. Marquis, Volunteer",Aerial,9:52,12:20,Volunteer is Garcy from the FLREC aquatic plants lab,Aerial Count,1,B. Mason,Pahokee,26.77306,80.6975,Pahokee,Pahokee_2025_05_13_1 - Pahokee_2025_05_13_18,,CAEG,19,,
10,5/13/2025,"A. Fussell, M. Marquis, Volunteer",Aerial,9:52,12:20,Volunteer is Garcy from the FLREC aquatic plants lab,Aerial Count,1,B. Mason,Pahokee,26.77306,80.6975,Pahokee,Pahokee_2025_05_13_1 - Pahokee_2025_05_13_18,,SNEG,1,,
10,5/13/2025,"A. Fussell, M. Marquis, Volunteer",Aerial,9:52,12:20,Volunteer is Garcy from the FLREC aquatic plants lab,Aerial Count,1,B. Mason,Pahokee,26.77306,80.6975,Pahokee,Pahokee_2025_05_13_1 - Pahokee_2025_05_13_18,,WHIB,9,,
10,5/13/2025,"A. Fussell, M. Marquis, Volunteer",Aerial,9:52,12:20,Volunteer is Garcy from the FLREC aquatic plants lab,Aerial Count,1,B. Mason,Pahokee,26.77306,80.6975,Pahokee,Pahokee_2025_05_13_1 - Pahokee_2025_05_13_18,,DCCO,2,,
10,5/13/2025,"A. Fussell, M. Marquis, Volunteer",Aerial,9:52,12:20,Volunteer is Garcy from the FLREC aquatic plants lab,Aerial Count,1,B. Mason,Pahokee,26.77306,80.6975,Pahokee,Pahokee_2025_05_13_1 - Pahokee_2025_05_13_18,,GREG,2,,
10,5/13/2025,"A. Fussell, M. Marquis, Volunteer",Aerial,9:52,12:20,Volunteer is Garcy from the FLREC aquatic plants lab,Aerial Count,1,B. Mason,Pahokee,26.77306,80.6975,Pahokee,Pahokee_2025_05_13_1 - Pahokee_2025_05_13_18,,SMWT,2,,
10,5/13/2025,"A. Fussell, M. Marquis, Volunteer",Aerial,9:52,12:20,Volunteer is Garcy from the FLREC aquatic plants lab,Aerial Count,1,B. Mason,Rock Islands,26.96423,81.03269,Rock Islands,RockIslands_2025_05_13_1 - RockIslands_2025_05_13_33,,WHIB,35,,
10,5/13/2025,"A. Fussell, M. Marquis, Volunteer",Aerial,9:52,12:20,Volunteer is Garcy from the FLREC aquatic plants lab,Aerial Count,1,B. Mason,Rock Islands,26.96423,81.03269,Rock Islands,RockIslands_2025_05_13_1 - RockIslands_2025_05_13_33,,GBHE,5,,
10,5/13/2025,"A. Fussell, M. Marquis, Volunteer",Aerial,9:52,12:20,Volunteer is Garcy from the FLREC aquatic plants lab,Aerial Count,1,B. Mason,Rock Islands,26.96423,81.03269,Rock Islands,RockIslands_2025_05_13_1 - RockIslands_2025_05_13_33,,SNEG,201,,
10,5/13/2025,"A. Fussell, M. Marquis, Volunteer",Aerial,9:52,12:20,Volunteer is Garcy from the FLREC aquatic plants lab,Aerial Count,1,B. Mason,Rock Islands,26.96423,81.03269,Rock Islands,RockIslands_2025_05_13_1 - RockIslands_2025_05_13_33,,GLIB,1,,
10,5/13/2025,"A. Fussell, M. Marquis, Volunteer",Aerial,9:52,12:20,Volunteer is Garcy from the FLREC aquatic plants lab,Aerial Count,1,B. Mason,Rock Islands,26.96423,81.03269,Rock Islands,RockIslands_2025_05_13_1 - RockIslands_2025_05_13_33,,GREG,6,,
10,5/13/2025,"A. Fussell, M. Marquis, Volunteer",Aerial,9:52,12:20,Volunteer is Garcy from the FLREC aquatic plants lab,Aerial Count,1,B. Mason,Rock Islands,26.96423,81.03269,Rock Islands,RockIslands_2025_05_13_1 - RockIslands_2025_05_13_33,,ANHI,3,,
10,5/13/2025,"A. Fussell, M. Marquis, Volunteer",Aerial,9:52,12:20,Volunteer is Garcy from the FLREC aquatic plants lab,Aerial Count,1,B. Mason,Rock Islands,26.96423,81.03269,Rock Islands,RockIslands_2025_05_13_1 - RockIslands_2025_05_13_33,,TRHE,1,,
10,5/13/2025,"A. Fussell, M. Marquis, Volunteer",Aerial,9:52,12:20,Volunteer is Garcy from the FLREC aquatic plants lab,Aerial Count,1,B. Mason,Rock Islands,26.96423,81.03269,Rock Islands,RockIslands_2025_05_13_1 - RockIslands_2025_05_13_33,,SMWT,16,,
10,5/13/2025,"A. Fussell, M. Marquis, Volunteer",Aerial,9:52,12:20,Volunteer is Garcy from the FLREC aquatic plants lab,Aerial Count,1,B. Mason,Rock Islands,26.96423,81.03269,Rock Islands,RockIslands_2025_05_13_1 - RockIslands_2025_05_13_33,,ROSP,1,,
10,5/13/2025,"A. Fussell, M. Marquis, Volunteer",Aerial,9:52,12:20,Volunteer is Garcy from the FLREC aquatic plants lab,Photograph Count,1,B. Mason,Clewiston Spit,26.77799,80.89818,Clewiston Spit,ClewistonSpit_2025_05_13_1 - ClewistonSpit_2025_05_13_31,"Many birds present, but few active nests",GREG,1,,
10,5/13/2025,"A. Fussell, M. Marquis, Volunteer",Aerial,9:52,12:20,Volunteer is Garcy from the FLREC aquatic plants lab,Photograph Count,1,B. Mason,Clewiston Spit,26.77799,80.89818,Clewiston Spit,ClewistonSpit_2025_05_13_1 - ClewistonSpit_2025_05_13_31,"Many birds present, but few active nests",SNEG,26,,
10,5/13/2025,"A. Fussell, M. Marquis, Volunteer",Aerial,9:52,12:20,Volunteer is Garcy from the FLREC aquatic plants lab,Photograph Count,1,B. Mason,Clewiston Spit,26.77799,80.89818,Clewiston Spit,ClewistonSpit_2025_05_13_1 - ClewistonSpit_2025_05_13_31,"Many birds present, but few active nests",TRHE,1,,
10,5/13/2025,"A. Fussell, M. Marquis, Volunteer",Aerial,9:52,12:20,Volunteer is Garcy from the FLREC aquatic plants lab,Photograph Count,1,B. Mason,Clewiston Spit,26.77799,80.89818,Clewiston Spit,ClewistonSpit_2025_05_13_1 - ClewistonSpit_2025_05_13_31,"Many birds present, but few active nests",WHIB,2,,
10,5/13/2025,"A. Fussell, M. Marquis, Volunteer",Aerial,9:52,12:20,Volunteer is Garcy from the FLREC aquatic plants lab,Photograph Count,1,B. Mason,Clewiston Spit,26.77799,80.89818,Clewiston Spit,ClewistonSpit_2025_05_13_1 - ClewistonSpit_2025_05_13_31,"Many birds present, but few active nests",SMDK,1,,
10,5/13/2025,"A. Fussell, M. Marquis, Volunteer",Aerial,9:52,12:20,Volunteer is Garcy from the FLREC aquatic plants lab,Photograph Count,1,B. Mason,Clewiston Spit 2,26.77224,80.90241,Clewiston Spit 2,ClewistonSpit2_2025_05_13_1 - ClewistonSpit2_2025_05_13_21,"Many birds present, but few active nests",SNEG,18,,
10,5/13/2025,"A. Fussell, M. Marquis, Volunteer",Aerial,9:52,12:20,Volunteer is Garcy from the FLREC aquatic plants lab,Photograph Count,1,B. Mason,Clewiston Spit 2,26.77224,80.90241,Clewiston Spit 2,ClewistonSpit2_2025_05_13_1 - ClewistonSpit2_2025_05_13_21,"Many birds present, but few active nests",GREG,39,,
10,5/13/2025,"A. Fussell, M. Marquis, Volunteer",Aerial,9:52,12:20,Volunteer is Garcy from the FLREC aquatic plants lab,Photograph Count,1,B. Mason,Clewiston Spit 2,26.77224,80.90241,Clewiston Spit 2,ClewistonSpit2_2025_05_13_1 - ClewistonSpit2_2025_05_13_21,"Many birds present, but few active nests",WHIB,10,,
10,5/13/2025,"A. Fussell, M. Marquis, Volunteer",Aerial,9:52,12:20,Volunteer is Garcy from the FLREC aquatic plants lab,Photograph Count,1,B. Mason,Clewiston Spit 2,26.77224,80.90241,Clewiston Spit 2,ClewistonSpit2_2025_05_13_1 - ClewistonSpit2_2025_05_13_21,"Many birds present, but few active nests",SMWT,1,,
10,5/13/2025,"A. Fussell, M. Marquis, Volunteer",Aerial,9:52,12:20,Volunteer is Garcy from the FLREC aquatic plants lab,Photograph Count,1,B. Mason,Clewiston Spit 2,26.77224,80.90241,Clewiston Spit 2,ClewistonSpit2_2025_05_13_1 - ClewistonSpit2_2025_05_13_21,"Many birds present, but few active nests",GBHE,1,,
10,5/13/2025,"A. Fussell, M. Marquis, Volunteer",Aerial,9:52,12:20,Volunteer is Garcy from the FLREC aquatic plants lab,Photograph Count,1,B. Mason,Clewiston Spit 2,26.77224,80.90241,Clewiston Spit 2,ClewistonSpit2_2025_05_13_1 - ClewistonSpit2_2025_05_13_21,"Many birds present, but few active nests",CAEG,2,,
10,5/13/2025,"A. Fussell, M. Marquis, Volunteer",Aerial,9:52,12:20,Volunteer is Garcy from the FLREC aquatic plants lab,Photograph Count,1,B. Mason,Gator Farm,27.01694,81.06118,Gator Farm,GatorFarm_2025_05_13_1 - GatorFarm_2025_05_13_13,,GREG,18,,
10,5/13/2025,"A. Fussell, M. Marquis, Volunteer",Aerial,9:52,12:20,Volunteer is Garcy from the FLREC aquatic plants lab,Photograph Count,1,B. Mason,Gator Farm,27.01694,81.06118,Gator Farm,GatorFarm_2025_05_13_1 - GatorFarm_2025_05_13_13,,SNEG,2,,
10,5/13/2025,"A. Fussell, M. Marquis, Volunteer",Aerial,9:52,12:20,Volunteer is Garcy from the FLREC aquatic plants lab,Photograph Count,1,B. Mason,Gator Farm,27.01694,81.06118,Gator Farm,GatorFarm_2025_05_13_1 - GatorFarm_2025_05_13_13,,LBHE,1,,
10,5/13/2025,"A. Fussell, M. Marquis, Volunteer",Aerial,9:52,12:20,Volunteer is Garcy from the FLREC aquatic plants lab,Photograph Count,1,B. Mason,Gator Farm,27.01694,81.06118,Gator Farm,GatorFarm_2025_05_13_1 - GatorFarm_2025_05_13_13,,CAEG,1,,
10,5/13/2025,"A. Fussell, M. Marquis, Volunteer",Aerial,9:52,12:20,Volunteer is Garcy from the FLREC aquatic plants lab,Photograph Count,1,B. Mason,Gun Range,26.8959,81.12725,Gun Range,GunRange_2025_05_13_1 - GunRange_2025_05_13_12,,SNEG,2,,
10,5/13/2025,"A. Fussell, M. Marquis, Volunteer",Aerial,9:52,12:20,Volunteer is Garcy from the FLREC aquatic plants lab,Photograph Count,1,B. Mason,Gun Range,26.8959,81.12725,Gun Range,GunRange_2025_05_13_1 - GunRange_2025_05_13_12,,CAEG,4,,
10,5/13/2025,"A. Fussell, M. Marquis, Volunteer",Aerial,9:52,12:20,Volunteer is Garcy from the FLREC aquatic plants lab,Photograph Count,1,B. Mason,Gun Range,26.8959,81.12725,Gun Range,GunRange_2025_05_13_1 - GunRange_2025_05_13_12,,ANHI,2,,
10,5/13/2025,"A. Fussell, M. Marquis, Volunteer",Aerial,9:52,12:20,Volunteer is Garcy from the FLREC aquatic plants lab,Photograph Count,1,B. Mason,New Colony,26.78775,81.1062,Lake Hicpochee,LakeHicopochee_2025_05_13_1 - LakeHicopochee_2025_05_13_12,,GBHE,1,,
10,5/13/2025,"A. Fussell, M. Marquis, Volunteer",Aerial,9:52,12:20,Volunteer is Garcy from the FLREC aquatic plants lab,Photograph Count,1,B. Mason,New Colony,26.78775,81.1062,Lake Hicpochee,LakeHicopochee_2025_05_13_1 - LakeHicopochee_2025_05_13_12,,GREG,6,,
10,5/13/2025,"A. Fussell, M. Marquis, Volunteer",Aerial,9:52,12:20,Volunteer is Garcy from the FLREC aquatic plants lab,Photograph Count,1,B. Mason,Lakeport Marina,26.97847,81.11571,Lakeport Marina,LakeportMarina_2025_05_13_1 - LakeportMarina_2025_05_13_13,"Many birds present, but few active nests",WHIB,14,,
10,5/13/2025,"A. Fussell, M. Marquis, Volunteer",Aerial,9:52,12:20,Volunteer is Garcy from the FLREC aquatic plants lab,Photograph Count,1,B. Mason,Lakeport Marina,26.97847,81.11571,Lakeport Marina,LakeportMarina_2025_05_13_1 - LakeportMarina_2025_05_13_13,"Many birds present, but few active nests",ANHI,2,,
10,5/13/2025,"A. Fussell, M. Marquis, Volunteer",Aerial,9:52,12:20,Volunteer is Garcy from the FLREC aquatic plants lab,Photograph Count,1,B. Mason,Lakeport Marina,26.97847,81.11571,Lakeport Marina,LakeportMarina_2025_05_13_1 - LakeportMarina_2025_05_13_13,"Many birds present, but few active nests",GREG,7,,
10,5/13/2025,"A. Fussell, M. Marquis, Volunteer",Aerial,9:52,12:20,Volunteer is Garcy from the FLREC aquatic plants lab,Photograph Count,1,B. Mason,Lakeport Marina,26.97847,81.11571,Lakeport Marina,LakeportMarina_2025_05_13_1 - LakeportMarina_2025_05_13_13,"Many birds present, but few active nests",SNEG,1,,
10,5/13/2025,"A. Fussell, M. Marquis, Volunteer",Aerial,9:52,12:20,Volunteer is Garcy from the FLREC aquatic plants lab,Photograph Count,1,B. Mason,Little Bear Beach,26.72121,80.84225,Little Bear Beach,LittleBearBeach_2025_05_13_1 - LittleBearBeach_2025_05_13_11,"Many birds present, but few active nests",WHIB,7,,
10,5/13/2025,"A. Fussell, M. Marquis, Volunteer",Aerial,9:52,12:20,Volunteer is Garcy from the FLREC aquatic plants lab,Photograph Count,1,B. Mason,Little Bear Beach,26.72121,80.84225,Little Bear Beach,LittleBearBeach_2025_05_13_1 - LittleBearBeach_2025_05_13_11,"Many birds present, but few active nests",GREG,15,,
10,5/13/2025,"A. Fussell, M. Marquis, Volunteer",Aerial,9:52,12:20,Volunteer is Garcy from the FLREC aquatic plants lab,Photograph Count,1,B. Mason,Little Bear Beach,26.72121,80.84225,Little Bear Beach,LittleBearBeach_2025_05_13_1 - LittleBearBeach_2025_05_13_11,"Many birds present, but few active nests",SNEG,4,,
10,5/13/2025,"A. Fussell, M. Marquis, Volunteer",Aerial,9:52,12:20,Volunteer is Garcy from the FLREC aquatic plants lab,Photograph Count,1,B. Mason,Little Bear Beach,26.72121,80.84225,Little Bear Beach,LittleBearBeach_2025_05_13_1 - LittleBearBeach_2025_05_13_11,"Many birds present, but few active nests",GLIB,1,,
10,5/13/2025,"A. Fussell, M. Marquis, Volunteer",Aerial,9:52,12:20,Volunteer is Garcy from the FLREC aquatic plants lab,Photograph Count,1,B. Mason,Moonshine Bay,26.90979,81.02355,Moonshine Bay,MoonshineBay_2025_05_13_1 - MoonshineBay_2025_05_13_28,,ANHI,9,,
10,5/13/2025,"A. Fussell, M. Marquis, Volunteer",Aerial,9:52,12:20,Volunteer is Garcy from the FLREC aquatic plants lab,Photograph Count,1,B. Mason,Moonshine Bay,26.90979,81.02355,Moonshine Bay,MoonshineBay_2025_05_13_1 - MoonshineBay_2025_05_13_28,,SMDK,1,,
10,5/13/2025,"A. Fussell, M. Marquis, Volunteer",Aerial,9:52,12:20,Volunteer is Garcy from the FLREC aquatic plants lab,Photograph Count,1,B. Mason,Moonshine Bay,26.90979,81.02355,Moonshine Bay,MoonshineBay_2025_05_13_1 - MoonshineBay_2025_05_13_28,,SMWT,1,,
10,5/13/2025,"A. Fussell, M. Marquis, Volunteer",Aerial,9:52,12:20,Volunteer is Garcy from the FLREC aquatic plants lab,Photograph Count,1,B. Mason,Moonshine Bay,26.90979,81.02355,Moonshine Bay,MoonshineBay_2025_05_13_1 - MoonshineBay_2025_05_13_28,,SNEG,1,,
10,5/13/2025,"A. Fussell, M. Marquis, Volunteer",Aerial,9:52,12:20,Volunteer is Garcy from the FLREC aquatic plants lab,Photograph Count,1,B. Mason,Moonshine Bay,26.90979,81.02355,Moonshine Bay,MoonshineBay_2025_05_13_1 - MoonshineBay_2025_05_13_28,,GBHE,3,,
10,5/13/2025,"A. Fussell, M. Marquis, Volunteer",Aerial,9:52,12:20,Volunteer is Garcy from the FLREC aquatic plants lab,Photograph Count,1,B. Mason,Moonshine Bay,26.90979,81.02355,Moonshine Bay,MoonshineBay_2025_05_13_1 - MoonshineBay_2025_05_13_28,,GREG,4,,
10,5/13/2025,"A. Fussell, M. Marquis, Volunteer",Aerial,9:52,12:20,Volunteer is Garcy from the FLREC aquatic plants lab,Photograph Count,1,B. Mason,Moonshine Bay,26.90979,81.02355,Moonshine Bay,MoonshineBay_2025_05_13_1 - MoonshineBay_2025_05_13_28,,WHIB,18,,
10,5/13/2025,"A. Fussell, M. Marquis, Volunteer",Aerial,9:52,12:20,Volunteer is Garcy from the FLREC aquatic plants lab,Photograph Count,1,B. Mason,Pahokee,26.77306,80.6975,Pahokee,Pahokee_2025_05_13_1 - Pahokee_2025_05_13_18,,CAEG,19,,
10,5/13/2025,"A. Fussell, M. Marquis, Volunteer",Aerial,9:52,12:20,Volunteer is Garcy from the FLREC aquatic plants lab,Photograph Count,1,B. Mason,Pahokee,26.77306,80.6975,Pahokee,Pahokee_2025_05_13_1 - Pahokee_2025_05_13_18,,SNEG,1,,
10,5/13/2025,"A. Fussell, M. Marquis, Volunteer",Aerial,9:52,12:20,Volunteer is Garcy from the FLREC aquatic plants lab,Photograph Count,1,B. Mason,Pahokee,26.77306,80.6975,Pahokee,Pahokee_2025_05_13_1 - Pahokee_2025_05_13_18,,WHIB,5,,
10,5/13/2025,"A. Fussell, M. Marquis, Volunteer",Aerial,9:52,12:20,Volunteer is Garcy from the FLREC aquatic plants lab,Photograph Count,1,B. Mason,Pahokee,26.77306,80.6975,Pahokee,Pahokee_2025_05_13_1 - Pahokee_2025_05_13_18,,DCCO,2,,
10,5/13/2025,"A. Fussell, M. Marquis, Volunteer",Aerial,9:52,12:20,Volunteer is Garcy from the FLREC aquatic plants lab,Photograph Count,1,B. Mason,Pahokee,26.77306,80.6975,Pahokee,Pahokee_2025_05_13_1 - Pahokee_2025_05_13_18,,GREG,2,,
10,5/13/2025,"A. Fussell, M. Marquis, Volunteer",Aerial,9:52,12:20,Volunteer is Garcy from the FLREC aquatic plants lab,Photograph Count,1,B. Mason,Pahokee,26.77306,80.6975,Pahokee,Pahokee_2025_05_13_1 - Pahokee_2025_05_13_18,,SMWT,2,,
10,5/13/2025,"A. Fussell, M. Marquis, Volunteer",Aerial,9:52,12:20,Volunteer is Garcy from the FLREC aquatic plants lab,Photograph Count,1,B. Mason,Rock Islands,26.96423,81.03269,Rock Islands,RockIslands_2025_05_13_1 - RockIslands_2025_05_13_33,,GBHE,5,,
10,5/13/2025,"A. Fussell, M. Marquis, Volunteer",Aerial,9:52,12:20,Volunteer is Garcy from the FLREC aquatic plants lab,Photograph Count,1,B. Mason,Rock Islands,26.96423,81.03269,Rock Islands,RockIslands_2025_05_13_1 - RockIslands_2025_05_13_34,,WHIB,83,,
10,5/13/2025,"A. Fussell, M. Marquis, Volunteer",Aerial,9:52,12:20,Volunteer is Garcy from the FLREC aquatic plants lab,Photograph Count,1,B. Mason,Rock Islands,26.96423,81.03269,Rock Islands,RockIslands_2025_05_13_1 - RockIslands_2025_05_13_35,,SNEG,201,,
10,5/13/2025,"A. Fussell, M. Marquis, Volunteer",Aerial,9:52,12:20,Volunteer is Garcy from the FLREC aquatic plants lab,Photograph Count,1,B. Mason,Rock Islands,26.96423,81.03269,Rock Islands,RockIslands_2025_05_13_1 - RockIslands_2025_05_13_36,,GREG,6,,
10,5/13/2025,"A. Fussell, M. Marquis, Volunteer",Aerial,9:52,12:20,Volunteer is Garcy from the FLREC aquatic plants lab,Photograph Count,1,B. Mason,Rock Islands,26.96423,81.03269,Rock Islands,RockIslands_2025_05_13_1 - RockIslands_2025_05_13_37,,GLIB,1,,
10,5/13/2025,"A. Fussell, M. Marquis, Volunteer",Aerial,9:52,12:20,Volunteer is Garcy from the FLREC aquatic plants lab,Photograph Count,1,B. Mason,Rock Islands,26.96423,81.03269,Rock Islands,RockIslands_2025_05_13_1 - RockIslands_2025_05_13_38,,ANHI,2,,
10,5/13/2025,"A. Fussell, M. Marquis, Volunteer",Aerial,9:52,12:20,Volunteer is Garcy from the FLREC aquatic plants lab,Photograph Count,1,B. Mason,Rock Islands,26.96423,81.03269,Rock Islands,RockIslands_2025_05_13_1 - RockIslands_2025_05_13_39,,TRHE,1,,
10,5/13/2025,"A. Fussell, M. Marquis, Volunteer",Aerial,9:52,12:20,Volunteer is Garcy from the FLREC aquatic plants lab,Photograph Count,1,B. Mason,Rock Islands,26.96423,81.03269,Rock Islands,RockIslands_2025_05_13_1 - RockIslands_2025_05_13_39,,SMWT,16,,
10,5/13/2025,"A. Fussell, M. Marquis, Volunteer",Aerial,9:52,12:20,Volunteer is Garcy from the FLREC aquatic plants lab,Photograph Count,1,B. Mason,Rock Islands,26.96423,81.03269,Rock Islands,RockIslands_2025_05_13_1 - RockIslands_2025_05_13_39,,ROSP,1,,
10,5/13/2025,"A. Fussell, M. Marquis, Volunteer",Aerial,9:52,12:20,Volunteer is Garcy from the FLREC aquatic plants lab,Photograph Count,1,A. Fussell,Clewiston Spit,26.77799,80.89818,Clewiston Spit,ClewistonSpit_2025_05_13_1 - ClewistonSpit_2025_05_13_31,"Many birds present, but few active nests",GREG,17,,
10,5/13/2025,"A. Fussell, M. Marquis, Volunteer",Aerial,9:52,12:20,Volunteer is Garcy from the FLREC aquatic plants lab,Photograph Count,1,A. Fussell,Clewiston Spit,26.77799,80.89818,Clewiston Spit,ClewistonSpit_2025_05_13_1 - ClewistonSpit_2025_05_13_31,"Many birds present, but few active nests",SNEG,20,,
10,5/13/2025,"A. Fussell, M. Marquis, Volunteer",Aerial,9:52,12:20,Volunteer is Garcy from the FLREC aquatic plants lab,Photograph Count,1,A. Fussell,Clewiston Spit,26.77799,80.89818,Clewiston Spit,ClewistonSpit_2025_05_13_1 - ClewistonSpit_2025_05_13_31,"Many birds present, but few active nests",TRHE,2,,
10,5/13/2025,"A. Fussell, M. Marquis, Volunteer",Aerial,9:52,12:20,Volunteer is Garcy from the FLREC aquatic plants lab,Photograph Count,1,A. Fussell,Clewiston Spit,26.77799,80.89818,Clewiston Spit,ClewistonSpit_2025_05_13_1 - ClewistonSpit_2025_05_13_31,"Many birds present, but few active nests",WHIB,7,,
10,5/13/2025,"A. Fussell, M. Marquis, Volunteer",Aerial,9:52,12:20,Volunteer is Garcy from the FLREC aquatic plants lab,Photograph Count,1,A. Fussell,Clewiston Spit,26.77799,80.89818,Clewiston Spit,ClewistonSpit_2025_05_13_1 - ClewistonSpit_2025_05_13_31,"Many birds present, but few active nests",ANHI,2,,
10,5/13/2025,"A. Fussell, M. Marquis, Volunteer",Aerial,9:52,12:20,Volunteer is Garcy from the FLREC aquatic plants lab,Photograph Count,1,A. Fussell,Clewiston Spit 2,26.77224,80.90241,Clewiston Spit 2,ClewistonSpit2_2025_05_13_1 - ClewistonSpit2_2025_05_13_21,"Many birds present, but few active nests",GREG,83,,
10,5/13/2025,"A. Fussell, M. Marquis, Volunteer",Aerial,9:52,12:20,Volunteer is Garcy from the FLREC aquatic plants lab,Photograph Count,1,A. Fussell,Clewiston Spit 2,26.77224,80.90241,Clewiston Spit 2,ClewistonSpit2_2025_05_13_1 - ClewistonSpit2_2025_05_13_21,"Many birds present, but few active nests",SNEG,26,,
10,5/13/2025,"A. Fussell, M. Marquis, Volunteer",Aerial,9:52,12:20,Volunteer is Garcy from the FLREC aquatic plants lab,Photograph Count,1,A. Fussell,Clewiston Spit 2,26.77224,80.90241,Clewiston Spit 2,ClewistonSpit2_2025_05_13_1 - ClewistonSpit2_2025_05_13_21,"Many birds present, but few active nests",TRHE,1,,
10,5/13/2025,"A. Fussell, M. Marquis, Volunteer",Aerial,9:52,12:20,Volunteer is Garcy from the FLREC aquatic plants lab,Photograph Count,1,A. Fussell,Clewiston Spit 2,26.77224,80.90241,Clewiston Spit 2,ClewistonSpit2_2025_05_13_1 - ClewistonSpit2_2025_05_13_21,"Many birds present, but few active nests",SMWT,1,,
10,5/13/2025,"A. Fussell, M. Marquis, Volunteer",Aerial,9:52,12:20,Volunteer is Garcy from the FLREC aquatic plants lab,Photograph Count,1,A. Fussell,Clewiston Spit 2,26.77224,80.90241,Clewiston Spit 2,ClewistonSpit2_2025_05_13_1 - ClewistonSpit2_2025_05_13_21,"Many birds present, but few active nests",GBHE,1,,
10,5/13/2025,"A. Fussell, M. Marquis, Volunteer",Aerial,9:52,12:20,Volunteer is Garcy from the FLREC aquatic plants lab,Photograph Count,1,A. Fussell,Gator Farm,27.01694,81.06118,Gator Farm,GatorFarm_2025_05_13_1 - GatorFarm_2025_05_13_13,,GREG,9,,
10,5/13/2025,"A. Fussell, M. Marquis, Volunteer",Aerial,9:52,12:20,Volunteer is Garcy from the FLREC aquatic plants lab,Photograph Count,1,A. Fussell,Gator Farm,27.01694,81.06118,Gator Farm,GatorFarm_2025_05_13_1 - GatorFarm_2025_05_13_13,,SNEG,20,,
10,5/13/2025,"A. Fussell, M. Marquis, Volunteer",Aerial,9:52,12:20,Volunteer is Garcy from the FLREC aquatic plants lab,Photograph Count,1,A. Fussell,Gator Farm,27.01694,81.06118,Gator Farm,GatorFarm_2025_05_13_1 - GatorFarm_2025_05_13_13,,CAEG,1,,
10,5/13/2025,"A. Fussell, M. Marquis, Volunteer",Aerial,9:52,12:20,Volunteer is Garcy from the FLREC aquatic plants lab,Photograph Count,1,A. Fussell,Gator Farm,27.01694,81.06118,Gator Farm,GatorFarm_2025_05_13_1 - GatorFarm_2025_05_13_13,,LBHE,2,,
10,5/13/2025,"A. Fussell, M. Marquis, Volunteer",Aerial,9:52,12:20,Volunteer is Garcy from the FLREC aquatic plants lab,Photograph Count,1,A. Fussell,Gun Range,26.8959,81.12725,Gun Range,GunRange_2025_05_13_1 - GunRange_2025_05_13_12,,SNEG,4,,
10,5/13/2025,"A. Fussell, M. Marquis, Volunteer",Aerial,9:52,12:20,Volunteer is Garcy from the FLREC aquatic plants lab,Photograph Count,1,A. Fussell,Gun Range,26.8959,81.12725,Gun Range,GunRange_2025_05_13_1 - GunRange_2025_05_13_12,,CAEG,5,,
10,5/13/2025,"A. Fussell, M. Marquis, Volunteer",Aerial,9:52,12:20,Volunteer is Garcy from the FLREC aquatic plants lab,Photograph Count,1,A. Fussell,Gun Range,26.8959,81.12725,Gun Range,GunRange_2025_05_13_1 - GunRange_2025_05_13_12,,ANHI,7,,
10,5/13/2025,"A. Fussell, M. Marquis, Volunteer",Aerial,9:52,12:20,Volunteer is Garcy from the FLREC aquatic plants lab,Photograph Count,1,A. Fussell,Gun Range,26.8959,81.12725,Gun Range,GunRange_2025_05_13_1 - GunRange_2025_05_13_12,,DCCO,1,,
10,5/13/2025,"A. Fussell, M. Marquis, Volunteer",Aerial,9:52,12:20,Volunteer is Garcy from the FLREC aquatic plants lab,Photograph Count,1,A. Fussell,New Colony,26.78775,81.1062,Lake Hicpochee,LakeHicopochee_2025_05_13_1 - LakeHicopochee_2025_05_13_12,,GREG,4,,
10,5/13/2025,"A. Fussell, M. Marquis, Volunteer",Aerial,9:52,12:20,Volunteer is Garcy from the FLREC aquatic plants lab,Photograph Count,1,J. Mulling,Lakeport Marina,26.97847,81.11571,Lakeport Marina,LakeportMarina_2025_05_13_1 - LakeportMarina_2025_05_13_13,"Many birds present, but few active nests",WHIB,17,,
10,5/13/2025,"A. Fussell, M. Marquis, Volunteer",Aerial,9:52,12:20,Volunteer is Garcy from the FLREC aquatic plants lab,Photograph Count,1,J. Mulling,Lakeport Marina,26.97847,81.11571,Lakeport Marina,LakeportMarina_2025_05_13_1 - LakeportMarina_2025_05_13_13,"Many birds present, but few active nests",SNEG,4,,
10,5/13/2025,"A. Fussell, M. Marquis, Volunteer",Aerial,9:52,12:20,Volunteer is Garcy from the FLREC aquatic plants lab,Photograph Count,1,J. Mulling,Lakeport Marina,26.97847,81.11571,Lakeport Marina,LakeportMarina_2025_05_13_1 - LakeportMarina_2025_05_13_13,"Many birds present, but few active nests",GREG,9,,
10,5/13/2025,"A. Fussell, M. Marquis, Volunteer",Aerial,9:52,12:20,Volunteer is Garcy from the FLREC aquatic plants lab,Photograph Count,1,J. Mulling,Lakeport Marina,26.97847,81.11571,Lakeport Marina,LakeportMarina_2025_05_13_1 - LakeportMarina_2025_05_13_13,"Many birds present, but few active nests",ANHI,2,,
10,5/13/2025,"A. Fussell, M. Marquis, Volunteer",Aerial,9:52,12:20,Volunteer is Garcy from the FLREC aquatic plants lab,Photograph Count,1,J. Mulling,Little Bear Beach,26.72121,80.84225,Little Bear Beach,LittleBearBeach_2025_05_13_1 - LittleBearBeach_2025_05_13_11,"Many birds present, but few active nests",WHIB,11,,
10,5/13/2025,"A. Fussell, M. Marquis, Volunteer",Aerial,9:52,12:20,Volunteer is Garcy from the FLREC aquatic plants lab,Photograph Count,1,J. Mulling,Little Bear Beach,26.72121,80.84225,Little Bear Beach,LittleBearBeach_2025_05_13_1 - LittleBearBeach_2025_05_13_11,"Many birds present, but few active nests",GREG,22,,
10,5/13/2025,"A. Fussell, M. Marquis, Volunteer",Aerial,9:52,12:20,Volunteer is Garcy from the FLREC aquatic plants lab,Photograph Count,1,J. Mulling,Little Bear Beach,26.72121,80.84225,Little Bear Beach,LittleBearBeach_2025_05_13_1 - LittleBearBeach_2025_05_13_11,"Many birds present, but few active nests",SNEG,15,,
10,5/13/2025,"A. Fussell, M. Marquis, Volunteer",Aerial,9:52,12:20,Volunteer is Garcy from the FLREC aquatic plants lab,Photograph Count,1,J. Mulling,Little Bear Beach,26.72121,80.84225,Little Bear Beach,LittleBearBeach_2025_05_13_1 - LittleBearBeach_2025_05_13_11,"Many birds present, but few active nests",TRHE,1,,
10,5/13/2025,"A. Fussell, M. Marquis, Volunteer",Aerial,9:52,12:20,Volunteer is Garcy from the FLREC aquatic plants lab,Photograph Count,1,J. Mulling,Little Bear Beach,26.72121,80.84225,Little Bear Beach,LittleBearBeach_2025_05_13_1 - LittleBearBeach_2025_05_13_11,"Many birds present, but few active nests",GLIB,1,,
10,5/13/2025,"A. Fussell, M. Marquis, Volunteer",Aerial,9:52,12:20,Volunteer is Garcy from the FLREC aquatic plants lab,Photograph Count,1,J. Mulling,Moonshine Bay,26.90979,81.02355,Moonshine Bay,MoonshineBay_2025_05_13_1 - MoonshineBay_2025_05_13_28,,ANHI,8,,
10,5/13/2025,"A. Fussell, M. Marquis, Volunteer",Aerial,9:52,12:20,Volunteer is Garcy from the FLREC aquatic plants lab,Photograph Count,1,J. Mulling,Moonshine Bay,26.90979,81.02355,Moonshine Bay,MoonshineBay_2025_05_13_1 - MoonshineBay_2025_05_13_28,,SNEG,9,,
10,5/13/2025,"A. Fussell, M. Marquis, Volunteer",Aerial,9:52,12:20,Volunteer is Garcy from the FLREC aquatic plants lab,Photograph Count,1,J. Mulling,Moonshine Bay,26.90979,81.02355,Moonshine Bay,MoonshineBay_2025_05_13_1 - MoonshineBay_2025_05_13_28,,WHIB,26,,
10,5/13/2025,"A. Fussell, M. Marquis, Volunteer",Aerial,9:52,12:20,Volunteer is Garcy from the FLREC aquatic plants lab,Photograph Count,1,J. Mulling,Moonshine Bay,26.90979,81.02355,Moonshine Bay,MoonshineBay_2025_05_13_1 - MoonshineBay_2025_05_13_28,,GBHE,4,,
10,5/13/2025,"A. Fussell, M. Marquis, Volunteer",Aerial,9:52,12:20,Volunteer is Garcy from the FLREC aquatic plants lab,Photograph Count,1,J. Mulling,Moonshine Bay,26.90979,81.02355,Moonshine Bay,MoonshineBay_2025_05_13_1 - MoonshineBay_2025_05_13_28,,GREG,6,,
10,5/13/2025,"A. Fussell, M. Marquis, Volunteer",Aerial,9:52,12:20,Volunteer is Garcy from the FLREC aquatic plants lab,Photograph Count,1,J. Mulling,Pahokee,26.77306,80.6975,Pahokee,Pahokee_2025_05_13_1 - Pahokee_2025_05_13_18,,WHIB,15,,
10,5/13/2025,"A. Fussell, M. Marquis, Volunteer",Aerial,9:52,12:20,Volunteer is Garcy from the FLREC aquatic plants lab,Photograph Count,1,J. Mulling,Pahokee,26.77306,80.6975,Pahokee,Pahokee_2025_05_13_1 - Pahokee_2025_05_13_18,,SNEG,2,,
10,5/13/2025,"A. Fussell, M. Marquis, Volunteer",Aerial,9:52,12:20,Volunteer is Garcy from the FLREC aquatic plants lab,Photograph Count,1,J. Mulling,Pahokee,26.77306,80.6975,Pahokee,Pahokee_2025_05_13_1 - Pahokee_2025_05_13_18,,CAEG,21,,
10,5/13/2025,"A. Fussell, M. Marquis, Volunteer",Aerial,9:52,12:20,Volunteer is Garcy from the FLREC aquatic plants lab,Photograph Count,1,J. Mulling,Pahokee,26.77306,80.6975,Pahokee,Pahokee_2025_05_13_1 - Pahokee_2025_05_13_18,,DCCO,2,,
10,5/13/2025,"A. Fussell, M. Marquis, Volunteer",Aerial,9:52,12:20,Volunteer is Garcy from the FLREC aquatic plants lab,Photograph Count,1,J. Mulling,Pahokee,26.77306,80.6975,Pahokee,Pahokee_2025_05_13_1 - Pahokee_2025_05_13_18,,GREG,2,,
10,5/13/2025,"A. Fussell, M. Marquis, Volunteer",Aerial,9:52,12:20,Volunteer is Garcy from the FLREC aquatic plants lab,Photograph Count,1,J. Mulling,Rock Islands,26.96423,81.03269,Rock Islands,RockIslands_2025_05_13_1 - RockIslands_2025_05_13_33,,GBHE,7,,
10,5/13/2025,"A. Fussell, M. Marquis, Volunteer",Aerial,9:52,12:20,Volunteer is Garcy from the FLREC aquatic plants lab,Photograph Count,1,J. Mulling,Rock Islands,26.96423,81.03269,Rock Islands,RockIslands_2025_05_13_1 - RockIslands_2025_05_13_34,,GLIB,1,,
10,5/13/2025,"A. Fussell, M. Marquis, Volunteer",Aerial,9:52,12:20,Volunteer is Garcy from the FLREC aquatic plants lab,Photograph Count,1,J. Mulling,Rock Islands,26.96423,81.03269,Rock Islands,RockIslands_2025_05_13_1 - RockIslands_2025_05_13_35,,SNEG,112,,
10,5/13/2025,"A. Fussell, M. Marquis, Volunteer",Aerial,9:52,12:20,Volunteer is Garcy from the FLREC aquatic plants lab,Photograph Count,1,J. Mulling,Rock Islands,26.96423,81.03269,Rock Islands,RockIslands_2025_05_13_1 - RockIslands_2025_05_13_36,,WHIB,135,,
10,5/13/2025,"A. Fussell, M. Marquis, Volunteer",Aerial,9:52,12:20,Volunteer is Garcy from the FLREC aquatic plants lab,Photograph Count,1,J. Mulling,Rock Islands,26.96423,81.03269,Rock Islands,RockIslands_2025_05_13_1 - RockIslands_2025_05_13_37,,SMWT,12,,
10,5/13/2025,"A. Fussell, M. Marquis, Volunteer",Aerial,9:52,12:20,Volunteer is Garcy from the FLREC aquatic plants lab,Photograph Count,1,J. Mulling,Rock Islands,26.96423,81.03269,Rock Islands,RockIslands_2025_05_13_1 - RockIslands_2025_05_13_38,,ROSP,1,,
10,5/13/2025,"A. Fussell, M. Marquis, Volunteer",Aerial,9:52,12:20,Volunteer is Garcy from the FLREC aquatic plants lab,Photograph Count,1,J. Mulling,Rock Islands,26.96423,81.03269,Rock Islands,RockIslands_2025_05_13_1 - RockIslands_2025_05_13_39,,ANHI,1,,
11,6/6/2025,"A. Fussell, M. Marquis, Volunteer",Aerial,8:55,11:23,Volunteer is Garcy from the FLREC aquatic plants lab,Aerial Count,1,A. Fussell,33,26.72121,80.84225,Little Bear Beach,12-Jan,Difficult to tell if birds were on nests or not,WHIB,200,,
11,6/6/2025,"A. Fussell, M. Marquis, Volunteer",Aerial,8:55,11:23,Volunteer is Garcy from the FLREC aquatic plants lab,Aerial Count,1,A. Fussell,33,26.72121,80.84225,Little Bear Beach,12-Jan,Difficult to tell if birds were on nests or not,CAEG,10,,
11,6/6/2025,"A. Fussell, M. Marquis, Volunteer",Aerial,8:55,11:23,Volunteer is Garcy from the FLREC aquatic plants lab,Aerial Count,1,A. Fussell,34,26.77306,80.6975,Pahokee,13-31,Difficult to tell if birds were on nests or not,WHIB,100,,
11,6/6/2025,"A. Fussell, M. Marquis, Volunteer",Aerial,8:55,11:23,Volunteer is Garcy from the FLREC aquatic plants lab,Aerial Count,1,A. Fussell,35,26.77799,80.89818,Clewiston Spit,32-50,Difficult to tell if birds were on nests or not. Hard to tell if they were WHIB or GREG,"WHIB, GREG",150,,
11,6/6/2025,"A. Fussell, M. Marquis, Volunteer",Aerial,8:55,11:23,Volunteer is Garcy from the FLREC aquatic plants lab,Aerial Count,1,A. Fussell,36,26.77224,80.90241,Clewiston Spit 2,51-60,Difficult to tell if birds were on nests or not,"GREG, WHIB",100,,
11,6/6/2025,"A. Fussell, M. Marquis, Volunteer",Aerial,8:55,11:23,Volunteer is Garcy from the FLREC aquatic plants lab,Aerial Count,1,A. Fussell,37,26.8959,81.12725,Gun Range,61-68,,WHIB,5,,
11,6/6/2025,"A. Fussell, M. Marquis, Volunteer",Aerial,8:55,11:23,Volunteer is Garcy from the FLREC aquatic plants lab,Aerial Count,1,A. Fussell,37,26.8959,81.12725,Gun Range,61-68,,CAEG,10,,
11,6/6/2025,"A. Fussell, M. Marquis, Volunteer",Aerial,8:55,11:23,Volunteer is Garcy from the FLREC aquatic plants lab,Aerial Count,1,A. Fussell,38,26.96423,81.03269,Rock Islands,69-88,,WHIB,50,,
11,6/6/2025,"A. Fussell, M. Marquis, Volunteer",Aerial,8:55,11:23,Volunteer is Garcy from the FLREC aquatic plants lab,Aerial Count,1,A. Fussell,38,26.96423,81.03269,Rock Islands,69-88,,CAEG,50,,
11,6/6/2025,"A. Fussell, M. Marquis, Volunteer",Aerial,8:55,11:23,Volunteer is Garcy from the FLREC aquatic plants lab,Aerial Count,1,A. Fussell,38,26.96423,81.03269,Rock Islands,69-88,,ROSP,20,,
11,6/6/2025,"A. Fussell, M. Marquis, Volunteer",Aerial,8:55,11:23,Volunteer is Garcy from the FLREC aquatic plants lab,Aerial Count,1,A. Fussell,39,26.97847,81.11571,Lakeport Marina,89-96,"Difficult to tell if the birds were GREG, or CAEG, or WHIB","GREG, CAEG, WHIB",80,,
11,6/6/2025,"A. Fussell, M. Marquis, Volunteer",Aerial,8:55,11:23,Volunteer is Garcy from the FLREC aquatic plants lab,Aerial Count,1,A. Fussell,40,27.01694,81.06118,Gator Farm,97-104,"Difficult to tell if the birds were GREG, or CAEG, or WHIB","GREG, CAEG, WHIB",50,,
11,6/6/2025,"A. Fussell, M. Marquis, Volunteer",Aerial,8:55,11:23,Volunteer is Garcy from the FLREC aquatic plants lab,Aerial Count,1,A. Fussell,41,27.1725,80.83765,Eagle Bay Island,105-115,Couldn't tell if the birds were foraging or nesting,WHIB,120,,
11,6/6/2025,"A. Fussell, M. Marquis, Volunteer",Aerial,8:55,11:23,Volunteer is Garcy from the FLREC aquatic plants lab,Photograph Count,1,B. Mason,Clewiston Spit,26.77799,80.89818,Clewiston Spit,ClewistonSpit_2025_06_06_1 - ClewistonSpit_2025_06_06_19,,ROSP,,17,
11,6/6/2025,"A. Fussell, M. Marquis, Volunteer",Aerial,8:55,11:23,Volunteer is Garcy from the FLREC aquatic plants lab,Photograph Count,1,B. Mason,Clewiston Spit,26.77799,80.89818,Clewiston Spit,ClewistonSpit_2025_06_06_1 - ClewistonSpit_2025_06_06_19,,SNEG,,605,
11,6/6/2025,"A. Fussell, M. Marquis, Volunteer",Aerial,8:55,11:23,Volunteer is Garcy from the FLREC aquatic plants lab,Photograph Count,1,B. Mason,Clewiston Spit,26.77799,80.89818,Clewiston Spit,ClewistonSpit_2025_06_06_1 - ClewistonSpit_2025_06_06_19,,WHIB,,99,
11,6/6/2025,"A. Fussell, M. Marquis, Volunteer",Aerial,8:55,11:23,Volunteer is Garcy from the FLREC aquatic plants lab,Photograph Count,1,B. Mason,Clewiston Spit,26.77799,80.89818,Clewiston Spit,ClewistonSpit_2025_06_06_1 - ClewistonSpit_2025_06_06_19,,GREG,,77,
11,6/6/2025,"A. Fussell, M. Marquis, Volunteer",Aerial,8:55,11:23,Volunteer is Garcy from the FLREC aquatic plants lab,Photograph Count,1,B. Mason,Clewiston Spit,26.77799,80.89818,Clewiston Spit,ClewistonSpit_2025_06_06_1 - ClewistonSpit_2025_06_06_19,,GBHE,,4,
11,6/6/2025,"A. Fussell, M. Marquis, Volunteer",Aerial,8:55,11:23,Volunteer is Garcy from the FLREC aquatic plants lab,Photograph Count,1,B. Mason,Clewiston Spit,26.77799,80.89818,Clewiston Spit,ClewistonSpit_2025_06_06_1 - ClewistonSpit_2025_06_06_19,,TRHE,1,16,
11,6/6/2025,"A. Fussell, M. Marquis, Volunteer",Aerial,8:55,11:23,Volunteer is Garcy from the FLREC aquatic plants lab,Photograph Count,1,B. Mason,Clewiston Spit,26.77799,80.89818,Clewiston Spit,ClewistonSpit_2025_06_06_1 - ClewistonSpit_2025_06_06_19,,ANHI,,1,
11,6/6/2025,"A. Fussell, M. Marquis, Volunteer",Aerial,8:55,11:23,Volunteer is Garcy from the FLREC aquatic plants lab,Photograph Count,1,B. Mason,Clewiston Spit,26.77799,80.89818,Clewiston Spit,ClewistonSpit_2025_06_06_1 - ClewistonSpit_2025_06_06_19,,CAEG,200,1,
11,6/6/2025,"A. Fussell, M. Marquis, Volunteer",Aerial,8:55,11:23,Volunteer is Garcy from the FLREC aquatic plants lab,Photograph Count,1,B. Mason,Clewiston Spit 2,26.77224,80.90241,Clewiston Spit 2,ClewistonSpit2_2025_06_06_1 - ClewistonSpit_2025_06_06_10,,GREG,31,77,
11,6/6/2025,"A. Fussell, M. Marquis, Volunteer",Aerial,8:55,11:23,Volunteer is Garcy from the FLREC aquatic plants lab,Photograph Count,1,B. Mason,Clewiston Spit 2,26.77224,80.90241,Clewiston Spit 2,ClewistonSpit2_2025_06_06_1 - ClewistonSpit_2025_06_06_10,,GBHE,2,1,
11,6/6/2025,"A. Fussell, M. Marquis, Volunteer",Aerial,8:55,11:23,Volunteer is Garcy from the FLREC aquatic plants lab,Photograph Count,1,B. Mason,Clewiston Spit 2,26.77224,80.90241,Clewiston Spit 2,ClewistonSpit2_2025_06_06_1 - ClewistonSpit_2025_06_06_10,,WHIB,,80,
11,6/6/2025,"A. Fussell, M. Marquis, Volunteer",Aerial,8:55,11:23,Volunteer is Garcy from the FLREC aquatic plants lab,Photograph Count,1,B. Mason,Clewiston Spit 2,26.77224,80.90241,Clewiston Spit 2,ClewistonSpit2_2025_06_06_1 - ClewistonSpit_2025_06_06_10,,SNEG,2,26,
11,6/6/2025,"A. Fussell, M. Marquis, Volunteer",Aerial,8:55,11:23,Volunteer is Garcy from the FLREC aquatic plants lab,Photograph Count,1,B. Mason,Clewiston Spit 2,26.77224,80.90241,Clewiston Spit 2,ClewistonSpit2_2025_06_06_1 - ClewistonSpit_2025_06_06_10,,ROSP,3,2,
11,6/6/2025,"A. Fussell, M. Marquis, Volunteer",Aerial,8:55,11:23,Volunteer is Garcy from the FLREC aquatic plants lab,Photograph Count,1,B. Mason,Eagle Bay Island,27.1725,80.83765,Eagle Bay Island,EagleBayIsland_2025_06_06_1 - EagleBayIsland_2025_06_06_11,Many of the birds in this colony seem to just be foraging,WHIB,400,646,
11,6/6/2025,"A. Fussell, M. Marquis, Volunteer",Aerial,8:55,11:23,Volunteer is Garcy from the FLREC aquatic plants lab,Photograph Count,1,B. Mason,Eagle Bay Island,27.1725,80.83765,Eagle Bay Island,EagleBayIsland_2025_06_06_1 - EagleBayIsland_2025_06_06_11,Many of the birds in this colony seem to just be foraging,GREG,,7,
11,6/6/2025,"A. Fussell, M. Marquis, Volunteer",Aerial,8:55,11:23,Volunteer is Garcy from the FLREC aquatic plants lab,Photograph Count,1,B. Mason,Gator Farm,27.01694,81.06118,Gator Farm,GatorFarm_2025_06_06_1 - GatorFarm_2025_06_06_8,,CAEG,40,123,
11,6/6/2025,"A. Fussell, M. Marquis, Volunteer",Aerial,8:55,11:23,Volunteer is Garcy from the FLREC aquatic plants lab,Photograph Count,1,B. Mason,Gator Farm,27.01694,81.06118,Gator Farm,GatorFarm_2025_06_06_1 - GatorFarm_2025_06_06_8,,WHIB,,1,
11,6/6/2025,"A. Fussell, M. Marquis, Volunteer",Aerial,8:55,11:23,Volunteer is Garcy from the FLREC aquatic plants lab,Photograph Count,1,B. Mason,Gator Farm,27.01694,81.06118,Gator Farm,GatorFarm_2025_06_06_1 - GatorFarm_2025_06_06_8,,SNEG,2,1,
11,6/6/2025,"A. Fussell, M. Marquis, Volunteer",Aerial,8:55,11:23,Volunteer is Garcy from the FLREC aquatic plants lab,Photograph Count,1,B. Mason,Gator Farm,27.01694,81.06118,Gator Farm,GatorFarm_2025_06_06_1 - GatorFarm_2025_06_06_8,,ANHI,2,10,
11,6/6/2025,"A. Fussell, M. Marquis, Volunteer",Aerial,8:55,11:23,Volunteer is Garcy from the FLREC aquatic plants lab,Photograph Count,1,B. Mason,Gator Farm,27.01694,81.06118,Gator Farm,GatorFarm_2025_06_06_1 - GatorFarm_2025_06_06_8,,GREG,13,29,
11,6/6/2025,"A. Fussell, M. Marquis, Volunteer",Aerial,8:55,11:23,Volunteer is Garcy from the FLREC aquatic plants lab,Photograph Count,1,B. Mason,Gun Range,26.8959,81.12725,Gun Range,GunRange_2025_06_06_1 - GunRange_2025_06_06_8,,CAEG,70,14,
11,6/6/2025,"A. Fussell, M. Marquis, Volunteer",Aerial,8:55,11:23,Volunteer is Garcy from the FLREC aquatic plants lab,Photograph Count,1,B. Mason,Gun Range,26.8959,81.12725,Gun Range,GunRange_2025_06_06_1 - GunRange_2025_06_06_8,,WHIB,1,180,
11,6/6/2025,"A. Fussell, M. Marquis, Volunteer",Aerial,8:55,11:23,Volunteer is Garcy from the FLREC aquatic plants lab,Photograph Count,1,B. Mason,Gun Range,26.8959,81.12725,Gun Range,GunRange_2025_06_06_1 - GunRange_2025_06_06_8,,GREG,,3,
11,6/6/2025,"A. Fussell, M. Marquis, Volunteer",Aerial,8:55,11:23,Volunteer is Garcy from the FLREC aquatic plants lab,Photograph Count,1,B. Mason,Gun Range,26.8959,81.12725,Gun Range,GunRange_2025_06_06_1 - GunRange_2025_06_06_8,,ANHI,,13,
11,6/6/2025,"A. Fussell, M. Marquis, Volunteer",Aerial,8:55,11:23,Volunteer is Garcy from the FLREC aquatic plants lab,Photograph Count,1,B. Mason,Gun Range,26.8959,81.12725,Gun Range,GunRange_2025_06_06_1 - GunRange_2025_06_06_8,,SNEG,,3,
11,6/6/2025,"A. Fussell, M. Marquis, Volunteer",Aerial,8:55,11:23,Volunteer is Garcy from the FLREC aquatic plants lab,Photograph Count,1,B. Mason,Little Bear Beach,26.72121,80.84225,Little Bear Beach,LittleBearBeach_2025_06_06_1 - LittleBearBeach_2025_06_06_12,,GREG,6,31,
11,6/6/2025,"A. Fussell, M. Marquis, Volunteer",Aerial,8:55,11:23,Volunteer is Garcy from the FLREC aquatic plants lab,Photograph Count,1,B. Mason,Little Bear Beach,26.72121,80.84225,Little Bear Beach,LittleBearBeach_2025_06_06_1 - LittleBearBeach_2025_06_06_12,,SNEG,,43,
11,6/6/2025,"A. Fussell, M. Marquis, Volunteer",Aerial,8:55,11:23,Volunteer is Garcy from the FLREC aquatic plants lab,Photograph Count,1,B. Mason,Little Bear Beach,26.72121,80.84225,Little Bear Beach,LittleBearBeach_2025_06_06_1 - LittleBearBeach_2025_06_06_12,,WHIB,,391,
11,6/6/2025,"A. Fussell, M. Marquis, Volunteer",Aerial,8:55,11:23,Volunteer is Garcy from the FLREC aquatic plants lab,Photograph Count,1,B. Mason,Little Bear Beach,26.72121,80.84225,Little Bear Beach,LittleBearBeach_2025_06_06_1 - LittleBearBeach_2025_06_06_12,,ANHI,,7,
11,6/6/2025,"A. Fussell, M. Marquis, Volunteer",Aerial,8:55,11:23,Volunteer is Garcy from the FLREC aquatic plants lab,Photograph Count,1,B. Mason,Little Bear Beach,26.72121,80.84225,Little Bear Beach,LittleBearBeach_2025_06_06_1 - LittleBearBeach_2025_06_06_12,,ROSP,,1,
11,6/6/2025,"A. Fussell, M. Marquis, Volunteer",Aerial,8:55,11:23,Volunteer is Garcy from the FLREC aquatic plants lab,Photograph Count,1,B. Mason,Little Bear Beach,26.72121,80.84225,Little Bear Beach,LittleBearBeach_2025_06_06_1 - LittleBearBeach_2025_06_06_12,,CAEG,7,1,
11,6/6/2025,"A. Fussell, M. Marquis, Volunteer",Aerial,8:55,11:23,Volunteer is Garcy from the FLREC aquatic plants lab,Photograph Count,1,B. Mason,Lakeport Marina,26.97847,81.11571,Lakeport Marina,LakeportMarina_2025_06_06_1 - LakeportMarina_2025_06_06_8,,CAEG,39,442,
11,6/6/2025,"A. Fussell, M. Marquis, Volunteer",Aerial,8:55,11:23,Volunteer is Garcy from the FLREC aquatic plants lab,Photograph Count,1,B. Mason,Lakeport Marina,26.97847,81.11571,Lakeport Marina,LakeportMarina_2025_06_06_1 - LakeportMarina_2025_06_06_8,,GREG,,21,
11,6/6/2025,"A. Fussell, M. Marquis, Volunteer",Aerial,8:55,11:23,Volunteer is Garcy from the FLREC aquatic plants lab,Photograph Count,1,B. Mason,Lakeport Marina,26.97847,81.11571,Lakeport Marina,LakeportMarina_2025_06_06_1 - LakeportMarina_2025_06_06_8,,ANHI,,3,
11,6/6/2025,"A. Fussell, M. Marquis, Volunteer",Aerial,8:55,11:23,Volunteer is Garcy from the FLREC aquatic plants lab,Photograph Count,1,B. Mason,Pahokee,26.77306,80.6975,Pahokee,Pahokee_2025_06_06_1 - Pahokee_2025_06_06_19,,WHIB,,156,
11,6/6/2025,"A. Fussell, M. Marquis, Volunteer",Aerial,8:55,11:23,Volunteer is Garcy from the FLREC aquatic plants lab,Photograph Count,1,B. Mason,Pahokee,26.77306,80.6975,Pahokee,Pahokee_2025_06_06_1 - Pahokee_2025_06_06_19,,SNEG,,32,
11,6/6/2025,"A. Fussell, M. Marquis, Volunteer",Aerial,8:55,11:23,Volunteer is Garcy from the FLREC aquatic plants lab,Photograph Count,1,B. Mason,Pahokee,26.77306,80.6975,Pahokee,Pahokee_2025_06_06_1 - Pahokee_2025_06_06_19,,ANHI,,6,
11,6/6/2025,"A. Fussell, M. Marquis, Volunteer",Aerial,8:55,11:23,Volunteer is Garcy from the FLREC aquatic plants lab,Photograph Count,1,B. Mason,Pahokee,26.77306,80.6975,Pahokee,Pahokee_2025_06_06_1 - Pahokee_2025_06_06_19,,CAEG,15,1,
11,6/6/2025,"A. Fussell, M. Marquis, Volunteer",Aerial,8:55,11:23,Volunteer is Garcy from the FLREC aquatic plants lab,Photograph Count,1,B. Mason,Rock Islands,26.96423,81.03269,Rock Islands,RockIslands_2025_06_06_1 - RockIslands_2025_06_06_20,,ANHI,1,6,
11,6/6/2025,"A. Fussell, M. Marquis, Volunteer",Aerial,8:55,11:23,Volunteer is Garcy from the FLREC aquatic plants lab,Photograph Count,1,B. Mason,Rock Islands,26.96423,81.03269,Rock Islands,RockIslands_2025_06_06_1 - RockIslands_2025_06_06_20,,CAEG,21,42,
11,6/6/2025,"A. Fussell, M. Marquis, Volunteer",Aerial,8:55,11:23,Volunteer is Garcy from the FLREC aquatic plants lab,Photograph Count,1,B. Mason,Rock Islands,26.96423,81.03269,Rock Islands,RockIslands_2025_06_06_1 - RockIslands_2025_06_06_20,,GBHE,5,4,
11,6/6/2025,"A. Fussell, M. Marquis, Volunteer",Aerial,8:55,11:23,Volunteer is Garcy from the FLREC aquatic plants lab,Photograph Count,1,B. Mason,Rock Islands,26.96423,81.03269,Rock Islands,RockIslands_2025_06_06_1 - RockIslands_2025_06_06_20,,WHIB,,225,
11,6/6/2025,"A. Fussell, M. Marquis, Volunteer",Aerial,8:55,11:23,Volunteer is Garcy from the FLREC aquatic plants lab,Photograph Count,1,B. Mason,Rock Islands,26.96423,81.03269,Rock Islands,RockIslands_2025_06_06_1 - RockIslands_2025_06_06_20,,GREG,,19,
11,6/6/2025,"A. Fussell, M. Marquis, Volunteer",Aerial,8:55,11:23,Volunteer is Garcy from the FLREC aquatic plants lab,Photograph Count,1,B. Mason,Rock Islands,26.96423,81.03269,Rock Islands,RockIslands_2025_06_06_1 - RockIslands_2025_06_06_20,,SNEG,4,154,
11,6/6/2025,"A. Fussell, M. Marquis, Volunteer",Aerial,8:55,11:23,Volunteer is Garcy from the FLREC aquatic plants lab,Photograph Count,1,B. Mason,Rock Islands,26.96423,81.03269,Rock Islands,RockIslands_2025_06_06_1 - RockIslands_2025_06_06_20,,ROSP,2,115,
11,6/6/2025,"A. Fussell, M. Marquis, Volunteer",Aerial,8:55,11:23,Volunteer is Garcy from the FLREC aquatic plants lab,Photograph Count,1,B. Mason,Rock Islands,26.96423,81.03269,Rock Islands,RockIslands_2025_06_06_1 - RockIslands_2025_06_06_20,,TRHE,,3,
11,6/6/2025,"A. Fussell, M. Marquis, Volunteer",Aerial,8:55,11:23,Volunteer is Garcy from the FLREC aquatic plants lab,Photograph Count,1,A. Fussell,Clewiston Spit,26.77799,80.89818,Clewiston Spit,ClewistonSpit_2025_06_06_1 - ClewistonSpit_2025_06_06_19,,CAEG,200,,
11,6/6/2025,"A. Fussell, M. Marquis, Volunteer",Aerial,8:55,11:23,Volunteer is Garcy from the FLREC aquatic plants lab,Photograph Count,1,A. Fussell,Clewiston Spit,26.77799,80.89818,Clewiston Spit,ClewistonSpit_2025_06_06_1 - ClewistonSpit_2025_06_06_19,,TRHE,1,,
11,6/6/2025,"A. Fussell, M. Marquis, Volunteer",Aerial,8:55,11:23,Volunteer is Garcy from the FLREC aquatic plants lab,Photograph Count,1,A. Fussell,Clewiston Spit 2,26.77224,80.90241,Clewiston Spit 2,ClewistonSpit2_2025_06_06_1 - ClewistonSpit_2025_06_06_10,,GREG,31,,
11,6/6/2025,"A. Fussell, M. Marquis, Volunteer",Aerial,8:55,11:23,Volunteer is Garcy from the FLREC aquatic plants lab,Photograph Count,1,A. Fussell,Clewiston Spit 2,26.77224,80.90241,Clewiston Spit 2,ClewistonSpit2_2025_06_06_1 - ClewistonSpit_2025_06_06_10,,SNEG,2,,
11,6/6/2025,"A. Fussell, M. Marquis, Volunteer",Aerial,8:55,11:23,Volunteer is Garcy from the FLREC aquatic plants lab,Photograph Count,1,A. Fussell,Clewiston Spit 2,26.77224,80.90241,Clewiston Spit 2,ClewistonSpit2_2025_06_06_1 - ClewistonSpit_2025_06_06_10,,GBHE,2,,
11,6/6/2025,"A. Fussell, M. Marquis, Volunteer",Aerial,8:55,11:23,Volunteer is Garcy from the FLREC aquatic plants lab,Photograph Count,1,A. Fussell,Clewiston Spit 2,26.77224,80.90241,Clewiston Spit 2,ClewistonSpit2_2025_06_06_1 - ClewistonSpit_2025_06_06_10,,ROSP,3,,
11,6/6/2025,"A. Fussell, M. Marquis, Volunteer",Aerial,8:55,11:23,Volunteer is Garcy from the FLREC aquatic plants lab,Photograph Count,1,A. Fussell,Eagle Bay Island,27.1725,80.83765,Eagle Bay Island,EagleBayIsland_2025_06_06_1 - EagleBayIsland_2025_06_06_11,Many of the birds in this colony seem to just be foraging. Very difficult to tell if the birds were foraging or nesting,WHIB,400,,
11,6/6/2025,"A. Fussell, M. Marquis, Volunteer",Aerial,8:55,11:23,Volunteer is Garcy from the FLREC aquatic plants lab,Photograph Count,1,A. Fussell,Gator Farm,27.01694,81.06118,Gator Farm,GatorFarm_2025_06_06_1 - GatorFarm_2025_06_06_8,,ANHI,2,,
11,6/6/2025,"A. Fussell, M. Marquis, Volunteer",Aerial,8:55,11:23,Volunteer is Garcy from the FLREC aquatic plants lab,Photograph Count,1,A. Fussell,Gator Farm,27.01694,81.06118,Gator Farm,GatorFarm_2025_06_06_1 - GatorFarm_2025_06_06_8,,SNEG,2,,
11,6/6/2025,"A. Fussell, M. Marquis, Volunteer",Aerial,8:55,11:23,Volunteer is Garcy from the FLREC aquatic plants lab,Photograph Count,1,A. Fussell,Gator Farm,27.01694,81.06118,Gator Farm,GatorFarm_2025_06_06_1 - GatorFarm_2025_06_06_8,,CAEG,40,,
11,6/6/2025,"A. Fussell, M. Marquis, Volunteer",Aerial,8:55,11:23,Volunteer is Garcy from the FLREC aquatic plants lab,Photograph Count,1,A. Fussell,Gator Farm,27.01694,81.06118,Gator Farm,GatorFarm_2025_06_06_1 - GatorFarm_2025_06_06_8,,GREG,13,,
11,6/6/2025,"A. Fussell, M. Marquis, Volunteer",Aerial,8:55,11:23,Volunteer is Garcy from the FLREC aquatic plants lab,Photograph Count,1,J. Mulling,Gun Range,26.8959,81.12725,Gun Range,GunRange_2025_06_06_1 - GunRange_2025_06_06_8,,CAEG,70,,
11,6/6/2025,"A. Fussell, M. Marquis, Volunteer",Aerial,8:55,11:23,Volunteer is Garcy from the FLREC aquatic plants lab,Photograph Count,1,J. Mulling,Lakeport Marina,26.97847,81.11571,Lakeport Marina,LakeportMarina_2025_06_06_1 - LakeportMarina_2025_06_06_8,,CAEG,39,,
11,6/6/2025,"A. Fussell, M. Marquis, Volunteer",Aerial,8:55,11:23,Volunteer is Garcy from the FLREC aquatic plants lab,Photograph Count,1,J. Mulling,Little Bear Beach,26.72121,80.84225,Little Bear Beach,LittleBearBeach_2025_06_06_1 - LittleBearBeach_2025_06_06_12,,CAEG,7,,
11,6/6/2025,"A. Fussell, M. Marquis, Volunteer",Aerial,8:55,11:23,Volunteer is Garcy from the FLREC aquatic plants lab,Photograph Count,1,J. Mulling,Little Bear Beach,26.72121,80.84225,Little Bear Beach,LittleBearBeach_2025_06_06_1 - LittleBearBeach_2025_06_06_13,,GREG,6,,
11,6/6/2025,"A. Fussell, M. Marquis, Volunteer",Aerial,8:55,11:23,Volunteer is Garcy from the FLREC aquatic plants lab,Photograph Count,1,J. Mulling,Pahokee,26.77306,80.6975,Pahokee,Pahokee_2025_06_06_1 - Pahokee_2025_06_06_19,,CAEG,15,,
11,6/6/2025,"A. Fussell, M. Marquis, Volunteer",Aerial,8:55,11:23,Volunteer is Garcy from the FLREC aquatic plants lab,Photograph Count,1,J. Mulling,Rock Islands,26.96423,81.03269,Rock Islands,RockIslands_2025_06_06_1 - RockIslands_2025_06_06_20,,CAEG,21,,
11,6/6/2025,"A. Fussell, M. Marquis, Volunteer",Aerial,8:55,11:23,Volunteer is Garcy from the FLREC aquatic plants lab,Photograph Count,1,J. Mulling,Rock Islands,26.96423,81.03269,Rock Islands,RockIslands_2025_06_06_1 - RockIslands_2025_06_06_20,,GBHE,5,,
11,6/6/2025,"A. Fussell, M. Marquis, Volunteer",Aerial,8:55,11:23,Volunteer is Garcy from the FLREC aquatic plants lab,Photograph Count,1,J. Mulling,Rock Islands,26.96423,81.03269,Rock Islands,RockIslands_2025_06_06_1 - RockIslands_2025_06_06_20,,ROSP,2,,
11,6/6/2025,"A. Fussell, M. Marquis, Volunteer",Aerial,8:55,11:23,Volunteer is Garcy from the FLREC aquatic plants lab,Photograph Count,1,J. Mulling,Rock Islands,26.96423,81.03269,Rock Islands,RockIslands_2025_06_06_1 - RockIslands_2025_06_06_20,,SNEG,4,,
