TIMESERIESID,STATION,SOURCE_TIMESERIES,PARAMETER,TIMESTAMP,VALUE,CODE,REVISION_DATE,QUALITY_CODE
12515,L005,L005+R,RAIN,9/4/2024,0,NA,9/11/2024 8:58,A
12515,L005,L005+R,RAIN,9/5/2024,0,NA,9/11/2024 8:58,A
12515,L005,L005+R,RAIN,9/6/2024,0,NA,9/11/2024 8:58,A
12515,L005,L005+R,RAIN,9/7/2024,0.08,NA,9/11/2024 8:58,A
12515,L005,L005+R,RAIN,9/8/2024,0,NA,9/11/2024 8:58,A
12515,L005,L005+R,RAIN,9/9/2024,0.38,NA,9/11/2024 8:58,A
12515,L005,L005+R,RAIN,9/10/2024,0.37,NA,9/11/2024 8:58,A
12515,L005,L005+R,RAIN,9/11/2024,3.81,NA,9/20/2024 13:52,A
12515,L005,L005+R,RAIN,9/12/2024,0.04,NA,9/20/2024 13:52,A
12515,L005,L005+R,RAIN,9/13/2024,0.59,NA,9/20/2024 13:52,A
12515,L005,L005+R,RAIN,9/14/2024,0.4,NA,9/20/2024 13:52,A
12515,L005,L005+R,RAIN,9/15/2024,0,NA,9/20/2024 13:52,A
12515,L005,L005+R,RAIN,9/16/2024,0,NA,9/20/2024 13:52,A
12515,L005,L005+R,RAIN,9/17/2024,0,NA,9/20/2024 13:52,A
12515,L005,L005+R,RAIN,9/18/2024,0.11,NA,9/20/2024 13:52,A
12515,L005,L005+R,RAIN,9/19/2024,0.06,NA,9/20/2024 13:52,A
12515,L005,L005+R,RAIN,9/20/2024,0.06,NA,10/2/2024 12:38,A
12515,L005,L005+R,RAIN,9/21/2024,0,NA,10/2/2024 12:38,A
12515,L005,L005+R,RAIN,9/22/2024,0,NA,10/2/2024 12:38,A
12515,L005,L005+R,RAIN,9/23/2024,0.19,NA,10/2/2024 12:38,A
12515,L005,L005+R,RAIN,9/24/2024,0.08,NA,10/2/2024 12:38,A
12515,L005,L005+R,RAIN,9/25/2024,0.38,NA,10/2/2024 12:38,A
12515,L005,L005+R,RAIN,9/26/2024,0.05,NA,10/2/2024 12:38,A
12515,L005,L005+R,RAIN,9/27/2024,0.03,NA,10/2/2024 12:38,A
12515,L005,L005+R,RAIN,9/28/2024,0.19,NA,10/2/2024 12:38,A
12515,L005,L005+R,RAIN,9/29/2024,0.01,NA,10/2/2024 12:38,A
12515,L005,L005+R,RAIN,9/30/2024,0.01,NA,10/2/2024 12:38,A
12515,L005,L005+R,RAIN,10/1/2024,1.12,NA,10/2/2024 12:38,A
12515,L005,L005+R,RAIN,10/2/2024,0.02,NA,10/11/2024 15:52,A
12515,L005,L005+R,RAIN,10/3/2024,0.08,NA,10/11/2024 15:52,A
12515,L005,L005+R,RAIN,10/4/2024,0,NA,10/11/2024 15:52,A
12515,L005,L005+R,RAIN,10/5/2024,0,NA,10/11/2024 15:52,A
12515,L005,L005+R,RAIN,10/6/2024,0.61,NA,10/11/2024 15:52,A
12515,L005,L005+R,RAIN,10/7/2024,0,NA,10/11/2024 15:52,A
12515,L005,L005+R,RAIN,10/8/2024,0.03,NA,10/11/2024 15:52,A
12515,L005,L005+R,RAIN,10/9/2024,0.84,PT,10/21/2024 10:49,A
12515,L005,L005+R,RAIN,10/10/2024,NA,M,10/21/2024 10:49,A
12515,L005,L005+R,RAIN,10/11/2024,NA,M,10/21/2024 10:49,A
12515,L005,L005+R,RAIN,10/12/2024,NA,M,10/21/2024 10:49,A
12515,L005,L005+R,RAIN,10/13/2024,NA,M,10/21/2024 10:49,A
12515,L005,L005+R,RAIN,10/14/2024,0,PT,10/21/2024 10:49,A
12515,L005,L005+R,RAIN,10/15/2024,0,NA,10/21/2024 10:49,A
12515,L005,L005+R,RAIN,10/16/2024,0,NA,10/21/2024 10:49,A
12515,L005,L005+R,RAIN,10/17/2024,0,NA,10/21/2024 10:49,A
12515,L005,L005+R,RAIN,10/18/2024,0,NA,10/29/2024 14:31,A
12515,L005,L005+R,RAIN,10/19/2024,0,NA,10/29/2024 14:31,A
12515,L005,L005+R,RAIN,10/20/2024,0,NA,10/29/2024 14:31,A
12515,L005,L005+R,RAIN,10/21/2024,0.05,NA,10/29/2024 14:31,A
12515,L005,L005+R,RAIN,10/22/2024,0,NA,10/29/2024 14:31,A
12515,L005,L005+R,RAIN,10/23/2024,0,NA,10/29/2024 14:31,A
12515,L005,L005+R,RAIN,10/24/2024,0,NA,10/29/2024 14:31,A
12515,L005,L005+R,RAIN,10/25/2024,0,NA,10/29/2024 14:31,A
12515,L005,L005+R,RAIN,10/26/2024,0,NA,10/29/2024 14:31,A
12515,L005,L005+R,RAIN,10/27/2024,0,NA,10/29/2024 14:31,A
12515,L005,L005+R,RAIN,10/28/2024,0,NA,10/29/2024 14:31,A
12515,L005,L005+R,RAIN,10/29/2024,0,NA,11/8/2024 13:38,A
12515,L005,L005+R,RAIN,10/30/2024,0,NA,11/8/2024 13:38,A
12515,L005,L005+R,RAIN,10/31/2024,0,NA,11/8/2024 13:38,A
12515,L005,L005+R,RAIN,11/1/2024,0,NA,11/8/2024 13:38,A
12515,L005,L005+R,RAIN,11/2/2024,0,NA,11/8/2024 13:38,A
12515,L005,L005+R,RAIN,11/3/2024,0,NA,11/8/2024 13:38,A
12515,L005,L005+R,RAIN,11/4/2024,0,NA,11/8/2024 13:38,A
12515,L005,L005+R,RAIN,11/5/2024,0,NA,11/8/2024 13:38,A
12515,L005,L005+R,RAIN,11/6/2024,0.25,NA,11/8/2024 13:38,A
12515,L005,L005+R,RAIN,11/7/2024,0,NA,11/8/2024 13:38,A
12515,L005,L005+R,RAIN,11/8/2024,0,NA,11/20/2024 8:15,A
12515,L005,L005+R,RAIN,11/9/2024,0,NA,11/20/2024 8:15,A
12515,L005,L005+R,RAIN,11/10/2024,0,NA,11/20/2024 8:15,A
12515,L005,L005+R,RAIN,11/11/2024,0.01,NA,11/20/2024 8:15,A
12515,L005,L005+R,RAIN,11/12/2024,0,NA,11/20/2024 8:15,A
12515,L005,L005+R,RAIN,11/13/2024,0.01,NA,11/20/2024 8:15,A
12515,L005,L005+R,RAIN,11/14/2024,0,NA,11/20/2024 8:15,A
12515,L005,L005+R,RAIN,11/15/2024,0,NA,11/20/2024 8:15,A
12515,L005,L005+R,RAIN,11/16/2024,0,NA,11/20/2024 8:15,A
12515,L005,L005+R,RAIN,11/17/2024,0,NA,11/20/2024 8:15,A
12515,L005,L005+R,RAIN,11/18/2024,0,NA,11/20/2024 8:15,A
12515,L005,L005+R,RAIN,11/19/2024,0,NA,12/2/2024 10:48,A
12515,L005,L005+R,RAIN,11/20/2024,0.07,NA,12/2/2024 10:48,A
12515,L005,L005+R,RAIN,11/21/2024,0,NA,12/2/2024 10:48,A
12515,L005,L005+R,RAIN,11/22/2024,0,NA,12/2/2024 10:48,A
12515,L005,L005+R,RAIN,11/23/2024,0,NA,12/2/2024 10:48,A
12515,L005,L005+R,RAIN,11/24/2024,0,NA,12/2/2024 10:48,A
12515,L005,L005+R,RAIN,11/25/2024,0,NA,12/2/2024 10:48,A
12515,L005,L005+R,RAIN,11/26/2024,0,NA,12/2/2024 10:48,A
12515,L005,L005+R,RAIN,11/27/2024,0,NA,12/2/2024 10:48,A
12515,L005,L005+R,RAIN,11/28/2024,0,NA,12/2/2024 10:48,A
12515,L005,L005+R,RAIN,11/29/2024,0,NA,12/2/2024 10:48,A
12515,L005,L005+R,RAIN,11/30/2024,0,NA,12/2/2024 10:48,A
12515,L005,L005+R,RAIN,12/1/2024,0,NA,12/2/2024 10:48,A
12515,L005,L005+R,RAIN,12/2/2024,0,NA,12/9/2024 12:40,A
12515,L005,L005+R,RAIN,12/3/2024,0,NA,12/9/2024 12:40,A
12515,L005,L005+R,RAIN,12/4/2024,0,NA,12/9/2024 12:40,A
12515,L005,L005+R,RAIN,12/5/2024,0,NA,12/9/2024 12:40,A
12515,L005,L005+R,RAIN,12/6/2024,0,NA,12/9/2024 12:40,A
12515,L005,L005+R,RAIN,12/7/2024,0,NA,12/9/2024 12:40,A
12515,L005,L005+R,RAIN,12/8/2024,0,NA,12/9/2024 12:40,A
12515,L005,L005+R,RAIN,12/9/2024,0,NA,12/17/2024 13:08,A
12515,L005,L005+R,RAIN,12/10/2024,0,NA,12/17/2024 13:08,A
12515,L005,L005+R,RAIN,12/11/2024,0,NA,12/17/2024 13:08,A
12515,L005,L005+R,RAIN,12/12/2024,0,NA,12/17/2024 13:08,A
12515,L005,L005+R,RAIN,12/13/2024,0,NA,12/17/2024 13:08,A
12515,L005,L005+R,RAIN,12/14/2024,0.04,NA,12/17/2024 13:08,A
12515,L005,L005+R,RAIN,12/15/2024,0.15,NA,12/17/2024 13:08,A
12515,L005,L005+R,RAIN,12/16/2024,0,NA,12/17/2024 13:08,A
12515,L005,L005+R,RAIN,12/17/2024,0,NA,1/3/2025 11:14,A
12515,L005,L005+R,RAIN,12/18/2024,0,NA,1/3/2025 11:14,A
12515,L005,L005+R,RAIN,12/19/2024,0,NA,1/3/2025 11:14,A
12515,L005,L005+R,RAIN,12/20/2024,0,NA,1/3/2025 11:14,A
12515,L005,L005+R,RAIN,12/21/2024,0,NA,1/3/2025 11:14,A
12515,L005,L005+R,RAIN,12/22/2024,0,NA,1/3/2025 11:14,A
12515,L005,L005+R,RAIN,12/23/2024,0,NA,1/3/2025 11:14,A
12515,L005,L005+R,RAIN,12/24/2024,0,NA,1/3/2025 11:14,A
12515,L005,L005+R,RAIN,12/25/2024,0,NA,1/3/2025 11:14,A
12515,L005,L005+R,RAIN,12/26/2024,0,NA,1/3/2025 11:14,A
12515,L005,L005+R,RAIN,12/27/2024,0,NA,1/3/2025 11:14,A
12515,L005,L005+R,RAIN,12/28/2024,0,NA,1/3/2025 11:14,A
12515,L005,L005+R,RAIN,12/29/2024,0.21,NA,1/3/2025 11:14,A
12515,L005,L005+R,RAIN,12/30/2024,0,NA,1/3/2025 11:14,A
12515,L005,L005+R,RAIN,12/31/2024,0,NA,1/3/2025 11:14,A
12515,L005,L005+R,RAIN,1/1/2025,0,NA,1/3/2025 11:14,A
12515,L005,L005+R,RAIN,1/2/2025,0,NA,1/3/2025 11:14,A
12515,L005,L005+R,RAIN,1/3/2025,0,NA,1/10/2025 13:35,A
12515,L005,L005+R,RAIN,1/4/2025,0,NA,1/10/2025 13:35,A
12515,L005,L005+R,RAIN,1/5/2025,0,NA,1/10/2025 13:35,A
12515,L005,L005+R,RAIN,1/6/2025,0,NA,1/10/2025 13:35,A
12515,L005,L005+R,RAIN,1/7/2025,0,NA,1/10/2025 13:35,A
12515,L005,L005+R,RAIN,1/8/2025,0,NA,1/10/2025 13:35,A
12515,L005,L005+R,RAIN,1/9/2025,0,NA,1/10/2025 13:35,A
12515,L005,L005+R,RAIN,1/10/2025,0,NA,1/21/2025 11:28,A
12515,L005,L005+R,RAIN,1/11/2025,0.01,NA,1/21/2025 11:28,A
12515,L005,L005+R,RAIN,1/12/2025,0,NA,1/21/2025 11:28,A
12515,L005,L005+R,RAIN,1/13/2025,0,NA,1/21/2025 11:28,A
12515,L005,L005+R,RAIN,1/14/2025,0,NA,1/21/2025 11:28,A
12515,L005,L005+R,RAIN,1/15/2025,0,NA,1/21/2025 11:28,A
12515,L005,L005+R,RAIN,1/16/2025,0,NA,1/21/2025 11:28,A
12515,L005,L005+R,RAIN,1/17/2025,0.16,NA,1/21/2025 11:28,A
12515,L005,L005+R,RAIN,1/18/2025,0,NA,1/21/2025 11:28,A
12515,L005,L005+R,RAIN,1/19/2025,0.04,NA,1/21/2025 11:28,A
12515,L005,L005+R,RAIN,1/20/2025,0.01,NA,1/21/2025 11:28,A
12515,L005,L005+R,RAIN,1/21/2025,0.27,NA,1/29/2025 14:20,A
12515,L005,L005+R,RAIN,1/22/2025,0.31,NA,1/29/2025 14:20,A
12515,L005,L005+R,RAIN,1/23/2025,0.07,NA,1/29/2025 14:20,A
12515,L005,L005+R,RAIN,1/24/2025,0,NA,1/29/2025 14:20,A
12515,L005,L005+R,RAIN,1/25/2025,0,NA,1/29/2025 14:20,A
12515,L005,L005+R,RAIN,1/26/2025,0,NA,1/29/2025 14:20,A
12515,L005,L005+R,RAIN,1/27/2025,0,NA,1/29/2025 14:20,A
12515,L005,L005+R,RAIN,1/28/2025,0,NA,1/29/2025 14:20,A
12515,L005,L005+R,RAIN,1/29/2025,0,NA,2/6/2025 10:48,A
12515,L005,L005+R,RAIN,1/30/2025,0,NA,2/6/2025 10:48,A
12515,L005,L005+R,RAIN,1/31/2025,0,NA,2/6/2025 10:48,A
12515,L005,L005+R,RAIN,2/1/2025,0,NA,2/6/2025 10:48,A
12515,L005,L005+R,RAIN,2/2/2025,0,NA,2/6/2025 10:48,A
12515,L005,L005+R,RAIN,2/3/2025,0,NA,2/6/2025 10:48,A
12515,L005,L005+R,RAIN,2/4/2025,0,NA,2/6/2025 10:48,A
12515,L005,L005+R,RAIN,2/5/2025,0,NA,2/6/2025 10:48,A
12515,L005,L005+R,RAIN,2/6/2025,0,NA,2/17/2025 13:19,A
12515,L005,L005+R,RAIN,2/7/2025,0,NA,2/17/2025 13:19,A
12515,L005,L005+R,RAIN,2/8/2025,0,NA,2/17/2025 13:19,A
12515,L005,L005+R,RAIN,2/9/2025,0,NA,2/17/2025 13:19,A
12515,L005,L005+R,RAIN,2/10/2025,0,NA,2/17/2025 13:19,A
12515,L005,L005+R,RAIN,2/11/2025,0,NA,2/17/2025 13:19,A
12515,L005,L005+R,RAIN,2/12/2025,0,NA,2/17/2025 13:19,A
12515,L005,L005+R,RAIN,2/13/2025,0.25,NA,2/17/2025 13:19,A
12515,L005,L005+R,RAIN,2/14/2025,0.07,NA,2/17/2025 13:19,A
12515,L005,L005+R,RAIN,2/15/2025,0,NA,2/17/2025 13:19,A
12515,L005,L005+R,RAIN,2/16/2025,0,NA,2/17/2025 13:19,A
12515,L005,L005+R,RAIN,2/17/2025,0,NA,2/27/2025 9:26,A
12515,L005,L005+R,RAIN,2/18/2025,0,NA,2/27/2025 9:26,A
12515,L005,L005+R,RAIN,2/19/2025,0,NA,2/27/2025 9:26,A
12515,L005,L005+R,RAIN,2/20/2025,0,NA,2/27/2025 9:26,A
12515,L005,L005+R,RAIN,2/21/2025,0,NA,2/27/2025 9:26,A
12515,L005,L005+R,RAIN,2/22/2025,0,NA,2/27/2025 9:26,A
12515,L005,L005+R,RAIN,2/23/2025,0,NA,2/27/2025 9:26,A
12515,L005,L005+R,RAIN,2/24/2025,0.75,NA,2/27/2025 9:26,A
12515,L005,L005+R,RAIN,2/25/2025,0.51,NA,2/27/2025 9:26,A
12515,L005,L005+R,RAIN,2/26/2025,0,NA,2/27/2025 9:26,A
12515,L005,L005+R,RAIN,2/27/2025,0,NA,3/10/2025 12:58,A
12515,L005,L005+R,RAIN,2/28/2025,0,NA,3/10/2025 12:58,A
12515,L005,L005+R,RAIN,3/1/2025,0,NA,3/10/2025 12:58,A
12515,L005,L005+R,RAIN,3/2/2025,0,NA,3/10/2025 12:58,A
12515,L005,L005+R,RAIN,3/3/2025,0,NA,3/10/2025 12:58,A
12515,L005,L005+R,RAIN,3/4/2025,0,NA,3/10/2025 12:58,A
12515,L005,L005+R,RAIN,3/5/2025,0,NA,3/10/2025 12:58,A
12515,L005,L005+R,RAIN,3/6/2025,0,NA,3/10/2025 12:58,A
12515,L005,L005+R,RAIN,3/7/2025,0,NA,3/10/2025 12:58,A
12515,L005,L005+R,RAIN,3/8/2025,0,NA,3/10/2025 12:58,A
12515,L005,L005+R,RAIN,3/9/2025,0,NA,3/10/2025 12:58,A
12515,L005,L005+R,RAIN,3/10/2025,0.12,NA,3/20/2025 7:02,A
12515,L005,L005+R,RAIN,3/11/2025,0,NA,3/20/2025 7:02,A
12515,L005,L005+R,RAIN,3/12/2025,0,NA,3/20/2025 7:02,A
12515,L005,L005+R,RAIN,3/13/2025,0,NA,3/20/2025 7:02,A
12515,L005,L005+R,RAIN,3/14/2025,0,NA,3/20/2025 7:02,A
12515,L005,L005+R,RAIN,3/15/2025,0,NA,3/20/2025 7:02,A
12515,L005,L005+R,RAIN,3/16/2025,0,NA,3/20/2025 7:02,A
12515,L005,L005+R,RAIN,3/17/2025,0.76,NA,3/20/2025 7:02,A
12515,L005,L005+R,RAIN,3/18/2025,0,NA,3/20/2025 7:02,A
12515,L005,L005+R,RAIN,3/19/2025,0,NA,3/28/2025 15:06,A
12515,L005,L005+R,RAIN,3/20/2025,0,NA,3/28/2025 15:06,A
12515,L005,L005+R,RAIN,3/21/2025,0,NA,3/28/2025 15:06,A
12515,L005,L005+R,RAIN,3/22/2025,0,NA,3/28/2025 15:06,A
12515,L005,L005+R,RAIN,3/23/2025,0,NA,3/28/2025 15:06,A
12515,L005,L005+R,RAIN,3/24/2025,0,NA,3/28/2025 15:06,A
12515,L005,L005+R,RAIN,3/25/2025,0,NA,3/28/2025 15:06,A
12515,L005,L005+R,RAIN,3/26/2025,0,NA,3/28/2025 15:06,A
12515,L005,L005+R,RAIN,3/27/2025,0,NA,4/7/2025 9:13,A
12515,L005,L005+R,RAIN,3/28/2025,0,NA,4/7/2025 9:13,A
12515,L005,L005+R,RAIN,3/29/2025,0.1,NA,4/7/2025 9:13,A
12515,L005,L005+R,RAIN,3/30/2025,0.16,NA,4/7/2025 9:13,A
12515,L005,L005+R,RAIN,3/31/2025,0,NA,4/7/2025 9:13,A
12515,L005,L005+R,RAIN,4/1/2025,0,NA,4/7/2025 9:13,A
12515,L005,L005+R,RAIN,4/2/2025,0,NA,4/7/2025 9:13,A
12515,L005,L005+R,RAIN,4/3/2025,0,NA,4/7/2025 9:13,A
12515,L005,L005+R,RAIN,4/4/2025,0,NA,4/7/2025 9:13,A
12515,L005,L005+R,RAIN,4/5/2025,0,NA,4/7/2025 9:13,A
12515,L005,L005+R,RAIN,4/6/2025,0,NA,4/7/2025 9:13,A
12515,L005,L005+R,RAIN,4/7/2025,0,NA,4/18/2025 8:27,A
12515,L005,L005+R,RAIN,4/8/2025,0,NA,4/18/2025 8:27,A
12515,L005,L005+R,RAIN,4/9/2025,0,NA,4/18/2025 8:27,A
12515,L005,L005+R,RAIN,4/10/2025,0,NA,4/18/2025 8:27,A
12515,L005,L005+R,RAIN,4/11/2025,0,NA,4/18/2025 8:27,A
12515,L005,L005+R,RAIN,4/12/2025,0,NA,4/18/2025 8:27,A
12515,L005,L005+R,RAIN,4/13/2025,0,NA,4/18/2025 8:27,A
12515,L005,L005+R,RAIN,4/14/2025,0,NA,4/18/2025 8:27,A
12515,L005,L005+R,RAIN,4/15/2025,0,NA,4/18/2025 8:27,A
12515,L005,L005+R,RAIN,4/16/2025,0,NA,4/18/2025 8:27,A
12515,L005,L005+R,RAIN,4/17/2025,0,NA,4/28/2025 10:30,A
12515,L005,L005+R,RAIN,4/18/2025,0,NA,4/28/2025 10:30,A
12515,L005,L005+R,RAIN,4/19/2025,0,NA,4/28/2025 10:30,A
12515,L005,L005+R,RAIN,4/20/2025,0,NA,4/28/2025 10:30,A
12515,L005,L005+R,RAIN,4/21/2025,0,NA,4/28/2025 10:30,A
12515,L005,L005+R,RAIN,4/22/2025,0,NA,4/28/2025 10:30,A
12515,L005,L005+R,RAIN,4/23/2025,0,NA,4/28/2025 10:30,A
12515,L005,L005+R,RAIN,4/24/2025,0,NA,4/28/2025 10:30,A
12515,L005,L005+R,RAIN,4/25/2025,0,NA,4/28/2025 10:30,A
12515,L005,L005+R,RAIN,4/26/2025,0,NA,4/28/2025 10:30,A
12515,L005,L005+R,RAIN,4/27/2025,0,NA,4/28/2025 10:30,A
12515,L005,L005+R,RAIN,4/28/2025,0,NA,5/8/2025 8:15,A
12515,L005,L005+R,RAIN,4/29/2025,0,NA,5/8/2025 8:15,A
12515,L005,L005+R,RAIN,4/30/2025,0,NA,5/8/2025 8:15,A
12515,L005,L005+R,RAIN,5/1/2025,0,NA,5/8/2025 8:15,A
12515,L005,L005+R,RAIN,5/2/2025,0,NA,5/8/2025 8:15,A
12515,L005,L005+R,RAIN,5/3/2025,0,NA,5/8/2025 8:15,A
12515,L005,L005+R,RAIN,5/4/2025,0.01,NA,5/8/2025 8:15,A
12515,L005,L005+R,RAIN,5/5/2025,0,NA,5/8/2025 8:15,A
12515,L005,L005+R,RAIN,5/6/2025,0.02,NA,5/8/2025 8:15,A
12515,L005,L005+R,RAIN,5/7/2025,0,NA,5/19/2025 9:12,A
12515,L005,L005+R,RAIN,5/8/2025,0,NA,5/19/2025 9:12,A
12515,L005,L005+R,RAIN,5/9/2025,0,NA,5/19/2025 9:12,A
12515,L005,L005+R,RAIN,5/10/2025,0.12,NA,5/19/2025 9:12,A
12515,L005,L005+R,RAIN,5/11/2025,0.28,NA,5/19/2025 9:12,A
12515,L005,L005+R,RAIN,5/12/2025,1.02,NA,5/19/2025 9:12,A
12515,L005,L005+R,RAIN,5/13/2025,0,NA,5/19/2025 9:12,A
12515,L005,L005+R,RAIN,5/14/2025,0,NA,5/19/2025 9:12,A
12515,L005,L005+R,RAIN,5/15/2025,0,PT,5/28/2025 9:20,A
12515,L005,L005+R,RAIN,5/16/2025,0,PT,5/28/2025 9:20,A
12515,L005,L005+R,RAIN,5/17/2025,0,NA,5/28/2025 9:20,A
12515,L005,L005+R,RAIN,5/18/2025,0,NA,5/28/2025 9:20,A
12515,L005,L005+R,RAIN,5/19/2025,0,NA,5/28/2025 9:20,A
12515,L005,L005+R,RAIN,5/20/2025,0,NA,5/28/2025 9:20,A
12515,L005,L005+R,RAIN,5/21/2025,0,NA,6/2/2025 9:46,A
12515,L005,L005+R,RAIN,5/22/2025,0.01,NA,6/2/2025 9:46,A
12515,L005,L005+R,RAIN,5/23/2025,0.24,NA,6/2/2025 9:46,A
12515,L005,L005+R,RAIN,5/24/2025,0.79,NA,6/2/2025 9:46,A
12515,L005,L005+R,RAIN,5/25/2025,0.01,NA,6/2/2025 9:46,A
12515,L005,L005+R,RAIN,5/26/2025,0.21,NA,6/2/2025 9:46,A
12515,L005,L005+R,RAIN,5/27/2025,0,NA,6/2/2025 9:46,A
12515,L005,L005+R,RAIN,5/28/2025,0,NA,6/2/2025 9:46,A
12515,L005,L005+R,RAIN,5/29/2025,0,NA,6/2/2025 9:46,A
12515,L005,L005+R,RAIN,5/30/2025,0.04,NA,6/2/2025 9:46,A
12515,L005,L005+R,RAIN,5/31/2025,0.1,NA,6/2/2025 9:46,A
12515,L005,L005+R,RAIN,6/1/2025,0.8,NA,6/2/2025 9:46,A
12515,L005,L005+R,RAIN,6/2/2025,0.6,NA,6/13/2025 13:10,A
12515,L005,L005+R,RAIN,6/3/2025,0.01,NA,6/13/2025 13:10,A
12515,L005,L005+R,RAIN,6/4/2025,0.39,NA,6/13/2025 13:10,A
12515,L005,L005+R,RAIN,6/5/2025,0,NA,6/13/2025 13:10,A
12515,L005,L005+R,RAIN,6/6/2025,0,NA,6/13/2025 13:10,A
12515,L005,L005+R,RAIN,6/7/2025,0,NA,6/13/2025 13:10,A
12515,L005,L005+R,RAIN,6/8/2025,0,NA,6/13/2025 13:10,A
12515,L005,L005+R,RAIN,6/9/2025,0.04,NA,6/13/2025 13:10,A
12515,L005,L005+R,RAIN,6/10/2025,0,NA,6/13/2025 13:10,A
12515,L005,L005+R,RAIN,6/11/2025,0,NA,6/13/2025 13:10,A
12515,L005,L005+R,RAIN,6/12/2025,0.52,NA,6/13/2025 13:10,A
12515,L005,L005+R,RAIN,6/13/2025,0,NA,6/26/2025 9:01,A
12515,L005,L005+R,RAIN,6/14/2025,0,NA,6/26/2025 9:01,A
12515,L005,L005+R,RAIN,6/15/2025,0,NA,6/26/2025 9:01,A
12515,L005,L005+R,RAIN,6/16/2025,0,NA,6/26/2025 9:01,A
12515,L005,L005+R,RAIN,6/17/2025,0,NA,6/26/2025 9:01,A
12515,L005,L005+R,RAIN,6/18/2025,0,NA,6/26/2025 9:01,A
12515,L005,L005+R,RAIN,6/19/2025,0,NA,6/26/2025 9:01,A
12515,L005,L005+R,RAIN,6/20/2025,0,NA,6/26/2025 9:01,A
12515,L005,L005+R,RAIN,6/21/2025,0,NA,6/26/2025 9:01,A
12515,L005,L005+R,RAIN,6/22/2025,0,NA,6/26/2025 9:01,A
12515,L005,L005+R,RAIN,6/23/2025,0,NA,6/26/2025 9:01,A
12515,L005,L005+R,RAIN,6/24/2025,0,NA,6/26/2025 9:01,A
12515,L005,L005+R,RAIN,6/25/2025,0,NA,7/7/2025 8:13,A
12515,L005,L005+R,RAIN,6/26/2025,0,NA,7/7/2025 8:13,A
12515,L005,L005+R,RAIN,6/27/2025,0,NA,7/7/2025 8:13,A
12515,L005,L005+R,RAIN,6/28/2025,1.23,A,7/7/2025 8:13,A
12515,L005,L005+R,RAIN,6/29/2025,0.15,NA,7/7/2025 8:13,A
12515,L005,L005+R,RAIN,6/30/2025,0.47,NA,7/7/2025 8:13,A
12515,L005,L005+R,RAIN,7/1/2025,0.04,NA,7/7/2025 8:13,A
12515,L005,L005+R,RAIN,7/2/2025,0.11,NA,7/7/2025 8:13,A
12515,L005,L005+R,RAIN,7/3/2025,0.29,NA,7/7/2025 8:13,A
12515,L005,L005+R,RAIN,7/4/2025,0.04,NA,7/7/2025 8:13,A
12515,L005,L005+R,RAIN,7/5/2025,0.01,NA,7/7/2025 8:13,A
12515,L005,L005+R,RAIN,7/6/2025,0.25,NA,7/7/2025 8:13,A
12515,L005,L005+R,RAIN,7/7/2025,0,NA,7/15/2025 11:06,A
12515,L005,L005+R,RAIN,7/8/2025,0,NA,7/15/2025 11:06,A
12515,L005,L005+R,RAIN,7/9/2025,0,NA,7/15/2025 11:06,A
12515,L005,L005+R,RAIN,7/10/2025,0,NA,7/15/2025 11:06,A
12515,L005,L005+R,RAIN,7/11/2025,0.23,NA,7/15/2025 11:06,A
12515,L005,L005+R,RAIN,7/12/2025,0,NA,7/15/2025 11:06,A
12515,L005,L005+R,RAIN,7/13/2025,1.78,NA,7/15/2025 11:06,A
12515,L005,L005+R,RAIN,7/14/2025,0.59,NA,7/15/2025 11:06,A
12515,L005,L005+R,RAIN,7/15/2025,0.15,NA,7/24/2025 12:45,A
12515,L005,L005+R,RAIN,7/16/2025,0.03,NA,7/24/2025 12:45,A
12515,L005,L005+R,RAIN,7/17/2025,0.11,NA,7/24/2025 12:45,A
12515,L005,L005+R,RAIN,7/18/2025,0.01,NA,7/24/2025 12:45,A
12515,L005,L005+R,RAIN,7/19/2025,0,NA,7/24/2025 12:45,A
12515,L005,L005+R,RAIN,7/20/2025,0,NA,7/24/2025 12:45,A
12515,L005,L005+R,RAIN,7/21/2025,0,NA,7/24/2025 12:45,A
12515,L005,L005+R,RAIN,7/22/2025,0.52,NA,7/24/2025 12:45,A
12515,L005,L005+R,RAIN,7/23/2025,0,NA,7/24/2025 12:45,A
12515,L005,L005+R,RAIN,7/24/2025,0,NA,8/4/2025 7:39,A
12515,L005,L005+R,RAIN,7/25/2025,0,NA,8/4/2025 7:39,A
12515,L005,L005+R,RAIN,7/26/2025,0,NA,8/4/2025 7:39,A
12515,L005,L005+R,RAIN,7/27/2025,0,NA,8/4/2025 7:39,A
12515,L005,L005+R,RAIN,7/28/2025,0,NA,8/4/2025 7:39,A
12515,L005,L005+R,RAIN,7/29/2025,0,NA,8/4/2025 7:39,A
12515,L005,L005+R,RAIN,7/30/2025,0,NA,8/4/2025 7:39,A
12515,L005,L005+R,RAIN,7/31/2025,0,NA,8/4/2025 7:39,A
12515,L005,L005+R,RAIN,8/1/2025,0,NA,8/12/2025 7:07,A
12515,L005,L005+R,RAIN,8/2/2025,0,NA,8/12/2025 7:07,A
12515,L005,L005+R,RAIN,8/3/2025,0,NA,8/12/2025 7:07,A
12515,L005,L005+R,RAIN,8/4/2025,0.88,NA,8/12/2025 7:07,A
12515,L005,L005+R,RAIN,8/5/2025,0,NA,8/12/2025 7:07,A
12515,L005,L005+R,RAIN,8/6/2025,0,NA,8/12/2025 7:07,A
12515,L005,L005+R,RAIN,8/7/2025,0,NA,8/12/2025 7:07,A
12515,L005,L005+R,RAIN,8/8/2025,0,NA,8/12/2025 7:07,A
12515,L005,L005+R,RAIN,8/9/2025,0.01,NA,8/12/2025 7:07,A
12515,L005,L005+R,RAIN,8/10/2025,0.01,NA,8/12/2025 7:07,A
12515,L005,L005+R,RAIN,8/11/2025,0.01,NA,8/19/2025 15:08,A
12515,L005,L005+R,RAIN,8/12/2025,0,NA,8/19/2025 15:08,A
12515,L005,L005+R,RAIN,8/13/2025,0,NA,8/19/2025 15:08,A
12515,L005,L005+R,RAIN,8/14/2025,0,NA,8/19/2025 15:08,A
12515,L005,L005+R,RAIN,8/15/2025,0,NA,8/19/2025 15:08,A
12515,L005,L005+R,RAIN,8/16/2025,0,NA,8/19/2025 15:08,A
12515,L005,L005+R,RAIN,8/17/2025,0,NA,8/19/2025 15:08,A
12515,L005,L005+R,RAIN,8/18/2025,0,NA,8/19/2025 15:08,A
12515,L005,L005+R,RAIN,8/19/2025,1.4,NA,8/28/2025 14:12,A
12515,L005,L005+R,RAIN,8/20/2025,0,NA,8/28/2025 14:12,A
12515,L005,L005+R,RAIN,8/21/2025,0,NA,8/28/2025 14:12,A
12515,L005,L005+R,RAIN,8/22/2025,0.05,NA,8/28/2025 14:12,A
12515,L005,L005+R,RAIN,8/23/2025,0.16,NA,8/28/2025 14:12,A
12515,L005,L005+R,RAIN,8/24/2025,0.06,NA,8/28/2025 14:12,A
12515,L005,L005+R,RAIN,8/25/2025,0,NA,8/28/2025 14:12,A
12515,L005,L005+R,RAIN,8/26/2025,0.19,NA,8/28/2025 14:12,A
12515,L005,L005+R,RAIN,8/27/2025,0.01,NA,8/28/2025 14:12,A
12515,L005,L005+R,RAIN,8/28/2025,0,NA,8/29/2025 3:09,P
12515,L005,L005+R,RAIN,8/29/2025,0.74,NA,8/30/2025 3:09,P
12515,L005,L005+R,RAIN,8/30/2025,0.05,NA,8/31/2025 3:09,P
12515,L005,L005+R,RAIN,8/31/2025,0,NA,9/1/2025 3:08,P
12515,L005,L005+R,RAIN,9/1/2025,0,NA,9/2/2025 3:09,P
12515,L005,L005+R,RAIN,9/2/2025,0,NA,9/3/2025 3:08,P
12515,L005,L005+R,RAIN,9/3/2025,0.05,NA,9/4/2025 3:08,P
12524,L006,L006+R,RAIN,9/4/2024,0.14,NA,9/12/2024 15:11,A
12524,L006,L006+R,RAIN,9/5/2024,0,NA,9/12/2024 15:11,A
12524,L006,L006+R,RAIN,9/6/2024,0.46,NA,9/12/2024 15:11,A
12524,L006,L006+R,RAIN,9/7/2024,1.63,NA,9/12/2024 15:11,A
12524,L006,L006+R,RAIN,9/8/2024,0,NA,9/12/2024 15:11,A
12524,L006,L006+R,RAIN,9/9/2024,0.38,NA,9/12/2024 15:11,A
12524,L006,L006+R,RAIN,9/10/2024,0.17,NA,9/12/2024 15:11,A
12524,L006,L006+R,RAIN,9/11/2024,1.09,NA,9/12/2024 15:11,A
12524,L006,L006+R,RAIN,9/12/2024,0.02,NA,9/24/2024 10:34,A
12524,L006,L006+R,RAIN,9/13/2024,0.14,NA,9/24/2024 10:34,A
12524,L006,L006+R,RAIN,9/14/2024,0.36,NA,9/24/2024 10:34,A
12524,L006,L006+R,RAIN,9/15/2024,0,NA,9/24/2024 10:34,A
12524,L006,L006+R,RAIN,9/16/2024,0,NA,9/24/2024 10:34,A
12524,L006,L006+R,RAIN,9/17/2024,0.6,NA,9/24/2024 10:34,A
12524,L006,L006+R,RAIN,9/18/2024,0.73,NA,9/24/2024 10:34,A
12524,L006,L006+R,RAIN,9/19/2024,0.01,NA,9/24/2024 10:34,A
12524,L006,L006+R,RAIN,9/20/2024,0,NA,9/24/2024 10:34,A
12524,L006,L006+R,RAIN,9/21/2024,0,NA,9/24/2024 10:34,A
12524,L006,L006+R,RAIN,9/22/2024,0,NA,9/24/2024 10:34,A
12524,L006,L006+R,RAIN,9/23/2024,0,NA,9/24/2024 10:34,A
12524,L006,L006+R,RAIN,9/24/2024,0.01,NA,10/7/2024 14:22,A
12524,L006,L006+R,RAIN,9/25/2024,0.13,NA,10/7/2024 14:22,A
12524,L006,L006+R,RAIN,9/26/2024,0.22,NA,10/7/2024 14:22,A
12524,L006,L006+R,RAIN,9/27/2024,0.34,NA,10/7/2024 14:22,A
12524,L006,L006+R,RAIN,9/28/2024,0,NA,10/7/2024 14:22,A
12524,L006,L006+R,RAIN,9/29/2024,0,NA,10/7/2024 14:22,A
12524,L006,L006+R,RAIN,9/30/2024,0,NA,10/7/2024 14:22,A
12524,L006,L006+R,RAIN,10/1/2024,0,NA,10/7/2024 14:22,A
12524,L006,L006+R,RAIN,10/2/2024,0,NA,10/7/2024 14:22,A
12524,L006,L006+R,RAIN,10/3/2024,0,NA,10/7/2024 14:22,A
12524,L006,L006+R,RAIN,10/4/2024,0.03,NA,10/7/2024 14:22,A
12524,L006,L006+R,RAIN,10/5/2024,0,NA,10/7/2024 14:22,A
12524,L006,L006+R,RAIN,10/6/2024,1.25,NA,10/7/2024 14:22,A
12524,L006,L006+R,RAIN,10/7/2024,0,NA,10/17/2024 12:02,A
12524,L006,L006+R,RAIN,10/8/2024,0,NA,10/17/2024 12:02,A
12524,L006,L006+R,RAIN,10/9/2024,0.64,NA,10/17/2024 12:02,A
12524,L006,L006+R,RAIN,10/10/2024,0,NA,10/17/2024 12:02,A
12524,L006,L006+R,RAIN,10/11/2024,0.05,NA,10/17/2024 12:02,A
12524,L006,L006+R,RAIN,10/12/2024,0,NA,10/17/2024 12:02,A
12524,L006,L006+R,RAIN,10/13/2024,0,NA,10/17/2024 12:02,A
12524,L006,L006+R,RAIN,10/14/2024,0,NA,10/17/2024 12:02,A
12524,L006,L006+R,RAIN,10/15/2024,0,NA,10/17/2024 12:02,A
12524,L006,L006+R,RAIN,10/16/2024,0,NA,10/17/2024 12:02,A
12524,L006,L006+R,RAIN,10/17/2024,0,NA,10/28/2024 15:01,A
12524,L006,L006+R,RAIN,10/18/2024,0,NA,10/28/2024 15:01,A
12524,L006,L006+R,RAIN,10/19/2024,0,NA,10/28/2024 15:01,A
12524,L006,L006+R,RAIN,10/20/2024,0.02,NA,10/28/2024 15:01,A
12524,L006,L006+R,RAIN,10/21/2024,0.07,NA,10/28/2024 15:01,A
12524,L006,L006+R,RAIN,10/22/2024,0,NA,10/28/2024 15:01,A
12524,L006,L006+R,RAIN,10/23/2024,0,NA,10/28/2024 15:01,A
12524,L006,L006+R,RAIN,10/24/2024,0,NA,10/28/2024 15:01,A
12524,L006,L006+R,RAIN,10/25/2024,0,NA,10/28/2024 15:01,A
12524,L006,L006+R,RAIN,10/26/2024,0,NA,10/28/2024 15:01,A
12524,L006,L006+R,RAIN,10/27/2024,0,NA,10/28/2024 15:01,A
12524,L006,L006+R,RAIN,10/28/2024,0,NA,11/8/2024 13:26,A
12524,L006,L006+R,RAIN,10/29/2024,0,NA,11/8/2024 13:26,A
12524,L006,L006+R,RAIN,10/30/2024,0,NA,11/8/2024 13:26,A
12524,L006,L006+R,RAIN,10/31/2024,0,NA,11/8/2024 13:26,A
12524,L006,L006+R,RAIN,11/1/2024,0,NA,11/8/2024 13:26,A
12524,L006,L006+R,RAIN,11/2/2024,0,NA,11/8/2024 13:26,A
12524,L006,L006+R,RAIN,11/3/2024,0,NA,11/8/2024 13:26,A
12524,L006,L006+R,RAIN,11/4/2024,0,NA,11/8/2024 13:26,A
12524,L006,L006+R,RAIN,11/5/2024,0,NA,11/8/2024 13:26,A
12524,L006,L006+R,RAIN,11/6/2024,0.12,NA,11/8/2024 13:26,A
12524,L006,L006+R,RAIN,11/7/2024,0,NA,11/8/2024 13:26,A
12524,L006,L006+R,RAIN,11/8/2024,0,NA,11/21/2024 13:57,A
12524,L006,L006+R,RAIN,11/9/2024,0,NA,11/21/2024 13:57,A
12524,L006,L006+R,RAIN,11/10/2024,0,NA,11/21/2024 13:57,A
12524,L006,L006+R,RAIN,11/11/2024,0,NA,11/21/2024 13:57,A
12524,L006,L006+R,RAIN,11/12/2024,0,NA,11/21/2024 13:57,A
12524,L006,L006+R,RAIN,11/13/2024,0,NA,11/21/2024 13:57,A
12524,L006,L006+R,RAIN,11/14/2024,0,NA,11/21/2024 13:57,A
12524,L006,L006+R,RAIN,11/15/2024,0,NA,11/21/2024 13:57,A
12524,L006,L006+R,RAIN,11/16/2024,0,NA,11/21/2024 13:57,A
12524,L006,L006+R,RAIN,11/17/2024,0,NA,11/21/2024 13:57,A
12524,L006,L006+R,RAIN,11/18/2024,0,NA,11/21/2024 13:57,A
12524,L006,L006+R,RAIN,11/19/2024,0,NA,11/21/2024 13:57,A
12524,L006,L006+R,RAIN,11/20/2024,0.03,NA,11/21/2024 13:57,A
12524,L006,L006+R,RAIN,11/21/2024,0,NA,12/5/2024 13:27,A
12524,L006,L006+R,RAIN,11/22/2024,0,NA,12/5/2024 13:27,A
12524,L006,L006+R,RAIN,11/23/2024,0,NA,12/5/2024 13:27,A
12524,L006,L006+R,RAIN,11/24/2024,0,NA,12/5/2024 13:27,A
12524,L006,L006+R,RAIN,11/25/2024,0,NA,12/5/2024 13:27,A
12524,L006,L006+R,RAIN,11/26/2024,0,NA,12/5/2024 13:27,A
12524,L006,L006+R,RAIN,11/27/2024,0,NA,12/5/2024 13:27,A
12524,L006,L006+R,RAIN,11/28/2024,0,NA,12/5/2024 13:27,A
12524,L006,L006+R,RAIN,11/29/2024,0,NA,12/5/2024 13:27,A
12524,L006,L006+R,RAIN,11/30/2024,0,NA,12/5/2024 13:27,A
12524,L006,L006+R,RAIN,12/1/2024,0,NA,12/5/2024 13:27,A
12524,L006,L006+R,RAIN,12/2/2024,0,NA,12/5/2024 13:27,A
12524,L006,L006+R,RAIN,12/3/2024,0,NA,12/5/2024 13:27,A
12524,L006,L006+R,RAIN,12/4/2024,0,NA,12/5/2024 13:27,A
12524,L006,L006+R,RAIN,12/5/2024,0,NA,12/18/2024 12:51,A
12524,L006,L006+R,RAIN,12/6/2024,0,NA,12/18/2024 12:51,A
12524,L006,L006+R,RAIN,12/7/2024,0,NA,12/18/2024 12:51,A
12524,L006,L006+R,RAIN,12/8/2024,0,NA,12/18/2024 12:51,A
12524,L006,L006+R,RAIN,12/9/2024,0,NA,12/18/2024 12:51,A
12524,L006,L006+R,RAIN,12/10/2024,0,NA,12/18/2024 12:51,A
12524,L006,L006+R,RAIN,12/11/2024,0,NA,12/18/2024 12:51,A
12524,L006,L006+R,RAIN,12/12/2024,0,NA,12/18/2024 12:51,A
12524,L006,L006+R,RAIN,12/13/2024,0,NA,12/18/2024 12:51,A
12524,L006,L006+R,RAIN,12/14/2024,0.14,NA,12/18/2024 12:51,A
12524,L006,L006+R,RAIN,12/15/2024,0.03,NA,12/18/2024 12:51,A
12524,L006,L006+R,RAIN,12/16/2024,0,NA,12/18/2024 12:51,A
12524,L006,L006+R,RAIN,12/17/2024,0.25,NA,12/18/2024 12:51,A
12524,L006,L006+R,RAIN,12/18/2024,0,NA,1/2/2025 15:13,A
12524,L006,L006+R,RAIN,12/19/2024,0.01,NA,1/2/2025 15:13,A
12524,L006,L006+R,RAIN,12/20/2024,0,NA,1/2/2025 15:13,A
12524,L006,L006+R,RAIN,12/21/2024,0,NA,1/2/2025 15:13,A
12524,L006,L006+R,RAIN,12/22/2024,0,NA,1/2/2025 15:13,A
12524,L006,L006+R,RAIN,12/23/2024,0,NA,1/2/2025 15:13,A
12524,L006,L006+R,RAIN,12/24/2024,0,NA,1/2/2025 15:13,A
12524,L006,L006+R,RAIN,12/25/2024,0,NA,1/2/2025 15:13,A
12524,L006,L006+R,RAIN,12/26/2024,0,NA,1/2/2025 15:13,A
12524,L006,L006+R,RAIN,12/27/2024,0,NA,1/2/2025 15:13,A
12524,L006,L006+R,RAIN,12/28/2024,0.03,NA,1/2/2025 15:13,A
12524,L006,L006+R,RAIN,12/29/2024,0.21,NA,1/2/2025 15:13,A
12524,L006,L006+R,RAIN,12/30/2024,0,NA,1/2/2025 15:13,A
12524,L006,L006+R,RAIN,12/31/2024,0,NA,1/2/2025 15:13,A
12524,L006,L006+R,RAIN,1/1/2025,0.01,NA,1/2/2025 15:13,A
12524,L006,L006+R,RAIN,1/2/2025,0,NA,1/13/2025 10:27,A
12524,L006,L006+R,RAIN,1/3/2025,0,NA,1/13/2025 10:27,A
12524,L006,L006+R,RAIN,1/4/2025,0,NA,1/13/2025 10:27,A
12524,L006,L006+R,RAIN,1/5/2025,0,NA,1/13/2025 10:27,A
12524,L006,L006+R,RAIN,1/6/2025,0,NA,1/13/2025 10:27,A
12524,L006,L006+R,RAIN,1/7/2025,0,NA,1/13/2025 10:27,A
12524,L006,L006+R,RAIN,1/8/2025,0,NA,1/13/2025 10:27,A
12524,L006,L006+R,RAIN,1/9/2025,0,NA,1/13/2025 10:27,A
12524,L006,L006+R,RAIN,1/10/2025,0,NA,1/13/2025 10:27,A
12524,L006,L006+R,RAIN,1/11/2025,0.01,NA,1/13/2025 10:27,A
12524,L006,L006+R,RAIN,1/12/2025,0,NA,1/13/2025 10:27,A
12524,L006,L006+R,RAIN,1/13/2025,0,NA,1/24/2025 11:02,A
12524,L006,L006+R,RAIN,1/14/2025,0,NA,1/24/2025 11:02,A
12524,L006,L006+R,RAIN,1/15/2025,0,NA,1/24/2025 11:02,A
12524,L006,L006+R,RAIN,1/16/2025,0,NA,1/24/2025 11:02,A
12524,L006,L006+R,RAIN,1/17/2025,0.13,NA,1/24/2025 11:02,A
12524,L006,L006+R,RAIN,1/18/2025,0.01,NA,1/24/2025 11:02,A
12524,L006,L006+R,RAIN,1/19/2025,0.18,NA,1/24/2025 11:02,A
12524,L006,L006+R,RAIN,1/20/2025,0,NA,1/24/2025 11:02,A
12524,L006,L006+R,RAIN,1/21/2025,0.12,NA,1/24/2025 11:02,A
12524,L006,L006+R,RAIN,1/22/2025,0.24,NA,1/24/2025 11:02,A
12524,L006,L006+R,RAIN,1/23/2025,0.02,NA,1/24/2025 11:02,A
12524,L006,L006+R,RAIN,1/24/2025,0,NA,2/7/2025 12:30,A
12524,L006,L006+R,RAIN,1/25/2025,0,NA,2/7/2025 12:30,A
12524,L006,L006+R,RAIN,1/26/2025,0,NA,2/7/2025 12:30,A
12524,L006,L006+R,RAIN,1/27/2025,0,NA,2/7/2025 12:30,A
12524,L006,L006+R,RAIN,1/28/2025,0,NA,2/7/2025 12:30,A
12524,L006,L006+R,RAIN,1/29/2025,0,NA,2/7/2025 12:30,A
12524,L006,L006+R,RAIN,1/30/2025,0,NA,2/7/2025 12:30,A
12524,L006,L006+R,RAIN,1/31/2025,0,NA,2/7/2025 12:30,A
12524,L006,L006+R,RAIN,2/1/2025,0,NA,2/7/2025 12:30,A
12524,L006,L006+R,RAIN,2/2/2025,0,NA,2/7/2025 12:30,A
12524,L006,L006+R,RAIN,2/3/2025,0,NA,2/7/2025 12:30,A
12524,L006,L006+R,RAIN,2/4/2025,0,NA,2/7/2025 12:30,A
12524,L006,L006+R,RAIN,2/5/2025,0.01,NA,2/7/2025 12:30,A
12524,L006,L006+R,RAIN,2/6/2025,0,NA,2/7/2025 12:30,A
12524,L006,L006+R,RAIN,2/7/2025,0,NA,2/21/2025 9:38,A
12524,L006,L006+R,RAIN,2/8/2025,0,NA,2/21/2025 9:38,A
12524,L006,L006+R,RAIN,2/9/2025,0,NA,2/21/2025 9:38,A
12524,L006,L006+R,RAIN,2/10/2025,0,NA,2/21/2025 9:38,A
12524,L006,L006+R,RAIN,2/11/2025,0,NA,2/21/2025 9:38,A
12524,L006,L006+R,RAIN,2/12/2025,0,NA,2/21/2025 9:38,A
12524,L006,L006+R,RAIN,2/13/2025,0.65,NA,2/21/2025 9:38,A
12524,L006,L006+R,RAIN,2/14/2025,0.05,NA,2/21/2025 9:38,A
12524,L006,L006+R,RAIN,2/15/2025,0.01,NA,2/21/2025 9:38,A
12524,L006,L006+R,RAIN,2/16/2025,0,NA,2/21/2025 9:38,A
12524,L006,L006+R,RAIN,2/17/2025,0,NA,2/21/2025 9:38,A
12524,L006,L006+R,RAIN,2/18/2025,0,NA,2/21/2025 9:38,A
12524,L006,L006+R,RAIN,2/19/2025,0,NA,2/21/2025 9:38,A
12524,L006,L006+R,RAIN,2/20/2025,0,NA,2/21/2025 9:38,A
12524,L006,L006+R,RAIN,2/21/2025,0,NA,3/6/2025 13:21,A
12524,L006,L006+R,RAIN,2/22/2025,0,NA,3/6/2025 13:21,A
12524,L006,L006+R,RAIN,2/23/2025,0,NA,3/6/2025 13:21,A
12524,L006,L006+R,RAIN,2/24/2025,0.58,NA,3/6/2025 13:21,A
12524,L006,L006+R,RAIN,2/25/2025,0.35,NA,3/6/2025 13:21,A
12524,L006,L006+R,RAIN,2/26/2025,0,NA,3/6/2025 13:21,A
12524,L006,L006+R,RAIN,2/27/2025,0,NA,3/6/2025 13:21,A
12524,L006,L006+R,RAIN,2/28/2025,0,NA,3/6/2025 13:21,A
12524,L006,L006+R,RAIN,3/1/2025,0,NA,3/6/2025 13:21,A
12524,L006,L006+R,RAIN,3/2/2025,0,NA,3/6/2025 13:21,A
12524,L006,L006+R,RAIN,3/3/2025,0,NA,3/6/2025 13:21,A
12524,L006,L006+R,RAIN,3/4/2025,0,NA,3/6/2025 13:21,A
12524,L006,L006+R,RAIN,3/5/2025,0,NA,3/6/2025 13:21,A
12524,L006,L006+R,RAIN,3/6/2025,0,NA,3/19/2025 11:03,A
12524,L006,L006+R,RAIN,3/7/2025,0,NA,3/19/2025 11:03,A
12524,L006,L006+R,RAIN,3/8/2025,0,NA,3/19/2025 11:03,A
12524,L006,L006+R,RAIN,3/9/2025,0,NA,3/19/2025 11:03,A
12524,L006,L006+R,RAIN,3/10/2025,0.02,NA,3/19/2025 11:03,A
12524,L006,L006+R,RAIN,3/11/2025,0,NA,3/19/2025 11:03,A
12524,L006,L006+R,RAIN,3/12/2025,0,NA,3/19/2025 11:03,A
12524,L006,L006+R,RAIN,3/13/2025,0,NA,3/19/2025 11:03,A
12524,L006,L006+R,RAIN,3/14/2025,0,NA,3/19/2025 11:03,A
12524,L006,L006+R,RAIN,3/15/2025,0,NA,3/19/2025 11:03,A
12524,L006,L006+R,RAIN,3/16/2025,0,NA,3/19/2025 11:03,A
12524,L006,L006+R,RAIN,3/17/2025,0.48,NA,3/19/2025 11:03,A
12524,L006,L006+R,RAIN,3/18/2025,0,NA,3/19/2025 11:03,A
12524,L006,L006+R,RAIN,3/19/2025,0,NA,4/2/2025 10:57,A
12524,L006,L006+R,RAIN,3/20/2025,0,NA,4/2/2025 10:57,A
12524,L006,L006+R,RAIN,3/21/2025,0,NA,4/2/2025 10:57,A
12524,L006,L006+R,RAIN,3/22/2025,0,NA,4/2/2025 10:57,A
12524,L006,L006+R,RAIN,3/23/2025,0,NA,4/2/2025 10:57,A
12524,L006,L006+R,RAIN,3/24/2025,0,NA,4/2/2025 10:57,A
12524,L006,L006+R,RAIN,3/25/2025,0,NA,4/2/2025 10:57,A
12524,L006,L006+R,RAIN,3/26/2025,0,NA,4/2/2025 10:57,A
12524,L006,L006+R,RAIN,3/27/2025,0,NA,4/2/2025 10:57,A
12524,L006,L006+R,RAIN,3/28/2025,0,NA,4/2/2025 10:57,A
12524,L006,L006+R,RAIN,3/29/2025,0.02,NA,4/2/2025 10:57,A
12524,L006,L006+R,RAIN,3/30/2025,0.18,NA,4/2/2025 10:57,A
12524,L006,L006+R,RAIN,3/31/2025,0.01,NA,4/2/2025 10:57,A
12524,L006,L006+R,RAIN,4/1/2025,0,NA,4/2/2025 10:57,A
12524,L006,L006+R,RAIN,4/2/2025,0,NA,4/10/2025 13:14,A
12524,L006,L006+R,RAIN,4/3/2025,0,NA,4/10/2025 13:14,A
12524,L006,L006+R,RAIN,4/4/2025,0,NA,4/10/2025 13:14,A
12524,L006,L006+R,RAIN,4/5/2025,0,NA,4/10/2025 13:14,A
12524,L006,L006+R,RAIN,4/6/2025,0,NA,4/10/2025 13:14,A
12524,L006,L006+R,RAIN,4/7/2025,0,NA,4/10/2025 13:14,A
12524,L006,L006+R,RAIN,4/8/2025,0.14,NA,4/10/2025 13:14,A
12524,L006,L006+R,RAIN,4/9/2025,0,NA,4/10/2025 13:14,A
12524,L006,L006+R,RAIN,4/10/2025,0,NA,4/23/2025 10:40,A
12524,L006,L006+R,RAIN,4/11/2025,0,NA,4/23/2025 10:40,A
12524,L006,L006+R,RAIN,4/12/2025,0,NA,4/23/2025 10:40,A
12524,L006,L006+R,RAIN,4/13/2025,0,NA,4/23/2025 10:40,A
12524,L006,L006+R,RAIN,4/14/2025,0,NA,4/23/2025 10:40,A
12524,L006,L006+R,RAIN,4/15/2025,0,NA,4/23/2025 10:40,A
12524,L006,L006+R,RAIN,4/16/2025,0,NA,4/23/2025 10:40,A
12524,L006,L006+R,RAIN,4/17/2025,0,NA,4/23/2025 10:40,A
12524,L006,L006+R,RAIN,4/18/2025,0,NA,4/23/2025 10:40,A
12524,L006,L006+R,RAIN,4/19/2025,0,NA,4/23/2025 10:40,A
12524,L006,L006+R,RAIN,4/20/2025,0,NA,4/23/2025 10:40,A
12524,L006,L006+R,RAIN,4/21/2025,0,NA,4/23/2025 10:40,A
12524,L006,L006+R,RAIN,4/22/2025,0,NA,4/23/2025 10:40,A
12524,L006,L006+R,RAIN,4/23/2025,0,NA,5/8/2025 11:07,A
12524,L006,L006+R,RAIN,4/24/2025,0,NA,5/8/2025 11:07,A
12524,L006,L006+R,RAIN,4/25/2025,0,NA,5/8/2025 11:07,A
12524,L006,L006+R,RAIN,4/26/2025,0,NA,5/8/2025 11:07,A
12524,L006,L006+R,RAIN,4/27/2025,0,NA,5/8/2025 11:07,A
12524,L006,L006+R,RAIN,4/28/2025,0,NA,5/8/2025 11:07,A
12524,L006,L006+R,RAIN,4/29/2025,0,NA,5/8/2025 11:07,A
12524,L006,L006+R,RAIN,4/30/2025,0,NA,5/8/2025 11:07,A
12524,L006,L006+R,RAIN,5/1/2025,0,NA,5/8/2025 11:07,A
12524,L006,L006+R,RAIN,5/2/2025,0,NA,5/8/2025 11:07,A
12524,L006,L006+R,RAIN,5/3/2025,0,NA,5/8/2025 11:07,A
12524,L006,L006+R,RAIN,5/4/2025,0.14,NA,5/8/2025 11:07,A
12524,L006,L006+R,RAIN,5/5/2025,0.03,NA,5/8/2025 11:07,A
12524,L006,L006+R,RAIN,5/6/2025,0,NA,5/8/2025 11:07,A
12524,L006,L006+R,RAIN,5/7/2025,0,NA,5/8/2025 11:07,A
12524,L006,L006+R,RAIN,5/8/2025,0,NA,5/15/2025 10:48,A
12524,L006,L006+R,RAIN,5/9/2025,0,NA,5/15/2025 10:48,A
12524,L006,L006+R,RAIN,5/10/2025,0,NA,5/15/2025 10:48,A
12524,L006,L006+R,RAIN,5/11/2025,0.02,NA,5/15/2025 10:48,A
12524,L006,L006+R,RAIN,5/12/2025,1.27,NA,5/15/2025 10:48,A
12524,L006,L006+R,RAIN,5/13/2025,0,NA,5/15/2025 10:48,A
12524,L006,L006+R,RAIN,5/14/2025,0,NA,5/15/2025 10:48,A
12524,L006,L006+R,RAIN,5/15/2025,0,NA,5/28/2025 14:04,A
12524,L006,L006+R,RAIN,5/16/2025,0,NA,5/28/2025 14:04,A
12524,L006,L006+R,RAIN,5/17/2025,0,NA,5/28/2025 14:04,A
12524,L006,L006+R,RAIN,5/18/2025,0,NA,5/28/2025 14:04,A
12524,L006,L006+R,RAIN,5/19/2025,0,NA,5/28/2025 14:04,A
12524,L006,L006+R,RAIN,5/20/2025,0,NA,5/28/2025 14:04,A
12524,L006,L006+R,RAIN,5/21/2025,0,NA,5/28/2025 14:04,A
12524,L006,L006+R,RAIN,5/22/2025,0,NA,5/28/2025 14:04,A
12524,L006,L006+R,RAIN,5/23/2025,0,NA,5/28/2025 14:04,A
12524,L006,L006+R,RAIN,5/24/2025,0.18,NA,5/28/2025 14:04,A
12524,L006,L006+R,RAIN,5/25/2025,0.24,NA,5/28/2025 14:04,A
12524,L006,L006+R,RAIN,5/26/2025,0.3,NA,5/28/2025 14:04,A
12524,L006,L006+R,RAIN,5/27/2025,0.08,NA,5/28/2025 14:04,A
12524,L006,L006+R,RAIN,5/28/2025,0.04,NA,6/10/2025 11:22,A
12524,L006,L006+R,RAIN,5/29/2025,0.01,NA,6/10/2025 11:22,A
12524,L006,L006+R,RAIN,5/30/2025,0.01,NA,6/10/2025 11:22,A
12524,L006,L006+R,RAIN,5/31/2025,0.07,NA,6/10/2025 11:22,A
12524,L006,L006+R,RAIN,6/1/2025,0.08,NA,6/10/2025 11:22,A
12524,L006,L006+R,RAIN,6/2/2025,0.8,NA,6/10/2025 11:22,A
12524,L006,L006+R,RAIN,6/3/2025,0.56,NA,6/10/2025 11:22,A
12524,L006,L006+R,RAIN,6/4/2025,0.4,NA,6/10/2025 11:22,A
12524,L006,L006+R,RAIN,6/5/2025,0,NA,6/10/2025 11:22,A
12524,L006,L006+R,RAIN,6/6/2025,0,NA,6/10/2025 11:22,A
12524,L006,L006+R,RAIN,6/7/2025,0,NA,6/10/2025 11:22,A
12524,L006,L006+R,RAIN,6/8/2025,0,NA,6/10/2025 11:22,A
12524,L006,L006+R,RAIN,6/9/2025,0.18,NA,6/10/2025 11:22,A
12524,L006,L006+R,RAIN,6/10/2025,0.02,NA,6/23/2025 11:22,A
12524,L006,L006+R,RAIN,6/11/2025,0.18,NA,6/23/2025 11:22,A
12524,L006,L006+R,RAIN,6/12/2025,1.37,NA,6/23/2025 11:22,A
12524,L006,L006+R,RAIN,6/13/2025,0.02,NA,6/23/2025 11:22,A
12524,L006,L006+R,RAIN,6/14/2025,0,NA,6/23/2025 11:22,A
12524,L006,L006+R,RAIN,6/15/2025,0,NA,6/23/2025 11:22,A
12524,L006,L006+R,RAIN,6/16/2025,0,NA,6/23/2025 11:22,A
12524,L006,L006+R,RAIN,6/17/2025,0,NA,6/23/2025 11:22,A
12524,L006,L006+R,RAIN,6/18/2025,0,NA,6/23/2025 11:22,A
12524,L006,L006+R,RAIN,6/19/2025,0.03,NA,6/23/2025 11:22,A
12524,L006,L006+R,RAIN,6/20/2025,0,NA,6/23/2025 11:22,A
12524,L006,L006+R,RAIN,6/21/2025,0,NA,6/23/2025 11:22,A
12524,L006,L006+R,RAIN,6/22/2025,0,NA,6/30/2025 15:20,A
12524,L006,L006+R,RAIN,6/23/2025,0,NA,6/30/2025 15:20,A
12524,L006,L006+R,RAIN,6/24/2025,0.01,NA,6/30/2025 15:20,A
12524,L006,L006+R,RAIN,6/25/2025,0,NA,6/30/2025 15:20,A
12524,L006,L006+R,RAIN,6/26/2025,0,NA,6/30/2025 15:20,A
12524,L006,L006+R,RAIN,6/27/2025,0.15,NA,6/30/2025 15:20,A
12524,L006,L006+R,RAIN,6/28/2025,0.88,NA,6/30/2025 15:20,A
12524,L006,L006+R,RAIN,6/29/2025,1.77,NA,6/30/2025 15:20,A
12524,L006,L006+R,RAIN,6/30/2025,1.73,NA,7/11/2025 9:00,A
12524,L006,L006+R,RAIN,7/1/2025,0.74,NA,7/11/2025 9:00,A
12524,L006,L006+R,RAIN,7/2/2025,0.93,NA,7/11/2025 9:00,A
12524,L006,L006+R,RAIN,7/3/2025,0.18,NA,7/11/2025 9:00,A
12524,L006,L006+R,RAIN,7/4/2025,0,NA,7/11/2025 9:00,A
12524,L006,L006+R,RAIN,7/5/2025,0.04,NA,7/11/2025 9:00,A
12524,L006,L006+R,RAIN,7/6/2025,0.02,NA,7/11/2025 9:00,A
12524,L006,L006+R,RAIN,7/7/2025,0,NA,7/11/2025 9:00,A
12524,L006,L006+R,RAIN,7/8/2025,0,NA,7/11/2025 9:00,A
12524,L006,L006+R,RAIN,7/9/2025,0,NA,7/11/2025 9:00,A
12524,L006,L006+R,RAIN,7/10/2025,0,NA,7/15/2025 9:43,A
12524,L006,L006+R,RAIN,7/11/2025,0.81,NA,7/15/2025 9:43,A
12524,L006,L006+R,RAIN,7/12/2025,0,NA,7/15/2025 9:43,A
12524,L006,L006+R,RAIN,7/13/2025,0.59,NA,7/15/2025 9:43,A
12524,L006,L006+R,RAIN,7/14/2025,1.2,NA,7/28/2025 14:34,A
12524,L006,L006+R,RAIN,7/15/2025,0.02,NA,7/28/2025 14:34,A
12524,L006,L006+R,RAIN,7/16/2025,1.08,NA,7/28/2025 14:34,A
12524,L006,L006+R,RAIN,7/17/2025,0.14,NA,7/28/2025 14:34,A
12524,L006,L006+R,RAIN,7/18/2025,0,NA,7/28/2025 14:34,A
12524,L006,L006+R,RAIN,7/19/2025,0,NA,7/28/2025 14:34,A
12524,L006,L006+R,RAIN,7/20/2025,0,NA,7/28/2025 14:34,A
12524,L006,L006+R,RAIN,7/21/2025,0.03,NA,7/28/2025 14:34,A
12524,L006,L006+R,RAIN,7/22/2025,0,NA,7/28/2025 14:34,A
12524,L006,L006+R,RAIN,7/23/2025,0,NA,7/28/2025 14:34,A
12524,L006,L006+R,RAIN,7/24/2025,0,NA,7/28/2025 14:34,A
12524,L006,L006+R,RAIN,7/25/2025,0,NA,7/28/2025 14:34,A
12524,L006,L006+R,RAIN,7/26/2025,0,NA,7/28/2025 14:34,A
12524,L006,L006+R,RAIN,7/27/2025,0,NA,7/28/2025 14:34,A
12524,L006,L006+R,RAIN,7/28/2025,0,NA,8/1/2025 11:30,A
12524,L006,L006+R,RAIN,7/29/2025,0,NA,8/1/2025 11:30,A
12524,L006,L006+R,RAIN,7/30/2025,0,NA,8/1/2025 11:30,A
12524,L006,L006+R,RAIN,7/31/2025,0,NA,8/1/2025 11:30,A
12524,L006,L006+R,RAIN,8/1/2025,0.02,NA,8/5/2025 11:21,A
12524,L006,L006+R,RAIN,8/2/2025,0.01,NA,8/5/2025 11:21,A
12524,L006,L006+R,RAIN,8/3/2025,0,NA,8/5/2025 11:21,A
12524,L006,L006+R,RAIN,8/4/2025,0.4,NA,8/5/2025 11:21,A
12524,L006,L006+R,RAIN,8/5/2025,0,NA,8/14/2025 12:05,A
12524,L006,L006+R,RAIN,8/6/2025,0,NA,8/14/2025 12:05,A
12524,L006,L006+R,RAIN,8/7/2025,0.15,NA,8/14/2025 12:05,A
12524,L006,L006+R,RAIN,8/8/2025,0,NA,8/14/2025 12:05,A
12524,L006,L006+R,RAIN,8/9/2025,0.23,NA,8/14/2025 12:05,A
12524,L006,L006+R,RAIN,8/10/2025,0.08,NA,8/14/2025 12:05,A
12524,L006,L006+R,RAIN,8/11/2025,0.01,NA,8/14/2025 12:05,A
12524,L006,L006+R,RAIN,8/12/2025,0.11,NA,8/14/2025 12:05,A
12524,L006,L006+R,RAIN,8/13/2025,0,NA,8/14/2025 12:05,A
12524,L006,L006+R,RAIN,8/14/2025,0,NA,8/25/2025 13:58,A
12524,L006,L006+R,RAIN,8/15/2025,0,NA,8/25/2025 13:58,A
12524,L006,L006+R,RAIN,8/16/2025,0,NA,8/25/2025 13:58,A
12524,L006,L006+R,RAIN,8/17/2025,0,NA,8/25/2025 13:58,A
12524,L006,L006+R,RAIN,8/18/2025,0.31,NA,8/25/2025 13:58,A
12524,L006,L006+R,RAIN,8/19/2025,0,NA,8/25/2025 13:58,A
12524,L006,L006+R,RAIN,8/20/2025,0,NA,8/25/2025 13:58,A
12524,L006,L006+R,RAIN,8/21/2025,0.08,NA,8/25/2025 13:58,A
12524,L006,L006+R,RAIN,8/22/2025,0,NA,8/25/2025 13:58,A
12524,L006,L006+R,RAIN,8/23/2025,0.63,NA,8/25/2025 13:58,A
12524,L006,L006+R,RAIN,8/24/2025,0.18,NA,8/25/2025 13:58,A
12524,L006,L006+R,RAIN,8/25/2025,0,NA,9/2/2025 14:12,A
12524,L006,L006+R,RAIN,8/26/2025,0,NA,9/2/2025 14:12,A
12524,L006,L006+R,RAIN,8/27/2025,0,NA,9/2/2025 14:12,A
12524,L006,L006+R,RAIN,8/28/2025,0,NA,9/2/2025 14:12,A
12524,L006,L006+R,RAIN,8/29/2025,0.15,NA,9/2/2025 14:12,A
12524,L006,L006+R,RAIN,8/30/2025,0,NA,9/2/2025 14:12,A
12524,L006,L006+R,RAIN,8/31/2025,0.05,NA,9/2/2025 14:12,A
12524,L006,L006+R,RAIN,9/1/2025,0.01,NA,9/2/2025 14:12,A
12524,L006,L006+R,RAIN,9/2/2025,0,NA,9/3/2025 3:09,P
12524,L006,L006+R,RAIN,9/3/2025,0.04,NA,9/4/2025 3:09,P
13081,LZ40,LZ40+R,RAIN,9/4/2024,0.1,NA,9/5/2024 13:16,A
13081,LZ40,LZ40+R,RAIN,9/5/2024,0,NA,9/12/2024 13:35,A
13081,LZ40,LZ40+R,RAIN,9/6/2024,0,NA,9/12/2024 13:35,A
13081,LZ40,LZ40+R,RAIN,9/7/2024,0.99,NA,9/12/2024 13:35,A
13081,LZ40,LZ40+R,RAIN,9/8/2024,0,NA,9/12/2024 13:35,A
13081,LZ40,LZ40+R,RAIN,9/9/2024,0.18,NA,9/12/2024 13:35,A
13081,LZ40,LZ40+R,RAIN,9/10/2024,0.08,NA,9/12/2024 13:35,A
13081,LZ40,LZ40+R,RAIN,9/11/2024,1.28,NA,9/12/2024 13:35,A
13081,LZ40,LZ40+R,RAIN,9/12/2024,0,NA,9/19/2024 12:36,A
13081,LZ40,LZ40+R,RAIN,9/13/2024,1.09,NA,9/19/2024 12:36,A
13081,LZ40,LZ40+R,RAIN,9/14/2024,0.15,NA,9/19/2024 12:36,A
13081,LZ40,LZ40+R,RAIN,9/15/2024,0,NA,9/19/2024 12:36,A
13081,LZ40,LZ40+R,RAIN,9/16/2024,0,NA,9/19/2024 12:36,A
13081,LZ40,LZ40+R,RAIN,9/17/2024,0.03,NA,9/19/2024 12:36,A
13081,LZ40,LZ40+R,RAIN,9/18/2024,1.02,NA,9/19/2024 12:36,A
13081,LZ40,LZ40+R,RAIN,9/19/2024,0,NA,9/25/2024 14:24,A
13081,LZ40,LZ40+R,RAIN,9/20/2024,0.02,NA,9/25/2024 14:24,A
13081,LZ40,LZ40+R,RAIN,9/21/2024,0,NA,9/25/2024 14:24,A
13081,LZ40,LZ40+R,RAIN,9/22/2024,0,NA,9/25/2024 14:24,A
13081,LZ40,LZ40+R,RAIN,9/23/2024,0,NA,9/25/2024 14:24,A
13081,LZ40,LZ40+R,RAIN,9/24/2024,0.03,NA,9/25/2024 14:24,A
13081,LZ40,LZ40+R,RAIN,9/25/2024,0.01,NA,10/15/2024 12:15,A
13081,LZ40,LZ40+R,RAIN,9/26/2024,0.22,NA,10/15/2024 12:15,A
13081,LZ40,LZ40+R,RAIN,9/27/2024,0.21,NA,10/15/2024 12:15,A
13081,LZ40,LZ40+R,RAIN,9/28/2024,0,NA,10/15/2024 12:15,A
13081,LZ40,LZ40+R,RAIN,9/29/2024,0,NA,10/15/2024 12:15,A
13081,LZ40,LZ40+R,RAIN,9/30/2024,0,NA,10/15/2024 12:15,A
13081,LZ40,LZ40+R,RAIN,10/1/2024,0.78,NA,10/15/2024 12:15,A
13081,LZ40,LZ40+R,RAIN,10/2/2024,0.01,NA,10/15/2024 12:15,A
13081,LZ40,LZ40+R,RAIN,10/3/2024,0,NA,10/15/2024 12:15,A
13081,LZ40,LZ40+R,RAIN,10/4/2024,0.09,NA,10/15/2024 12:15,A
13081,LZ40,LZ40+R,RAIN,10/5/2024,0,NA,10/15/2024 12:15,A
13081,LZ40,LZ40+R,RAIN,10/6/2024,0.51,NA,10/15/2024 12:15,A
13081,LZ40,LZ40+R,RAIN,10/7/2024,0.01,NA,10/15/2024 12:15,A
13081,LZ40,LZ40+R,RAIN,10/8/2024,0,NA,10/15/2024 12:15,A
13081,LZ40,LZ40+R,RAIN,10/9/2024,0.91,NA,10/15/2024 12:15,A
13081,LZ40,LZ40+R,RAIN,10/10/2024,0,NA,10/15/2024 12:15,A
13081,LZ40,LZ40+R,RAIN,10/11/2024,0.01,NA,10/15/2024 12:15,A
13081,LZ40,LZ40+R,RAIN,10/12/2024,0,NA,10/15/2024 12:15,A
13081,LZ40,LZ40+R,RAIN,10/13/2024,0.02,NA,10/15/2024 12:15,A
13081,LZ40,LZ40+R,RAIN,10/14/2024,0,NA,10/15/2024 12:15,A
13081,LZ40,LZ40+R,RAIN,10/15/2024,0,NA,10/22/2024 12:00,A
13081,LZ40,LZ40+R,RAIN,10/16/2024,0,NA,10/22/2024 12:00,A
13081,LZ40,LZ40+R,RAIN,10/17/2024,0,NA,10/22/2024 12:00,A
13081,LZ40,LZ40+R,RAIN,10/18/2024,0,NA,10/22/2024 12:00,A
13081,LZ40,LZ40+R,RAIN,10/19/2024,0,NA,10/22/2024 12:00,A
13081,LZ40,LZ40+R,RAIN,10/20/2024,0.04,NA,10/22/2024 12:00,A
13081,LZ40,LZ40+R,RAIN,10/21/2024,0.04,NA,10/22/2024 12:00,A
13081,LZ40,LZ40+R,RAIN,10/22/2024,0,NA,10/29/2024 12:13,A
13081,LZ40,LZ40+R,RAIN,10/23/2024,0,NA,10/29/2024 12:13,A
13081,LZ40,LZ40+R,RAIN,10/24/2024,0,NA,10/29/2024 12:13,A
13081,LZ40,LZ40+R,RAIN,10/25/2024,0,NA,10/29/2024 12:13,A
13081,LZ40,LZ40+R,RAIN,10/26/2024,0,NA,10/29/2024 12:13,A
13081,LZ40,LZ40+R,RAIN,10/27/2024,0,NA,10/29/2024 12:13,A
13081,LZ40,LZ40+R,RAIN,10/28/2024,0,NA,10/29/2024 12:13,A
13081,LZ40,LZ40+R,RAIN,10/29/2024,0,NA,11/5/2024 12:01,A
13081,LZ40,LZ40+R,RAIN,10/30/2024,0,NA,11/5/2024 12:01,A
13081,LZ40,LZ40+R,RAIN,10/31/2024,0,NA,11/5/2024 12:01,A
13081,LZ40,LZ40+R,RAIN,11/1/2024,0,NA,11/5/2024 12:01,A
13081,LZ40,LZ40+R,RAIN,11/2/2024,0,NA,11/5/2024 12:01,A
13081,LZ40,LZ40+R,RAIN,11/3/2024,0,NA,11/5/2024 12:01,A
13081,LZ40,LZ40+R,RAIN,11/4/2024,0,NA,11/5/2024 12:01,A
13081,LZ40,LZ40+R,RAIN,11/5/2024,0,NA,11/13/2024 14:38,A
13081,LZ40,LZ40+R,RAIN,11/6/2024,0.22,NA,11/13/2024 14:38,A
13081,LZ40,LZ40+R,RAIN,11/7/2024,0,NA,11/13/2024 14:38,A
13081,LZ40,LZ40+R,RAIN,11/8/2024,0,NA,11/13/2024 14:38,A
13081,LZ40,LZ40+R,RAIN,11/9/2024,0,NA,11/13/2024 14:38,A
13081,LZ40,LZ40+R,RAIN,11/10/2024,0,NA,11/13/2024 14:38,A
13081,LZ40,LZ40+R,RAIN,11/11/2024,0,NA,11/13/2024 14:38,A
13081,LZ40,LZ40+R,RAIN,11/12/2024,0,NA,11/13/2024 14:38,A
13081,LZ40,LZ40+R,RAIN,11/13/2024,0,NA,11/20/2024 13:19,A
13081,LZ40,LZ40+R,RAIN,11/14/2024,0,NA,11/20/2024 13:19,A
13081,LZ40,LZ40+R,RAIN,11/15/2024,0,NA,11/20/2024 13:19,A
13081,LZ40,LZ40+R,RAIN,11/16/2024,0,NA,11/20/2024 13:19,A
13081,LZ40,LZ40+R,RAIN,11/17/2024,0,NA,11/20/2024 13:19,A
13081,LZ40,LZ40+R,RAIN,11/18/2024,0,NA,11/20/2024 13:19,A
13081,LZ40,LZ40+R,RAIN,11/19/2024,0,NA,11/20/2024 13:19,A
13081,LZ40,LZ40+R,RAIN,11/20/2024,0.04,NA,11/26/2024 11:55,A
13081,LZ40,LZ40+R,RAIN,11/21/2024,0.01,NA,11/26/2024 11:55,A
13081,LZ40,LZ40+R,RAIN,11/22/2024,0,NA,11/26/2024 11:55,A
13081,LZ40,LZ40+R,RAIN,11/23/2024,0,NA,11/26/2024 11:55,A
13081,LZ40,LZ40+R,RAIN,11/24/2024,0,NA,11/26/2024 11:55,A
13081,LZ40,LZ40+R,RAIN,11/25/2024,0,NA,11/26/2024 11:55,A
13081,LZ40,LZ40+R,RAIN,11/26/2024,0,NA,12/6/2024 11:25,A
13081,LZ40,LZ40+R,RAIN,11/27/2024,0,NA,12/6/2024 11:25,A
13081,LZ40,LZ40+R,RAIN,11/28/2024,0,NA,12/6/2024 11:25,A
13081,LZ40,LZ40+R,RAIN,11/29/2024,0,NA,12/6/2024 11:25,A
13081,LZ40,LZ40+R,RAIN,11/30/2024,0,NA,12/6/2024 11:25,A
13081,LZ40,LZ40+R,RAIN,12/1/2024,0,NA,12/6/2024 11:25,A
13081,LZ40,LZ40+R,RAIN,12/2/2024,0,NA,12/6/2024 11:25,A
13081,LZ40,LZ40+R,RAIN,12/3/2024,0,NA,12/6/2024 11:25,A
13081,LZ40,LZ40+R,RAIN,12/4/2024,0,NA,12/6/2024 11:25,A
13081,LZ40,LZ40+R,RAIN,12/5/2024,0,NA,12/6/2024 11:25,A
13081,LZ40,LZ40+R,RAIN,12/6/2024,0,NA,12/13/2024 12:20,A
13081,LZ40,LZ40+R,RAIN,12/7/2024,0,NA,12/13/2024 12:20,A
13081,LZ40,LZ40+R,RAIN,12/8/2024,0,NA,12/13/2024 12:20,A
13081,LZ40,LZ40+R,RAIN,12/9/2024,0,NA,12/13/2024 12:20,A
13081,LZ40,LZ40+R,RAIN,12/10/2024,0,NA,12/13/2024 12:20,A
13081,LZ40,LZ40+R,RAIN,12/11/2024,0.01,NA,12/13/2024 12:20,A
13081,LZ40,LZ40+R,RAIN,12/12/2024,0,NA,12/13/2024 12:20,A
13081,LZ40,LZ40+R,RAIN,12/13/2024,0,NA,12/20/2024 11:14,A
13081,LZ40,LZ40+R,RAIN,12/14/2024,0.2,NA,12/20/2024 11:14,A
13081,LZ40,LZ40+R,RAIN,12/15/2024,0.1,NA,12/20/2024 11:14,A
13081,LZ40,LZ40+R,RAIN,12/16/2024,0,NA,12/20/2024 11:14,A
13081,LZ40,LZ40+R,RAIN,12/17/2024,0,NA,12/20/2024 11:14,A
13081,LZ40,LZ40+R,RAIN,12/18/2024,0,NA,12/20/2024 11:14,A
13081,LZ40,LZ40+R,RAIN,12/19/2024,0,NA,1/8/2025 14:20,A
13081,LZ40,LZ40+R,RAIN,12/20/2024,0,NA,1/8/2025 14:20,A
13081,LZ40,LZ40+R,RAIN,12/21/2024,0,NA,1/8/2025 14:20,A
13081,LZ40,LZ40+R,RAIN,12/22/2024,0,NA,1/8/2025 14:20,A
13081,LZ40,LZ40+R,RAIN,12/23/2024,0,NA,1/8/2025 14:20,A
13081,LZ40,LZ40+R,RAIN,12/24/2024,0,NA,1/8/2025 14:20,A
13081,LZ40,LZ40+R,RAIN,12/25/2024,0,NA,1/8/2025 14:20,A
13081,LZ40,LZ40+R,RAIN,12/26/2024,0,NA,1/8/2025 14:20,A
13081,LZ40,LZ40+R,RAIN,12/27/2024,0.05,NA,1/8/2025 14:20,A
13081,LZ40,LZ40+R,RAIN,12/28/2024,0.12,NA,1/8/2025 14:20,A
13081,LZ40,LZ40+R,RAIN,12/29/2024,0.32,NA,1/8/2025 14:20,A
13081,LZ40,LZ40+R,RAIN,12/30/2024,0,NA,1/8/2025 14:20,A
13081,LZ40,LZ40+R,RAIN,12/31/2024,0,NA,1/8/2025 14:20,A
13081,LZ40,LZ40+R,RAIN,1/1/2025,0,NA,1/8/2025 14:20,A
13081,LZ40,LZ40+R,RAIN,1/2/2025,0,NA,1/8/2025 14:20,A
13081,LZ40,LZ40+R,RAIN,1/3/2025,0,NA,1/8/2025 14:20,A
13081,LZ40,LZ40+R,RAIN,1/4/2025,0,NA,1/8/2025 14:20,A
13081,LZ40,LZ40+R,RAIN,1/5/2025,0,NA,1/8/2025 14:20,A
13081,LZ40,LZ40+R,RAIN,1/6/2025,0,NA,1/8/2025 14:20,A
13081,LZ40,LZ40+R,RAIN,1/7/2025,0,NA,1/8/2025 14:20,A
13081,LZ40,LZ40+R,RAIN,1/8/2025,0,NA,1/15/2025 13:19,A
13081,LZ40,LZ40+R,RAIN,1/9/2025,0,NA,1/15/2025 13:19,A
13081,LZ40,LZ40+R,RAIN,1/10/2025,0,NA,1/15/2025 13:19,A
13081,LZ40,LZ40+R,RAIN,1/11/2025,0.01,NA,1/15/2025 13:19,A
13081,LZ40,LZ40+R,RAIN,1/12/2025,0,NA,1/15/2025 13:19,A
13081,LZ40,LZ40+R,RAIN,1/13/2025,0,NA,1/15/2025 13:19,A
13081,LZ40,LZ40+R,RAIN,1/14/2025,0,NA,1/15/2025 13:19,A
13081,LZ40,LZ40+R,RAIN,1/15/2025,0,NA,1/22/2025 13:01,A
13081,LZ40,LZ40+R,RAIN,1/16/2025,0,NA,1/22/2025 13:01,A
13081,LZ40,LZ40+R,RAIN,1/17/2025,0.13,NA,1/22/2025 13:01,A
13081,LZ40,LZ40+R,RAIN,1/18/2025,0,NA,1/22/2025 13:01,A
13081,LZ40,LZ40+R,RAIN,1/19/2025,0.04,NA,1/22/2025 13:01,A
13081,LZ40,LZ40+R,RAIN,1/20/2025,0,NA,1/22/2025 13:01,A
13081,LZ40,LZ40+R,RAIN,1/21/2025,0.2,NA,1/22/2025 13:01,A
13081,LZ40,LZ40+R,RAIN,1/22/2025,0.37,NA,1/30/2025 13:37,A
13081,LZ40,LZ40+R,RAIN,1/23/2025,0.04,NA,1/30/2025 13:37,A
13081,LZ40,LZ40+R,RAIN,1/24/2025,0,NA,1/30/2025 13:37,A
13081,LZ40,LZ40+R,RAIN,1/25/2025,0,NA,1/30/2025 13:37,A
13081,LZ40,LZ40+R,RAIN,1/26/2025,0,NA,1/30/2025 13:37,A
13081,LZ40,LZ40+R,RAIN,1/27/2025,0,NA,1/30/2025 13:37,A
13081,LZ40,LZ40+R,RAIN,1/28/2025,0,NA,1/30/2025 13:37,A
13081,LZ40,LZ40+R,RAIN,1/29/2025,0,NA,1/30/2025 13:37,A
13081,LZ40,LZ40+R,RAIN,1/30/2025,0,NA,2/5/2025 14:29,A
13081,LZ40,LZ40+R,RAIN,1/31/2025,0,NA,2/5/2025 14:29,A
13081,LZ40,LZ40+R,RAIN,2/1/2025,0,NA,2/5/2025 14:29,A
13081,LZ40,LZ40+R,RAIN,2/2/2025,0,NA,2/5/2025 14:29,A
13081,LZ40,LZ40+R,RAIN,2/3/2025,0,NA,2/5/2025 14:29,A
13081,LZ40,LZ40+R,RAIN,2/4/2025,0,NA,2/5/2025 14:29,A
13081,LZ40,LZ40+R,RAIN,2/5/2025,0,NA,2/13/2025 11:52,A
13081,LZ40,LZ40+R,RAIN,2/6/2025,0,NA,2/13/2025 11:52,A
13081,LZ40,LZ40+R,RAIN,2/7/2025,0,NA,2/13/2025 11:52,A
13081,LZ40,LZ40+R,RAIN,2/8/2025,0,NA,2/13/2025 11:52,A
13081,LZ40,LZ40+R,RAIN,2/9/2025,0,NA,2/13/2025 11:52,A
13081,LZ40,LZ40+R,RAIN,2/10/2025,0,NA,2/13/2025 11:52,A
13081,LZ40,LZ40+R,RAIN,2/11/2025,0,NA,2/13/2025 11:52,A
13081,LZ40,LZ40+R,RAIN,2/12/2025,0,NA,2/13/2025 11:52,A
13081,LZ40,LZ40+R,RAIN,2/13/2025,0.13,NA,2/20/2025 14:30,A
13081,LZ40,LZ40+R,RAIN,2/14/2025,0,NA,2/20/2025 14:30,A
13081,LZ40,LZ40+R,RAIN,2/15/2025,0,NA,2/20/2025 14:30,A
13081,LZ40,LZ40+R,RAIN,2/16/2025,0.01,NA,2/20/2025 14:30,A
13081,LZ40,LZ40+R,RAIN,2/17/2025,0,NA,2/20/2025 14:30,A
13081,LZ40,LZ40+R,RAIN,2/18/2025,0,NA,2/20/2025 14:30,A
13081,LZ40,LZ40+R,RAIN,2/19/2025,0,NA,2/20/2025 14:30,A
13081,LZ40,LZ40+R,RAIN,2/20/2025,0,NA,2/27/2025 11:37,A
13081,LZ40,LZ40+R,RAIN,2/21/2025,0,NA,2/27/2025 11:37,A
13081,LZ40,LZ40+R,RAIN,2/22/2025,0,NA,2/27/2025 11:37,A
13081,LZ40,LZ40+R,RAIN,2/23/2025,0,NA,2/27/2025 11:37,A
13081,LZ40,LZ40+R,RAIN,2/24/2025,0.7,NA,2/27/2025 11:37,A
13081,LZ40,LZ40+R,RAIN,2/25/2025,0.37,NA,2/27/2025 11:37,A
13081,LZ40,LZ40+R,RAIN,2/26/2025,0,NA,2/27/2025 11:37,A
13081,LZ40,LZ40+R,RAIN,2/27/2025,0,NA,3/6/2025 13:08,A
13081,LZ40,LZ40+R,RAIN,2/28/2025,0,NA,3/6/2025 13:08,A
13081,LZ40,LZ40+R,RAIN,3/1/2025,0,NA,3/6/2025 13:08,A
13081,LZ40,LZ40+R,RAIN,3/2/2025,0,NA,3/6/2025 13:08,A
13081,LZ40,LZ40+R,RAIN,3/3/2025,0,NA,3/6/2025 13:08,A
13081,LZ40,LZ40+R,RAIN,3/4/2025,0.05,NA,3/6/2025 13:08,A
13081,LZ40,LZ40+R,RAIN,3/5/2025,0.04,NA,3/6/2025 13:08,A
13081,LZ40,LZ40+R,RAIN,3/6/2025,0,NA,3/13/2025 14:16,A
13081,LZ40,LZ40+R,RAIN,3/7/2025,0,NA,3/13/2025 14:16,A
13081,LZ40,LZ40+R,RAIN,3/8/2025,0,NA,3/13/2025 14:16,A
13081,LZ40,LZ40+R,RAIN,3/9/2025,0,NA,3/13/2025 14:16,A
13081,LZ40,LZ40+R,RAIN,3/10/2025,0,NA,3/13/2025 14:16,A
13081,LZ40,LZ40+R,RAIN,3/11/2025,0,NA,3/13/2025 14:16,A
13081,LZ40,LZ40+R,RAIN,3/12/2025,0,NA,3/13/2025 14:16,A
13081,LZ40,LZ40+R,RAIN,3/13/2025,0,NA,3/20/2025 11:14,A
13081,LZ40,LZ40+R,RAIN,3/14/2025,0,NA,3/20/2025 11:14,A
13081,LZ40,LZ40+R,RAIN,3/15/2025,0,NA,3/20/2025 11:14,A
13081,LZ40,LZ40+R,RAIN,3/16/2025,0,NA,3/20/2025 11:14,A
13081,LZ40,LZ40+R,RAIN,3/17/2025,0.4,NA,3/20/2025 11:14,A
13081,LZ40,LZ40+R,RAIN,3/18/2025,0,NA,3/20/2025 11:14,A
13081,LZ40,LZ40+R,RAIN,3/19/2025,0,NA,3/20/2025 11:14,A
13081,LZ40,LZ40+R,RAIN,3/20/2025,0,NA,3/21/2025 3:10,P
13081,LZ40,LZ40+R,RAIN,3/21/2025,0,NA,3/22/2025 3:09,P
13081,LZ40,LZ40+R,RAIN,3/22/2025,0,NA,3/23/2025 3:10,P
13081,LZ40,LZ40+R,RAIN,3/23/2025,0,NA,3/24/2025 3:09,P
13081,LZ40,LZ40+R,RAIN,3/24/2025,0,NA,3/25/2025 3:10,P
13081,LZ40,LZ40+R,RAIN,3/25/2025,0.25,NA,3/28/2025 3:12,A
13081,LZ40,LZ40+R,RAIN,3/26/2025,0,NA,3/28/2025 3:12,A
13081,LZ40,LZ40+R,RAIN,3/27/2025,0,NA,4/3/2025 11:49,A
13081,LZ40,LZ40+R,RAIN,3/28/2025,0,NA,4/3/2025 11:49,A
13081,LZ40,LZ40+R,RAIN,3/29/2025,0,NA,4/3/2025 11:49,A
13081,LZ40,LZ40+R,RAIN,3/30/2025,0.01,NA,4/3/2025 11:49,A
13081,LZ40,LZ40+R,RAIN,3/31/2025,0,NA,4/3/2025 11:49,A
13081,LZ40,LZ40+R,RAIN,4/1/2025,0,NA,4/3/2025 11:49,A
13081,LZ40,LZ40+R,RAIN,4/2/2025,0,NA,4/3/2025 11:49,A
13081,LZ40,LZ40+R,RAIN,4/3/2025,0,NA,4/11/2025 12:35,A
13081,LZ40,LZ40+R,RAIN,4/4/2025,0,NA,4/11/2025 12:35,A
13081,LZ40,LZ40+R,RAIN,4/5/2025,0,NA,4/11/2025 12:35,A
13081,LZ40,LZ40+R,RAIN,4/6/2025,0,NA,4/11/2025 12:35,A
13081,LZ40,LZ40+R,RAIN,4/7/2025,0,NA,4/11/2025 12:35,A
13081,LZ40,LZ40+R,RAIN,4/8/2025,0.04,NA,4/11/2025 12:35,A
13081,LZ40,LZ40+R,RAIN,4/9/2025,0,NA,4/11/2025 12:35,A
13081,LZ40,LZ40+R,RAIN,4/10/2025,0,NA,4/11/2025 12:35,A
13081,LZ40,LZ40+R,RAIN,4/11/2025,0,NA,4/17/2025 13:36,A
13081,LZ40,LZ40+R,RAIN,4/12/2025,0,NA,4/17/2025 13:36,A
13081,LZ40,LZ40+R,RAIN,4/13/2025,0,NA,4/17/2025 13:36,A
13081,LZ40,LZ40+R,RAIN,4/14/2025,0,NA,4/17/2025 13:36,A
13081,LZ40,LZ40+R,RAIN,4/15/2025,0,NA,4/17/2025 13:36,A
13081,LZ40,LZ40+R,RAIN,4/16/2025,0,NA,4/17/2025 13:36,A
13081,LZ40,LZ40+R,RAIN,4/17/2025,0,NA,5/2/2025 11:18,A
13081,LZ40,LZ40+R,RAIN,4/18/2025,0,NA,5/2/2025 11:18,A
13081,LZ40,LZ40+R,RAIN,4/19/2025,0,NA,5/2/2025 11:18,A
13081,LZ40,LZ40+R,RAIN,4/20/2025,0,NA,5/2/2025 11:18,A
13081,LZ40,LZ40+R,RAIN,4/21/2025,0,NA,5/2/2025 11:18,A
13081,LZ40,LZ40+R,RAIN,4/22/2025,0,NA,5/2/2025 11:18,A
13081,LZ40,LZ40+R,RAIN,4/23/2025,0,NA,5/2/2025 11:18,A
13081,LZ40,LZ40+R,RAIN,4/24/2025,0,NA,5/2/2025 11:18,A
13081,LZ40,LZ40+R,RAIN,4/25/2025,0,NA,5/2/2025 11:18,A
13081,LZ40,LZ40+R,RAIN,4/26/2025,0,NA,5/2/2025 11:18,A
13081,LZ40,LZ40+R,RAIN,4/27/2025,0,NA,5/2/2025 11:18,A
13081,LZ40,LZ40+R,RAIN,4/28/2025,0,NA,5/2/2025 11:18,A
13081,LZ40,LZ40+R,RAIN,4/29/2025,0,NA,5/2/2025 11:18,A
13081,LZ40,LZ40+R,RAIN,4/30/2025,0,NA,5/2/2025 11:18,A
13081,LZ40,LZ40+R,RAIN,5/1/2025,0,NA,5/2/2025 11:18,A
13081,LZ40,LZ40+R,RAIN,5/2/2025,0.05,NA,5/8/2025 10:51,A
13081,LZ40,LZ40+R,RAIN,5/3/2025,0,NA,5/8/2025 10:51,A
13081,LZ40,LZ40+R,RAIN,5/4/2025,0.12,NA,5/8/2025 10:51,A
13081,LZ40,LZ40+R,RAIN,5/5/2025,0,NA,5/8/2025 10:51,A
13081,LZ40,LZ40+R,RAIN,5/6/2025,0,NA,5/8/2025 10:51,A
13081,LZ40,LZ40+R,RAIN,5/7/2025,0.01,NA,5/8/2025 10:51,A
13081,LZ40,LZ40+R,RAIN,5/8/2025,0,NA,5/15/2025 12:49,A
13081,LZ40,LZ40+R,RAIN,5/9/2025,0,NA,5/15/2025 12:49,A
13081,LZ40,LZ40+R,RAIN,5/10/2025,0,NA,5/15/2025 12:49,A
13081,LZ40,LZ40+R,RAIN,5/11/2025,0.01,NA,5/15/2025 12:49,A
13081,LZ40,LZ40+R,RAIN,5/12/2025,2.51,NA,5/15/2025 12:49,A
13081,LZ40,LZ40+R,RAIN,5/13/2025,0,NA,5/15/2025 12:49,A
13081,LZ40,LZ40+R,RAIN,5/14/2025,0,NA,5/15/2025 12:49,A
13081,LZ40,LZ40+R,RAIN,5/15/2025,0.02,PT,5/19/2025 13:12,A
13081,LZ40,LZ40+R,RAIN,5/16/2025,0,PT,5/19/2025 13:12,A
13081,LZ40,LZ40+R,RAIN,5/17/2025,0,NA,5/27/2025 7:35,A
13081,LZ40,LZ40+R,RAIN,5/18/2025,0,NA,5/27/2025 13:17,A
13081,LZ40,LZ40+R,RAIN,5/19/2025,0,NA,5/27/2025 13:17,A
13081,LZ40,LZ40+R,RAIN,5/20/2025,0,NA,5/27/2025 13:17,A
13081,LZ40,LZ40+R,RAIN,5/21/2025,0,NA,5/27/2025 13:17,A
13081,LZ40,LZ40+R,RAIN,5/22/2025,0.03,NA,5/27/2025 13:17,A
13081,LZ40,LZ40+R,RAIN,5/23/2025,0,NA,5/27/2025 13:17,A
13081,LZ40,LZ40+R,RAIN,5/24/2025,0.2,NA,5/27/2025 13:17,A
13081,LZ40,LZ40+R,RAIN,5/25/2025,0,NA,5/27/2025 13:17,A
13081,LZ40,LZ40+R,RAIN,5/26/2025,0.39,NA,5/27/2025 13:17,A
13081,LZ40,LZ40+R,RAIN,5/27/2025,0.2,NA,6/3/2025 12:54,A
13081,LZ40,LZ40+R,RAIN,5/28/2025,0.09,NA,6/3/2025 12:54,A
13081,LZ40,LZ40+R,RAIN,5/29/2025,0.4,NA,6/3/2025 12:54,A
13081,LZ40,LZ40+R,RAIN,5/30/2025,0.02,NA,6/3/2025 12:54,A
13081,LZ40,LZ40+R,RAIN,5/31/2025,0.06,NA,6/3/2025 12:54,A
13081,LZ40,LZ40+R,RAIN,6/1/2025,0.52,NA,6/3/2025 12:54,A
13081,LZ40,LZ40+R,RAIN,6/2/2025,1.4,NA,6/3/2025 12:54,A
13081,LZ40,LZ40+R,RAIN,6/3/2025,0.12,NA,6/11/2025 15:25,A
13081,LZ40,LZ40+R,RAIN,6/4/2025,0.36,NA,6/11/2025 15:25,A
13081,LZ40,LZ40+R,RAIN,6/5/2025,0,NA,6/11/2025 15:25,A
13081,LZ40,LZ40+R,RAIN,6/6/2025,0,NA,6/11/2025 15:25,A
13081,LZ40,LZ40+R,RAIN,6/7/2025,0,NA,6/11/2025 15:25,A
13081,LZ40,LZ40+R,RAIN,6/8/2025,0,NA,6/11/2025 15:25,A
13081,LZ40,LZ40+R,RAIN,6/9/2025,0,NA,6/11/2025 15:25,A
13081,LZ40,LZ40+R,RAIN,6/10/2025,0,NA,6/11/2025 15:25,A
13081,LZ40,LZ40+R,RAIN,6/11/2025,0.01,NA,6/18/2025 13:31,A
13081,LZ40,LZ40+R,RAIN,6/12/2025,0.66,NA,6/18/2025 13:31,A
13081,LZ40,LZ40+R,RAIN,6/13/2025,0,NA,6/18/2025 13:31,A
13081,LZ40,LZ40+R,RAIN,6/14/2025,0,NA,6/18/2025 13:31,A
13081,LZ40,LZ40+R,RAIN,6/15/2025,0,NA,6/18/2025 13:31,A
13081,LZ40,LZ40+R,RAIN,6/16/2025,0,NA,6/24/2025 13:40,A
13081,LZ40,LZ40+R,RAIN,6/17/2025,0,NA,6/24/2025 13:40,A
13081,LZ40,LZ40+R,RAIN,6/18/2025,0,NA,6/24/2025 13:40,A
13081,LZ40,LZ40+R,RAIN,6/19/2025,0.04,NA,6/24/2025 13:40,A
13081,LZ40,LZ40+R,RAIN,6/20/2025,0,NA,6/24/2025 13:40,A
13081,LZ40,LZ40+R,RAIN,6/21/2025,0.35,NA,6/24/2025 13:40,A
13081,LZ40,LZ40+R,RAIN,6/22/2025,0,NA,6/24/2025 13:40,A
13081,LZ40,LZ40+R,RAIN,6/23/2025,0.06,NA,6/24/2025 13:40,A
13081,LZ40,LZ40+R,RAIN,6/24/2025,0,NA,7/1/2025 13:30,A
13081,LZ40,LZ40+R,RAIN,6/25/2025,0,NA,7/1/2025 13:30,A
13081,LZ40,LZ40+R,RAIN,6/26/2025,0.01,NA,7/1/2025 13:30,A
13081,LZ40,LZ40+R,RAIN,6/27/2025,0.03,NA,7/1/2025 13:30,A
13081,LZ40,LZ40+R,RAIN,6/28/2025,1.41,NA,7/1/2025 13:30,A
13081,LZ40,LZ40+R,RAIN,6/29/2025,1.83,NA,7/1/2025 13:30,A
13081,LZ40,LZ40+R,RAIN,6/30/2025,0.7,NA,7/1/2025 13:30,A
13081,LZ40,LZ40+R,RAIN,7/1/2025,0.04,NA,7/9/2025 12:57,A
13081,LZ40,LZ40+R,RAIN,7/2/2025,0.68,NA,7/9/2025 12:57,A
13081,LZ40,LZ40+R,RAIN,7/3/2025,0.21,NA,7/9/2025 12:57,A
13081,LZ40,LZ40+R,RAIN,7/4/2025,0.74,NA,7/9/2025 12:57,A
13081,LZ40,LZ40+R,RAIN,7/5/2025,0.01,NA,7/9/2025 12:57,A
13081,LZ40,LZ40+R,RAIN,7/6/2025,0.17,NA,7/9/2025 12:57,A
13081,LZ40,LZ40+R,RAIN,7/7/2025,0,NA,7/9/2025 12:57,A
13081,LZ40,LZ40+R,RAIN,7/8/2025,0,NA,7/9/2025 12:57,A
13081,LZ40,LZ40+R,RAIN,7/9/2025,0,NA,7/21/2025 11:38,A
13081,LZ40,LZ40+R,RAIN,7/10/2025,0,NA,7/21/2025 11:38,A
13081,LZ40,LZ40+R,RAIN,7/11/2025,0.17,NA,7/21/2025 11:38,A
13081,LZ40,LZ40+R,RAIN,7/12/2025,0,NA,7/21/2025 11:38,A
13081,LZ40,LZ40+R,RAIN,7/13/2025,1.58,NA,7/21/2025 11:38,A
13081,LZ40,LZ40+R,RAIN,7/14/2025,1.43,NA,7/21/2025 11:38,A
13081,LZ40,LZ40+R,RAIN,7/15/2025,0.14,NA,7/21/2025 11:38,A
13081,LZ40,LZ40+R,RAIN,7/16/2025,1.06,NA,7/21/2025 11:38,A
13081,LZ40,LZ40+R,RAIN,7/17/2025,0.04,NA,7/21/2025 11:38,A
13081,LZ40,LZ40+R,RAIN,7/18/2025,0,NA,7/21/2025 11:38,A
13081,LZ40,LZ40+R,RAIN,7/19/2025,0,NA,7/21/2025 11:38,A
13081,LZ40,LZ40+R,RAIN,7/20/2025,0,NA,7/21/2025 11:38,A
13081,LZ40,LZ40+R,RAIN,7/21/2025,0,NA,7/28/2025 12:55,A
13081,LZ40,LZ40+R,RAIN,7/22/2025,0.01,NA,7/28/2025 12:55,A
13081,LZ40,LZ40+R,RAIN,7/23/2025,0,NA,7/28/2025 12:55,A
13081,LZ40,LZ40+R,RAIN,7/24/2025,0.01,NA,7/28/2025 12:55,A
13081,LZ40,LZ40+R,RAIN,7/25/2025,0,NA,7/28/2025 12:55,A
13081,LZ40,LZ40+R,RAIN,7/26/2025,0,NA,7/28/2025 12:55,A
13081,LZ40,LZ40+R,RAIN,7/27/2025,0,NA,7/28/2025 12:55,A
13081,LZ40,LZ40+R,RAIN,7/28/2025,0,NA,8/4/2025 10:18,A
13081,LZ40,LZ40+R,RAIN,7/29/2025,0,NA,8/4/2025 10:18,A
13081,LZ40,LZ40+R,RAIN,7/30/2025,0,NA,8/4/2025 10:18,A
13081,LZ40,LZ40+R,RAIN,7/31/2025,0,NA,8/4/2025 10:18,A
13081,LZ40,LZ40+R,RAIN,8/1/2025,0,NA,8/4/2025 10:18,A
13081,LZ40,LZ40+R,RAIN,8/2/2025,0,NA,8/4/2025 10:18,A
13081,LZ40,LZ40+R,RAIN,8/3/2025,0,NA,8/4/2025 10:18,A
13081,LZ40,LZ40+R,RAIN,8/4/2025,0.36,NA,8/11/2025 13:29,A
13081,LZ40,LZ40+R,RAIN,8/5/2025,0,NA,8/11/2025 13:29,A
13081,LZ40,LZ40+R,RAIN,8/6/2025,0,NA,8/11/2025 13:29,A
13081,LZ40,LZ40+R,RAIN,8/7/2025,0,NA,8/11/2025 13:29,A
13081,LZ40,LZ40+R,RAIN,8/8/2025,0.01,NA,8/11/2025 13:29,A
13081,LZ40,LZ40+R,RAIN,8/9/2025,0.02,NA,8/11/2025 13:29,A
13081,LZ40,LZ40+R,RAIN,8/10/2025,0.38,NA,8/11/2025 13:29,A
13081,LZ40,LZ40+R,RAIN,8/11/2025,0.01,NA,8/22/2025 14:24,A
13081,LZ40,LZ40+R,RAIN,8/12/2025,0,NA,8/22/2025 14:24,A
13081,LZ40,LZ40+R,RAIN,8/13/2025,0,NA,8/22/2025 14:24,A
13081,LZ40,LZ40+R,RAIN,8/14/2025,0,NA,8/22/2025 14:24,A
13081,LZ40,LZ40+R,RAIN,8/15/2025,0,NA,8/22/2025 14:24,A
13081,LZ40,LZ40+R,RAIN,8/16/2025,0,NA,8/22/2025 14:24,A
13081,LZ40,LZ40+R,RAIN,8/17/2025,0,NA,8/22/2025 14:24,A
13081,LZ40,LZ40+R,RAIN,8/18/2025,0.89,NA,8/22/2025 14:24,A
13081,LZ40,LZ40+R,RAIN,8/19/2025,0,NA,8/22/2025 14:24,A
13081,LZ40,LZ40+R,RAIN,8/20/2025,0.08,NA,8/22/2025 14:24,A
13081,LZ40,LZ40+R,RAIN,8/21/2025,0,NA,8/22/2025 14:24,A
13081,LZ40,LZ40+R,RAIN,8/22/2025,0.01,NA,8/28/2025 13:47,A
13081,LZ40,LZ40+R,RAIN,8/23/2025,0.79,NA,8/28/2025 13:47,A
13081,LZ40,LZ40+R,RAIN,8/24/2025,0.08,NA,8/28/2025 13:47,A
13081,LZ40,LZ40+R,RAIN,8/25/2025,0,NA,8/28/2025 13:47,A
13081,LZ40,LZ40+R,RAIN,8/26/2025,0,NA,8/28/2025 13:47,A
13081,LZ40,LZ40+R,RAIN,8/27/2025,0,NA,8/28/2025 13:47,A
13081,LZ40,LZ40+R,RAIN,8/28/2025,0.01,NA,9/4/2025 13:33,A
13081,LZ40,LZ40+R,RAIN,8/29/2025,0.75,NA,9/4/2025 13:33,A
13081,LZ40,LZ40+R,RAIN,8/30/2025,0.02,NA,9/4/2025 13:33,A
13081,LZ40,LZ40+R,RAIN,8/31/2025,0.01,NA,9/4/2025 13:33,A
13081,LZ40,LZ40+R,RAIN,9/1/2025,0,NA,9/4/2025 13:33,A
13081,LZ40,LZ40+R,RAIN,9/2/2025,0,NA,9/4/2025 13:33,A
13081,LZ40,LZ40+R,RAIN,9/3/2025,0.09,NA,9/4/2025 13:33,A
16021,L001,L001+R,RAIN,9/4/2024,1.07,NA,9/11/2024 8:58,A
16021,L001,L001+R,RAIN,9/5/2024,0.01,NA,9/11/2024 8:58,A
16021,L001,L001+R,RAIN,9/6/2024,0.11,NA,9/11/2024 8:58,A
16021,L001,L001+R,RAIN,9/7/2024,0.02,NA,9/11/2024 8:58,A
16021,L001,L001+R,RAIN,9/8/2024,0,NA,9/11/2024 8:58,A
16021,L001,L001+R,RAIN,9/9/2024,1.88,NA,9/11/2024 8:58,A
16021,L001,L001+R,RAIN,9/10/2024,0.15,NA,9/11/2024 8:58,A
16021,L001,L001+R,RAIN,9/11/2024,0.11,NA,9/20/2024 13:52,A
16021,L001,L001+R,RAIN,9/12/2024,0.04,NA,9/20/2024 13:52,A
16021,L001,L001+R,RAIN,9/13/2024,0,NA,9/20/2024 13:52,A
16021,L001,L001+R,RAIN,9/14/2024,1.3,NA,9/20/2024 13:52,A
16021,L001,L001+R,RAIN,9/15/2024,0,NA,9/20/2024 13:52,A
16021,L001,L001+R,RAIN,9/16/2024,0,NA,9/20/2024 13:52,A
16021,L001,L001+R,RAIN,9/17/2024,0.09,NA,9/20/2024 13:52,A
16021,L001,L001+R,RAIN,9/18/2024,0,NA,9/20/2024 13:52,A
16021,L001,L001+R,RAIN,9/19/2024,0.91,NA,9/20/2024 13:52,A
16021,L001,L001+R,RAIN,9/20/2024,0,NA,10/2/2024 12:37,A
16021,L001,L001+R,RAIN,9/21/2024,0.01,NA,10/2/2024 12:37,A
16021,L001,L001+R,RAIN,9/22/2024,0,NA,10/2/2024 12:37,A
16021,L001,L001+R,RAIN,9/23/2024,0.25,NA,10/2/2024 12:37,A
16021,L001,L001+R,RAIN,9/24/2024,0.04,NA,10/2/2024 12:37,A
16021,L001,L001+R,RAIN,9/25/2024,0.02,NA,10/2/2024 12:37,A
16021,L001,L001+R,RAIN,9/26/2024,0.32,NA,10/2/2024 12:37,A
16021,L001,L001+R,RAIN,9/27/2024,0.22,NA,10/2/2024 12:37,A
16021,L001,L001+R,RAIN,9/28/2024,0,NA,10/2/2024 12:37,A
16021,L001,L001+R,RAIN,9/29/2024,0.01,NA,10/2/2024 12:37,A
16021,L001,L001+R,RAIN,9/30/2024,0.04,NA,10/2/2024 12:37,A
16021,L001,L001+R,RAIN,10/1/2024,0.3,NA,10/2/2024 12:37,A
16021,L001,L001+R,RAIN,10/2/2024,0.08,NA,10/11/2024 15:52,A
16021,L001,L001+R,RAIN,10/3/2024,1.17,NA,10/11/2024 15:52,A
16021,L001,L001+R,RAIN,10/4/2024,0.54,NA,10/11/2024 15:52,A
16021,L001,L001+R,RAIN,10/5/2024,0.13,NA,10/11/2024 15:52,A
16021,L001,L001+R,RAIN,10/6/2024,0.19,NA,10/11/2024 15:52,A
16021,L001,L001+R,RAIN,10/7/2024,0.01,NA,10/11/2024 15:52,A
16021,L001,L001+R,RAIN,10/8/2024,0,NA,10/11/2024 15:52,A
16021,L001,L001+R,RAIN,10/9/2024,1.02,NA,10/11/2024 15:52,A
16021,L001,L001+R,RAIN,10/10/2024,0,NA,10/11/2024 15:52,A
16021,L001,L001+R,RAIN,10/11/2024,0.21,NA,10/21/2024 14:43,A
16021,L001,L001+R,RAIN,10/12/2024,0,NA,10/21/2024 14:43,A
16021,L001,L001+R,RAIN,10/13/2024,0,NA,10/21/2024 14:43,A
16021,L001,L001+R,RAIN,10/14/2024,0,NA,10/21/2024 14:43,A
16021,L001,L001+R,RAIN,10/15/2024,0,NA,10/21/2024 14:43,A
16021,L001,L001+R,RAIN,10/16/2024,0,NA,10/21/2024 14:43,A
16021,L001,L001+R,RAIN,10/17/2024,0,NA,10/21/2024 14:43,A
16021,L001,L001+R,RAIN,10/18/2024,0,NA,10/29/2024 14:31,A
16021,L001,L001+R,RAIN,10/19/2024,0,NA,10/29/2024 14:31,A
16021,L001,L001+R,RAIN,10/20/2024,0.04,NA,10/29/2024 14:31,A
16021,L001,L001+R,RAIN,10/21/2024,0.07,NA,10/29/2024 14:31,A
16021,L001,L001+R,RAIN,10/22/2024,0,NA,10/29/2024 14:31,A
16021,L001,L001+R,RAIN,10/23/2024,0,NA,10/29/2024 14:31,A
16021,L001,L001+R,RAIN,10/24/2024,0,NA,10/29/2024 14:31,A
16021,L001,L001+R,RAIN,10/25/2024,0,NA,10/29/2024 14:31,A
16021,L001,L001+R,RAIN,10/26/2024,0,NA,10/29/2024 14:31,A
16021,L001,L001+R,RAIN,10/27/2024,0,NA,10/29/2024 14:31,A
16021,L001,L001+R,RAIN,10/28/2024,0.13,NA,10/29/2024 14:31,A
16021,L001,L001+R,RAIN,10/29/2024,0,NA,11/8/2024 13:38,A
16021,L001,L001+R,RAIN,10/30/2024,0.03,NA,11/8/2024 13:38,A
16021,L001,L001+R,RAIN,10/31/2024,0,NA,11/8/2024 13:38,A
16021,L001,L001+R,RAIN,11/1/2024,0,NA,11/8/2024 13:38,A
16021,L001,L001+R,RAIN,11/2/2024,0,PT,11/8/2024 13:38,A
16021,L001,L001+R,RAIN,11/3/2024,0.01,NA,11/8/2024 13:38,A
16021,L001,L001+R,RAIN,11/4/2024,0.12,NA,11/8/2024 13:38,A
16021,L001,L001+R,RAIN,11/5/2024,0.01,NA,11/8/2024 13:38,A
16021,L001,L001+R,RAIN,11/6/2024,0.52,NA,11/8/2024 13:38,A
16021,L001,L001+R,RAIN,11/7/2024,0.26,NA,11/8/2024 13:38,A
16021,L001,L001+R,RAIN,11/8/2024,0,NA,11/20/2024 8:14,A
16021,L001,L001+R,RAIN,11/9/2024,0,NA,11/20/2024 8:14,A
16021,L001,L001+R,RAIN,11/10/2024,0,NA,11/20/2024 8:14,A
16021,L001,L001+R,RAIN,11/11/2024,0,NA,11/20/2024 8:14,A
16021,L001,L001+R,RAIN,11/12/2024,0,NA,11/20/2024 8:14,A
16021,L001,L001+R,RAIN,11/13/2024,0,NA,11/20/2024 8:14,A
16021,L001,L001+R,RAIN,11/14/2024,0,NA,11/20/2024 8:14,A
16021,L001,L001+R,RAIN,11/15/2024,0,NA,11/20/2024 8:14,A
16021,L001,L001+R,RAIN,11/16/2024,0,NA,11/20/2024 8:14,A
16021,L001,L001+R,RAIN,11/17/2024,0,NA,11/20/2024 8:14,A
16021,L001,L001+R,RAIN,11/18/2024,0,NA,11/20/2024 8:14,A
16021,L001,L001+R,RAIN,11/19/2024,0,NA,12/2/2024 10:48,A
16021,L001,L001+R,RAIN,11/20/2024,0.16,NA,12/2/2024 10:48,A
16021,L001,L001+R,RAIN,11/21/2024,0,NA,12/2/2024 10:48,A
16021,L001,L001+R,RAIN,11/22/2024,0,NA,12/2/2024 10:48,A
16021,L001,L001+R,RAIN,11/23/2024,0,NA,12/2/2024 10:48,A
16021,L001,L001+R,RAIN,11/24/2024,0,NA,12/2/2024 10:48,A
16021,L001,L001+R,RAIN,11/25/2024,0,NA,12/2/2024 10:48,A
16021,L001,L001+R,RAIN,11/26/2024,0,NA,12/2/2024 10:48,A
16021,L001,L001+R,RAIN,11/27/2024,0,NA,12/2/2024 10:48,A
16021,L001,L001+R,RAIN,11/28/2024,0,NA,12/2/2024 10:48,A
16021,L001,L001+R,RAIN,11/29/2024,0,NA,12/2/2024 10:48,A
16021,L001,L001+R,RAIN,11/30/2024,0,NA,12/2/2024 10:48,A
16021,L001,L001+R,RAIN,12/1/2024,0,NA,12/2/2024 10:48,A
16021,L001,L001+R,RAIN,12/2/2024,0,NA,12/9/2024 12:40,A
16021,L001,L001+R,RAIN,12/3/2024,0,NA,12/9/2024 12:40,A
16021,L001,L001+R,RAIN,12/4/2024,0,NA,12/9/2024 12:40,A
16021,L001,L001+R,RAIN,12/5/2024,0,NA,12/9/2024 12:40,A
16021,L001,L001+R,RAIN,12/6/2024,0,NA,12/9/2024 12:40,A
16021,L001,L001+R,RAIN,12/7/2024,0,NA,12/9/2024 12:40,A
16021,L001,L001+R,RAIN,12/8/2024,0,NA,12/9/2024 12:40,A
16021,L001,L001+R,RAIN,12/9/2024,0,NA,12/17/2024 13:08,A
16021,L001,L001+R,RAIN,12/10/2024,0,NA,12/17/2024 13:08,A
16021,L001,L001+R,RAIN,12/11/2024,0.06,NA,12/17/2024 13:08,A
16021,L001,L001+R,RAIN,12/12/2024,0,NA,12/17/2024 13:08,A
16021,L001,L001+R,RAIN,12/13/2024,0,NA,12/17/2024 13:08,A
16021,L001,L001+R,RAIN,12/14/2024,0.29,NA,12/17/2024 13:08,A
16021,L001,L001+R,RAIN,12/15/2024,0.13,NA,12/17/2024 13:08,A
16021,L001,L001+R,RAIN,12/16/2024,0.04,NA,12/17/2024 13:08,A
16021,L001,L001+R,RAIN,12/17/2024,0.01,NA,1/3/2025 11:14,A
16021,L001,L001+R,RAIN,12/18/2024,0,NA,1/3/2025 11:14,A
16021,L001,L001+R,RAIN,12/19/2024,0,NA,1/3/2025 11:14,A
16021,L001,L001+R,RAIN,12/20/2024,0,NA,1/3/2025 11:14,A
16021,L001,L001+R,RAIN,12/21/2024,0,NA,1/3/2025 11:14,A
16021,L001,L001+R,RAIN,12/22/2024,0,NA,1/3/2025 11:14,A
16021,L001,L001+R,RAIN,12/23/2024,0,NA,1/3/2025 11:14,A
16021,L001,L001+R,RAIN,12/24/2024,0,NA,1/3/2025 11:14,A
16021,L001,L001+R,RAIN,12/25/2024,0,NA,1/3/2025 11:14,A
16021,L001,L001+R,RAIN,12/26/2024,0,NA,1/3/2025 11:14,A
16021,L001,L001+R,RAIN,12/27/2024,0.04,NA,1/3/2025 11:14,A
16021,L001,L001+R,RAIN,12/28/2024,0.2,NA,1/3/2025 11:14,A
16021,L001,L001+R,RAIN,12/29/2024,0.04,NA,1/3/2025 11:14,A
16021,L001,L001+R,RAIN,12/30/2024,0,NA,1/3/2025 11:14,A
16021,L001,L001+R,RAIN,12/31/2024,0,NA,1/3/2025 11:14,A
16021,L001,L001+R,RAIN,1/1/2025,0,NA,1/3/2025 11:14,A
16021,L001,L001+R,RAIN,1/2/2025,0,NA,1/3/2025 11:14,A
16021,L001,L001+R,RAIN,1/3/2025,0,NA,1/10/2025 13:35,A
16021,L001,L001+R,RAIN,1/4/2025,0,NA,1/10/2025 13:35,A
16021,L001,L001+R,RAIN,1/5/2025,0,NA,1/10/2025 13:35,A
16021,L001,L001+R,RAIN,1/6/2025,0,NA,1/10/2025 13:35,A
16021,L001,L001+R,RAIN,1/7/2025,0,NA,1/10/2025 13:35,A
16021,L001,L001+R,RAIN,1/8/2025,0,NA,1/10/2025 13:35,A
16021,L001,L001+R,RAIN,1/9/2025,0,NA,1/10/2025 13:35,A
16021,L001,L001+R,RAIN,1/10/2025,0,NA,1/21/2025 11:28,A
16021,L001,L001+R,RAIN,1/11/2025,0.01,NA,1/21/2025 11:28,A
16021,L001,L001+R,RAIN,1/12/2025,0,NA,1/21/2025 11:28,A
16021,L001,L001+R,RAIN,1/13/2025,0,NA,1/21/2025 11:28,A
16021,L001,L001+R,RAIN,1/14/2025,0,NA,1/21/2025 11:28,A
16021,L001,L001+R,RAIN,1/15/2025,0,NA,1/21/2025 11:28,A
16021,L001,L001+R,RAIN,1/16/2025,0,NA,1/21/2025 11:28,A
16021,L001,L001+R,RAIN,1/17/2025,0.13,NA,1/21/2025 11:28,A
16021,L001,L001+R,RAIN,1/18/2025,0,NA,1/21/2025 11:28,A
16021,L001,L001+R,RAIN,1/19/2025,0.02,NA,1/21/2025 11:28,A
16021,L001,L001+R,RAIN,1/20/2025,0,NA,1/21/2025 11:28,A
16021,L001,L001+R,RAIN,1/21/2025,0.45,NA,1/29/2025 14:20,A
16021,L001,L001+R,RAIN,1/22/2025,0.3,NA,1/29/2025 14:20,A
16021,L001,L001+R,RAIN,1/23/2025,0.05,NA,1/29/2025 14:20,A
16021,L001,L001+R,RAIN,1/24/2025,0,NA,1/29/2025 14:20,A
16021,L001,L001+R,RAIN,1/25/2025,0,NA,1/29/2025 14:20,A
16021,L001,L001+R,RAIN,1/26/2025,0,NA,1/29/2025 14:20,A
16021,L001,L001+R,RAIN,1/27/2025,0,NA,1/29/2025 14:20,A
16021,L001,L001+R,RAIN,1/28/2025,0,NA,1/29/2025 14:20,A
16021,L001,L001+R,RAIN,1/29/2025,0,NA,2/6/2025 10:48,A
16021,L001,L001+R,RAIN,1/30/2025,0,NA,2/6/2025 10:48,A
16021,L001,L001+R,RAIN,1/31/2025,0,NA,2/6/2025 10:48,A
16021,L001,L001+R,RAIN,2/1/2025,0,NA,2/6/2025 10:48,A
16021,L001,L001+R,RAIN,2/2/2025,0,NA,2/6/2025 10:48,A
16021,L001,L001+R,RAIN,2/3/2025,0,NA,2/6/2025 10:48,A
16021,L001,L001+R,RAIN,2/4/2025,0,NA,2/6/2025 10:48,A
16021,L001,L001+R,RAIN,2/5/2025,0,NA,2/6/2025 10:48,A
16021,L001,L001+R,RAIN,2/6/2025,0,NA,2/17/2025 13:19,A
16021,L001,L001+R,RAIN,2/7/2025,0,NA,2/17/2025 13:19,A
16021,L001,L001+R,RAIN,2/8/2025,0,NA,2/17/2025 13:19,A
16021,L001,L001+R,RAIN,2/9/2025,0,NA,2/17/2025 13:19,A
16021,L001,L001+R,RAIN,2/10/2025,0,NA,2/17/2025 13:19,A
16021,L001,L001+R,RAIN,2/11/2025,0,NA,2/17/2025 13:19,A
16021,L001,L001+R,RAIN,2/12/2025,0,NA,2/17/2025 13:19,A
16021,L001,L001+R,RAIN,2/13/2025,0.72,NA,2/17/2025 13:19,A
16021,L001,L001+R,RAIN,2/14/2025,0.07,NA,2/17/2025 13:19,A
16021,L001,L001+R,RAIN,2/15/2025,0,NA,2/17/2025 13:19,A
16021,L001,L001+R,RAIN,2/16/2025,0,NA,2/17/2025 13:19,A
16021,L001,L001+R,RAIN,2/17/2025,0,NA,2/27/2025 9:26,A
16021,L001,L001+R,RAIN,2/18/2025,0,NA,2/27/2025 9:26,A
16021,L001,L001+R,RAIN,2/19/2025,0,NA,2/27/2025 9:26,A
16021,L001,L001+R,RAIN,2/20/2025,0,NA,2/27/2025 9:26,A
16021,L001,L001+R,RAIN,2/21/2025,0,NA,2/27/2025 9:26,A
16021,L001,L001+R,RAIN,2/22/2025,0,NA,2/27/2025 9:26,A
16021,L001,L001+R,RAIN,2/23/2025,0,NA,2/27/2025 9:26,A
16021,L001,L001+R,RAIN,2/24/2025,1.23,NA,2/27/2025 9:26,A
16021,L001,L001+R,RAIN,2/25/2025,0.93,A,2/27/2025 9:26,A
16021,L001,L001+R,RAIN,2/26/2025,0,NA,2/27/2025 9:26,A
16021,L001,L001+R,RAIN,2/27/2025,0,NA,3/10/2025 12:58,A
16021,L001,L001+R,RAIN,2/28/2025,0,NA,3/10/2025 12:58,A
16021,L001,L001+R,RAIN,3/1/2025,0,NA,3/10/2025 12:58,A
16021,L001,L001+R,RAIN,3/2/2025,0,NA,3/10/2025 12:58,A
16021,L001,L001+R,RAIN,3/3/2025,0,NA,3/10/2025 12:58,A
16021,L001,L001+R,RAIN,3/4/2025,0,NA,3/10/2025 12:58,A
16021,L001,L001+R,RAIN,3/5/2025,0,NA,3/10/2025 12:58,A
16021,L001,L001+R,RAIN,3/6/2025,0,NA,3/10/2025 12:58,A
16021,L001,L001+R,RAIN,3/7/2025,0,NA,3/10/2025 12:58,A
16021,L001,L001+R,RAIN,3/8/2025,0,NA,3/10/2025 12:58,A
16021,L001,L001+R,RAIN,3/9/2025,0,NA,3/10/2025 12:58,A
16021,L001,L001+R,RAIN,3/10/2025,0.01,NA,3/20/2025 7:02,A
16021,L001,L001+R,RAIN,3/11/2025,0,NA,3/20/2025 7:02,A
16021,L001,L001+R,RAIN,3/12/2025,0,NA,3/20/2025 7:02,A
16021,L001,L001+R,RAIN,3/13/2025,0,NA,3/20/2025 7:02,A
16021,L001,L001+R,RAIN,3/14/2025,0,NA,3/20/2025 7:02,A
16021,L001,L001+R,RAIN,3/15/2025,0,NA,3/20/2025 7:02,A
16021,L001,L001+R,RAIN,3/16/2025,0.04,NA,3/20/2025 7:02,A
16021,L001,L001+R,RAIN,3/17/2025,0.07,NA,3/20/2025 7:02,A
16021,L001,L001+R,RAIN,3/18/2025,0,NA,3/20/2025 7:02,A
16021,L001,L001+R,RAIN,3/19/2025,0,NA,3/28/2025 15:06,A
16021,L001,L001+R,RAIN,3/20/2025,0,NA,3/28/2025 15:06,A
16021,L001,L001+R,RAIN,3/21/2025,0,NA,3/28/2025 15:06,A
16021,L001,L001+R,RAIN,3/22/2025,0,NA,3/28/2025 15:06,A
16021,L001,L001+R,RAIN,3/23/2025,0,NA,3/28/2025 15:06,A
16021,L001,L001+R,RAIN,3/24/2025,0,NA,3/28/2025 15:06,A
16021,L001,L001+R,RAIN,3/25/2025,0.14,NA,3/28/2025 15:06,A
16021,L001,L001+R,RAIN,3/26/2025,0,NA,3/28/2025 15:06,A
16021,L001,L001+R,RAIN,3/27/2025,0,NA,4/7/2025 9:13,A
16021,L001,L001+R,RAIN,3/28/2025,0,NA,4/7/2025 9:13,A
16021,L001,L001+R,RAIN,3/29/2025,0,NA,4/7/2025 9:13,A
16021,L001,L001+R,RAIN,3/30/2025,0.03,NA,4/7/2025 9:13,A
16021,L001,L001+R,RAIN,3/31/2025,0.41,NA,4/7/2025 9:13,A
16021,L001,L001+R,RAIN,4/1/2025,0,NA,4/7/2025 9:13,A
16021,L001,L001+R,RAIN,4/2/2025,0,NA,4/7/2025 9:13,A
16021,L001,L001+R,RAIN,4/3/2025,0,NA,4/7/2025 9:13,A
16021,L001,L001+R,RAIN,4/4/2025,0,NA,4/7/2025 9:13,A
16021,L001,L001+R,RAIN,4/5/2025,0,NA,4/7/2025 9:13,A
16021,L001,L001+R,RAIN,4/6/2025,0,NA,4/7/2025 9:13,A
16021,L001,L001+R,RAIN,4/7/2025,0,NA,4/18/2025 8:27,A
16021,L001,L001+R,RAIN,4/8/2025,0.02,NA,4/18/2025 8:27,A
16021,L001,L001+R,RAIN,4/9/2025,0,NA,4/18/2025 8:27,A
16021,L001,L001+R,RAIN,4/10/2025,0,NA,4/18/2025 8:27,A
16021,L001,L001+R,RAIN,4/11/2025,0,NA,4/18/2025 8:27,A
16021,L001,L001+R,RAIN,4/12/2025,0,NA,4/18/2025 8:27,A
16021,L001,L001+R,RAIN,4/13/2025,0,NA,4/18/2025 8:27,A
16021,L001,L001+R,RAIN,4/14/2025,0,NA,4/18/2025 8:27,A
16021,L001,L001+R,RAIN,4/15/2025,0,NA,4/18/2025 8:27,A
16021,L001,L001+R,RAIN,4/16/2025,0,NA,4/18/2025 8:27,A
16021,L001,L001+R,RAIN,4/17/2025,0,NA,4/28/2025 10:30,A
16021,L001,L001+R,RAIN,4/18/2025,0,NA,4/28/2025 10:30,A
16021,L001,L001+R,RAIN,4/19/2025,0,NA,4/28/2025 10:30,A
16021,L001,L001+R,RAIN,4/20/2025,0,NA,4/28/2025 10:30,A
16021,L001,L001+R,RAIN,4/21/2025,0,NA,4/28/2025 10:30,A
16021,L001,L001+R,RAIN,4/22/2025,0,NA,4/28/2025 10:30,A
16021,L001,L001+R,RAIN,4/23/2025,0,NA,4/28/2025 10:30,A
16021,L001,L001+R,RAIN,4/24/2025,0,NA,4/28/2025 10:30,A
16021,L001,L001+R,RAIN,4/25/2025,0,NA,4/28/2025 10:30,A
16021,L001,L001+R,RAIN,4/26/2025,0,NA,4/28/2025 10:30,A
16021,L001,L001+R,RAIN,4/27/2025,0,NA,4/28/2025 10:30,A
16021,L001,L001+R,RAIN,4/28/2025,0,NA,5/8/2025 8:15,A
16021,L001,L001+R,RAIN,4/29/2025,0.08,NA,5/8/2025 8:15,A
16021,L001,L001+R,RAIN,4/30/2025,0,NA,5/8/2025 8:15,A
16021,L001,L001+R,RAIN,5/1/2025,0,NA,5/8/2025 8:15,A
16021,L001,L001+R,RAIN,5/2/2025,0.01,NA,5/8/2025 8:15,A
16021,L001,L001+R,RAIN,5/3/2025,0,NA,5/8/2025 8:15,A
16021,L001,L001+R,RAIN,5/4/2025,0,NA,5/8/2025 8:15,A
16021,L001,L001+R,RAIN,5/5/2025,0,NA,5/8/2025 8:15,A
16021,L001,L001+R,RAIN,5/6/2025,0,NA,5/8/2025 8:15,A
16021,L001,L001+R,RAIN,5/7/2025,0,NA,5/19/2025 9:12,A
16021,L001,L001+R,RAIN,5/8/2025,0,NA,5/19/2025 9:12,A
16021,L001,L001+R,RAIN,5/9/2025,0,NA,5/19/2025 9:12,A
16021,L001,L001+R,RAIN,5/10/2025,0.02,NA,5/19/2025 9:12,A
16021,L001,L001+R,RAIN,5/11/2025,0,NA,5/19/2025 9:12,A
16021,L001,L001+R,RAIN,5/12/2025,3.11,NA,5/19/2025 9:12,A
16021,L001,L001+R,RAIN,5/13/2025,0,NA,5/19/2025 9:12,A
16021,L001,L001+R,RAIN,5/14/2025,0,NA,5/19/2025 9:12,A
16021,L001,L001+R,RAIN,5/15/2025,0,PT,5/28/2025 9:20,A
16021,L001,L001+R,RAIN,5/16/2025,0,PT,5/28/2025 9:20,A
16021,L001,L001+R,RAIN,5/17/2025,0,NA,5/28/2025 9:20,A
16021,L001,L001+R,RAIN,5/18/2025,0,NA,5/28/2025 9:20,A
16021,L001,L001+R,RAIN,5/19/2025,0,NA,5/28/2025 9:20,A
16021,L001,L001+R,RAIN,5/20/2025,0,NA,5/28/2025 9:20,A
16021,L001,L001+R,RAIN,5/21/2025,0,NA,6/2/2025 9:45,A
16021,L001,L001+R,RAIN,5/22/2025,0.67,A,6/2/2025 9:45,A
16021,L001,L001+R,RAIN,5/23/2025,0.02,NA,6/2/2025 9:45,A
16021,L001,L001+R,RAIN,5/24/2025,0.06,NA,6/2/2025 9:45,A
16021,L001,L001+R,RAIN,5/25/2025,0,NA,6/2/2025 9:45,A
16021,L001,L001+R,RAIN,5/26/2025,0.19,NA,6/2/2025 9:45,A
16021,L001,L001+R,RAIN,5/27/2025,0.01,NA,6/2/2025 9:45,A
16021,L001,L001+R,RAIN,5/28/2025,0.23,NA,6/2/2025 9:45,A
16021,L001,L001+R,RAIN,5/29/2025,0,NA,6/2/2025 9:45,A
16021,L001,L001+R,RAIN,5/30/2025,0,NA,6/2/2025 9:45,A
16021,L001,L001+R,RAIN,5/31/2025,0.13,NA,6/2/2025 9:45,A
16021,L001,L001+R,RAIN,6/1/2025,1.32,NA,6/2/2025 9:45,A
16021,L001,L001+R,RAIN,6/2/2025,0.28,NA,6/13/2025 13:10,A
16021,L001,L001+R,RAIN,6/3/2025,0.07,NA,6/13/2025 13:10,A
16021,L001,L001+R,RAIN,6/4/2025,0.18,NA,6/13/2025 13:10,A
16021,L001,L001+R,RAIN,6/5/2025,0,NA,6/13/2025 13:10,A
16021,L001,L001+R,RAIN,6/6/2025,0,NA,6/13/2025 13:10,A
16021,L001,L001+R,RAIN,6/7/2025,0.01,NA,6/13/2025 13:10,A
16021,L001,L001+R,RAIN,6/8/2025,0,NA,6/13/2025 13:10,A
16021,L001,L001+R,RAIN,6/9/2025,0,NA,6/13/2025 13:10,A
16021,L001,L001+R,RAIN,6/10/2025,0,NA,6/13/2025 13:10,A
16021,L001,L001+R,RAIN,6/11/2025,0,NA,6/13/2025 13:10,A
16021,L001,L001+R,RAIN,6/12/2025,0.69,NA,6/13/2025 13:10,A
16021,L001,L001+R,RAIN,6/13/2025,0,NA,6/26/2025 9:01,A
16021,L001,L001+R,RAIN,6/14/2025,0,NA,6/26/2025 9:01,A
16021,L001,L001+R,RAIN,6/15/2025,0,NA,6/26/2025 9:01,A
16021,L001,L001+R,RAIN,6/16/2025,0,NA,6/26/2025 9:01,A
16021,L001,L001+R,RAIN,6/17/2025,0,NA,6/26/2025 9:01,A
16021,L001,L001+R,RAIN,6/18/2025,0,NA,6/26/2025 9:01,A
16021,L001,L001+R,RAIN,6/19/2025,0,NA,6/26/2025 9:01,A
16021,L001,L001+R,RAIN,6/20/2025,0,NA,6/26/2025 9:01,A
16021,L001,L001+R,RAIN,6/21/2025,0.08,NA,6/26/2025 9:01,A
16021,L001,L001+R,RAIN,6/22/2025,0.9,NA,6/26/2025 9:01,A
16021,L001,L001+R,RAIN,6/23/2025,0.01,NA,6/26/2025 9:01,A
16021,L001,L001+R,RAIN,6/24/2025,0.1,NA,6/26/2025 9:01,A
16021,L001,L001+R,RAIN,6/25/2025,0,NA,7/7/2025 8:12,A
16021,L001,L001+R,RAIN,6/26/2025,0.09,NA,7/7/2025 8:12,A
16021,L001,L001+R,RAIN,6/27/2025,0.02,NA,7/7/2025 8:12,A
16021,L001,L001+R,RAIN,6/28/2025,0.14,A,7/7/2025 8:12,A
16021,L001,L001+R,RAIN,6/29/2025,0.15,NA,7/7/2025 8:12,A
16021,L001,L001+R,RAIN,6/30/2025,0.06,NA,7/7/2025 8:12,A
16021,L001,L001+R,RAIN,7/1/2025,0,NA,7/7/2025 8:12,A
16021,L001,L001+R,RAIN,7/2/2025,0.51,NA,7/7/2025 8:12,A
16021,L001,L001+R,RAIN,7/3/2025,0.55,NA,7/7/2025 8:12,A
16021,L001,L001+R,RAIN,7/4/2025,0.09,NA,7/7/2025 8:12,A
16021,L001,L001+R,RAIN,7/5/2025,0,NA,7/7/2025 8:12,A
16021,L001,L001+R,RAIN,7/6/2025,0.23,NA,7/7/2025 8:12,A
16021,L001,L001+R,RAIN,7/7/2025,0.03,NA,7/15/2025 11:06,A
16021,L001,L001+R,RAIN,7/8/2025,0.02,NA,7/15/2025 11:06,A
16021,L001,L001+R,RAIN,7/9/2025,0,NA,7/15/2025 11:06,A
16021,L001,L001+R,RAIN,7/10/2025,0,NA,7/15/2025 11:06,A
16021,L001,L001+R,RAIN,7/11/2025,0.11,NA,7/15/2025 11:06,A
16021,L001,L001+R,RAIN,7/12/2025,0,NA,7/15/2025 11:06,A
16021,L001,L001+R,RAIN,7/13/2025,0.02,NA,7/15/2025 11:06,A
16021,L001,L001+R,RAIN,7/14/2025,0.01,PT,7/15/2025 11:06,A
16021,L001,L001+R,RAIN,7/15/2025,NA,M,7/24/2025 12:45,A
16021,L001,L001+R,RAIN,7/16/2025,0,PT,7/24/2025 12:45,A
16021,L001,L001+R,RAIN,7/17/2025,0.35,NA,7/24/2025 12:45,A
16021,L001,L001+R,RAIN,7/18/2025,0,NA,7/24/2025 12:45,A
16021,L001,L001+R,RAIN,7/19/2025,0,NA,7/24/2025 12:45,A
16021,L001,L001+R,RAIN,7/20/2025,0,NA,7/24/2025 12:45,A
16021,L001,L001+R,RAIN,7/21/2025,0,NA,7/24/2025 12:45,A
16021,L001,L001+R,RAIN,7/22/2025,0.19,NA,7/24/2025 12:45,A
16021,L001,L001+R,RAIN,7/23/2025,0,NA,7/24/2025 12:45,A
16021,L001,L001+R,RAIN,7/24/2025,0.14,NA,8/4/2025 7:38,A
16021,L001,L001+R,RAIN,7/25/2025,0,NA,8/4/2025 7:38,A
16021,L001,L001+R,RAIN,7/26/2025,0,NA,8/4/2025 7:38,A
16021,L001,L001+R,RAIN,7/27/2025,0,NA,8/4/2025 7:38,A
16021,L001,L001+R,RAIN,7/28/2025,0,NA,8/4/2025 7:38,A
16021,L001,L001+R,RAIN,7/29/2025,0,NA,8/4/2025 7:38,A
16021,L001,L001+R,RAIN,7/30/2025,0,NA,8/4/2025 7:38,A
16021,L001,L001+R,RAIN,7/31/2025,0,NA,8/4/2025 7:38,A
16021,L001,L001+R,RAIN,8/1/2025,0.02,NA,8/12/2025 7:07,A
16021,L001,L001+R,RAIN,8/2/2025,0,NA,8/12/2025 7:07,A
16021,L001,L001+R,RAIN,8/3/2025,0,NA,8/12/2025 7:07,A
16021,L001,L001+R,RAIN,8/4/2025,0.45,NA,8/12/2025 7:07,A
16021,L001,L001+R,RAIN,8/5/2025,0,NA,8/12/2025 7:07,A
16021,L001,L001+R,RAIN,8/6/2025,0,NA,8/12/2025 7:07,A
16021,L001,L001+R,RAIN,8/7/2025,0.28,NA,8/12/2025 7:07,A
16021,L001,L001+R,RAIN,8/8/2025,0.35,NA,8/12/2025 7:07,A
16021,L001,L001+R,RAIN,8/9/2025,0.01,NA,8/12/2025 7:07,A
16021,L001,L001+R,RAIN,8/10/2025,0.13,NA,8/12/2025 7:07,A
16021,L001,L001+R,RAIN,8/11/2025,0,NA,8/19/2025 15:08,A
16021,L001,L001+R,RAIN,8/12/2025,0,NA,8/19/2025 15:08,A
16021,L001,L001+R,RAIN,8/13/2025,0,NA,8/19/2025 15:08,A
16021,L001,L001+R,RAIN,8/14/2025,0,NA,8/19/2025 15:08,A
16021,L001,L001+R,RAIN,8/15/2025,0,NA,8/19/2025 15:08,A
16021,L001,L001+R,RAIN,8/16/2025,0,NA,8/19/2025 15:08,A
16021,L001,L001+R,RAIN,8/17/2025,0,NA,8/19/2025 15:08,A
16021,L001,L001+R,RAIN,8/18/2025,0.08,NA,8/19/2025 15:08,A
16021,L001,L001+R,RAIN,8/19/2025,0,NA,8/28/2025 14:12,A
16021,L001,L001+R,RAIN,8/20/2025,0.1,NA,8/28/2025 14:12,A
16021,L001,L001+R,RAIN,8/21/2025,0.08,NA,8/28/2025 14:12,A
16021,L001,L001+R,RAIN,8/22/2025,0.16,NA,8/28/2025 14:12,A
16021,L001,L001+R,RAIN,8/23/2025,1.39,NA,8/28/2025 14:12,A
16021,L001,L001+R,RAIN,8/24/2025,0.03,NA,8/28/2025 14:12,A
16021,L001,L001+R,RAIN,8/25/2025,0,NA,8/28/2025 14:12,A
16021,L001,L001+R,RAIN,8/26/2025,0.4,NA,8/28/2025 14:12,A
16021,L001,L001+R,RAIN,8/27/2025,0,NA,8/28/2025 14:12,A
16021,L001,L001+R,RAIN,8/28/2025,0.03,NA,8/29/2025 3:11,P
16021,L001,L001+R,RAIN,8/29/2025,1.54,NA,8/30/2025 3:10,P
16021,L001,L001+R,RAIN,8/30/2025,0,NA,8/31/2025 3:08,P
16021,L001,L001+R,RAIN,8/31/2025,0.12,NA,9/1/2025 3:09,P
16021,L001,L001+R,RAIN,9/1/2025,0,NA,9/2/2025 3:10,P
16021,L001,L001+R,RAIN,9/2/2025,0,NA,9/3/2025 3:09,P
16021,L001,L001+R,RAIN,9/3/2025,0.13,NA,9/4/2025 3:11,P
VN104,L001,L001+RR,RAIN,9/4/2024,1.07,NA,10/27/2024 5:03,A
VN104,L001,L001+RR,RAIN,9/5/2024,0.01,NA,10/27/2024 5:03,A
VN104,L001,L001+RR,RAIN,9/6/2024,0.11,NA,10/27/2024 5:03,A
VN104,L001,L001+RR,RAIN,9/7/2024,0.02,NA,10/27/2024 5:03,A
VN104,L001,L001+RR,RAIN,9/8/2024,0,NA,10/27/2024 5:03,A
VN104,L001,L001+RR,RAIN,9/9/2024,1.88,NA,10/27/2024 5:03,A
VN104,L001,L001+RR,RAIN,9/10/2024,0.15,NA,10/27/2024 5:03,A
VN104,L001,L001+RR,RAIN,9/11/2024,0.11,NA,10/27/2024 5:03,A
VN104,L001,L001+RR,RAIN,9/12/2024,0.04,NA,10/27/2024 5:03,A
VN104,L001,L001+RR,RAIN,9/13/2024,0,NA,10/27/2024 5:03,A
VN104,L001,L001+RR,RAIN,9/14/2024,1.3,NA,10/27/2024 5:03,A
VN104,L001,L001+RR,RAIN,9/15/2024,0,NA,10/27/2024 5:03,A
VN104,L001,L001+RR,RAIN,9/16/2024,0,NA,10/27/2024 5:03,A
VN104,L001,L001+RR,RAIN,9/17/2024,0.09,NA,10/27/2024 5:03,A
VN104,L001,L001+RR,RAIN,9/18/2024,0,NA,10/27/2024 5:03,A
VN104,L001,L001+RR,RAIN,9/19/2024,0.91,NA,10/27/2024 5:03,A
VN104,L001,L001+RR,RAIN,9/20/2024,0,NA,10/27/2024 5:03,A
VN104,L001,L001+RR,RAIN,9/21/2024,0.01,NA,10/27/2024 5:03,A
VN104,L001,L001+RR,RAIN,9/22/2024,0,NA,10/27/2024 5:03,A
VN104,L001,L001+RR,RAIN,9/23/2024,0.25,NA,10/27/2024 5:03,A
VN104,L001,L001+RR,RAIN,9/24/2024,0.04,NA,10/27/2024 5:03,A
VN104,L001,L001+RR,RAIN,9/25/2024,0.02,NA,10/27/2024 5:03,A
VN104,L001,L001+RR,RAIN,9/26/2024,0.32,NA,10/27/2024 5:03,A
VN104,L001,L001+RR,RAIN,9/27/2024,0.22,NA,10/27/2024 5:03,A
VN104,L001,L001+RR,RAIN,9/28/2024,0,NA,10/27/2024 5:03,A
VN104,L001,L001+RR,RAIN,9/29/2024,0.01,NA,10/27/2024 5:03,A
VN104,L001,L001+RR,RAIN,9/30/2024,0.04,NA,10/27/2024 5:03,A
VN104,L001,L001+RR,RAIN,10/1/2024,0.3,NA,11/27/2024 5:02,A
VN104,L001,L001+RR,RAIN,10/2/2024,0.08,NA,11/27/2024 5:02,A
VN104,L001,L001+RR,RAIN,10/3/2024,1.17,NA,11/27/2024 5:02,A
VN104,L001,L001+RR,RAIN,10/4/2024,0.54,NA,11/27/2024 5:02,A
VN104,L001,L001+RR,RAIN,10/5/2024,0.13,NA,11/27/2024 5:02,A
VN104,L001,L001+RR,RAIN,10/6/2024,0.19,NA,11/27/2024 5:02,A
VN104,L001,L001+RR,RAIN,10/7/2024,0.01,NA,11/27/2024 5:02,A
VN104,L001,L001+RR,RAIN,10/8/2024,0,NA,11/27/2024 5:02,A
VN104,L001,L001+RR,RAIN,10/9/2024,1.02,NA,11/27/2024 5:02,A
VN104,L001,L001+RR,RAIN,10/10/2024,0,NA,11/27/2024 5:02,A
VN104,L001,L001+RR,RAIN,10/11/2024,0.21,NA,11/27/2024 5:02,A
VN104,L001,L001+RR,RAIN,10/12/2024,0,NA,11/27/2024 5:02,A
VN104,L001,L001+RR,RAIN,10/13/2024,0,NA,11/27/2024 5:02,A
VN104,L001,L001+RR,RAIN,10/14/2024,0,NA,11/27/2024 5:02,A
VN104,L001,L001+RR,RAIN,10/15/2024,0,NA,11/27/2024 5:02,A
VN104,L001,L001+RR,RAIN,10/16/2024,0,NA,11/27/2024 5:02,A
VN104,L001,L001+RR,RAIN,10/17/2024,0,NA,11/27/2024 5:02,A
VN104,L001,L001+RR,RAIN,10/18/2024,0,NA,11/27/2024 5:02,A
VN104,L001,L001+RR,RAIN,10/19/2024,0,NA,11/27/2024 5:02,A
VN104,L001,L001+RR,RAIN,10/20/2024,0.04,NA,11/27/2024 5:02,A
VN104,L001,L001+RR,RAIN,10/21/2024,0.07,NA,11/27/2024 5:02,A
VN104,L001,L001+RR,RAIN,10/22/2024,0,NA,11/27/2024 5:02,A
VN104,L001,L001+RR,RAIN,10/23/2024,0,NA,11/27/2024 5:02,A
VN104,L001,L001+RR,RAIN,10/24/2024,0,NA,11/27/2024 5:02,A
VN104,L001,L001+RR,RAIN,10/25/2024,0,NA,11/27/2024 5:02,A
VN104,L001,L001+RR,RAIN,10/26/2024,0,NA,11/27/2024 5:02,A
VN104,L001,L001+RR,RAIN,10/27/2024,0,NA,11/27/2024 5:02,A
VN104,L001,L001+RR,RAIN,10/28/2024,0.13,NA,11/27/2024 5:02,A
VN104,L001,L001+RR,RAIN,10/29/2024,0,NA,11/27/2024 5:02,A
VN104,L001,L001+RR,RAIN,10/30/2024,0.03,NA,11/27/2024 5:02,A
VN104,L001,L001+RR,RAIN,10/31/2024,0,NA,11/27/2024 5:02,A
VN104,L001,L001+RR,RAIN,11/1/2024,0,NA,12/27/2024 5:02,A
VN104,L001,L001+RR,RAIN,11/2/2024,0.105,NA,12/27/2024 5:02,A
VN104,L001,L001+RR,RAIN,11/3/2024,0.01,NA,12/27/2024 5:02,A
VN104,L001,L001+RR,RAIN,11/4/2024,0.12,NA,12/27/2024 5:02,A
VN104,L001,L001+RR,RAIN,11/5/2024,0.01,NA,12/27/2024 5:02,A
VN104,L001,L001+RR,RAIN,11/6/2024,0.52,NA,12/27/2024 5:02,A
VN104,L001,L001+RR,RAIN,11/7/2024,0.26,NA,12/27/2024 5:02,A
VN104,L001,L001+RR,RAIN,11/8/2024,0,NA,12/27/2024 5:02,A
VN104,L001,L001+RR,RAIN,11/9/2024,0,NA,12/27/2024 5:02,A
VN104,L001,L001+RR,RAIN,11/10/2024,0,NA,12/27/2024 5:02,A
VN104,L001,L001+RR,RAIN,11/11/2024,0,NA,12/27/2024 5:02,A
VN104,L001,L001+RR,RAIN,11/12/2024,0,NA,12/27/2024 5:02,A
VN104,L001,L001+RR,RAIN,11/13/2024,0,NA,12/27/2024 5:02,A
VN104,L001,L001+RR,RAIN,11/14/2024,0,NA,12/27/2024 5:02,A
VN104,L001,L001+RR,RAIN,11/15/2024,0,NA,12/27/2024 5:02,A
VN104,L001,L001+RR,RAIN,11/16/2024,0,NA,12/27/2024 5:02,A
VN104,L001,L001+RR,RAIN,11/17/2024,0,NA,12/27/2024 5:02,A
VN104,L001,L001+RR,RAIN,11/18/2024,0,NA,12/27/2024 5:02,A
VN104,L001,L001+RR,RAIN,11/19/2024,0,NA,12/27/2024 5:02,A
VN104,L001,L001+RR,RAIN,11/20/2024,0.16,NA,12/27/2024 5:02,A
VN104,L001,L001+RR,RAIN,11/21/2024,0,NA,12/27/2024 5:02,A
VN104,L001,L001+RR,RAIN,11/22/2024,0,NA,12/27/2024 5:02,A
VN104,L001,L001+RR,RAIN,11/23/2024,0,NA,12/27/2024 5:02,A
VN104,L001,L001+RR,RAIN,11/24/2024,0,NA,12/27/2024 5:02,A
VN104,L001,L001+RR,RAIN,11/25/2024,0,NA,12/27/2024 5:02,A
VN104,L001,L001+RR,RAIN,11/26/2024,0,NA,12/27/2024 5:02,A
VN104,L001,L001+RR,RAIN,11/27/2024,0,NA,12/27/2024 5:02,A
VN104,L001,L001+RR,RAIN,11/28/2024,0,NA,12/27/2024 5:02,A
VN104,L001,L001+RR,RAIN,11/29/2024,0,NA,12/27/2024 5:02,A
VN104,L001,L001+RR,RAIN,11/30/2024,0,NA,12/27/2024 5:02,A
VN104,L001,L001+RR,RAIN,12/1/2024,0,NA,1/27/2025 5:02,A
VN104,L001,L001+RR,RAIN,12/2/2024,0,NA,1/27/2025 5:02,A
VN104,L001,L001+RR,RAIN,12/3/2024,0,NA,1/27/2025 5:02,A
VN104,L001,L001+RR,RAIN,12/4/2024,0,NA,1/27/2025 5:02,A
VN104,L001,L001+RR,RAIN,12/5/2024,0,NA,1/27/2025 5:02,A
VN104,L001,L001+RR,RAIN,12/6/2024,0,NA,1/27/2025 5:02,A
VN104,L001,L001+RR,RAIN,12/7/2024,0,NA,1/27/2025 5:02,A
VN104,L001,L001+RR,RAIN,12/8/2024,0,NA,1/27/2025 5:02,A
VN104,L001,L001+RR,RAIN,12/9/2024,0,NA,1/27/2025 5:02,A
VN104,L001,L001+RR,RAIN,12/10/2024,0,NA,1/27/2025 5:02,A
VN104,L001,L001+RR,RAIN,12/11/2024,0.06,NA,1/27/2025 5:02,A
VN104,L001,L001+RR,RAIN,12/12/2024,0,NA,1/27/2025 5:02,A
VN104,L001,L001+RR,RAIN,12/13/2024,0,NA,1/27/2025 5:02,A
VN104,L001,L001+RR,RAIN,12/14/2024,0.29,NA,1/27/2025 5:02,A
VN104,L001,L001+RR,RAIN,12/15/2024,0.13,NA,1/27/2025 5:02,A
VN104,L001,L001+RR,RAIN,12/16/2024,0.04,NA,1/27/2025 5:02,A
VN104,L001,L001+RR,RAIN,12/17/2024,0.01,NA,1/27/2025 5:02,A
VN104,L001,L001+RR,RAIN,12/18/2024,0,NA,1/27/2025 5:02,A
VN104,L001,L001+RR,RAIN,12/19/2024,0,NA,1/27/2025 5:02,A
VN104,L001,L001+RR,RAIN,12/20/2024,0,NA,1/27/2025 5:02,A
VN104,L001,L001+RR,RAIN,12/21/2024,0,NA,1/27/2025 5:02,A
VN104,L001,L001+RR,RAIN,12/22/2024,0,NA,1/27/2025 5:02,A
VN104,L001,L001+RR,RAIN,12/23/2024,0,NA,1/27/2025 5:02,A
VN104,L001,L001+RR,RAIN,12/24/2024,0,NA,1/27/2025 5:02,A
VN104,L001,L001+RR,RAIN,12/25/2024,0,NA,1/27/2025 5:02,A
VN104,L001,L001+RR,RAIN,12/26/2024,0,NA,1/27/2025 5:02,A
VN104,L001,L001+RR,RAIN,12/27/2024,0.04,NA,1/27/2025 5:02,A
VN104,L001,L001+RR,RAIN,12/28/2024,0.2,NA,1/27/2025 5:02,A
VN104,L001,L001+RR,RAIN,12/29/2024,0.04,NA,1/27/2025 5:02,A
VN104,L001,L001+RR,RAIN,12/30/2024,0,NA,1/27/2025 5:02,A
VN104,L001,L001+RR,RAIN,12/31/2024,0,NA,1/27/2025 5:02,A
VN104,L001,L001+RR,RAIN,1/1/2025,0,NA,2/27/2025 5:02,A
VN104,L001,L001+RR,RAIN,1/2/2025,0,NA,2/27/2025 5:02,A
VN104,L001,L001+RR,RAIN,1/3/2025,0,NA,2/27/2025 5:02,A
VN104,L001,L001+RR,RAIN,1/4/2025,0,NA,2/27/2025 5:02,A
VN104,L001,L001+RR,RAIN,1/5/2025,0,NA,2/27/2025 5:02,A
VN104,L001,L001+RR,RAIN,1/6/2025,0,NA,2/27/2025 5:02,A
VN104,L001,L001+RR,RAIN,1/7/2025,0,NA,2/27/2025 5:02,A
VN104,L001,L001+RR,RAIN,1/8/2025,0,NA,2/27/2025 5:02,A
VN104,L001,L001+RR,RAIN,1/9/2025,0,NA,2/27/2025 5:02,A
VN104,L001,L001+RR,RAIN,1/10/2025,0,NA,2/27/2025 5:02,A
VN104,L001,L001+RR,RAIN,1/11/2025,0.01,NA,2/27/2025 5:02,A
VN104,L001,L001+RR,RAIN,1/12/2025,0,NA,2/27/2025 5:02,A
VN104,L001,L001+RR,RAIN,1/13/2025,0,NA,2/27/2025 5:02,A
VN104,L001,L001+RR,RAIN,1/14/2025,0,NA,2/27/2025 5:02,A
VN104,L001,L001+RR,RAIN,1/15/2025,0,NA,2/27/2025 5:02,A
VN104,L001,L001+RR,RAIN,1/16/2025,0,NA,2/27/2025 5:02,A
VN104,L001,L001+RR,RAIN,1/17/2025,0.13,NA,2/27/2025 5:02,A
VN104,L001,L001+RR,RAIN,1/18/2025,0,NA,2/27/2025 5:02,A
VN104,L001,L001+RR,RAIN,1/19/2025,0.02,NA,2/27/2025 5:02,A
VN104,L001,L001+RR,RAIN,1/20/2025,0,NA,2/27/2025 5:02,A
VN104,L001,L001+RR,RAIN,1/21/2025,0.45,NA,2/27/2025 5:02,A
VN104,L001,L001+RR,RAIN,1/22/2025,0.3,NA,2/27/2025 5:02,A
VN104,L001,L001+RR,RAIN,1/23/2025,0.05,NA,2/27/2025 5:02,A
VN104,L001,L001+RR,RAIN,1/24/2025,0,NA,2/27/2025 5:02,A
VN104,L001,L001+RR,RAIN,1/25/2025,0,NA,2/27/2025 5:02,A
VN104,L001,L001+RR,RAIN,1/26/2025,0,NA,2/27/2025 5:02,A
VN104,L001,L001+RR,RAIN,1/27/2025,0,NA,2/27/2025 5:02,A
VN104,L001,L001+RR,RAIN,1/28/2025,0,NA,2/27/2025 5:02,A
VN104,L001,L001+RR,RAIN,1/29/2025,0,NA,2/27/2025 5:02,A
VN104,L001,L001+RR,RAIN,1/30/2025,0,NA,2/27/2025 5:02,A
VN104,L001,L001+RR,RAIN,1/31/2025,0,NA,2/27/2025 5:02,A
VN104,L001,L001+RR,RAIN,2/1/2025,0,NA,3/27/2025 5:02,A
VN104,L001,L001+RR,RAIN,2/2/2025,0,NA,3/27/2025 5:02,A
VN104,L001,L001+RR,RAIN,2/3/2025,0,NA,3/27/2025 5:02,A
VN104,L001,L001+RR,RAIN,2/4/2025,0,NA,3/27/2025 5:02,A
VN104,L001,L001+RR,RAIN,2/5/2025,0,NA,3/27/2025 5:02,A
VN104,L001,L001+RR,RAIN,2/6/2025,0,NA,3/27/2025 5:02,A
VN104,L001,L001+RR,RAIN,2/7/2025,0,NA,3/27/2025 5:02,A
VN104,L001,L001+RR,RAIN,2/8/2025,0,NA,3/27/2025 5:02,A
VN104,L001,L001+RR,RAIN,2/9/2025,0,NA,3/27/2025 5:02,A
VN104,L001,L001+RR,RAIN,2/10/2025,0,NA,3/27/2025 5:02,A
VN104,L001,L001+RR,RAIN,2/11/2025,0,NA,3/27/2025 5:02,A
VN104,L001,L001+RR,RAIN,2/12/2025,0,NA,3/27/2025 5:02,A
VN104,L001,L001+RR,RAIN,2/13/2025,0.72,NA,3/27/2025 5:02,A
VN104,L001,L001+RR,RAIN,2/14/2025,0.07,NA,3/27/2025 5:02,A
VN104,L001,L001+RR,RAIN,2/15/2025,0,NA,3/27/2025 5:02,A
VN104,L001,L001+RR,RAIN,2/16/2025,0,NA,3/27/2025 5:02,A
VN104,L001,L001+RR,RAIN,2/17/2025,0,NA,3/27/2025 5:02,A
VN104,L001,L001+RR,RAIN,2/18/2025,0,NA,3/27/2025 5:02,A
VN104,L001,L001+RR,RAIN,2/19/2025,0,NA,3/27/2025 5:02,A
VN104,L001,L001+RR,RAIN,2/20/2025,0,NA,3/27/2025 5:02,A
VN104,L001,L001+RR,RAIN,2/21/2025,0,NA,3/27/2025 5:02,A
VN104,L001,L001+RR,RAIN,2/22/2025,0,NA,3/27/2025 5:02,A
VN104,L001,L001+RR,RAIN,2/23/2025,0,NA,3/27/2025 5:02,A
VN104,L001,L001+RR,RAIN,2/24/2025,1.275,NA,3/27/2025 5:02,A
VN104,L001,L001+RR,RAIN,2/25/2025,0.902,NA,3/27/2025 5:02,A
VN104,L001,L001+RR,RAIN,2/26/2025,0,NA,3/27/2025 5:02,A
VN104,L001,L001+RR,RAIN,2/27/2025,0,NA,3/27/2025 5:02,A
VN104,L001,L001+RR,RAIN,2/28/2025,0,NA,3/27/2025 5:02,A
VN104,L001,L001+RR,RAIN,3/1/2025,0,NA,4/27/2025 5:02,A
VN104,L001,L001+RR,RAIN,3/2/2025,0,NA,4/27/2025 5:02,A
VN104,L001,L001+RR,RAIN,3/3/2025,0,NA,4/27/2025 5:02,A
VN104,L001,L001+RR,RAIN,3/4/2025,0,NA,4/27/2025 5:02,A
VN104,L001,L001+RR,RAIN,3/5/2025,0,NA,4/27/2025 5:02,A
VN104,L001,L001+RR,RAIN,3/6/2025,0,NA,4/27/2025 5:02,A
VN104,L001,L001+RR,RAIN,3/7/2025,0,NA,4/27/2025 5:02,A
VN104,L001,L001+RR,RAIN,3/8/2025,0,NA,4/27/2025 5:02,A
VN104,L001,L001+RR,RAIN,3/9/2025,0,NA,4/27/2025 5:02,A
VN104,L001,L001+RR,RAIN,3/10/2025,0.01,NA,4/27/2025 5:02,A
VN104,L001,L001+RR,RAIN,3/11/2025,0,NA,4/27/2025 5:02,A
VN104,L001,L001+RR,RAIN,3/12/2025,0,NA,4/27/2025 5:02,A
VN104,L001,L001+RR,RAIN,3/13/2025,0,NA,4/27/2025 5:02,A
VN104,L001,L001+RR,RAIN,3/14/2025,0,NA,4/27/2025 5:02,A
VN104,L001,L001+RR,RAIN,3/15/2025,0,NA,4/27/2025 5:02,A
VN104,L001,L001+RR,RAIN,3/16/2025,0.04,NA,4/27/2025 5:02,A
VN104,L001,L001+RR,RAIN,3/17/2025,0.07,NA,4/27/2025 5:02,A
VN104,L001,L001+RR,RAIN,3/18/2025,0,NA,4/27/2025 5:02,A
VN104,L001,L001+RR,RAIN,3/19/2025,0,NA,4/27/2025 5:02,A
VN104,L001,L001+RR,RAIN,3/20/2025,0,NA,4/27/2025 5:02,A
VN104,L001,L001+RR,RAIN,3/21/2025,0,NA,4/27/2025 5:02,A
VN104,L001,L001+RR,RAIN,3/22/2025,0,NA,4/27/2025 5:02,A
VN104,L001,L001+RR,RAIN,3/23/2025,0,NA,4/27/2025 5:02,A
VN104,L001,L001+RR,RAIN,3/24/2025,0,NA,4/27/2025 5:02,A
VN104,L001,L001+RR,RAIN,3/25/2025,0.14,NA,4/27/2025 5:02,A
VN104,L001,L001+RR,RAIN,3/26/2025,0,NA,4/27/2025 5:02,A
VN104,L001,L001+RR,RAIN,3/27/2025,0,NA,4/27/2025 5:02,A
VN104,L001,L001+RR,RAIN,3/28/2025,0,NA,4/27/2025 5:02,A
VN104,L001,L001+RR,RAIN,3/29/2025,0,NA,4/27/2025 5:02,A
VN104,L001,L001+RR,RAIN,3/30/2025,0.03,NA,4/27/2025 5:02,A
VN104,L001,L001+RR,RAIN,3/31/2025,0.41,NA,4/27/2025 5:02,A
VN104,L001,L001+RR,RAIN,4/1/2025,0,NA,5/27/2025 5:02,A
VN104,L001,L001+RR,RAIN,4/2/2025,0,NA,5/27/2025 5:02,A
VN104,L001,L001+RR,RAIN,4/3/2025,0,NA,5/27/2025 5:02,A
VN104,L001,L001+RR,RAIN,4/4/2025,0,NA,5/27/2025 5:02,A
VN104,L001,L001+RR,RAIN,4/5/2025,0,NA,5/27/2025 5:02,A
VN104,L001,L001+RR,RAIN,4/6/2025,0,NA,5/27/2025 5:02,A
VN104,L001,L001+RR,RAIN,4/7/2025,0,NA,5/27/2025 5:02,A
VN104,L001,L001+RR,RAIN,4/8/2025,0.02,NA,5/27/2025 5:02,A
VN104,L001,L001+RR,RAIN,4/9/2025,0,NA,5/27/2025 5:02,A
VN104,L001,L001+RR,RAIN,4/10/2025,0,NA,5/27/2025 5:02,A
VN104,L001,L001+RR,RAIN,4/11/2025,0,NA,5/27/2025 5:02,A
VN104,L001,L001+RR,RAIN,4/12/2025,0,NA,5/27/2025 5:02,A
VN104,L001,L001+RR,RAIN,4/13/2025,0,NA,5/27/2025 5:02,A
VN104,L001,L001+RR,RAIN,4/14/2025,0,NA,5/27/2025 5:02,A
VN104,L001,L001+RR,RAIN,4/15/2025,0,NA,5/27/2025 5:02,A
VN104,L001,L001+RR,RAIN,4/16/2025,0,NA,5/27/2025 5:02,A
VN104,L001,L001+RR,RAIN,4/17/2025,0,NA,5/27/2025 5:02,A
VN104,L001,L001+RR,RAIN,4/18/2025,0,NA,5/27/2025 5:02,A
VN104,L001,L001+RR,RAIN,4/19/2025,0,NA,5/27/2025 5:02,A
VN104,L001,L001+RR,RAIN,4/20/2025,0,NA,5/27/2025 5:02,A
VN104,L001,L001+RR,RAIN,4/21/2025,0,NA,5/27/2025 5:02,A
VN104,L001,L001+RR,RAIN,4/22/2025,0,NA,5/27/2025 5:02,A
VN104,L001,L001+RR,RAIN,4/23/2025,0,NA,5/27/2025 5:02,A
VN104,L001,L001+RR,RAIN,4/24/2025,0,NA,5/27/2025 5:02,A
VN104,L001,L001+RR,RAIN,4/25/2025,0,NA,5/27/2025 5:02,A
VN104,L001,L001+RR,RAIN,4/26/2025,0,NA,5/27/2025 5:02,A
VN104,L001,L001+RR,RAIN,4/27/2025,0,NA,5/27/2025 5:02,A
VN104,L001,L001+RR,RAIN,4/28/2025,0,NA,5/27/2025 5:02,A
VN104,L001,L001+RR,RAIN,4/29/2025,0.08,NA,5/27/2025 5:02,A
VN104,L001,L001+RR,RAIN,4/30/2025,0,NA,5/27/2025 5:02,A
VN104,L001,L001+RR,RAIN,5/1/2025,0,NA,6/27/2025 5:03,A
VN104,L001,L001+RR,RAIN,5/2/2025,0.01,NA,6/27/2025 5:03,A
VN104,L001,L001+RR,RAIN,5/3/2025,0,NA,6/27/2025 5:03,A
VN104,L001,L001+RR,RAIN,5/4/2025,0,NA,6/27/2025 5:03,A
VN104,L001,L001+RR,RAIN,5/5/2025,0,NA,6/27/2025 5:03,A
VN104,L001,L001+RR,RAIN,5/6/2025,0,NA,6/27/2025 5:03,A
VN104,L001,L001+RR,RAIN,5/7/2025,0,NA,6/27/2025 5:03,A
VN104,L001,L001+RR,RAIN,5/8/2025,0,NA,6/27/2025 5:03,A
VN104,L001,L001+RR,RAIN,5/9/2025,0,NA,6/27/2025 5:03,A
VN104,L001,L001+RR,RAIN,5/10/2025,0.02,NA,6/27/2025 5:03,A
VN104,L001,L001+RR,RAIN,5/11/2025,0,NA,6/27/2025 5:03,A
VN104,L001,L001+RR,RAIN,5/12/2025,3.11,NA,6/27/2025 5:03,A
VN104,L001,L001+RR,RAIN,5/13/2025,0,NA,6/27/2025 5:03,A
VN104,L001,L001+RR,RAIN,5/14/2025,0,NA,6/27/2025 5:03,A
VN104,L001,L001+RR,RAIN,5/15/2025,0,NA,6/27/2025 5:03,A
VN104,L001,L001+RR,RAIN,5/16/2025,0,NA,6/27/2025 5:03,A
VN104,L001,L001+RR,RAIN,5/17/2025,0,NA,6/27/2025 5:03,A
VN104,L001,L001+RR,RAIN,5/18/2025,0,NA,6/27/2025 5:03,A
VN104,L001,L001+RR,RAIN,5/19/2025,0,NA,6/27/2025 5:03,A
VN104,L001,L001+RR,RAIN,5/20/2025,0,NA,6/27/2025 5:03,A
VN104,L001,L001+RR,RAIN,5/21/2025,0,NA,6/27/2025 5:03,A
VN104,L001,L001+RR,RAIN,5/22/2025,0.235,NA,6/27/2025 5:03,A
VN104,L001,L001+RR,RAIN,5/23/2025,0.02,NA,6/27/2025 5:03,A
VN104,L001,L001+RR,RAIN,5/24/2025,0.06,NA,6/27/2025 5:03,A
VN104,L001,L001+RR,RAIN,5/25/2025,0,NA,6/27/2025 5:03,A
VN104,L001,L001+RR,RAIN,5/26/2025,0.19,NA,6/27/2025 5:03,A
VN104,L001,L001+RR,RAIN,5/27/2025,0.01,NA,6/27/2025 5:03,A
VN104,L001,L001+RR,RAIN,5/28/2025,0.23,NA,6/27/2025 5:03,A
VN104,L001,L001+RR,RAIN,5/29/2025,0,NA,6/27/2025 5:03,A
VN104,L001,L001+RR,RAIN,5/30/2025,0,NA,6/27/2025 5:03,A
VN104,L001,L001+RR,RAIN,5/31/2025,0.13,NA,6/27/2025 5:03,A
VN104,L001,L001+RR,RAIN,6/1/2025,1.32,NA,7/27/2025 5:03,A
VN104,L001,L001+RR,RAIN,6/2/2025,0.28,NA,7/27/2025 5:03,A
VN104,L001,L001+RR,RAIN,6/3/2025,0.07,NA,7/27/2025 5:03,A
VN104,L001,L001+RR,RAIN,6/4/2025,0.18,NA,7/27/2025 5:03,A
VN104,L001,L001+RR,RAIN,6/5/2025,0,NA,7/27/2025 5:03,A
VN104,L001,L001+RR,RAIN,6/6/2025,0,NA,7/27/2025 5:03,A
VN104,L001,L001+RR,RAIN,6/7/2025,0.01,NA,7/27/2025 5:03,A
VN104,L001,L001+RR,RAIN,6/8/2025,0,NA,7/27/2025 5:03,A
VN104,L001,L001+RR,RAIN,6/9/2025,0,NA,7/27/2025 5:03,A
VN104,L001,L001+RR,RAIN,6/10/2025,0,NA,7/27/2025 5:03,A
VN104,L001,L001+RR,RAIN,6/11/2025,0,NA,7/27/2025 5:03,A
VN104,L001,L001+RR,RAIN,6/12/2025,0.69,NA,7/27/2025 5:03,A
VN104,L001,L001+RR,RAIN,6/13/2025,0,NA,7/27/2025 5:03,A
VN104,L001,L001+RR,RAIN,6/14/2025,0,NA,7/27/2025 5:03,A
VN104,L001,L001+RR,RAIN,6/15/2025,0,NA,7/27/2025 5:03,A
VN104,L001,L001+RR,RAIN,6/16/2025,0,NA,7/27/2025 5:03,A
VN104,L001,L001+RR,RAIN,6/17/2025,0,NA,7/27/2025 5:03,A
VN104,L001,L001+RR,RAIN,6/18/2025,0,NA,7/27/2025 5:03,A
VN104,L001,L001+RR,RAIN,6/19/2025,0,NA,7/27/2025 5:03,A
VN104,L001,L001+RR,RAIN,6/20/2025,0,NA,7/27/2025 5:03,A
VN104,L001,L001+RR,RAIN,6/21/2025,0.08,NA,7/27/2025 5:03,A
VN104,L001,L001+RR,RAIN,6/22/2025,0.522,NA,7/27/2025 5:03,A
VN104,L001,L001+RR,RAIN,6/23/2025,0.021,NA,7/27/2025 5:03,A
VN104,L001,L001+RR,RAIN,6/24/2025,0.091,NA,7/27/2025 5:03,A
VN104,L001,L001+RR,RAIN,6/25/2025,0.002,NA,7/27/2025 5:03,A
VN104,L001,L001+RR,RAIN,6/26/2025,0.319,NA,7/27/2025 5:03,A
VN104,L001,L001+RR,RAIN,6/27/2025,0.001,NA,7/27/2025 5:03,A
VN104,L001,L001+RR,RAIN,6/28/2025,0.452,NA,7/27/2025 5:03,A
VN104,L001,L001+RR,RAIN,6/29/2025,0.15,NA,7/27/2025 5:03,A
VN104,L001,L001+RR,RAIN,6/30/2025,0.386,NA,7/27/2025 5:03,A
VN104,L001,L001+RR,RAIN,7/1/2025,0.008,NA,8/27/2025 5:02,A
VN104,L001,L001+RR,RAIN,7/2/2025,0.558,NA,8/27/2025 5:02,A
VN104,L001,L001+RR,RAIN,7/3/2025,0.359,NA,8/27/2025 5:02,A
VN104,L001,L001+RR,RAIN,7/4/2025,0.267,NA,8/27/2025 5:02,A
VN104,L001,L001+RR,RAIN,7/5/2025,0,NA,8/27/2025 5:02,A
VN104,L001,L001+RR,RAIN,7/6/2025,0.677,NA,8/27/2025 5:02,A
VN104,L001,L001+RR,RAIN,7/7/2025,0,NA,8/27/2025 5:02,A
VN104,L001,L001+RR,RAIN,7/8/2025,0.059,NA,8/27/2025 5:02,A
VN104,L001,L001+RR,RAIN,7/9/2025,0,NA,8/27/2025 5:02,A
VN104,L001,L001+RR,RAIN,7/10/2025,0,NA,8/27/2025 5:02,A
VN104,L001,L001+RR,RAIN,7/11/2025,0.136,NA,8/27/2025 5:02,A
VN104,L001,L001+RR,RAIN,7/12/2025,0,NA,8/27/2025 5:02,A
VN104,L001,L001+RR,RAIN,7/13/2025,0.33,NA,8/27/2025 5:02,A
VN104,L001,L001+RR,RAIN,7/14/2025,1.264,NA,8/27/2025 5:02,A
VN104,L001,L001+RR,RAIN,7/15/2025,0,NA,8/27/2025 5:02,A
VN104,L001,L001+RR,RAIN,7/16/2025,0.411,NA,8/27/2025 5:02,A
VN104,L001,L001+RR,RAIN,7/17/2025,0,NA,8/27/2025 5:02,A
VN104,L001,L001+RR,RAIN,7/18/2025,0,NA,8/27/2025 5:02,A
VN104,L001,L001+RR,RAIN,7/19/2025,0,NA,8/27/2025 5:02,A
VN104,L001,L001+RR,RAIN,7/20/2025,0,NA,8/27/2025 5:02,A
VN104,L001,L001+RR,RAIN,7/21/2025,0,NA,8/27/2025 5:02,A
VN104,L001,L001+RR,RAIN,7/22/2025,0.19,NA,8/27/2025 5:02,A
VN104,L001,L001+RR,RAIN,7/23/2025,0,NA,8/27/2025 5:02,A
VN104,L001,L001+RR,RAIN,7/24/2025,0.14,NA,8/27/2025 5:02,A
VN104,L001,L001+RR,RAIN,7/25/2025,0,NA,8/27/2025 5:02,A
VN104,L001,L001+RR,RAIN,7/26/2025,0,NA,8/27/2025 5:02,A
VN104,L001,L001+RR,RAIN,7/27/2025,0,NA,8/27/2025 5:02,A
VN104,L001,L001+RR,RAIN,7/28/2025,0,NA,8/27/2025 5:02,A
VN104,L001,L001+RR,RAIN,7/29/2025,0,NA,8/27/2025 5:02,A
VN104,L001,L001+RR,RAIN,7/30/2025,0,NA,8/27/2025 5:02,A
VN104,L001,L001+RR,RAIN,7/31/2025,0,NA,8/27/2025 5:02,A
VN104,L001,L001+RR,RAIN,8/1/2025,0,P,8/27/2025 5:02,A
VN106,L005,L005+RR,RAIN,9/4/2024,0,NA,10/27/2024 5:09,A
VN106,L005,L005+RR,RAIN,9/5/2024,0,NA,10/27/2024 5:09,A
VN106,L005,L005+RR,RAIN,9/6/2024,0,NA,10/27/2024 5:09,A
VN106,L005,L005+RR,RAIN,9/7/2024,0.08,NA,10/27/2024 5:09,A
VN106,L005,L005+RR,RAIN,9/8/2024,0,NA,10/27/2024 5:09,A
VN106,L005,L005+RR,RAIN,9/9/2024,0.38,NA,10/27/2024 5:09,A
VN106,L005,L005+RR,RAIN,9/10/2024,0.37,NA,10/27/2024 5:09,A
VN106,L005,L005+RR,RAIN,9/11/2024,3.81,NA,10/27/2024 5:09,A
VN106,L005,L005+RR,RAIN,9/12/2024,0.04,NA,10/27/2024 5:09,A
VN106,L005,L005+RR,RAIN,9/13/2024,0.59,NA,10/27/2024 5:09,A
VN106,L005,L005+RR,RAIN,9/14/2024,0.4,NA,10/27/2024 5:09,A
VN106,L005,L005+RR,RAIN,9/15/2024,0,NA,10/27/2024 5:09,A
VN106,L005,L005+RR,RAIN,9/16/2024,0,NA,10/27/2024 5:09,A
VN106,L005,L005+RR,RAIN,9/17/2024,0,NA,10/27/2024 5:09,A
VN106,L005,L005+RR,RAIN,9/18/2024,0.11,NA,10/27/2024 5:09,A
VN106,L005,L005+RR,RAIN,9/19/2024,0.06,NA,10/27/2024 5:09,A
VN106,L005,L005+RR,RAIN,9/20/2024,0.06,NA,10/27/2024 5:09,A
VN106,L005,L005+RR,RAIN,9/21/2024,0,NA,10/27/2024 5:09,A
VN106,L005,L005+RR,RAIN,9/22/2024,0,NA,10/27/2024 5:09,A
VN106,L005,L005+RR,RAIN,9/23/2024,0.19,NA,10/27/2024 5:09,A
VN106,L005,L005+RR,RAIN,9/24/2024,0.08,NA,10/27/2024 5:09,A
VN106,L005,L005+RR,RAIN,9/25/2024,0.38,NA,10/27/2024 5:09,A
VN106,L005,L005+RR,RAIN,9/26/2024,0.05,NA,10/27/2024 5:09,A
VN106,L005,L005+RR,RAIN,9/27/2024,0.03,NA,10/27/2024 5:09,A
VN106,L005,L005+RR,RAIN,9/28/2024,0.19,NA,10/27/2024 5:09,A
VN106,L005,L005+RR,RAIN,9/29/2024,0.01,NA,10/27/2024 5:09,A
VN106,L005,L005+RR,RAIN,9/30/2024,0.01,NA,10/27/2024 5:09,A
VN106,L005,L005+RR,RAIN,10/1/2024,1.12,NA,11/27/2024 5:09,A
VN106,L005,L005+RR,RAIN,10/2/2024,0.02,NA,11/27/2024 5:09,A
VN106,L005,L005+RR,RAIN,10/3/2024,0.08,NA,11/27/2024 5:09,A
VN106,L005,L005+RR,RAIN,10/4/2024,0,NA,11/27/2024 5:09,A
VN106,L005,L005+RR,RAIN,10/5/2024,0,NA,11/27/2024 5:09,A
VN106,L005,L005+RR,RAIN,10/6/2024,0.61,NA,11/27/2024 5:09,A
VN106,L005,L005+RR,RAIN,10/7/2024,0,NA,11/27/2024 5:09,A
VN106,L005,L005+RR,RAIN,10/8/2024,0.03,NA,11/27/2024 5:09,A
VN106,L005,L005+RR,RAIN,10/9/2024,0.84,NA,11/27/2024 5:09,A
VN106,L005,L005+RR,RAIN,10/10/2024,0.005,NA,11/27/2024 5:09,A
VN106,L005,L005+RR,RAIN,10/11/2024,0.002,NA,11/27/2024 5:09,A
VN106,L005,L005+RR,RAIN,10/12/2024,0,NA,11/27/2024 5:09,A
VN106,L005,L005+RR,RAIN,10/13/2024,0,NA,11/27/2024 5:09,A
VN106,L005,L005+RR,RAIN,10/14/2024,0,NA,11/27/2024 5:09,A
VN106,L005,L005+RR,RAIN,10/15/2024,0,NA,11/27/2024 5:09,A
VN106,L005,L005+RR,RAIN,10/16/2024,0,NA,11/27/2024 5:09,A
VN106,L005,L005+RR,RAIN,10/17/2024,0,NA,11/27/2024 5:09,A
VN106,L005,L005+RR,RAIN,10/18/2024,0,NA,11/27/2024 5:09,A
VN106,L005,L005+RR,RAIN,10/19/2024,0,NA,11/27/2024 5:09,A
VN106,L005,L005+RR,RAIN,10/20/2024,0,NA,11/27/2024 5:09,A
VN106,L005,L005+RR,RAIN,10/21/2024,0.05,NA,11/27/2024 5:09,A
VN106,L005,L005+RR,RAIN,10/22/2024,0,NA,11/27/2024 5:09,A
VN106,L005,L005+RR,RAIN,10/23/2024,0,NA,11/27/2024 5:09,A
VN106,L005,L005+RR,RAIN,10/24/2024,0,NA,11/27/2024 5:09,A
VN106,L005,L005+RR,RAIN,10/25/2024,0,NA,11/27/2024 5:09,A
VN106,L005,L005+RR,RAIN,10/26/2024,0,NA,11/27/2024 5:09,A
VN106,L005,L005+RR,RAIN,10/27/2024,0,NA,11/27/2024 5:09,A
VN106,L005,L005+RR,RAIN,10/28/2024,0,NA,11/27/2024 5:09,A
VN106,L005,L005+RR,RAIN,10/29/2024,0,NA,11/27/2024 5:09,A
VN106,L005,L005+RR,RAIN,10/30/2024,0,NA,11/27/2024 5:09,A
VN106,L005,L005+RR,RAIN,10/31/2024,0,NA,11/27/2024 5:09,A
VN106,L005,L005+RR,RAIN,11/1/2024,0,NA,12/27/2024 5:08,A
VN106,L005,L005+RR,RAIN,11/2/2024,0,NA,12/27/2024 5:08,A
VN106,L005,L005+RR,RAIN,11/3/2024,0,NA,12/27/2024 5:08,A
VN106,L005,L005+RR,RAIN,11/4/2024,0,NA,12/27/2024 5:08,A
VN106,L005,L005+RR,RAIN,11/5/2024,0,NA,12/27/2024 5:08,A
VN106,L005,L005+RR,RAIN,11/6/2024,0.25,NA,12/27/2024 5:08,A
VN106,L005,L005+RR,RAIN,11/7/2024,0,NA,12/27/2024 5:08,A
VN106,L005,L005+RR,RAIN,11/8/2024,0,NA,12/27/2024 5:08,A
VN106,L005,L005+RR,RAIN,11/9/2024,0,NA,12/27/2024 5:08,A
VN106,L005,L005+RR,RAIN,11/10/2024,0,NA,12/27/2024 5:08,A
VN106,L005,L005+RR,RAIN,11/11/2024,0.01,NA,12/27/2024 5:08,A
VN106,L005,L005+RR,RAIN,11/12/2024,0,NA,12/27/2024 5:08,A
VN106,L005,L005+RR,RAIN,11/13/2024,0.01,NA,12/27/2024 5:08,A
VN106,L005,L005+RR,RAIN,11/14/2024,0,NA,12/27/2024 5:08,A
VN106,L005,L005+RR,RAIN,11/15/2024,0,NA,12/27/2024 5:08,A
VN106,L005,L005+RR,RAIN,11/16/2024,0,NA,12/27/2024 5:08,A
VN106,L005,L005+RR,RAIN,11/17/2024,0,NA,12/27/2024 5:08,A
VN106,L005,L005+RR,RAIN,11/18/2024,0,NA,12/27/2024 5:08,A
VN106,L005,L005+RR,RAIN,11/19/2024,0,NA,12/27/2024 5:08,A
VN106,L005,L005+RR,RAIN,11/20/2024,0.07,NA,12/27/2024 5:08,A
VN106,L005,L005+RR,RAIN,11/21/2024,0,NA,12/27/2024 5:08,A
VN106,L005,L005+RR,RAIN,11/22/2024,0,NA,12/27/2024 5:08,A
VN106,L005,L005+RR,RAIN,11/23/2024,0,NA,12/27/2024 5:08,A
VN106,L005,L005+RR,RAIN,11/24/2024,0,NA,12/27/2024 5:08,A
VN106,L005,L005+RR,RAIN,11/25/2024,0,NA,12/27/2024 5:08,A
VN106,L005,L005+RR,RAIN,11/26/2024,0,NA,12/27/2024 5:08,A
VN106,L005,L005+RR,RAIN,11/27/2024,0,NA,12/27/2024 5:08,A
VN106,L005,L005+RR,RAIN,11/28/2024,0,NA,12/27/2024 5:08,A
VN106,L005,L005+RR,RAIN,11/29/2024,0,NA,12/27/2024 5:08,A
VN106,L005,L005+RR,RAIN,11/30/2024,0,NA,12/27/2024 5:08,A
VN106,L005,L005+RR,RAIN,12/1/2024,0,NA,1/27/2025 5:09,A
VN106,L005,L005+RR,RAIN,12/2/2024,0,NA,1/27/2025 5:09,A
VN106,L005,L005+RR,RAIN,12/3/2024,0,NA,1/27/2025 5:09,A
VN106,L005,L005+RR,RAIN,12/4/2024,0,NA,1/27/2025 5:09,A
VN106,L005,L005+RR,RAIN,12/5/2024,0,NA,1/27/2025 5:09,A
VN106,L005,L005+RR,RAIN,12/6/2024,0,NA,1/27/2025 5:09,A
VN106,L005,L005+RR,RAIN,12/7/2024,0,NA,1/27/2025 5:09,A
VN106,L005,L005+RR,RAIN,12/8/2024,0,NA,1/27/2025 5:09,A
VN106,L005,L005+RR,RAIN,12/9/2024,0,NA,1/27/2025 5:09,A
VN106,L005,L005+RR,RAIN,12/10/2024,0,NA,1/27/2025 5:09,A
VN106,L005,L005+RR,RAIN,12/11/2024,0,NA,1/27/2025 5:09,A
VN106,L005,L005+RR,RAIN,12/12/2024,0,NA,1/27/2025 5:09,A
VN106,L005,L005+RR,RAIN,12/13/2024,0,NA,1/27/2025 5:09,A
VN106,L005,L005+RR,RAIN,12/14/2024,0.04,NA,1/27/2025 5:09,A
VN106,L005,L005+RR,RAIN,12/15/2024,0.15,NA,1/27/2025 5:09,A
VN106,L005,L005+RR,RAIN,12/16/2024,0,NA,1/27/2025 5:09,A
VN106,L005,L005+RR,RAIN,12/17/2024,0,NA,1/27/2025 5:09,A
VN106,L005,L005+RR,RAIN,12/18/2024,0,NA,1/27/2025 5:09,A
VN106,L005,L005+RR,RAIN,12/19/2024,0,NA,1/27/2025 5:09,A
VN106,L005,L005+RR,RAIN,12/20/2024,0,NA,1/27/2025 5:09,A
VN106,L005,L005+RR,RAIN,12/21/2024,0,NA,1/27/2025 5:09,A
VN106,L005,L005+RR,RAIN,12/22/2024,0,NA,1/27/2025 5:09,A
VN106,L005,L005+RR,RAIN,12/23/2024,0,NA,1/27/2025 5:09,A
VN106,L005,L005+RR,RAIN,12/24/2024,0,NA,1/27/2025 5:09,A
VN106,L005,L005+RR,RAIN,12/25/2024,0,NA,1/27/2025 5:09,A
VN106,L005,L005+RR,RAIN,12/26/2024,0,NA,1/27/2025 5:09,A
VN106,L005,L005+RR,RAIN,12/27/2024,0,NA,1/27/2025 5:09,A
VN106,L005,L005+RR,RAIN,12/28/2024,0,NA,1/27/2025 5:09,A
VN106,L005,L005+RR,RAIN,12/29/2024,0.21,NA,1/27/2025 5:09,A
VN106,L005,L005+RR,RAIN,12/30/2024,0,NA,1/27/2025 5:09,A
VN106,L005,L005+RR,RAIN,12/31/2024,0,NA,1/27/2025 5:09,A
VN106,L005,L005+RR,RAIN,1/1/2025,0,NA,2/27/2025 5:08,A
VN106,L005,L005+RR,RAIN,1/2/2025,0,NA,2/27/2025 5:08,A
VN106,L005,L005+RR,RAIN,1/3/2025,0,NA,2/27/2025 5:08,A
VN106,L005,L005+RR,RAIN,1/4/2025,0,NA,2/27/2025 5:08,A
VN106,L005,L005+RR,RAIN,1/5/2025,0,NA,2/27/2025 5:08,A
VN106,L005,L005+RR,RAIN,1/6/2025,0,NA,2/27/2025 5:08,A
VN106,L005,L005+RR,RAIN,1/7/2025,0,NA,2/27/2025 5:08,A
VN106,L005,L005+RR,RAIN,1/8/2025,0,NA,2/27/2025 5:08,A
VN106,L005,L005+RR,RAIN,1/9/2025,0,NA,2/27/2025 5:08,A
VN106,L005,L005+RR,RAIN,1/10/2025,0,NA,2/27/2025 5:08,A
VN106,L005,L005+RR,RAIN,1/11/2025,0.01,NA,2/27/2025 5:08,A
VN106,L005,L005+RR,RAIN,1/12/2025,0,NA,2/27/2025 5:08,A
VN106,L005,L005+RR,RAIN,1/13/2025,0,NA,2/27/2025 5:08,A
VN106,L005,L005+RR,RAIN,1/14/2025,0,NA,2/27/2025 5:08,A
VN106,L005,L005+RR,RAIN,1/15/2025,0,NA,2/27/2025 5:08,A
VN106,L005,L005+RR,RAIN,1/16/2025,0,NA,2/27/2025 5:08,A
VN106,L005,L005+RR,RAIN,1/17/2025,0.16,NA,2/27/2025 5:08,A
VN106,L005,L005+RR,RAIN,1/18/2025,0,NA,2/27/2025 5:08,A
VN106,L005,L005+RR,RAIN,1/19/2025,0.04,NA,2/27/2025 5:08,A
VN106,L005,L005+RR,RAIN,1/20/2025,0.01,NA,2/27/2025 5:08,A
VN106,L005,L005+RR,RAIN,1/21/2025,0.27,NA,2/27/2025 5:08,A
VN106,L005,L005+RR,RAIN,1/22/2025,0.31,NA,2/27/2025 5:08,A
VN106,L005,L005+RR,RAIN,1/23/2025,0.07,NA,2/27/2025 5:08,A
VN106,L005,L005+RR,RAIN,1/24/2025,0,NA,2/27/2025 5:08,A
VN106,L005,L005+RR,RAIN,1/25/2025,0,NA,2/27/2025 5:08,A
VN106,L005,L005+RR,RAIN,1/26/2025,0,NA,2/27/2025 5:08,A
VN106,L005,L005+RR,RAIN,1/27/2025,0,NA,2/27/2025 5:08,A
VN106,L005,L005+RR,RAIN,1/28/2025,0,NA,2/27/2025 5:08,A
VN106,L005,L005+RR,RAIN,1/29/2025,0,NA,2/27/2025 5:08,A
VN106,L005,L005+RR,RAIN,1/30/2025,0,NA,2/27/2025 5:08,A
VN106,L005,L005+RR,RAIN,1/31/2025,0,NA,2/27/2025 5:08,A
VN106,L005,L005+RR,RAIN,2/1/2025,0,NA,3/27/2025 5:08,A
VN106,L005,L005+RR,RAIN,2/2/2025,0,NA,3/27/2025 5:08,A
VN106,L005,L005+RR,RAIN,2/3/2025,0,NA,3/27/2025 5:08,A
VN106,L005,L005+RR,RAIN,2/4/2025,0,NA,3/27/2025 5:08,A
VN106,L005,L005+RR,RAIN,2/5/2025,0,NA,3/27/2025 5:08,A
VN106,L005,L005+RR,RAIN,2/6/2025,0,NA,3/27/2025 5:08,A
VN106,L005,L005+RR,RAIN,2/7/2025,0,NA,3/27/2025 5:08,A
VN106,L005,L005+RR,RAIN,2/8/2025,0,NA,3/27/2025 5:08,A
VN106,L005,L005+RR,RAIN,2/9/2025,0,NA,3/27/2025 5:08,A
VN106,L005,L005+RR,RAIN,2/10/2025,0,NA,3/27/2025 5:08,A
VN106,L005,L005+RR,RAIN,2/11/2025,0,NA,3/27/2025 5:08,A
VN106,L005,L005+RR,RAIN,2/12/2025,0,NA,3/27/2025 5:08,A
VN106,L005,L005+RR,RAIN,2/13/2025,0.25,NA,3/27/2025 5:08,A
VN106,L005,L005+RR,RAIN,2/14/2025,0.07,NA,3/27/2025 5:08,A
VN106,L005,L005+RR,RAIN,2/15/2025,0,NA,3/27/2025 5:08,A
VN106,L005,L005+RR,RAIN,2/16/2025,0,NA,3/27/2025 5:08,A
VN106,L005,L005+RR,RAIN,2/17/2025,0,NA,3/27/2025 5:08,A
VN106,L005,L005+RR,RAIN,2/18/2025,0,NA,3/27/2025 5:08,A
VN106,L005,L005+RR,RAIN,2/19/2025,0,NA,3/27/2025 5:08,A
VN106,L005,L005+RR,RAIN,2/20/2025,0,NA,3/27/2025 5:08,A
VN106,L005,L005+RR,RAIN,2/21/2025,0,NA,3/27/2025 5:08,A
VN106,L005,L005+RR,RAIN,2/22/2025,0,NA,3/27/2025 5:08,A
VN106,L005,L005+RR,RAIN,2/23/2025,0,NA,3/27/2025 5:08,A
VN106,L005,L005+RR,RAIN,2/24/2025,0.75,NA,3/27/2025 5:08,A
VN106,L005,L005+RR,RAIN,2/25/2025,0.51,NA,3/27/2025 5:08,A
VN106,L005,L005+RR,RAIN,2/26/2025,0,NA,3/27/2025 5:08,A
VN106,L005,L005+RR,RAIN,2/27/2025,0,NA,3/27/2025 5:08,A
VN106,L005,L005+RR,RAIN,2/28/2025,0,NA,3/27/2025 5:08,A
VN106,L005,L005+RR,RAIN,3/1/2025,0,NA,4/27/2025 5:08,A
VN106,L005,L005+RR,RAIN,3/2/2025,0,NA,4/27/2025 5:08,A
VN106,L005,L005+RR,RAIN,3/3/2025,0,NA,4/27/2025 5:08,A
VN106,L005,L005+RR,RAIN,3/4/2025,0,NA,4/27/2025 5:08,A
VN106,L005,L005+RR,RAIN,3/5/2025,0,NA,4/27/2025 5:08,A
VN106,L005,L005+RR,RAIN,3/6/2025,0,NA,4/27/2025 5:08,A
VN106,L005,L005+RR,RAIN,3/7/2025,0,NA,4/27/2025 5:08,A
VN106,L005,L005+RR,RAIN,3/8/2025,0,NA,4/27/2025 5:08,A
VN106,L005,L005+RR,RAIN,3/9/2025,0,NA,4/27/2025 5:08,A
VN106,L005,L005+RR,RAIN,3/10/2025,0.12,NA,4/27/2025 5:08,A
VN106,L005,L005+RR,RAIN,3/11/2025,0,NA,4/27/2025 5:08,A
VN106,L005,L005+RR,RAIN,3/12/2025,0,NA,4/27/2025 5:08,A
VN106,L005,L005+RR,RAIN,3/13/2025,0,NA,4/27/2025 5:08,A
VN106,L005,L005+RR,RAIN,3/14/2025,0,NA,4/27/2025 5:08,A
VN106,L005,L005+RR,RAIN,3/15/2025,0,NA,4/27/2025 5:08,A
VN106,L005,L005+RR,RAIN,3/16/2025,0,NA,4/27/2025 5:08,A
VN106,L005,L005+RR,RAIN,3/17/2025,0.76,NA,4/27/2025 5:08,A
VN106,L005,L005+RR,RAIN,3/18/2025,0,NA,4/27/2025 5:08,A
VN106,L005,L005+RR,RAIN,3/19/2025,0,NA,4/27/2025 5:08,A
VN106,L005,L005+RR,RAIN,3/20/2025,0,NA,4/27/2025 5:08,A
VN106,L005,L005+RR,RAIN,3/21/2025,0,NA,4/27/2025 5:08,A
VN106,L005,L005+RR,RAIN,3/22/2025,0,NA,4/27/2025 5:08,A
VN106,L005,L005+RR,RAIN,3/23/2025,0,NA,4/27/2025 5:08,A
VN106,L005,L005+RR,RAIN,3/24/2025,0,NA,4/27/2025 5:08,A
VN106,L005,L005+RR,RAIN,3/25/2025,0,NA,4/27/2025 5:08,A
VN106,L005,L005+RR,RAIN,3/26/2025,0,NA,4/27/2025 5:08,A
VN106,L005,L005+RR,RAIN,3/27/2025,0,NA,4/27/2025 5:08,A
VN106,L005,L005+RR,RAIN,3/28/2025,0,NA,4/27/2025 5:08,A
VN106,L005,L005+RR,RAIN,3/29/2025,0.1,NA,4/27/2025 5:08,A
VN106,L005,L005+RR,RAIN,3/30/2025,0.16,NA,4/27/2025 5:08,A
VN106,L005,L005+RR,RAIN,3/31/2025,0,NA,4/27/2025 5:08,A
VN106,L005,L005+RR,RAIN,4/1/2025,0,NA,5/27/2025 5:08,A
VN106,L005,L005+RR,RAIN,4/2/2025,0,NA,5/27/2025 5:08,A
VN106,L005,L005+RR,RAIN,4/3/2025,0,NA,5/27/2025 5:08,A
VN106,L005,L005+RR,RAIN,4/4/2025,0,NA,5/27/2025 5:08,A
VN106,L005,L005+RR,RAIN,4/5/2025,0,NA,5/27/2025 5:08,A
VN106,L005,L005+RR,RAIN,4/6/2025,0,NA,5/27/2025 5:08,A
VN106,L005,L005+RR,RAIN,4/7/2025,0,NA,5/27/2025 5:08,A
VN106,L005,L005+RR,RAIN,4/8/2025,0,NA,5/27/2025 5:08,A
VN106,L005,L005+RR,RAIN,4/9/2025,0,NA,5/27/2025 5:08,A
VN106,L005,L005+RR,RAIN,4/10/2025,0,NA,5/27/2025 5:08,A
VN106,L005,L005+RR,RAIN,4/11/2025,0,NA,5/27/2025 5:08,A
VN106,L005,L005+RR,RAIN,4/12/2025,0,NA,5/27/2025 5:08,A
VN106,L005,L005+RR,RAIN,4/13/2025,0,NA,5/27/2025 5:08,A
VN106,L005,L005+RR,RAIN,4/14/2025,0,NA,5/27/2025 5:08,A
VN106,L005,L005+RR,RAIN,4/15/2025,0,NA,5/27/2025 5:08,A
VN106,L005,L005+RR,RAIN,4/16/2025,0,NA,5/27/2025 5:08,A
VN106,L005,L005+RR,RAIN,4/17/2025,0,NA,5/27/2025 5:08,A
VN106,L005,L005+RR,RAIN,4/18/2025,0,NA,5/27/2025 5:08,A
VN106,L005,L005+RR,RAIN,4/19/2025,0,NA,5/27/2025 5:08,A
VN106,L005,L005+RR,RAIN,4/20/2025,0,NA,5/27/2025 5:08,A
VN106,L005,L005+RR,RAIN,4/21/2025,0,NA,5/27/2025 5:08,A
VN106,L005,L005+RR,RAIN,4/22/2025,0,NA,5/27/2025 5:08,A
VN106,L005,L005+RR,RAIN,4/23/2025,0,NA,5/27/2025 5:08,A
VN106,L005,L005+RR,RAIN,4/24/2025,0,NA,5/27/2025 5:08,A
VN106,L005,L005+RR,RAIN,4/25/2025,0,NA,5/27/2025 5:08,A
VN106,L005,L005+RR,RAIN,4/26/2025,0,NA,5/27/2025 5:08,A
VN106,L005,L005+RR,RAIN,4/27/2025,0,NA,5/27/2025 5:08,A
VN106,L005,L005+RR,RAIN,4/28/2025,0,NA,5/27/2025 5:08,A
VN106,L005,L005+RR,RAIN,4/29/2025,0,NA,5/27/2025 5:08,A
VN106,L005,L005+RR,RAIN,4/30/2025,0,NA,5/27/2025 5:08,A
VN106,L005,L005+RR,RAIN,5/1/2025,0,NA,6/27/2025 5:08,A
VN106,L005,L005+RR,RAIN,5/2/2025,0,NA,6/27/2025 5:08,A
VN106,L005,L005+RR,RAIN,5/3/2025,0,NA,6/27/2025 5:08,A
VN106,L005,L005+RR,RAIN,5/4/2025,0.01,NA,6/27/2025 5:08,A
VN106,L005,L005+RR,RAIN,5/5/2025,0,NA,6/27/2025 5:08,A
VN106,L005,L005+RR,RAIN,5/6/2025,0.02,NA,6/27/2025 5:08,A
VN106,L005,L005+RR,RAIN,5/7/2025,0,NA,6/27/2025 5:08,A
VN106,L005,L005+RR,RAIN,5/8/2025,0,NA,6/27/2025 5:08,A
VN106,L005,L005+RR,RAIN,5/9/2025,0,NA,6/27/2025 5:08,A
VN106,L005,L005+RR,RAIN,5/10/2025,0.12,NA,6/27/2025 5:08,A
VN106,L005,L005+RR,RAIN,5/11/2025,0.28,NA,6/27/2025 5:08,A
VN106,L005,L005+RR,RAIN,5/12/2025,1.02,NA,6/27/2025 5:08,A
VN106,L005,L005+RR,RAIN,5/13/2025,0,NA,6/27/2025 5:08,A
VN106,L005,L005+RR,RAIN,5/14/2025,0,NA,6/27/2025 5:08,A
VN106,L005,L005+RR,RAIN,5/15/2025,0,NA,6/27/2025 5:08,A
VN106,L005,L005+RR,RAIN,5/16/2025,0,NA,6/27/2025 5:08,A
VN106,L005,L005+RR,RAIN,5/17/2025,0,NA,6/27/2025 5:08,A
VN106,L005,L005+RR,RAIN,5/18/2025,0,NA,6/27/2025 5:08,A
VN106,L005,L005+RR,RAIN,5/19/2025,0,NA,6/27/2025 5:08,A
VN106,L005,L005+RR,RAIN,5/20/2025,0,NA,6/27/2025 5:08,A
VN106,L005,L005+RR,RAIN,5/21/2025,0,NA,6/27/2025 5:08,A
VN106,L005,L005+RR,RAIN,5/22/2025,0.01,NA,6/27/2025 5:08,A
VN106,L005,L005+RR,RAIN,5/23/2025,0.24,NA,6/27/2025 5:08,A
VN106,L005,L005+RR,RAIN,5/24/2025,0.79,NA,6/27/2025 5:08,A
VN106,L005,L005+RR,RAIN,5/25/2025,0.01,NA,6/27/2025 5:08,A
VN106,L005,L005+RR,RAIN,5/26/2025,0.21,NA,6/27/2025 5:08,A
VN106,L005,L005+RR,RAIN,5/27/2025,0,NA,6/27/2025 5:08,A
VN106,L005,L005+RR,RAIN,5/28/2025,0,NA,6/27/2025 5:08,A
VN106,L005,L005+RR,RAIN,5/29/2025,0,NA,6/27/2025 5:08,A
VN106,L005,L005+RR,RAIN,5/30/2025,0.04,NA,6/27/2025 5:08,A
VN106,L005,L005+RR,RAIN,5/31/2025,0.1,NA,6/27/2025 5:08,A
VN106,L005,L005+RR,RAIN,6/1/2025,0.8,NA,7/27/2025 5:08,A
VN106,L005,L005+RR,RAIN,6/2/2025,0.6,NA,7/27/2025 5:08,A
VN106,L005,L005+RR,RAIN,6/3/2025,0.01,NA,7/27/2025 5:08,A
VN106,L005,L005+RR,RAIN,6/4/2025,0.39,NA,7/27/2025 5:08,A
VN106,L005,L005+RR,RAIN,6/5/2025,0,NA,7/27/2025 5:08,A
VN106,L005,L005+RR,RAIN,6/6/2025,0,NA,7/27/2025 5:08,A
VN106,L005,L005+RR,RAIN,6/7/2025,0,NA,7/27/2025 5:08,A
VN106,L005,L005+RR,RAIN,6/8/2025,0,NA,7/27/2025 5:08,A
VN106,L005,L005+RR,RAIN,6/9/2025,0.04,NA,7/27/2025 5:08,A
VN106,L005,L005+RR,RAIN,6/10/2025,0,NA,7/27/2025 5:08,A
VN106,L005,L005+RR,RAIN,6/11/2025,0,NA,7/27/2025 5:08,A
VN106,L005,L005+RR,RAIN,6/12/2025,0.52,NA,7/27/2025 5:08,A
VN106,L005,L005+RR,RAIN,6/13/2025,0,NA,7/27/2025 5:08,A
VN106,L005,L005+RR,RAIN,6/14/2025,0,NA,7/27/2025 5:08,A
VN106,L005,L005+RR,RAIN,6/15/2025,0,NA,7/27/2025 5:08,A
VN106,L005,L005+RR,RAIN,6/16/2025,0,NA,7/27/2025 5:08,A
VN106,L005,L005+RR,RAIN,6/17/2025,0,NA,7/27/2025 5:08,A
VN106,L005,L005+RR,RAIN,6/18/2025,0,NA,7/27/2025 5:08,A
VN106,L005,L005+RR,RAIN,6/19/2025,0,NA,7/27/2025 5:08,A
VN106,L005,L005+RR,RAIN,6/20/2025,0,NA,7/27/2025 5:08,A
VN106,L005,L005+RR,RAIN,6/21/2025,0,NA,7/27/2025 5:08,A
VN106,L005,L005+RR,RAIN,6/22/2025,0,NA,7/27/2025 5:08,A
VN106,L005,L005+RR,RAIN,6/23/2025,0,NA,7/27/2025 5:08,A
VN106,L005,L005+RR,RAIN,6/24/2025,0,NA,7/27/2025 5:08,A
VN106,L005,L005+RR,RAIN,6/25/2025,0,NA,7/27/2025 5:08,A
VN106,L005,L005+RR,RAIN,6/26/2025,0,NA,7/27/2025 5:08,A
VN106,L005,L005+RR,RAIN,6/27/2025,0,NA,7/27/2025 5:08,A
VN106,L005,L005+RR,RAIN,6/28/2025,1.23,NA,7/27/2025 5:08,A
VN106,L005,L005+RR,RAIN,6/29/2025,0.15,NA,7/27/2025 5:08,A
VN106,L005,L005+RR,RAIN,6/30/2025,0.47,NA,7/27/2025 5:08,A
VN106,L005,L005+RR,RAIN,7/1/2025,0.04,NA,8/27/2025 5:08,A
VN106,L005,L005+RR,RAIN,7/2/2025,0.11,NA,8/27/2025 5:08,A
VN106,L005,L005+RR,RAIN,7/3/2025,0.29,NA,8/27/2025 5:08,A
VN106,L005,L005+RR,RAIN,7/4/2025,0.04,NA,8/27/2025 5:08,A
VN106,L005,L005+RR,RAIN,7/5/2025,0.01,NA,8/27/2025 5:08,A
VN106,L005,L005+RR,RAIN,7/6/2025,0.25,NA,8/27/2025 5:08,A
VN106,L005,L005+RR,RAIN,7/7/2025,0,NA,8/27/2025 5:08,A
VN106,L005,L005+RR,RAIN,7/8/2025,0,NA,8/27/2025 5:08,A
VN106,L005,L005+RR,RAIN,7/9/2025,0,NA,8/27/2025 5:08,A
VN106,L005,L005+RR,RAIN,7/10/2025,0,NA,8/27/2025 5:08,A
VN106,L005,L005+RR,RAIN,7/11/2025,0.23,NA,8/27/2025 5:08,A
VN106,L005,L005+RR,RAIN,7/12/2025,0,NA,8/27/2025 5:08,A
VN106,L005,L005+RR,RAIN,7/13/2025,1.78,NA,8/27/2025 5:08,A
VN106,L005,L005+RR,RAIN,7/14/2025,0.59,NA,8/27/2025 5:08,A
VN106,L005,L005+RR,RAIN,7/15/2025,0.15,NA,8/27/2025 5:08,A
VN106,L005,L005+RR,RAIN,7/16/2025,0.03,NA,8/27/2025 5:08,A
VN106,L005,L005+RR,RAIN,7/17/2025,0.073,NA,8/27/2025 5:08,A
VN106,L005,L005+RR,RAIN,7/18/2025,0,NA,8/27/2025 5:08,A
VN106,L005,L005+RR,RAIN,7/19/2025,0,NA,8/27/2025 5:08,A
VN106,L005,L005+RR,RAIN,7/20/2025,0,NA,8/27/2025 5:08,A
VN106,L005,L005+RR,RAIN,7/21/2025,0,NA,8/27/2025 5:08,A
VN106,L005,L005+RR,RAIN,7/22/2025,0.52,NA,8/27/2025 5:08,A
VN106,L005,L005+RR,RAIN,7/23/2025,0,NA,8/27/2025 5:08,A
VN106,L005,L005+RR,RAIN,7/24/2025,0,NA,8/27/2025 5:08,A
VN106,L005,L005+RR,RAIN,7/25/2025,0,NA,8/27/2025 5:08,A
VN106,L005,L005+RR,RAIN,7/26/2025,0,NA,8/27/2025 5:08,A
VN106,L005,L005+RR,RAIN,7/27/2025,0,NA,8/27/2025 5:08,A
VN106,L005,L005+RR,RAIN,7/28/2025,0,NA,8/27/2025 5:08,A
VN106,L005,L005+RR,RAIN,7/29/2025,0,NA,8/27/2025 5:08,A
VN106,L005,L005+RR,RAIN,7/30/2025,0,NA,8/27/2025 5:08,A
VN106,L005,L005+RR,RAIN,7/31/2025,0,NA,8/27/2025 5:08,A
VN106,L005,L005+RR,RAIN,8/1/2025,0,P,8/27/2025 5:08,A
VN108,L006,L006+RR,RAIN,9/4/2024,0.14,NA,10/27/2024 5:17,A
VN108,L006,L006+RR,RAIN,9/5/2024,0,NA,10/27/2024 5:17,A
VN108,L006,L006+RR,RAIN,9/6/2024,0.46,NA,10/27/2024 5:17,A
VN108,L006,L006+RR,RAIN,9/7/2024,1.63,NA,10/27/2024 5:17,A
VN108,L006,L006+RR,RAIN,9/8/2024,0,NA,10/27/2024 5:17,A
VN108,L006,L006+RR,RAIN,9/9/2024,0.38,NA,10/27/2024 5:17,A
VN108,L006,L006+RR,RAIN,9/10/2024,0.17,NA,10/27/2024 5:17,A
VN108,L006,L006+RR,RAIN,9/11/2024,1.09,NA,10/27/2024 5:17,A
VN108,L006,L006+RR,RAIN,9/12/2024,0.02,NA,10/27/2024 5:17,A
VN108,L006,L006+RR,RAIN,9/13/2024,0.14,NA,10/27/2024 5:17,A
VN108,L006,L006+RR,RAIN,9/14/2024,0.36,NA,10/27/2024 5:17,A
VN108,L006,L006+RR,RAIN,9/15/2024,0,NA,10/27/2024 5:17,A
VN108,L006,L006+RR,RAIN,9/16/2024,0,NA,10/27/2024 5:17,A
VN108,L006,L006+RR,RAIN,9/17/2024,0.6,NA,10/27/2024 5:17,A
VN108,L006,L006+RR,RAIN,9/18/2024,0.73,NA,10/27/2024 5:17,A
VN108,L006,L006+RR,RAIN,9/19/2024,0.01,NA,10/27/2024 5:17,A
VN108,L006,L006+RR,RAIN,9/20/2024,0,NA,10/27/2024 5:17,A
VN108,L006,L006+RR,RAIN,9/21/2024,0,NA,10/27/2024 5:17,A
VN108,L006,L006+RR,RAIN,9/22/2024,0,NA,10/27/2024 5:17,A
VN108,L006,L006+RR,RAIN,9/23/2024,0,NA,10/27/2024 5:17,A
VN108,L006,L006+RR,RAIN,9/24/2024,0.01,NA,10/27/2024 5:17,A
VN108,L006,L006+RR,RAIN,9/25/2024,0.13,NA,10/27/2024 5:17,A
VN108,L006,L006+RR,RAIN,9/26/2024,0.22,NA,10/27/2024 5:17,A
VN108,L006,L006+RR,RAIN,9/27/2024,0.34,NA,10/27/2024 5:17,A
VN108,L006,L006+RR,RAIN,9/28/2024,0,NA,10/27/2024 5:17,A
VN108,L006,L006+RR,RAIN,9/29/2024,0,NA,10/27/2024 5:17,A
VN108,L006,L006+RR,RAIN,9/30/2024,0,NA,10/27/2024 5:17,A
VN108,L006,L006+RR,RAIN,10/1/2024,0,NA,11/27/2024 5:17,A
VN108,L006,L006+RR,RAIN,10/2/2024,0,NA,11/27/2024 5:17,A
VN108,L006,L006+RR,RAIN,10/3/2024,0,NA,11/27/2024 5:17,A
VN108,L006,L006+RR,RAIN,10/4/2024,0.03,NA,11/27/2024 5:17,A
VN108,L006,L006+RR,RAIN,10/5/2024,0,NA,11/27/2024 5:17,A
VN108,L006,L006+RR,RAIN,10/6/2024,1.25,NA,11/27/2024 5:17,A
VN108,L006,L006+RR,RAIN,10/7/2024,0,NA,11/27/2024 5:17,A
VN108,L006,L006+RR,RAIN,10/8/2024,0,NA,11/27/2024 5:17,A
VN108,L006,L006+RR,RAIN,10/9/2024,0.64,NA,11/27/2024 5:17,A
VN108,L006,L006+RR,RAIN,10/10/2024,0,NA,11/27/2024 5:17,A
VN108,L006,L006+RR,RAIN,10/11/2024,0.05,NA,11/27/2024 5:17,A
VN108,L006,L006+RR,RAIN,10/12/2024,0,NA,11/27/2024 5:17,A
VN108,L006,L006+RR,RAIN,10/13/2024,0,NA,11/27/2024 5:17,A
VN108,L006,L006+RR,RAIN,10/14/2024,0,NA,11/27/2024 5:17,A
VN108,L006,L006+RR,RAIN,10/15/2024,0,NA,11/27/2024 5:17,A
VN108,L006,L006+RR,RAIN,10/16/2024,0,NA,11/27/2024 5:17,A
VN108,L006,L006+RR,RAIN,10/17/2024,0,NA,11/27/2024 5:17,A
VN108,L006,L006+RR,RAIN,10/18/2024,0,NA,11/27/2024 5:17,A
VN108,L006,L006+RR,RAIN,10/19/2024,0,NA,11/27/2024 5:17,A
VN108,L006,L006+RR,RAIN,10/20/2024,0.02,NA,11/27/2024 5:17,A
VN108,L006,L006+RR,RAIN,10/21/2024,0.07,NA,11/27/2024 5:17,A
VN108,L006,L006+RR,RAIN,10/22/2024,0,NA,11/27/2024 5:17,A
VN108,L006,L006+RR,RAIN,10/23/2024,0,NA,11/27/2024 5:17,A
VN108,L006,L006+RR,RAIN,10/24/2024,0,NA,11/27/2024 5:17,A
VN108,L006,L006+RR,RAIN,10/25/2024,0,NA,11/27/2024 5:17,A
VN108,L006,L006+RR,RAIN,10/26/2024,0,NA,11/27/2024 5:17,A
VN108,L006,L006+RR,RAIN,10/27/2024,0,NA,11/27/2024 5:17,A
VN108,L006,L006+RR,RAIN,10/28/2024,0,NA,11/27/2024 5:17,A
VN108,L006,L006+RR,RAIN,10/29/2024,0,NA,11/27/2024 5:17,A
VN108,L006,L006+RR,RAIN,10/30/2024,0,NA,11/27/2024 5:17,A
VN108,L006,L006+RR,RAIN,10/31/2024,0,NA,11/27/2024 5:17,A
VN108,L006,L006+RR,RAIN,11/1/2024,0,NA,12/27/2024 5:17,A
VN108,L006,L006+RR,RAIN,11/2/2024,0,NA,12/27/2024 5:17,A
VN108,L006,L006+RR,RAIN,11/3/2024,0,NA,12/27/2024 5:17,A
VN108,L006,L006+RR,RAIN,11/4/2024,0,NA,12/27/2024 5:17,A
VN108,L006,L006+RR,RAIN,11/5/2024,0,NA,12/27/2024 5:17,A
VN108,L006,L006+RR,RAIN,11/6/2024,0.12,NA,12/27/2024 5:17,A
VN108,L006,L006+RR,RAIN,11/7/2024,0,NA,12/27/2024 5:17,A
VN108,L006,L006+RR,RAIN,11/8/2024,0,NA,12/27/2024 5:17,A
VN108,L006,L006+RR,RAIN,11/9/2024,0,NA,12/27/2024 5:17,A
VN108,L006,L006+RR,RAIN,11/10/2024,0,NA,12/27/2024 5:17,A
VN108,L006,L006+RR,RAIN,11/11/2024,0,NA,12/27/2024 5:17,A
VN108,L006,L006+RR,RAIN,11/12/2024,0,NA,12/27/2024 5:17,A
VN108,L006,L006+RR,RAIN,11/13/2024,0,NA,12/27/2024 5:17,A
VN108,L006,L006+RR,RAIN,11/14/2024,0,NA,12/27/2024 5:17,A
VN108,L006,L006+RR,RAIN,11/15/2024,0,NA,12/27/2024 5:17,A
VN108,L006,L006+RR,RAIN,11/16/2024,0,NA,12/27/2024 5:17,A
VN108,L006,L006+RR,RAIN,11/17/2024,0,NA,12/27/2024 5:17,A
VN108,L006,L006+RR,RAIN,11/18/2024,0,NA,12/27/2024 5:17,A
VN108,L006,L006+RR,RAIN,11/19/2024,0,NA,12/27/2024 5:17,A
VN108,L006,L006+RR,RAIN,11/20/2024,0.03,NA,12/27/2024 5:17,A
VN108,L006,L006+RR,RAIN,11/21/2024,0,NA,12/27/2024 5:17,A
VN108,L006,L006+RR,RAIN,11/22/2024,0,NA,12/27/2024 5:17,A
VN108,L006,L006+RR,RAIN,11/23/2024,0,NA,12/27/2024 5:17,A
VN108,L006,L006+RR,RAIN,11/24/2024,0,NA,12/27/2024 5:17,A
VN108,L006,L006+RR,RAIN,11/25/2024,0,NA,12/27/2024 5:17,A
VN108,L006,L006+RR,RAIN,11/26/2024,0,NA,12/27/2024 5:17,A
VN108,L006,L006+RR,RAIN,11/27/2024,0,NA,12/27/2024 5:17,A
VN108,L006,L006+RR,RAIN,11/28/2024,0,NA,12/27/2024 5:17,A
VN108,L006,L006+RR,RAIN,11/29/2024,0,NA,12/27/2024 5:17,A
VN108,L006,L006+RR,RAIN,11/30/2024,0,NA,12/27/2024 5:17,A
VN108,L006,L006+RR,RAIN,12/1/2024,0,NA,1/27/2025 5:18,A
VN108,L006,L006+RR,RAIN,12/2/2024,0,NA,1/27/2025 5:18,A
VN108,L006,L006+RR,RAIN,12/3/2024,0,NA,1/27/2025 5:18,A
VN108,L006,L006+RR,RAIN,12/4/2024,0,NA,1/27/2025 5:18,A
VN108,L006,L006+RR,RAIN,12/5/2024,0,NA,1/27/2025 5:18,A
VN108,L006,L006+RR,RAIN,12/6/2024,0,NA,1/27/2025 5:18,A
VN108,L006,L006+RR,RAIN,12/7/2024,0,NA,1/27/2025 5:18,A
VN108,L006,L006+RR,RAIN,12/8/2024,0,NA,1/27/2025 5:18,A
VN108,L006,L006+RR,RAIN,12/9/2024,0,NA,1/27/2025 5:18,A
VN108,L006,L006+RR,RAIN,12/10/2024,0,NA,1/27/2025 5:18,A
VN108,L006,L006+RR,RAIN,12/11/2024,0,NA,1/27/2025 5:18,A
VN108,L006,L006+RR,RAIN,12/12/2024,0,NA,1/27/2025 5:18,A
VN108,L006,L006+RR,RAIN,12/13/2024,0,NA,1/27/2025 5:18,A
VN108,L006,L006+RR,RAIN,12/14/2024,0.14,NA,1/27/2025 5:18,A
VN108,L006,L006+RR,RAIN,12/15/2024,0.03,NA,1/27/2025 5:18,A
VN108,L006,L006+RR,RAIN,12/16/2024,0,NA,1/27/2025 5:18,A
VN108,L006,L006+RR,RAIN,12/17/2024,0.25,NA,1/27/2025 5:18,A
VN108,L006,L006+RR,RAIN,12/18/2024,0,NA,1/27/2025 5:18,A
VN108,L006,L006+RR,RAIN,12/19/2024,0.01,NA,1/27/2025 5:18,A
VN108,L006,L006+RR,RAIN,12/20/2024,0,NA,1/27/2025 5:18,A
VN108,L006,L006+RR,RAIN,12/21/2024,0,NA,1/27/2025 5:18,A
VN108,L006,L006+RR,RAIN,12/22/2024,0,NA,1/27/2025 5:18,A
VN108,L006,L006+RR,RAIN,12/23/2024,0,NA,1/27/2025 5:18,A
VN108,L006,L006+RR,RAIN,12/24/2024,0,NA,1/27/2025 5:18,A
VN108,L006,L006+RR,RAIN,12/25/2024,0,NA,1/27/2025 5:18,A
VN108,L006,L006+RR,RAIN,12/26/2024,0,NA,1/27/2025 5:18,A
VN108,L006,L006+RR,RAIN,12/27/2024,0,NA,1/27/2025 5:18,A
VN108,L006,L006+RR,RAIN,12/28/2024,0.03,NA,1/27/2025 5:18,A
VN108,L006,L006+RR,RAIN,12/29/2024,0.21,NA,1/27/2025 5:18,A
VN108,L006,L006+RR,RAIN,12/30/2024,0,NA,1/27/2025 5:18,A
VN108,L006,L006+RR,RAIN,12/31/2024,0,NA,1/27/2025 5:18,A
VN108,L006,L006+RR,RAIN,1/1/2025,0.01,NA,2/27/2025 5:16,A
VN108,L006,L006+RR,RAIN,1/2/2025,0,NA,2/27/2025 5:16,A
VN108,L006,L006+RR,RAIN,1/3/2025,0,NA,2/27/2025 5:16,A
VN108,L006,L006+RR,RAIN,1/4/2025,0,NA,2/27/2025 5:16,A
VN108,L006,L006+RR,RAIN,1/5/2025,0,NA,2/27/2025 5:16,A
VN108,L006,L006+RR,RAIN,1/6/2025,0,NA,2/27/2025 5:16,A
VN108,L006,L006+RR,RAIN,1/7/2025,0,NA,2/27/2025 5:16,A
VN108,L006,L006+RR,RAIN,1/8/2025,0,NA,2/27/2025 5:16,A
VN108,L006,L006+RR,RAIN,1/9/2025,0,NA,2/27/2025 5:16,A
VN108,L006,L006+RR,RAIN,1/10/2025,0,NA,2/27/2025 5:16,A
VN108,L006,L006+RR,RAIN,1/11/2025,0.01,NA,2/27/2025 5:16,A
VN108,L006,L006+RR,RAIN,1/12/2025,0,NA,2/27/2025 5:16,A
VN108,L006,L006+RR,RAIN,1/13/2025,0,NA,2/27/2025 5:16,A
VN108,L006,L006+RR,RAIN,1/14/2025,0,NA,2/27/2025 5:16,A
VN108,L006,L006+RR,RAIN,1/15/2025,0,NA,2/27/2025 5:16,A
VN108,L006,L006+RR,RAIN,1/16/2025,0,NA,2/27/2025 5:16,A
VN108,L006,L006+RR,RAIN,1/17/2025,0.13,NA,2/27/2025 5:16,A
VN108,L006,L006+RR,RAIN,1/18/2025,0.01,NA,2/27/2025 5:16,A
VN108,L006,L006+RR,RAIN,1/19/2025,0.18,NA,2/27/2025 5:16,A
VN108,L006,L006+RR,RAIN,1/20/2025,0,NA,2/27/2025 5:16,A
VN108,L006,L006+RR,RAIN,1/21/2025,0.12,NA,2/27/2025 5:16,A
VN108,L006,L006+RR,RAIN,1/22/2025,0.24,NA,2/27/2025 5:16,A
VN108,L006,L006+RR,RAIN,1/23/2025,0.02,NA,2/27/2025 5:16,A
VN108,L006,L006+RR,RAIN,1/24/2025,0,NA,2/27/2025 5:16,A
VN108,L006,L006+RR,RAIN,1/25/2025,0,NA,2/27/2025 5:16,A
VN108,L006,L006+RR,RAIN,1/26/2025,0,NA,2/27/2025 5:16,A
VN108,L006,L006+RR,RAIN,1/27/2025,0,NA,2/27/2025 5:16,A
VN108,L006,L006+RR,RAIN,1/28/2025,0,NA,2/27/2025 5:16,A
VN108,L006,L006+RR,RAIN,1/29/2025,0,NA,2/27/2025 5:16,A
VN108,L006,L006+RR,RAIN,1/30/2025,0,NA,2/27/2025 5:16,A
VN108,L006,L006+RR,RAIN,1/31/2025,0,NA,2/27/2025 5:16,A
VN108,L006,L006+RR,RAIN,2/1/2025,0,NA,3/27/2025 5:16,A
VN108,L006,L006+RR,RAIN,2/2/2025,0,NA,3/27/2025 5:16,A
VN108,L006,L006+RR,RAIN,2/3/2025,0,NA,3/27/2025 5:16,A
VN108,L006,L006+RR,RAIN,2/4/2025,0,NA,3/27/2025 5:16,A
VN108,L006,L006+RR,RAIN,2/5/2025,0.01,NA,3/27/2025 5:16,A
VN108,L006,L006+RR,RAIN,2/6/2025,0,NA,3/27/2025 5:16,A
VN108,L006,L006+RR,RAIN,2/7/2025,0,NA,3/27/2025 5:16,A
VN108,L006,L006+RR,RAIN,2/8/2025,0,NA,3/27/2025 5:16,A
VN108,L006,L006+RR,RAIN,2/9/2025,0,NA,3/27/2025 5:16,A
VN108,L006,L006+RR,RAIN,2/10/2025,0,NA,3/27/2025 5:16,A
VN108,L006,L006+RR,RAIN,2/11/2025,0,NA,3/27/2025 5:16,A
VN108,L006,L006+RR,RAIN,2/12/2025,0,NA,3/27/2025 5:16,A
VN108,L006,L006+RR,RAIN,2/13/2025,0.65,NA,3/27/2025 5:16,A
VN108,L006,L006+RR,RAIN,2/14/2025,0.05,NA,3/27/2025 5:16,A
VN108,L006,L006+RR,RAIN,2/15/2025,0.01,NA,3/27/2025 5:16,A
VN108,L006,L006+RR,RAIN,2/16/2025,0,NA,3/27/2025 5:16,A
VN108,L006,L006+RR,RAIN,2/17/2025,0,NA,3/27/2025 5:16,A
VN108,L006,L006+RR,RAIN,2/18/2025,0,NA,3/27/2025 5:16,A
VN108,L006,L006+RR,RAIN,2/19/2025,0,NA,3/27/2025 5:16,A
VN108,L006,L006+RR,RAIN,2/20/2025,0,NA,3/27/2025 5:16,A
VN108,L006,L006+RR,RAIN,2/21/2025,0,NA,3/27/2025 5:16,A
VN108,L006,L006+RR,RAIN,2/22/2025,0,NA,3/27/2025 5:16,A
VN108,L006,L006+RR,RAIN,2/23/2025,0,NA,3/27/2025 5:16,A
VN108,L006,L006+RR,RAIN,2/24/2025,0.58,NA,3/27/2025 5:16,A
VN108,L006,L006+RR,RAIN,2/25/2025,0.35,NA,3/27/2025 5:16,A
VN108,L006,L006+RR,RAIN,2/26/2025,0,NA,3/27/2025 5:16,A
VN108,L006,L006+RR,RAIN,2/27/2025,0,NA,3/27/2025 5:16,A
VN108,L006,L006+RR,RAIN,2/28/2025,0,NA,3/27/2025 5:16,A
VN108,L006,L006+RR,RAIN,3/1/2025,0,NA,4/27/2025 5:17,A
VN108,L006,L006+RR,RAIN,3/2/2025,0,NA,4/27/2025 5:17,A
VN108,L006,L006+RR,RAIN,3/3/2025,0,NA,4/27/2025 5:17,A
VN108,L006,L006+RR,RAIN,3/4/2025,0,NA,4/27/2025 5:17,A
VN108,L006,L006+RR,RAIN,3/5/2025,0,NA,4/27/2025 5:17,A
VN108,L006,L006+RR,RAIN,3/6/2025,0,NA,4/27/2025 5:17,A
VN108,L006,L006+RR,RAIN,3/7/2025,0,NA,4/27/2025 5:17,A
VN108,L006,L006+RR,RAIN,3/8/2025,0,NA,4/27/2025 5:17,A
VN108,L006,L006+RR,RAIN,3/9/2025,0,NA,4/27/2025 5:17,A
VN108,L006,L006+RR,RAIN,3/10/2025,0.02,NA,4/27/2025 5:17,A
VN108,L006,L006+RR,RAIN,3/11/2025,0,NA,4/27/2025 5:17,A
VN108,L006,L006+RR,RAIN,3/12/2025,0,NA,4/27/2025 5:17,A
VN108,L006,L006+RR,RAIN,3/13/2025,0,NA,4/27/2025 5:17,A
VN108,L006,L006+RR,RAIN,3/14/2025,0,NA,4/27/2025 5:17,A
VN108,L006,L006+RR,RAIN,3/15/2025,0,NA,4/27/2025 5:17,A
VN108,L006,L006+RR,RAIN,3/16/2025,0,NA,4/27/2025 5:17,A
VN108,L006,L006+RR,RAIN,3/17/2025,0.48,NA,4/27/2025 5:17,A
VN108,L006,L006+RR,RAIN,3/18/2025,0,NA,4/27/2025 5:17,A
VN108,L006,L006+RR,RAIN,3/19/2025,0,NA,4/27/2025 5:17,A
VN108,L006,L006+RR,RAIN,3/20/2025,0,NA,4/27/2025 5:17,A
VN108,L006,L006+RR,RAIN,3/21/2025,0,NA,4/27/2025 5:17,A
VN108,L006,L006+RR,RAIN,3/22/2025,0,NA,4/27/2025 5:17,A
VN108,L006,L006+RR,RAIN,3/23/2025,0,NA,4/27/2025 5:17,A
VN108,L006,L006+RR,RAIN,3/24/2025,0,NA,4/27/2025 5:17,A
VN108,L006,L006+RR,RAIN,3/25/2025,0,NA,4/27/2025 5:17,A
VN108,L006,L006+RR,RAIN,3/26/2025,0,NA,4/27/2025 5:17,A
VN108,L006,L006+RR,RAIN,3/27/2025,0,NA,4/27/2025 5:17,A
VN108,L006,L006+RR,RAIN,3/28/2025,0,NA,4/27/2025 5:17,A
VN108,L006,L006+RR,RAIN,3/29/2025,0.02,NA,4/27/2025 5:17,A
VN108,L006,L006+RR,RAIN,3/30/2025,0.18,NA,4/27/2025 5:17,A
VN108,L006,L006+RR,RAIN,3/31/2025,0.01,NA,4/27/2025 5:17,A
VN108,L006,L006+RR,RAIN,4/1/2025,0,NA,5/27/2025 5:16,A
VN108,L006,L006+RR,RAIN,4/2/2025,0,NA,5/27/2025 5:16,A
VN108,L006,L006+RR,RAIN,4/3/2025,0,NA,5/27/2025 5:16,A
VN108,L006,L006+RR,RAIN,4/4/2025,0,NA,5/27/2025 5:16,A
VN108,L006,L006+RR,RAIN,4/5/2025,0,NA,5/27/2025 5:16,A
VN108,L006,L006+RR,RAIN,4/6/2025,0,NA,5/27/2025 5:16,A
VN108,L006,L006+RR,RAIN,4/7/2025,0,NA,5/27/2025 5:16,A
VN108,L006,L006+RR,RAIN,4/8/2025,0.14,NA,5/27/2025 5:16,A
VN108,L006,L006+RR,RAIN,4/9/2025,0,NA,5/27/2025 5:16,A
VN108,L006,L006+RR,RAIN,4/10/2025,0,NA,5/27/2025 5:16,A
VN108,L006,L006+RR,RAIN,4/11/2025,0,NA,5/27/2025 5:16,A
VN108,L006,L006+RR,RAIN,4/12/2025,0,NA,5/27/2025 5:16,A
VN108,L006,L006+RR,RAIN,4/13/2025,0,NA,5/27/2025 5:16,A
VN108,L006,L006+RR,RAIN,4/14/2025,0,NA,5/27/2025 5:16,A
VN108,L006,L006+RR,RAIN,4/15/2025,0,NA,5/27/2025 5:16,A
VN108,L006,L006+RR,RAIN,4/16/2025,0,NA,5/27/2025 5:16,A
VN108,L006,L006+RR,RAIN,4/17/2025,0,NA,5/27/2025 5:16,A
VN108,L006,L006+RR,RAIN,4/18/2025,0,NA,5/27/2025 5:16,A
VN108,L006,L006+RR,RAIN,4/19/2025,0,NA,5/27/2025 5:16,A
VN108,L006,L006+RR,RAIN,4/20/2025,0,NA,5/27/2025 5:16,A
VN108,L006,L006+RR,RAIN,4/21/2025,0,NA,5/27/2025 5:16,A
VN108,L006,L006+RR,RAIN,4/22/2025,0,NA,5/27/2025 5:16,A
VN108,L006,L006+RR,RAIN,4/23/2025,0,NA,5/27/2025 5:16,A
VN108,L006,L006+RR,RAIN,4/24/2025,0,NA,5/27/2025 5:16,A
VN108,L006,L006+RR,RAIN,4/25/2025,0,NA,5/27/2025 5:16,A
VN108,L006,L006+RR,RAIN,4/26/2025,0,NA,5/27/2025 5:16,A
VN108,L006,L006+RR,RAIN,4/27/2025,0,NA,5/27/2025 5:16,A
VN108,L006,L006+RR,RAIN,4/28/2025,0,NA,5/27/2025 5:16,A
VN108,L006,L006+RR,RAIN,4/29/2025,0,NA,5/27/2025 5:16,A
VN108,L006,L006+RR,RAIN,4/30/2025,0,NA,5/27/2025 5:16,A
VN108,L006,L006+RR,RAIN,5/1/2025,0,NA,6/27/2025 5:17,A
VN108,L006,L006+RR,RAIN,5/2/2025,0,NA,6/27/2025 5:17,A
VN108,L006,L006+RR,RAIN,5/3/2025,0,NA,6/27/2025 5:17,A
VN108,L006,L006+RR,RAIN,5/4/2025,0.14,NA,6/27/2025 5:17,A
VN108,L006,L006+RR,RAIN,5/5/2025,0.03,NA,6/27/2025 5:17,A
VN108,L006,L006+RR,RAIN,5/6/2025,0,NA,6/27/2025 5:17,A
VN108,L006,L006+RR,RAIN,5/7/2025,0,NA,6/27/2025 5:17,A
VN108,L006,L006+RR,RAIN,5/8/2025,0,NA,6/27/2025 5:17,A
VN108,L006,L006+RR,RAIN,5/9/2025,0,NA,6/27/2025 5:17,A
VN108,L006,L006+RR,RAIN,5/10/2025,0,NA,6/27/2025 5:17,A
VN108,L006,L006+RR,RAIN,5/11/2025,0.02,NA,6/27/2025 5:17,A
VN108,L006,L006+RR,RAIN,5/12/2025,1.27,NA,6/27/2025 5:17,A
VN108,L006,L006+RR,RAIN,5/13/2025,0,NA,6/27/2025 5:17,A
VN108,L006,L006+RR,RAIN,5/14/2025,0,NA,6/27/2025 5:17,A
VN108,L006,L006+RR,RAIN,5/15/2025,0,NA,6/27/2025 5:17,A
VN108,L006,L006+RR,RAIN,5/16/2025,0,NA,6/27/2025 5:17,A
VN108,L006,L006+RR,RAIN,5/17/2025,0,NA,6/27/2025 5:17,A
VN108,L006,L006+RR,RAIN,5/18/2025,0,NA,6/27/2025 5:17,A
VN108,L006,L006+RR,RAIN,5/19/2025,0,NA,6/27/2025 5:17,A
VN108,L006,L006+RR,RAIN,5/20/2025,0,NA,6/27/2025 5:17,A
VN108,L006,L006+RR,RAIN,5/21/2025,0,NA,6/27/2025 5:17,A
VN108,L006,L006+RR,RAIN,5/22/2025,0,NA,6/27/2025 5:17,A
VN108,L006,L006+RR,RAIN,5/23/2025,0,NA,6/27/2025 5:17,A
VN108,L006,L006+RR,RAIN,5/24/2025,0.18,NA,6/27/2025 5:17,A
VN108,L006,L006+RR,RAIN,5/25/2025,0.24,NA,6/27/2025 5:17,A
VN108,L006,L006+RR,RAIN,5/26/2025,0.3,NA,6/27/2025 5:17,A
VN108,L006,L006+RR,RAIN,5/27/2025,0.08,NA,6/27/2025 5:17,A
VN108,L006,L006+RR,RAIN,5/28/2025,0.04,NA,6/27/2025 5:17,A
VN108,L006,L006+RR,RAIN,5/29/2025,0.01,NA,6/27/2025 5:17,A
VN108,L006,L006+RR,RAIN,5/30/2025,0.01,NA,6/27/2025 5:17,A
VN108,L006,L006+RR,RAIN,5/31/2025,0.07,NA,6/27/2025 5:17,A
VN108,L006,L006+RR,RAIN,6/1/2025,0.08,NA,7/27/2025 5:16,A
VN108,L006,L006+RR,RAIN,6/2/2025,0.8,NA,7/27/2025 5:16,A
VN108,L006,L006+RR,RAIN,6/3/2025,0.56,NA,7/27/2025 5:16,A
VN108,L006,L006+RR,RAIN,6/4/2025,0.4,NA,7/27/2025 5:16,A
VN108,L006,L006+RR,RAIN,6/5/2025,0,NA,7/27/2025 5:16,A
VN108,L006,L006+RR,RAIN,6/6/2025,0,NA,7/27/2025 5:16,A
VN108,L006,L006+RR,RAIN,6/7/2025,0,NA,7/27/2025 5:16,A
VN108,L006,L006+RR,RAIN,6/8/2025,0,NA,7/27/2025 5:16,A
VN108,L006,L006+RR,RAIN,6/9/2025,0.18,NA,7/27/2025 5:16,A
VN108,L006,L006+RR,RAIN,6/10/2025,0.02,NA,7/27/2025 5:16,A
VN108,L006,L006+RR,RAIN,6/11/2025,0.18,NA,7/27/2025 5:16,A
VN108,L006,L006+RR,RAIN,6/12/2025,1.37,NA,7/27/2025 5:16,A
VN108,L006,L006+RR,RAIN,6/13/2025,0.02,NA,7/27/2025 5:16,A
VN108,L006,L006+RR,RAIN,6/14/2025,0,NA,7/27/2025 5:16,A
VN108,L006,L006+RR,RAIN,6/15/2025,0,NA,7/27/2025 5:16,A
VN108,L006,L006+RR,RAIN,6/16/2025,0,NA,7/27/2025 5:16,A
VN108,L006,L006+RR,RAIN,6/17/2025,0,NA,7/27/2025 5:16,A
VN108,L006,L006+RR,RAIN,6/18/2025,0,NA,7/27/2025 5:16,A
VN108,L006,L006+RR,RAIN,6/19/2025,0.03,NA,7/27/2025 5:16,A
VN108,L006,L006+RR,RAIN,6/20/2025,0,NA,7/27/2025 5:16,A
VN108,L006,L006+RR,RAIN,6/21/2025,0,NA,7/27/2025 5:16,A
VN108,L006,L006+RR,RAIN,6/22/2025,0,NA,7/27/2025 5:16,A
VN108,L006,L006+RR,RAIN,6/23/2025,0,NA,7/27/2025 5:16,A
VN108,L006,L006+RR,RAIN,6/24/2025,0.01,NA,7/27/2025 5:16,A
VN108,L006,L006+RR,RAIN,6/25/2025,0,NA,7/27/2025 5:16,A
VN108,L006,L006+RR,RAIN,6/26/2025,0,NA,7/27/2025 5:16,A
VN108,L006,L006+RR,RAIN,6/27/2025,0.15,NA,7/27/2025 5:16,A
VN108,L006,L006+RR,RAIN,6/28/2025,0.88,NA,7/27/2025 5:16,A
VN108,L006,L006+RR,RAIN,6/29/2025,1.77,NA,7/27/2025 5:16,A
VN108,L006,L006+RR,RAIN,6/30/2025,1.73,NA,7/27/2025 5:16,A
VN108,L006,L006+RR,RAIN,7/1/2025,0.74,NA,8/27/2025 5:17,A
VN108,L006,L006+RR,RAIN,7/2/2025,0.93,NA,8/27/2025 5:17,A
VN108,L006,L006+RR,RAIN,7/3/2025,0.18,NA,8/27/2025 5:17,A
VN108,L006,L006+RR,RAIN,7/4/2025,0,NA,8/27/2025 5:17,A
VN108,L006,L006+RR,RAIN,7/5/2025,0.04,NA,8/27/2025 5:17,A
VN108,L006,L006+RR,RAIN,7/6/2025,0.02,NA,8/27/2025 5:17,A
VN108,L006,L006+RR,RAIN,7/7/2025,0,NA,8/27/2025 5:17,A
VN108,L006,L006+RR,RAIN,7/8/2025,0,NA,8/27/2025 5:17,A
VN108,L006,L006+RR,RAIN,7/9/2025,0,NA,8/27/2025 5:17,A
VN108,L006,L006+RR,RAIN,7/10/2025,0,NA,8/27/2025 5:17,A
VN108,L006,L006+RR,RAIN,7/11/2025,0.81,NA,8/27/2025 5:17,A
VN108,L006,L006+RR,RAIN,7/12/2025,0,NA,8/27/2025 5:17,A
VN108,L006,L006+RR,RAIN,7/13/2025,0.59,NA,8/27/2025 5:17,A
VN108,L006,L006+RR,RAIN,7/14/2025,1.2,NA,8/27/2025 5:17,A
VN108,L006,L006+RR,RAIN,7/15/2025,0.02,NA,8/27/2025 5:17,A
VN108,L006,L006+RR,RAIN,7/16/2025,1.08,NA,8/27/2025 5:17,A
VN108,L006,L006+RR,RAIN,7/17/2025,0.14,NA,8/27/2025 5:17,A
VN108,L006,L006+RR,RAIN,7/18/2025,0,NA,8/27/2025 5:17,A
VN108,L006,L006+RR,RAIN,7/19/2025,0,NA,8/27/2025 5:17,A
VN108,L006,L006+RR,RAIN,7/20/2025,0,NA,8/27/2025 5:17,A
VN108,L006,L006+RR,RAIN,7/21/2025,0.03,NA,8/27/2025 5:17,A
VN108,L006,L006+RR,RAIN,7/22/2025,0,NA,8/27/2025 5:17,A
VN108,L006,L006+RR,RAIN,7/23/2025,0,NA,8/27/2025 5:17,A
VN108,L006,L006+RR,RAIN,7/24/2025,0,NA,8/27/2025 5:17,A
VN108,L006,L006+RR,RAIN,7/25/2025,0,NA,8/27/2025 5:17,A
VN108,L006,L006+RR,RAIN,7/26/2025,0,NA,8/27/2025 5:17,A
VN108,L006,L006+RR,RAIN,7/27/2025,0,NA,8/27/2025 5:17,A
VN108,L006,L006+RR,RAIN,7/28/2025,0,NA,8/27/2025 5:17,A
VN108,L006,L006+RR,RAIN,7/29/2025,0,NA,8/27/2025 5:17,A
VN108,L006,L006+RR,RAIN,7/30/2025,0,NA,8/27/2025 5:17,A
VN108,L006,L006+RR,RAIN,7/31/2025,0,NA,8/27/2025 5:17,A
VN108,L006,L006+RR,RAIN,8/1/2025,0,P,8/27/2025 5:17,A
VN118,LZ40,LZ40+RR,RAIN,9/4/2024,0.1,NA,10/27/2024 5:07,A
VN118,LZ40,LZ40+RR,RAIN,9/5/2024,0,NA,10/27/2024 5:07,A
VN118,LZ40,LZ40+RR,RAIN,9/6/2024,0,NA,10/27/2024 5:07,A
VN118,LZ40,LZ40+RR,RAIN,9/7/2024,0.99,NA,10/27/2024 5:07,A
VN118,LZ40,LZ40+RR,RAIN,9/8/2024,0,NA,10/27/2024 5:07,A
VN118,LZ40,LZ40+RR,RAIN,9/9/2024,0.18,NA,10/27/2024 5:07,A
VN118,LZ40,LZ40+RR,RAIN,9/10/2024,0.08,NA,10/27/2024 5:07,A
VN118,LZ40,LZ40+RR,RAIN,9/11/2024,1.28,NA,10/27/2024 5:07,A
VN118,LZ40,LZ40+RR,RAIN,9/12/2024,0,NA,10/27/2024 5:07,A
VN118,LZ40,LZ40+RR,RAIN,9/13/2024,1.09,NA,10/27/2024 5:07,A
VN118,LZ40,LZ40+RR,RAIN,9/14/2024,0.15,NA,10/27/2024 5:07,A
VN118,LZ40,LZ40+RR,RAIN,9/15/2024,0,NA,10/27/2024 5:07,A
VN118,LZ40,LZ40+RR,RAIN,9/16/2024,0,NA,10/27/2024 5:07,A
VN118,LZ40,LZ40+RR,RAIN,9/17/2024,0.03,NA,10/27/2024 5:07,A
VN118,LZ40,LZ40+RR,RAIN,9/18/2024,1.02,NA,10/27/2024 5:07,A
VN118,LZ40,LZ40+RR,RAIN,9/19/2024,0,NA,10/27/2024 5:07,A
VN118,LZ40,LZ40+RR,RAIN,9/20/2024,0.02,NA,10/27/2024 5:07,A
VN118,LZ40,LZ40+RR,RAIN,9/21/2024,0,NA,10/27/2024 5:07,A
VN118,LZ40,LZ40+RR,RAIN,9/22/2024,0,NA,10/27/2024 5:07,A
VN118,LZ40,LZ40+RR,RAIN,9/23/2024,0,NA,10/27/2024 5:07,A
VN118,LZ40,LZ40+RR,RAIN,9/24/2024,0.03,NA,10/27/2024 5:07,A
VN118,LZ40,LZ40+RR,RAIN,9/25/2024,0.01,NA,10/27/2024 5:07,A
VN118,LZ40,LZ40+RR,RAIN,9/26/2024,0.22,NA,10/27/2024 5:07,A
VN118,LZ40,LZ40+RR,RAIN,9/27/2024,0.21,NA,10/27/2024 5:07,A
VN118,LZ40,LZ40+RR,RAIN,9/28/2024,0,NA,10/27/2024 5:07,A
VN118,LZ40,LZ40+RR,RAIN,9/29/2024,0,NA,10/27/2024 5:07,A
VN118,LZ40,LZ40+RR,RAIN,9/30/2024,0,NA,10/27/2024 5:07,A
VN118,LZ40,LZ40+RR,RAIN,10/1/2024,0.78,NA,11/27/2024 5:07,A
VN118,LZ40,LZ40+RR,RAIN,10/2/2024,0.01,NA,11/27/2024 5:07,A
VN118,LZ40,LZ40+RR,RAIN,10/3/2024,0,NA,11/27/2024 5:07,A
VN118,LZ40,LZ40+RR,RAIN,10/4/2024,0.09,NA,11/27/2024 5:07,A
VN118,LZ40,LZ40+RR,RAIN,10/5/2024,0,NA,11/27/2024 5:07,A
VN118,LZ40,LZ40+RR,RAIN,10/6/2024,0.51,NA,11/27/2024 5:07,A
VN118,LZ40,LZ40+RR,RAIN,10/7/2024,0.01,NA,11/27/2024 5:07,A
VN118,LZ40,LZ40+RR,RAIN,10/8/2024,0,NA,11/27/2024 5:07,A
VN118,LZ40,LZ40+RR,RAIN,10/9/2024,0.91,NA,11/27/2024 5:07,A
VN118,LZ40,LZ40+RR,RAIN,10/10/2024,0,NA,11/27/2024 5:07,A
VN118,LZ40,LZ40+RR,RAIN,10/11/2024,0.01,NA,11/27/2024 5:07,A
VN118,LZ40,LZ40+RR,RAIN,10/12/2024,0,NA,11/27/2024 5:07,A
VN118,LZ40,LZ40+RR,RAIN,10/13/2024,0.02,NA,11/27/2024 5:07,A
VN118,LZ40,LZ40+RR,RAIN,10/14/2024,0,NA,11/27/2024 5:07,A
VN118,LZ40,LZ40+RR,RAIN,10/15/2024,0,NA,11/27/2024 5:07,A
VN118,LZ40,LZ40+RR,RAIN,10/16/2024,0,NA,11/27/2024 5:07,A
VN118,LZ40,LZ40+RR,RAIN,10/17/2024,0,NA,11/27/2024 5:07,A
VN118,LZ40,LZ40+RR,RAIN,10/18/2024,0,NA,11/27/2024 5:07,A
VN118,LZ40,LZ40+RR,RAIN,10/19/2024,0,NA,11/27/2024 5:07,A
VN118,LZ40,LZ40+RR,RAIN,10/20/2024,0.04,NA,11/27/2024 5:07,A
VN118,LZ40,LZ40+RR,RAIN,10/21/2024,0.04,NA,11/27/2024 5:07,A
VN118,LZ40,LZ40+RR,RAIN,10/22/2024,0,NA,11/27/2024 5:07,A
VN118,LZ40,LZ40+RR,RAIN,10/23/2024,0,NA,11/27/2024 5:07,A
VN118,LZ40,LZ40+RR,RAIN,10/24/2024,0,NA,11/27/2024 5:07,A
VN118,LZ40,LZ40+RR,RAIN,10/25/2024,0,NA,11/27/2024 5:07,A
VN118,LZ40,LZ40+RR,RAIN,10/26/2024,0,NA,11/27/2024 5:07,A
VN118,LZ40,LZ40+RR,RAIN,10/27/2024,0,NA,11/27/2024 5:07,A
VN118,LZ40,LZ40+RR,RAIN,10/28/2024,0,NA,11/27/2024 5:07,A
VN118,LZ40,LZ40+RR,RAIN,10/29/2024,0,NA,11/27/2024 5:07,A
VN118,LZ40,LZ40+RR,RAIN,10/30/2024,0,NA,11/27/2024 5:07,A
VN118,LZ40,LZ40+RR,RAIN,10/31/2024,0,NA,11/27/2024 5:07,A
VN118,LZ40,LZ40+RR,RAIN,11/1/2024,0,NA,12/27/2024 5:07,A
VN118,LZ40,LZ40+RR,RAIN,11/2/2024,0,NA,12/27/2024 5:07,A
VN118,LZ40,LZ40+RR,RAIN,11/3/2024,0,NA,12/27/2024 5:07,A
VN118,LZ40,LZ40+RR,RAIN,11/4/2024,0,NA,12/27/2024 5:07,A
VN118,LZ40,LZ40+RR,RAIN,11/5/2024,0,NA,12/27/2024 5:07,A
VN118,LZ40,LZ40+RR,RAIN,11/6/2024,0.22,NA,12/27/2024 5:07,A
VN118,LZ40,LZ40+RR,RAIN,11/7/2024,0,NA,12/27/2024 5:07,A
VN118,LZ40,LZ40+RR,RAIN,11/8/2024,0,NA,12/27/2024 5:07,A
VN118,LZ40,LZ40+RR,RAIN,11/9/2024,0,NA,12/27/2024 5:07,A
VN118,LZ40,LZ40+RR,RAIN,11/10/2024,0,NA,12/27/2024 5:07,A
VN118,LZ40,LZ40+RR,RAIN,11/11/2024,0,NA,12/27/2024 5:07,A
VN118,LZ40,LZ40+RR,RAIN,11/12/2024,0,NA,12/27/2024 5:07,A
VN118,LZ40,LZ40+RR,RAIN,11/13/2024,0,NA,12/27/2024 5:07,A
VN118,LZ40,LZ40+RR,RAIN,11/14/2024,0,NA,12/27/2024 5:07,A
VN118,LZ40,LZ40+RR,RAIN,11/15/2024,0,NA,12/27/2024 5:07,A
VN118,LZ40,LZ40+RR,RAIN,11/16/2024,0,NA,12/27/2024 5:07,A
VN118,LZ40,LZ40+RR,RAIN,11/17/2024,0,NA,12/27/2024 5:07,A
VN118,LZ40,LZ40+RR,RAIN,11/18/2024,0,NA,12/27/2024 5:07,A
VN118,LZ40,LZ40+RR,RAIN,11/19/2024,0,NA,12/27/2024 5:07,A
VN118,LZ40,LZ40+RR,RAIN,11/20/2024,0.04,NA,12/27/2024 5:07,A
VN118,LZ40,LZ40+RR,RAIN,11/21/2024,0.01,NA,12/27/2024 5:07,A
VN118,LZ40,LZ40+RR,RAIN,11/22/2024,0,NA,12/27/2024 5:07,A
VN118,LZ40,LZ40+RR,RAIN,11/23/2024,0,NA,12/27/2024 5:07,A
VN118,LZ40,LZ40+RR,RAIN,11/24/2024,0,NA,12/27/2024 5:07,A
VN118,LZ40,LZ40+RR,RAIN,11/25/2024,0,NA,12/27/2024 5:07,A
VN118,LZ40,LZ40+RR,RAIN,11/26/2024,0,NA,12/27/2024 5:07,A
VN118,LZ40,LZ40+RR,RAIN,11/27/2024,0,NA,12/27/2024 5:07,A
VN118,LZ40,LZ40+RR,RAIN,11/28/2024,0,NA,12/27/2024 5:07,A
VN118,LZ40,LZ40+RR,RAIN,11/29/2024,0,NA,12/27/2024 5:07,A
VN118,LZ40,LZ40+RR,RAIN,11/30/2024,0,NA,12/27/2024 5:07,A
VN118,LZ40,LZ40+RR,RAIN,12/1/2024,0,NA,1/27/2025 5:07,A
VN118,LZ40,LZ40+RR,RAIN,12/2/2024,0,NA,1/27/2025 5:07,A
VN118,LZ40,LZ40+RR,RAIN,12/3/2024,0,NA,1/27/2025 5:07,A
VN118,LZ40,LZ40+RR,RAIN,12/4/2024,0,NA,1/27/2025 5:07,A
VN118,LZ40,LZ40+RR,RAIN,12/5/2024,0,NA,1/27/2025 5:07,A
VN118,LZ40,LZ40+RR,RAIN,12/6/2024,0,NA,1/27/2025 5:07,A
VN118,LZ40,LZ40+RR,RAIN,12/7/2024,0,NA,1/27/2025 5:07,A
VN118,LZ40,LZ40+RR,RAIN,12/8/2024,0,NA,1/27/2025 5:07,A
VN118,LZ40,LZ40+RR,RAIN,12/9/2024,0,NA,1/27/2025 5:07,A
VN118,LZ40,LZ40+RR,RAIN,12/10/2024,0,NA,1/27/2025 5:07,A
VN118,LZ40,LZ40+RR,RAIN,12/11/2024,0.01,NA,1/27/2025 5:07,A
VN118,LZ40,LZ40+RR,RAIN,12/12/2024,0,NA,1/27/2025 5:07,A
VN118,LZ40,LZ40+RR,RAIN,12/13/2024,0,NA,1/27/2025 5:07,A
VN118,LZ40,LZ40+RR,RAIN,12/14/2024,0.2,NA,1/27/2025 5:07,A
VN118,LZ40,LZ40+RR,RAIN,12/15/2024,0.1,NA,1/27/2025 5:07,A
VN118,LZ40,LZ40+RR,RAIN,12/16/2024,0,NA,1/27/2025 5:07,A
VN118,LZ40,LZ40+RR,RAIN,12/17/2024,0,NA,1/27/2025 5:07,A
VN118,LZ40,LZ40+RR,RAIN,12/18/2024,0,NA,1/27/2025 5:07,A
VN118,LZ40,LZ40+RR,RAIN,12/19/2024,0,NA,1/27/2025 5:07,A
VN118,LZ40,LZ40+RR,RAIN,12/20/2024,0,NA,1/27/2025 5:07,A
VN118,LZ40,LZ40+RR,RAIN,12/21/2024,0,NA,1/27/2025 5:07,A
VN118,LZ40,LZ40+RR,RAIN,12/22/2024,0,NA,1/27/2025 5:07,A
VN118,LZ40,LZ40+RR,RAIN,12/23/2024,0,NA,1/27/2025 5:07,A
VN118,LZ40,LZ40+RR,RAIN,12/24/2024,0,NA,1/27/2025 5:07,A
VN118,LZ40,LZ40+RR,RAIN,12/25/2024,0,NA,1/27/2025 5:07,A
VN118,LZ40,LZ40+RR,RAIN,12/26/2024,0,NA,1/27/2025 5:07,A
VN118,LZ40,LZ40+RR,RAIN,12/27/2024,0.05,NA,1/27/2025 5:07,A
VN118,LZ40,LZ40+RR,RAIN,12/28/2024,0.12,NA,1/27/2025 5:07,A
VN118,LZ40,LZ40+RR,RAIN,12/29/2024,0.32,NA,1/27/2025 5:07,A
VN118,LZ40,LZ40+RR,RAIN,12/30/2024,0,NA,1/27/2025 5:07,A
VN118,LZ40,LZ40+RR,RAIN,12/31/2024,0,NA,1/27/2025 5:07,A
VN118,LZ40,LZ40+RR,RAIN,1/1/2025,0,NA,2/27/2025 5:07,A
VN118,LZ40,LZ40+RR,RAIN,1/2/2025,0,NA,2/27/2025 5:07,A
VN118,LZ40,LZ40+RR,RAIN,1/3/2025,0,NA,2/27/2025 5:07,A
VN118,LZ40,LZ40+RR,RAIN,1/4/2025,0,NA,2/27/2025 5:07,A
VN118,LZ40,LZ40+RR,RAIN,1/5/2025,0,NA,2/27/2025 5:07,A
VN118,LZ40,LZ40+RR,RAIN,1/6/2025,0,NA,2/27/2025 5:07,A
VN118,LZ40,LZ40+RR,RAIN,1/7/2025,0,NA,2/27/2025 5:07,A
VN118,LZ40,LZ40+RR,RAIN,1/8/2025,0,NA,2/27/2025 5:07,A
VN118,LZ40,LZ40+RR,RAIN,1/9/2025,0,NA,2/27/2025 5:07,A
VN118,LZ40,LZ40+RR,RAIN,1/10/2025,0,NA,2/27/2025 5:07,A
VN118,LZ40,LZ40+RR,RAIN,1/11/2025,0.01,NA,2/27/2025 5:07,A
VN118,LZ40,LZ40+RR,RAIN,1/12/2025,0,NA,2/27/2025 5:07,A
VN118,LZ40,LZ40+RR,RAIN,1/13/2025,0,NA,2/27/2025 5:07,A
VN118,LZ40,LZ40+RR,RAIN,1/14/2025,0,NA,2/27/2025 5:07,A
VN118,LZ40,LZ40+RR,RAIN,1/15/2025,0,NA,2/27/2025 5:07,A
VN118,LZ40,LZ40+RR,RAIN,1/16/2025,0,NA,2/27/2025 5:07,A
VN118,LZ40,LZ40+RR,RAIN,1/17/2025,0.13,NA,2/27/2025 5:07,A
VN118,LZ40,LZ40+RR,RAIN,1/18/2025,0,NA,2/27/2025 5:07,A
VN118,LZ40,LZ40+RR,RAIN,1/19/2025,0.04,NA,2/27/2025 5:07,A
VN118,LZ40,LZ40+RR,RAIN,1/20/2025,0,NA,2/27/2025 5:07,A
VN118,LZ40,LZ40+RR,RAIN,1/21/2025,0.2,NA,2/27/2025 5:07,A
VN118,LZ40,LZ40+RR,RAIN,1/22/2025,0.37,NA,2/27/2025 5:07,A
VN118,LZ40,LZ40+RR,RAIN,1/23/2025,0.04,NA,2/27/2025 5:07,A
VN118,LZ40,LZ40+RR,RAIN,1/24/2025,0,NA,2/27/2025 5:07,A
VN118,LZ40,LZ40+RR,RAIN,1/25/2025,0,NA,2/27/2025 5:07,A
VN118,LZ40,LZ40+RR,RAIN,1/26/2025,0,NA,2/27/2025 5:07,A
VN118,LZ40,LZ40+RR,RAIN,1/27/2025,0,NA,2/27/2025 5:07,A
VN118,LZ40,LZ40+RR,RAIN,1/28/2025,0,NA,2/27/2025 5:07,A
VN118,LZ40,LZ40+RR,RAIN,1/29/2025,0,NA,2/27/2025 5:07,A
VN118,LZ40,LZ40+RR,RAIN,1/30/2025,0,NA,2/27/2025 5:07,A
VN118,LZ40,LZ40+RR,RAIN,1/31/2025,0,NA,2/27/2025 5:07,A
VN118,LZ40,LZ40+RR,RAIN,2/1/2025,0,NA,3/27/2025 5:06,A
VN118,LZ40,LZ40+RR,RAIN,2/2/2025,0,NA,3/27/2025 5:06,A
VN118,LZ40,LZ40+RR,RAIN,2/3/2025,0,NA,3/27/2025 5:06,A
VN118,LZ40,LZ40+RR,RAIN,2/4/2025,0,NA,3/27/2025 5:06,A
VN118,LZ40,LZ40+RR,RAIN,2/5/2025,0,NA,3/27/2025 5:06,A
VN118,LZ40,LZ40+RR,RAIN,2/6/2025,0,NA,3/27/2025 5:06,A
VN118,LZ40,LZ40+RR,RAIN,2/7/2025,0,NA,3/27/2025 5:06,A
VN118,LZ40,LZ40+RR,RAIN,2/8/2025,0,NA,3/27/2025 5:06,A
VN118,LZ40,LZ40+RR,RAIN,2/9/2025,0,NA,3/27/2025 5:06,A
VN118,LZ40,LZ40+RR,RAIN,2/10/2025,0,NA,3/27/2025 5:06,A
VN118,LZ40,LZ40+RR,RAIN,2/11/2025,0,NA,3/27/2025 5:06,A
VN118,LZ40,LZ40+RR,RAIN,2/12/2025,0,NA,3/27/2025 5:06,A
VN118,LZ40,LZ40+RR,RAIN,2/13/2025,0.13,NA,3/27/2025 5:06,A
VN118,LZ40,LZ40+RR,RAIN,2/14/2025,0,NA,3/27/2025 5:06,A
VN118,LZ40,LZ40+RR,RAIN,2/15/2025,0,NA,3/27/2025 5:06,A
VN118,LZ40,LZ40+RR,RAIN,2/16/2025,0.01,NA,3/27/2025 5:06,A
VN118,LZ40,LZ40+RR,RAIN,2/17/2025,0,NA,3/27/2025 5:06,A
VN118,LZ40,LZ40+RR,RAIN,2/18/2025,0,NA,3/27/2025 5:06,A
VN118,LZ40,LZ40+RR,RAIN,2/19/2025,0,NA,3/27/2025 5:06,A
VN118,LZ40,LZ40+RR,RAIN,2/20/2025,0,NA,3/27/2025 5:06,A
VN118,LZ40,LZ40+RR,RAIN,2/21/2025,0,NA,3/27/2025 5:06,A
VN118,LZ40,LZ40+RR,RAIN,2/22/2025,0,NA,3/27/2025 5:06,A
VN118,LZ40,LZ40+RR,RAIN,2/23/2025,0,NA,3/27/2025 5:06,A
VN118,LZ40,LZ40+RR,RAIN,2/24/2025,0.7,NA,3/27/2025 5:06,A
VN118,LZ40,LZ40+RR,RAIN,2/25/2025,0.37,NA,3/27/2025 5:06,A
VN118,LZ40,LZ40+RR,RAIN,2/26/2025,0,NA,3/27/2025 5:06,A
VN118,LZ40,LZ40+RR,RAIN,2/27/2025,0,NA,3/27/2025 5:06,A
VN118,LZ40,LZ40+RR,RAIN,2/28/2025,0,NA,3/27/2025 5:06,A
VN118,LZ40,LZ40+RR,RAIN,3/1/2025,0,NA,4/27/2025 5:07,A
VN118,LZ40,LZ40+RR,RAIN,3/2/2025,0,NA,4/27/2025 5:07,A
VN118,LZ40,LZ40+RR,RAIN,3/3/2025,0,NA,4/27/2025 5:07,A
VN118,LZ40,LZ40+RR,RAIN,3/4/2025,0.05,NA,4/27/2025 5:07,A
VN118,LZ40,LZ40+RR,RAIN,3/5/2025,0.04,NA,4/27/2025 5:07,A
VN118,LZ40,LZ40+RR,RAIN,3/6/2025,0,NA,4/27/2025 5:07,A
VN118,LZ40,LZ40+RR,RAIN,3/7/2025,0,NA,4/27/2025 5:07,A
VN118,LZ40,LZ40+RR,RAIN,3/8/2025,0,NA,4/27/2025 5:07,A
VN118,LZ40,LZ40+RR,RAIN,3/9/2025,0,NA,4/27/2025 5:07,A
VN118,LZ40,LZ40+RR,RAIN,3/10/2025,0,NA,4/27/2025 5:07,A
VN118,LZ40,LZ40+RR,RAIN,3/11/2025,0,NA,4/27/2025 5:07,A
VN118,LZ40,LZ40+RR,RAIN,3/12/2025,0,NA,4/27/2025 5:07,A
VN118,LZ40,LZ40+RR,RAIN,3/13/2025,0,NA,4/27/2025 5:07,A
VN118,LZ40,LZ40+RR,RAIN,3/14/2025,0,NA,4/27/2025 5:07,A
VN118,LZ40,LZ40+RR,RAIN,3/15/2025,0,NA,4/27/2025 5:07,A
VN118,LZ40,LZ40+RR,RAIN,3/16/2025,0,NA,4/27/2025 5:07,A
VN118,LZ40,LZ40+RR,RAIN,3/17/2025,0.4,NA,4/27/2025 5:07,A
VN118,LZ40,LZ40+RR,RAIN,3/18/2025,0,NA,4/27/2025 5:07,A
VN118,LZ40,LZ40+RR,RAIN,3/19/2025,0,NA,4/27/2025 5:07,A
VN118,LZ40,LZ40+RR,RAIN,3/20/2025,0,NA,4/27/2025 5:07,A
VN118,LZ40,LZ40+RR,RAIN,3/21/2025,0,NA,4/27/2025 5:07,A
VN118,LZ40,LZ40+RR,RAIN,3/22/2025,0,NA,4/27/2025 5:07,A
VN118,LZ40,LZ40+RR,RAIN,3/23/2025,0,NA,4/27/2025 5:07,A
VN118,LZ40,LZ40+RR,RAIN,3/24/2025,0,NA,4/27/2025 5:07,A
VN118,LZ40,LZ40+RR,RAIN,3/25/2025,0.25,NA,4/27/2025 5:07,A
VN118,LZ40,LZ40+RR,RAIN,3/26/2025,0,NA,4/27/2025 5:07,A
VN118,LZ40,LZ40+RR,RAIN,3/27/2025,0,NA,4/27/2025 5:07,A
VN118,LZ40,LZ40+RR,RAIN,3/28/2025,0,NA,4/27/2025 5:07,A
VN118,LZ40,LZ40+RR,RAIN,3/29/2025,0,NA,4/27/2025 5:07,A
VN118,LZ40,LZ40+RR,RAIN,3/30/2025,0.01,NA,4/27/2025 5:07,A
VN118,LZ40,LZ40+RR,RAIN,3/31/2025,0,NA,4/27/2025 5:07,A
VN118,LZ40,LZ40+RR,RAIN,4/1/2025,0,NA,5/27/2025 5:07,A
VN118,LZ40,LZ40+RR,RAIN,4/2/2025,0,NA,5/27/2025 5:07,A
VN118,LZ40,LZ40+RR,RAIN,4/3/2025,0,NA,5/27/2025 5:07,A
VN118,LZ40,LZ40+RR,RAIN,4/4/2025,0,NA,5/27/2025 5:07,A
VN118,LZ40,LZ40+RR,RAIN,4/5/2025,0,NA,5/27/2025 5:07,A
VN118,LZ40,LZ40+RR,RAIN,4/6/2025,0,NA,5/27/2025 5:07,A
VN118,LZ40,LZ40+RR,RAIN,4/7/2025,0,NA,5/27/2025 5:07,A
VN118,LZ40,LZ40+RR,RAIN,4/8/2025,0.04,NA,5/27/2025 5:07,A
VN118,LZ40,LZ40+RR,RAIN,4/9/2025,0,NA,5/27/2025 5:07,A
VN118,LZ40,LZ40+RR,RAIN,4/10/2025,0,NA,5/27/2025 5:07,A
VN118,LZ40,LZ40+RR,RAIN,4/11/2025,0,NA,5/27/2025 5:07,A
VN118,LZ40,LZ40+RR,RAIN,4/12/2025,0,NA,5/27/2025 5:07,A
VN118,LZ40,LZ40+RR,RAIN,4/13/2025,0,NA,5/27/2025 5:07,A
VN118,LZ40,LZ40+RR,RAIN,4/14/2025,0,NA,5/27/2025 5:07,A
VN118,LZ40,LZ40+RR,RAIN,4/15/2025,0,NA,5/27/2025 5:07,A
VN118,LZ40,LZ40+RR,RAIN,4/16/2025,0,NA,5/27/2025 5:07,A
VN118,LZ40,LZ40+RR,RAIN,4/17/2025,0,NA,5/27/2025 5:07,A
VN118,LZ40,LZ40+RR,RAIN,4/18/2025,0,NA,5/27/2025 5:07,A
VN118,LZ40,LZ40+RR,RAIN,4/19/2025,0,NA,5/27/2025 5:07,A
VN118,LZ40,LZ40+RR,RAIN,4/20/2025,0,NA,5/27/2025 5:07,A
VN118,LZ40,LZ40+RR,RAIN,4/21/2025,0,NA,5/27/2025 5:07,A
VN118,LZ40,LZ40+RR,RAIN,4/22/2025,0,NA,5/27/2025 5:07,A
VN118,LZ40,LZ40+RR,RAIN,4/23/2025,0,NA,5/27/2025 5:07,A
VN118,LZ40,LZ40+RR,RAIN,4/24/2025,0,NA,5/27/2025 5:07,A
VN118,LZ40,LZ40+RR,RAIN,4/25/2025,0,NA,5/27/2025 5:07,A
VN118,LZ40,LZ40+RR,RAIN,4/26/2025,0,NA,5/27/2025 5:07,A
VN118,LZ40,LZ40+RR,RAIN,4/27/2025,0,NA,5/27/2025 5:07,A
VN118,LZ40,LZ40+RR,RAIN,4/28/2025,0,NA,5/27/2025 5:07,A
VN118,LZ40,LZ40+RR,RAIN,4/29/2025,0,NA,5/27/2025 5:07,A
VN118,LZ40,LZ40+RR,RAIN,4/30/2025,0,NA,5/27/2025 5:07,A
VN118,LZ40,LZ40+RR,RAIN,5/1/2025,0,NA,6/27/2025 5:07,A
VN118,LZ40,LZ40+RR,RAIN,5/2/2025,0.05,NA,6/27/2025 5:07,A
VN118,LZ40,LZ40+RR,RAIN,5/3/2025,0,NA,6/27/2025 5:07,A
VN118,LZ40,LZ40+RR,RAIN,5/4/2025,0.12,NA,6/27/2025 5:07,A
VN118,LZ40,LZ40+RR,RAIN,5/5/2025,0,NA,6/27/2025 5:07,A
VN118,LZ40,LZ40+RR,RAIN,5/6/2025,0,NA,6/27/2025 5:07,A
VN118,LZ40,LZ40+RR,RAIN,5/7/2025,0.01,NA,6/27/2025 5:07,A
VN118,LZ40,LZ40+RR,RAIN,5/8/2025,0,NA,6/27/2025 5:07,A
VN118,LZ40,LZ40+RR,RAIN,5/9/2025,0,NA,6/27/2025 5:07,A
VN118,LZ40,LZ40+RR,RAIN,5/10/2025,0,NA,6/27/2025 5:07,A
VN118,LZ40,LZ40+RR,RAIN,5/11/2025,0.01,NA,6/27/2025 5:07,A
VN118,LZ40,LZ40+RR,RAIN,5/12/2025,2.51,NA,6/27/2025 5:07,A
VN118,LZ40,LZ40+RR,RAIN,5/13/2025,0,NA,6/27/2025 5:07,A
VN118,LZ40,LZ40+RR,RAIN,5/14/2025,0,NA,6/27/2025 5:07,A
VN118,LZ40,LZ40+RR,RAIN,5/15/2025,0,NA,6/27/2025 5:07,A
VN118,LZ40,LZ40+RR,RAIN,5/16/2025,0,NA,6/27/2025 5:07,A
VN118,LZ40,LZ40+RR,RAIN,5/17/2025,0,NA,6/27/2025 5:07,A
VN118,LZ40,LZ40+RR,RAIN,5/18/2025,0,NA,6/27/2025 5:07,A
VN118,LZ40,LZ40+RR,RAIN,5/19/2025,0,NA,6/27/2025 5:07,A
VN118,LZ40,LZ40+RR,RAIN,5/20/2025,0,NA,6/27/2025 5:07,A
VN118,LZ40,LZ40+RR,RAIN,5/21/2025,0,NA,6/27/2025 5:07,A
VN118,LZ40,LZ40+RR,RAIN,5/22/2025,0.03,NA,6/27/2025 5:07,A
VN118,LZ40,LZ40+RR,RAIN,5/23/2025,0,NA,6/27/2025 5:07,A
VN118,LZ40,LZ40+RR,RAIN,5/24/2025,0.2,NA,6/27/2025 5:07,A
VN118,LZ40,LZ40+RR,RAIN,5/25/2025,0,NA,6/27/2025 5:07,A
VN118,LZ40,LZ40+RR,RAIN,5/26/2025,0.39,NA,6/27/2025 5:07,A
VN118,LZ40,LZ40+RR,RAIN,5/27/2025,0.2,NA,6/27/2025 5:07,A
VN118,LZ40,LZ40+RR,RAIN,5/28/2025,0.09,NA,6/27/2025 5:07,A
VN118,LZ40,LZ40+RR,RAIN,5/29/2025,0.4,NA,6/27/2025 5:07,A
VN118,LZ40,LZ40+RR,RAIN,5/30/2025,0.02,NA,6/27/2025 5:07,A
VN118,LZ40,LZ40+RR,RAIN,5/31/2025,0.06,NA,6/27/2025 5:07,A
VN118,LZ40,LZ40+RR,RAIN,6/1/2025,0.52,NA,7/27/2025 5:07,A
VN118,LZ40,LZ40+RR,RAIN,6/2/2025,1.4,NA,7/27/2025 5:07,A
VN118,LZ40,LZ40+RR,RAIN,6/3/2025,0.12,NA,7/27/2025 5:07,A
VN118,LZ40,LZ40+RR,RAIN,6/4/2025,0.36,NA,7/27/2025 5:07,A
VN118,LZ40,LZ40+RR,RAIN,6/5/2025,0,NA,7/27/2025 5:07,A
VN118,LZ40,LZ40+RR,RAIN,6/6/2025,0,NA,7/27/2025 5:07,A
VN118,LZ40,LZ40+RR,RAIN,6/7/2025,0,NA,7/27/2025 5:07,A
VN118,LZ40,LZ40+RR,RAIN,6/8/2025,0,NA,7/27/2025 5:07,A
VN118,LZ40,LZ40+RR,RAIN,6/9/2025,0,NA,7/27/2025 5:07,A
VN118,LZ40,LZ40+RR,RAIN,6/10/2025,0,NA,7/27/2025 5:07,A
VN118,LZ40,LZ40+RR,RAIN,6/11/2025,0.01,NA,7/27/2025 5:07,A
VN118,LZ40,LZ40+RR,RAIN,6/12/2025,0.66,NA,7/27/2025 5:07,A
VN118,LZ40,LZ40+RR,RAIN,6/13/2025,0,NA,7/27/2025 5:07,A
VN118,LZ40,LZ40+RR,RAIN,6/14/2025,0,NA,7/27/2025 5:07,A
VN118,LZ40,LZ40+RR,RAIN,6/15/2025,0,NA,7/27/2025 5:07,A
VN118,LZ40,LZ40+RR,RAIN,6/16/2025,0,NA,7/27/2025 5:07,A
VN118,LZ40,LZ40+RR,RAIN,6/17/2025,0,NA,7/27/2025 5:07,A
VN118,LZ40,LZ40+RR,RAIN,6/18/2025,0,NA,7/27/2025 5:07,A
VN118,LZ40,LZ40+RR,RAIN,6/19/2025,0.04,NA,7/27/2025 5:07,A
VN118,LZ40,LZ40+RR,RAIN,6/20/2025,0,NA,7/27/2025 5:07,A
VN118,LZ40,LZ40+RR,RAIN,6/21/2025,0.35,NA,7/27/2025 5:07,A
VN118,LZ40,LZ40+RR,RAIN,6/22/2025,0,NA,7/27/2025 5:07,A
VN118,LZ40,LZ40+RR,RAIN,6/23/2025,0.06,NA,7/27/2025 5:07,A
VN118,LZ40,LZ40+RR,RAIN,6/24/2025,0,NA,7/27/2025 5:07,A
VN118,LZ40,LZ40+RR,RAIN,6/25/2025,0,NA,7/27/2025 5:07,A
VN118,LZ40,LZ40+RR,RAIN,6/26/2025,0.01,NA,7/27/2025 5:07,A
VN118,LZ40,LZ40+RR,RAIN,6/27/2025,0.03,NA,7/27/2025 5:07,A
VN118,LZ40,LZ40+RR,RAIN,6/28/2025,1.41,NA,7/27/2025 5:07,A
VN118,LZ40,LZ40+RR,RAIN,6/29/2025,1.83,NA,7/27/2025 5:07,A
VN118,LZ40,LZ40+RR,RAIN,6/30/2025,0.7,NA,7/27/2025 5:07,A
VN118,LZ40,LZ40+RR,RAIN,7/1/2025,0.04,NA,8/27/2025 5:07,A
VN118,LZ40,LZ40+RR,RAIN,7/2/2025,0.68,NA,8/27/2025 5:07,A
VN118,LZ40,LZ40+RR,RAIN,7/3/2025,0.21,NA,8/27/2025 5:07,A
VN118,LZ40,LZ40+RR,RAIN,7/4/2025,0.74,NA,8/27/2025 5:07,A
VN118,LZ40,LZ40+RR,RAIN,7/5/2025,0.01,NA,8/27/2025 5:07,A
VN118,LZ40,LZ40+RR,RAIN,7/6/2025,0.17,NA,8/27/2025 5:07,A
VN118,LZ40,LZ40+RR,RAIN,7/7/2025,0,NA,8/27/2025 5:07,A
VN118,LZ40,LZ40+RR,RAIN,7/8/2025,0,NA,8/27/2025 5:07,A
VN118,LZ40,LZ40+RR,RAIN,7/9/2025,0,NA,8/27/2025 5:07,A
VN118,LZ40,LZ40+RR,RAIN,7/10/2025,0,NA,8/27/2025 5:07,A
VN118,LZ40,LZ40+RR,RAIN,7/11/2025,0.17,NA,8/27/2025 5:07,A
VN118,LZ40,LZ40+RR,RAIN,7/12/2025,0,NA,8/27/2025 5:07,A
VN118,LZ40,LZ40+RR,RAIN,7/13/2025,1.58,NA,8/27/2025 5:07,A
VN118,LZ40,LZ40+RR,RAIN,7/14/2025,1.43,NA,8/27/2025 5:07,A
VN118,LZ40,LZ40+RR,RAIN,7/15/2025,0.14,NA,8/27/2025 5:07,A
VN118,LZ40,LZ40+RR,RAIN,7/16/2025,1.06,NA,8/27/2025 5:07,A
VN118,LZ40,LZ40+RR,RAIN,7/17/2025,0.04,NA,8/27/2025 5:07,A
VN118,LZ40,LZ40+RR,RAIN,7/18/2025,0,NA,8/27/2025 5:07,A
VN118,LZ40,LZ40+RR,RAIN,7/19/2025,0,NA,8/27/2025 5:07,A
VN118,LZ40,LZ40+RR,RAIN,7/20/2025,0,NA,8/27/2025 5:07,A
VN118,LZ40,LZ40+RR,RAIN,7/21/2025,0,NA,8/27/2025 5:07,A
VN118,LZ40,LZ40+RR,RAIN,7/22/2025,0.01,NA,8/27/2025 5:07,A
VN118,LZ40,LZ40+RR,RAIN,7/23/2025,0,NA,8/27/2025 5:07,A
VN118,LZ40,LZ40+RR,RAIN,7/24/2025,0.01,NA,8/27/2025 5:07,A
VN118,LZ40,LZ40+RR,RAIN,7/25/2025,0,NA,8/27/2025 5:07,A
VN118,LZ40,LZ40+RR,RAIN,7/26/2025,0,NA,8/27/2025 5:07,A
VN118,LZ40,LZ40+RR,RAIN,7/27/2025,0,NA,8/27/2025 5:07,A
VN118,LZ40,LZ40+RR,RAIN,7/28/2025,0,NA,8/27/2025 5:07,A
VN118,LZ40,LZ40+RR,RAIN,7/29/2025,0,NA,8/27/2025 5:07,A
VN118,LZ40,LZ40+RR,RAIN,7/30/2025,0,NA,8/27/2025 5:07,A
VN118,LZ40,LZ40+RR,RAIN,7/31/2025,0,NA,8/27/2025 5:07,A
VN118,LZ40,LZ40+RR,RAIN,8/1/2025,0,P,8/27/2025 5:07,A
