Survey ID,Date,Observers,Colony Name,Start Time ,End Time,Survey Notes,Nest ID,New Nest,Species,Nest Status,Number of Eggs,Number of Chicks,Number of Fledglings,Number of Dead Eggs,Number of Dead Chicks,Nest Notes
1,4/3/2025,"A. Fussell, B. Mason, J. Chastant",Clewiston Spit,9:47,10:55,"Initial transect setup; in tree before transect: ROSP - 10 nests all with at least 1 chick, most have 3 chicks that are branched; GREG - about 35 nests; SNEG about 20 nests",CS1,Yes,WHIB,Occupied,1,1,,,,
1,4/3/2025,"A. Fussell, B. Mason, J. Chastant",Clewiston Spit,9:47,10:55,"Initial transect setup; in tree before transect: ROSP - 10 nests all with at least 1 chick, most have 3 chicks that are branched; GREG - about 35 nests; SNEG about 20 nests",CS2,Yes,WHIB,Occupied,2,1,,,,
1,4/3/2025,"A. Fussell, B. Mason, J. Chastant",Clewiston Spit,9:47,10:55,"Initial transect setup; in tree before transect: ROSP - 10 nests all with at least 1 chick, most have 3 chicks that are branched; GREG - about 35 nests; SNEG about 20 nests",CS3,Yes,SNEG,Occupied,2,2,,,,
1,4/3/2025,"A. Fussell, B. Mason, J. Chastant",Clewiston Spit,9:47,10:55,"Initial transect setup; in tree before transect: ROSP - 10 nests all with at least 1 chick, most have 3 chicks that are branched; GREG - about 35 nests; SNEG about 20 nests",CS4,Yes,WHIB,Occupied,4,,,,,
1,4/3/2025,"A. Fussell, B. Mason, J. Chastant",Clewiston Spit,9:47,10:55,"Initial transect setup; in tree before transect: ROSP - 10 nests all with at least 1 chick, most have 3 chicks that are branched; GREG - about 35 nests; SNEG about 20 nests",CS5,Yes,WHIB,Occupied,5,,,,,
1,4/3/2025,"A. Fussell, B. Mason, J. Chastant",Clewiston Spit,9:47,10:55,"Initial transect setup; in tree before transect: ROSP - 10 nests all with at least 1 chick, most have 3 chicks that are branched; GREG - about 35 nests; SNEG about 20 nests",CS6,Yes,WHIB,Occupied,3,,,,,
1,4/3/2025,"A. Fussell, B. Mason, J. Chastant",Clewiston Spit,9:47,10:55,"Initial transect setup; in tree before transect: ROSP - 10 nests all with at least 1 chick, most have 3 chicks that are branched; GREG - about 35 nests; SNEG about 20 nests",CS7,Yes,WHIB,Occupied,2,,,,,
1,4/3/2025,"A. Fussell, B. Mason, J. Chastant",Clewiston Spit,9:47,10:55,"Initial transect setup; in tree before transect: ROSP - 10 nests all with at least 1 chick, most have 3 chicks that are branched; GREG - about 35 nests; SNEG about 20 nests",CS8,Yes,WHIB,Occupied,4,,,,,
1,4/3/2025,"A. Fussell, B. Mason, J. Chastant",Clewiston Spit,9:47,10:55,"Initial transect setup; in tree before transect: ROSP - 10 nests all with at least 1 chick, most have 3 chicks that are branched; GREG - about 35 nests; SNEG about 20 nests",CS9,Yes,WHIB,Occupied,3,,,,,
1,4/3/2025,"A. Fussell, B. Mason, J. Chastant",Clewiston Spit,9:47,10:55,"Initial transect setup; in tree before transect: ROSP - 10 nests all with at least 1 chick, most have 3 chicks that are branched; GREG - about 35 nests; SNEG about 20 nests",CS10,Yes,WHIB,Occupied,3,,,,,
1,4/3/2025,"A. Fussell, B. Mason, J. Chastant",Clewiston Spit,9:47,10:55,"Initial transect setup; in tree before transect: ROSP - 10 nests all with at least 1 chick, most have 3 chicks that are branched; GREG - about 35 nests; SNEG about 20 nests",CS11,Yes,WHIB,Occupied,2,,,,,
1,4/3/2025,"A. Fussell, B. Mason, J. Chastant",Clewiston Spit,9:47,10:55,"Initial transect setup; in tree before transect: ROSP - 10 nests all with at least 1 chick, most have 3 chicks that are branched; GREG - about 35 nests; SNEG about 20 nests",CS12,Yes,WHIB,Occupied,3,,,,,
1,4/3/2025,"A. Fussell, B. Mason, J. Chastant",Clewiston Spit,9:47,10:55,"Initial transect setup; in tree before transect: ROSP - 10 nests all with at least 1 chick, most have 3 chicks that are branched; GREG - about 35 nests; SNEG about 20 nests",CS13,Yes,WHIB,Occupied,3,,,,,
1,4/3/2025,"A. Fussell, B. Mason, J. Chastant",Clewiston Spit,9:47,10:55,"Initial transect setup; in tree before transect: ROSP - 10 nests all with at least 1 chick, most have 3 chicks that are branched; GREG - about 35 nests; SNEG about 20 nests",CS14,Yes,SNEG,Occupied,4,,,,,Likely SNEG
1,4/3/2025,"A. Fussell, B. Mason, J. Chastant",Clewiston Spit,9:47,10:55,"Initial transect setup; in tree before transect: ROSP - 10 nests all with at least 1 chick, most have 3 chicks that are branched; GREG - about 35 nests; SNEG about 20 nests",CS15,Yes,SNEG,Occupied,3,,,,,SNEG/TRHE/SMWH on datasheet
1,4/3/2025,"A. Fussell, B. Mason, J. Chastant",Clewiston Spit,9:47,10:55,"Initial transect setup; in tree before transect: ROSP - 10 nests all with at least 1 chick, most have 3 chicks that are branched; GREG - about 35 nests; SNEG about 20 nests",CS16,Yes,SNEG,Occupied,3,,,,,SNEG/TRHE/SMWH on datasheet
1,4/3/2025,"A. Fussell, B. Mason, J. Chastant",Clewiston Spit,9:47,10:55,"Initial transect setup; in tree before transect: ROSP - 10 nests all with at least 1 chick, most have 3 chicks that are branched; GREG - about 35 nests; SNEG about 20 nests",CS17,Yes,SNEG,Occupied,3,,,,,SNEG/TRHE/SMWH on datasheet
1,4/3/2025,"A. Fussell, B. Mason, J. Chastant",Clewiston Spit,9:47,10:55,"Initial transect setup; in tree before transect: ROSP - 10 nests all with at least 1 chick, most have 3 chicks that are branched; GREG - about 35 nests; SNEG about 20 nests",CS18,Yes,TRHE,Occupied,3,,,,,SNEG/TRHE/SMWH on datasheet
1,4/3/2025,"A. Fussell, B. Mason, J. Chastant",Clewiston Spit,9:47,10:55,"Initial transect setup; in tree before transect: ROSP - 10 nests all with at least 1 chick, most have 3 chicks that are branched; GREG - about 35 nests; SNEG about 20 nests",CS19,Yes,SNEG,Occupied,4,,,,,SNEG/TRHE/SMWH on datasheet
1,4/3/2025,"A. Fussell, B. Mason, J. Chastant",Clewiston Spit,9:47,10:55,"Initial transect setup; in tree before transect: ROSP - 10 nests all with at least 1 chick, most have 3 chicks that are branched; GREG - about 35 nests; SNEG about 20 nests",CS20,Yes,SNEG,Occupied,5,,,,,SNEG/TRHE/SMWH on datasheet
1,4/3/2025,"A. Fussell, B. Mason, J. Chastant",Clewiston Spit,9:47,10:55,"Initial transect setup; in tree before transect: ROSP - 10 nests all with at least 1 chick, most have 3 chicks that are branched; GREG - about 35 nests; SNEG about 20 nests",CS21,Yes,SNEG,Occupied,3,,,,,SNEG/TRHE/SMWH on datasheet
1,4/3/2025,"A. Fussell, B. Mason, J. Chastant",Clewiston Spit,9:47,10:55,"Initial transect setup; in tree before transect: ROSP - 10 nests all with at least 1 chick, most have 3 chicks that are branched; GREG - about 35 nests; SNEG about 20 nests",CS22,Yes,GLIB,Occupied,3,,,,,species on data sheet does not match previous data sheets
1,4/3/2025,"A. Fussell, B. Mason, J. Chastant",Clewiston Spit,9:47,10:55,"Initial transect setup; in tree before transect: ROSP - 10 nests all with at least 1 chick, most have 3 chicks that are branched; GREG - about 35 nests; SNEG about 20 nests",CS23,Yes,SNEG,Occupied,3,,,,,SNEG/TRHE/SMWH on datasheet
1,4/3/2025,"A. Fussell, B. Mason, J. Chastant",Clewiston Spit,9:47,10:55,"Initial transect setup; in tree before transect: ROSP - 10 nests all with at least 1 chick, most have 3 chicks that are branched; GREG - about 35 nests; SNEG about 20 nests",CS24,Yes,SNEG,Occupied,3,,,,,SNEG/TRHE/SMWH on datasheet
1,4/3/2025,"A. Fussell, B. Mason, J. Chastant",Clewiston Spit,9:47,10:55,"Initial transect setup; in tree before transect: ROSP - 10 nests all with at least 1 chick, most have 3 chicks that are branched; GREG - about 35 nests; SNEG about 20 nests",CS25,Yes,SNEG,Occupied,4,,,,,SNEG/TRHE/SMWH on datasheet
1,4/3/2025,"A. Fussell, B. Mason, J. Chastant",Clewiston Spit,9:47,10:55,"Initial transect setup; in tree before transect: ROSP - 10 nests all with at least 1 chick, most have 3 chicks that are branched; GREG - about 35 nests; SNEG about 20 nests",CS26,Yes,SNEG,Occupied,3,,,,,SNEG/TRHE/SMWH on datasheet
1,4/3/2025,"A. Fussell, B. Mason, J. Chastant",Clewiston Spit,9:47,10:55,"Initial transect setup; in tree before transect: ROSP - 10 nests all with at least 1 chick, most have 3 chicks that are branched; GREG - about 35 nests; SNEG about 20 nests",CS27,Yes,TRHE,Occupied,3,,,,,SNEG/TRHE/SMWH on datasheet; changed from SNEG to TRHE in database
1,4/3/2025,"A. Fussell, B. Mason, J. Chastant",Clewiston Spit,9:47,10:55,"Initial transect setup; in tree before transect: ROSP - 10 nests all with at least 1 chick, most have 3 chicks that are branched; GREG - about 35 nests; SNEG about 20 nests",CS28,Yes,SNEG,Occupied,3,,,,,SNEG/TRHE/SMWH on datasheet
1,4/3/2025,"A. Fussell, B. Mason, J. Chastant",Clewiston Spit,9:47,10:55,"Initial transect setup; in tree before transect: ROSP - 10 nests all with at least 1 chick, most have 3 chicks that are branched; GREG - about 35 nests; SNEG about 20 nests",CS29,Yes,SNEG,Occupied,4,,,,,SNEG/TRHE/SMWH on datasheet
1,4/3/2025,"A. Fussell, B. Mason, J. Chastant",Clewiston Spit,9:47,10:55,"Initial transect setup; in tree before transect: ROSP - 10 nests all with at least 1 chick, most have 3 chicks that are branched; GREG - about 35 nests; SNEG about 20 nests",CS30,Yes,SNEG,Occupied,4,,,,,SNEG/TRHE/SMWH on datasheet
1,4/3/2025,"A. Fussell, B. Mason, J. Chastant",Clewiston Spit,9:47,10:55,"Initial transect setup; in tree before transect: ROSP - 10 nests all with at least 1 chick, most have 3 chicks that are branched; GREG - about 35 nests; SNEG about 20 nests",CS31,Yes,SNEG,Occupied,5,,,,,SNEG/TRHE/SMWH on datasheet
1,4/3/2025,"A. Fussell, B. Mason, J. Chastant",Clewiston Spit,9:47,10:55,"Initial transect setup; in tree before transect: ROSP - 10 nests all with at least 1 chick, most have 3 chicks that are branched; GREG - about 35 nests; SNEG about 20 nests",CS32,Yes,SNEG,Occupied,4,,,,,SNEG/TRHE/SMWH on datasheet
1,4/3/2025,"A. Fussell, B. Mason, J. Chastant",Clewiston Spit,9:47,10:55,"Initial transect setup; in tree before transect: ROSP - 10 nests all with at least 1 chick, most have 3 chicks that are branched; GREG - about 35 nests; SNEG about 20 nests",CS33,Yes,SNEG,Occupied,,3,,,,
1,4/3/2025,"A. Fussell, B. Mason, J. Chastant",Clewiston Spit,9:47,10:55,"Initial transect setup; in tree before transect: ROSP - 10 nests all with at least 1 chick, most have 3 chicks that are branched; GREG - about 35 nests; SNEG about 20 nests",CS34,Yes,SNEG,Occupied,1,3,,,,
1,4/3/2025,"A. Fussell, B. Mason, J. Chastant",Clewiston Spit,9:47,10:55,"Initial transect setup; in tree before transect: ROSP - 10 nests all with at least 1 chick, most have 3 chicks that are branched; GREG - about 35 nests; SNEG about 20 nests",CS35,Yes,SNEG,Occupied,3,,,,,SNEG/TRHE/SMWH on datasheet
1,4/3/2025,"A. Fussell, B. Mason, J. Chastant",Clewiston Spit,9:47,10:55,"Initial transect setup; in tree before transect: ROSP - 10 nests all with at least 1 chick, most have 3 chicks that are branched; GREG - about 35 nests; SNEG about 20 nests",CS36,Yes,SNEG,Occupied,4,,,,,SNEG/TRHE/SMWH on datasheet
1,4/3/2025,"A. Fussell, B. Mason, J. Chastant",Clewiston Spit,9:47,10:55,"Initial transect setup; in tree before transect: ROSP - 10 nests all with at least 1 chick, most have 3 chicks that are branched; GREG - about 35 nests; SNEG about 20 nests",CS37,Yes,GREG,Occupied,3,,,,,
1,4/3/2025,"A. Fussell, B. Mason, J. Chastant",Clewiston Spit,9:47,10:55,"Initial transect setup; in tree before transect: ROSP - 10 nests all with at least 1 chick, most have 3 chicks that are branched; GREG - about 35 nests; SNEG about 20 nests",CS38,Yes,GREG,Occupied,,3,,,,changed from SNEG to GREG based on later entries of the same nest
1,4/3/2025,"A. Fussell, B. Mason, J. Chastant",Clewiston Spit,9:47,10:55,"Initial transect setup; in tree before transect: ROSP - 10 nests all with at least 1 chick, most have 3 chicks that are branched; GREG - about 35 nests; SNEG about 20 nests",CS39,Yes,GREG,Occupied,,3,,,,
1,4/3/2025,"A. Fussell, B. Mason, J. Chastant",Clewiston Spit,9:47,10:55,"Initial transect setup; in tree before transect: ROSP - 10 nests all with at least 1 chick, most have 3 chicks that are branched; GREG - about 35 nests; SNEG about 20 nests",CS40,Yes,SNEG,Occupied,4,,,,,SNEG/TRHE/SMWH on datasheet
1,4/3/2025,"A. Fussell, B. Mason, J. Chastant",Clewiston Spit,9:47,10:55,"Initial transect setup; in tree before transect: ROSP - 10 nests all with at least 1 chick, most have 3 chicks that are branched; GREG - about 35 nests; SNEG about 20 nests",CS41,Yes,SNEG,Occupied,4,,,,,SNEG/TRHE/SMWH on datasheet
1,4/3/2025,"A. Fussell, B. Mason, J. Chastant",Clewiston Spit,9:47,10:55,"Initial transect setup; in tree before transect: ROSP - 10 nests all with at least 1 chick, most have 3 chicks that are branched; GREG - about 35 nests; SNEG about 20 nests",CS42,Yes,SNEG,Occupied,4,,,,,SNEG/TRHE/SMWH on datasheet
1,4/3/2025,"A. Fussell, B. Mason, J. Chastant",Clewiston Spit,9:47,10:55,"Initial transect setup; in tree before transect: ROSP - 10 nests all with at least 1 chick, most have 3 chicks that are branched; GREG - about 35 nests; SNEG about 20 nests",CS43,Yes,SNEG,Occupied,3,,,,,SNEG/TRHE/SMWH on datasheet
1,4/3/2025,"A. Fussell, B. Mason, J. Chastant",Clewiston Spit,9:47,10:55,"Initial transect setup; in tree before transect: ROSP - 10 nests all with at least 1 chick, most have 3 chicks that are branched; GREG - about 35 nests; SNEG about 20 nests",CS44,Yes,GREG,Occupied,3,,,,,
1,4/3/2025,"A. Fussell, B. Mason, J. Chastant",Clewiston Spit,9:47,10:55,"Initial transect setup; in tree before transect: ROSP - 10 nests all with at least 1 chick, most have 3 chicks that are branched; GREG - about 35 nests; SNEG about 20 nests",CS45,Yes,GREG,Occupied,,3,,,,
1,4/3/2025,"A. Fussell, B. Mason, J. Chastant",Clewiston Spit,9:47,10:55,"Initial transect setup; in tree before transect: ROSP - 10 nests all with at least 1 chick, most have 3 chicks that are branched; GREG - about 35 nests; SNEG about 20 nests",CS46,Yes,SNEG,Occupied,3,,,,,SNEG/TRHE/SMWH on datasheet
1,4/3/2025,"A. Fussell, B. Mason, J. Chastant",Clewiston Spit,9:47,10:55,"Initial transect setup; in tree before transect: ROSP - 10 nests all with at least 1 chick, most have 3 chicks that are branched; GREG - about 35 nests; SNEG about 20 nests",CS47,Yes,SNEG,Occupied,3,,,,,SNEG/TRHE/SMWH on datasheet
1,4/3/2025,"A. Fussell, B. Mason, J. Chastant",Clewiston Spit,9:47,10:55,"Initial transect setup; in tree before transect: ROSP - 10 nests all with at least 1 chick, most have 3 chicks that are branched; GREG - about 35 nests; SNEG about 20 nests",CS48,Yes,GREG,Occupied,,2,,,,
1,4/3/2025,"A. Fussell, B. Mason, J. Chastant",Clewiston Spit,9:47,10:55,"Initial transect setup; in tree before transect: ROSP - 10 nests all with at least 1 chick, most have 3 chicks that are branched; GREG - about 35 nests; SNEG about 20 nests",CS49,Yes,SNEG,Occupied,4,,,,,SNEG/TRHE/SMWH on datasheet
1,4/3/2025,"A. Fussell, B. Mason, J. Chastant",Clewiston Spit,9:47,10:55,"Initial transect setup; in tree before transect: ROSP - 10 nests all with at least 1 chick, most have 3 chicks that are branched; GREG - about 35 nests; SNEG about 20 nests",CS50,Yes,GREG,Occupied,3,,,,,
2,4/7/2025,"B. Mason, A. Fussell, M. Baranski",Little Bear Beach,8:43,9:28,Initial transect setup,LBB1,Yes,TRHE,Occupied,3,,,,,changed from SMWT to TRHE based on later entries of the same nest
2,4/7/2025,"B. Mason, A. Fussell, M. Baranski",Little Bear Beach,8:43,9:28,Initial transect setup,LBB2,Yes,WHIB,Occupied,3,,,,,
2,4/7/2025,"B. Mason, A. Fussell, M. Baranski",Little Bear Beach,8:43,9:28,Initial transect setup,LBB3,Yes,WHIB,Occupied,3,,,,,
2,4/7/2025,"B. Mason, A. Fussell, M. Baranski",Little Bear Beach,8:43,9:28,Initial transect setup,LBB4,Yes,WHIB,Occupied,3,,,,,
2,4/7/2025,"B. Mason, A. Fussell, M. Baranski",Little Bear Beach,8:43,9:28,Initial transect setup,LBB5,Yes,WHIB,Occupied,3,,,,,
2,4/7/2025,"B. Mason, A. Fussell, M. Baranski",Little Bear Beach,8:43,9:28,Initial transect setup,LBB6,Yes,WHIB,Occupied,1,,,,,
2,4/7/2025,"B. Mason, A. Fussell, M. Baranski",Little Bear Beach,8:43,9:28,Initial transect setup,LBB7,Yes,WHIB,Occupied,3,,,,,
2,4/7/2025,"B. Mason, A. Fussell, M. Baranski",Little Bear Beach,8:43,9:28,Initial transect setup,LBB8,Yes,WHIB,Occupied,2,,,,,
2,4/7/2025,"B. Mason, A. Fussell, M. Baranski",Little Bear Beach,8:43,9:28,Initial transect setup,LBB9,Yes,TRHE,Occupied,4,,,,,SNEG/TRHE/SMWH on datasheet
2,4/7/2025,"B. Mason, A. Fussell, M. Baranski",Little Bear Beach,8:43,9:28,Initial transect setup,LBB10,Yes,WHIB,Occupied,2,,,,,
2,4/7/2025,"B. Mason, A. Fussell, M. Baranski",Little Bear Beach,8:43,9:28,Initial transect setup,LBB11,Yes,WHIB,Occupied,2,1,,,,
2,4/7/2025,"B. Mason, A. Fussell, M. Baranski",Little Bear Beach,8:43,9:28,Initial transect setup,LBB12,Yes,SNEG,Occupied,3,,,,,SNEG/TRHE/SMWH on datasheet
2,4/7/2025,"B. Mason, A. Fussell, M. Baranski",Little Bear Beach,8:43,9:28,Initial transect setup,LBB13,Yes,TRHE,Occupied,4,,,,,changed from SNEG to TRHE based on later entries of the same nest
2,4/7/2025,"B. Mason, A. Fussell, M. Baranski",Little Bear Beach,8:43,9:28,Initial transect setup,LBB14,Yes,WHIB,Occupied,1,1,,,,"On datasheet it says WHIB/GLIB, but we realized later this was not GLIB"
2,4/7/2025,"B. Mason, A. Fussell, M. Baranski",Little Bear Beach,8:43,9:28,Initial transect setup,LBB15,Yes,WHIB,Occupied,,2,,,,changed from TRHE to WHIB based on later entries of the same nest
2,4/7/2025,"B. Mason, A. Fussell, M. Baranski",Little Bear Beach,8:43,9:28,Initial transect setup,LBB16,Yes,WHIB,Occupied,3,,,,,
2,4/7/2025,"B. Mason, A. Fussell, M. Baranski",Little Bear Beach,8:43,9:28,Initial transect setup,LBB17,Yes,WHIB,Occupied,3,,,,,
2,4/7/2025,"B. Mason, A. Fussell, M. Baranski",Little Bear Beach,8:43,9:28,Initial transect setup,LBB18,Yes,WHIB,Occupied,3,,,,,
2,4/7/2025,"B. Mason, A. Fussell, M. Baranski",Little Bear Beach,8:43,9:28,Initial transect setup,LBB19,Yes,WHIB,Occupied,2,,,,,
2,4/7/2025,"B. Mason, A. Fussell, M. Baranski",Little Bear Beach,8:43,9:28,Initial transect setup,LBB20,Yes,TRHE,Occupied,3,,,,,changed from WHIB to TRHE based on later entries of the same nest
2,4/7/2025,"B. Mason, A. Fussell, M. Baranski",Little Bear Beach,8:43,9:28,Initial transect setup,LBB21,Yes,TRHE,Occupied,3,,,,,changed from WHIB to TRHE based on later entries of the same nest
2,4/7/2025,"B. Mason, A. Fussell, M. Baranski",Little Bear Beach,8:43,9:28,Initial transect setup,LBB22,Yes,TRHE,Occupied,3,,,,,changed from SNEG/TRHE to TRHE based on later entries of the same nest
2,4/7/2025,"B. Mason, A. Fussell, M. Baranski",Little Bear Beach,8:43,9:28,Initial transect setup,LBB23,Yes,GREG,Occupied,3,,,,,changed from SNEG/TRHE to GREG based on later entries of the same nest
2,4/7/2025,"B. Mason, A. Fussell, M. Baranski",Little Bear Beach,8:43,9:28,Initial transect setup,LBB24,Yes,SNEG,Occupied,4,,,,,SNEG/TRHE/SMWH on datasheet
2,4/7/2025,"B. Mason, A. Fussell, M. Baranski",Little Bear Beach,8:43,9:28,Initial transect setup,LBB25,Yes,GREG,Occupied,,1,,,,
2,4/7/2025,"B. Mason, A. Fussell, M. Baranski",Little Bear Beach,8:43,9:28,Initial transect setup,LBB26,Yes,SNEG,Occupied,3,,,,,SNEG/TRHE/SMWH on datasheet
2,4/7/2025,"B. Mason, A. Fussell, M. Baranski",Little Bear Beach,8:43,9:28,Initial transect setup,LBB27,Yes,SNEG,Occupied,3,,,,,
2,4/7/2025,"B. Mason, A. Fussell, M. Baranski",Little Bear Beach,8:43,9:28,Initial transect setup,LBB28,Yes,SNEG,Occupied,4,,,,,SNEG/TRHE/SMWH on datasheet
2,4/7/2025,"B. Mason, A. Fussell, M. Baranski",Little Bear Beach,8:43,9:28,Initial transect setup,LBB29,Yes,SNEG,Occupied,4,,,,,
2,4/7/2025,"B. Mason, A. Fussell, M. Baranski",Little Bear Beach,8:43,9:28,Initial transect setup,LBB30,Yes,SNEG,Occupied,2,,,,,SNEG/TRHE/SMWH on datasheet
2,4/7/2025,"B. Mason, A. Fussell, M. Baranski",Little Bear Beach,8:43,9:28,Initial transect setup,LBB31,Yes,SNEG,Occupied,1,,,,,SNEG/TRHE/SMWH on datasheet
2,4/7/2025,"B. Mason, A. Fussell, M. Baranski",Little Bear Beach,8:43,9:28,Initial transect setup,LBB32,Yes,TRHE,Occupied,2,,,,,SNEG/TRHE/SMWH on datasheet
2,4/7/2025,"B. Mason, A. Fussell, M. Baranski",Little Bear Beach,8:43,9:28,Initial transect setup,LBB33,Yes,WHIB,Occupied,1,,,,,
2,4/7/2025,"B. Mason, A. Fussell, M. Baranski",Little Bear Beach,8:43,9:28,Initial transect setup,LBB34,Yes,WHIB,Occupied,2,,,,,
2,4/7/2025,"B. Mason, A. Fussell, M. Baranski",Little Bear Beach,8:43,9:28,Initial transect setup,LBB35,Yes,WHIB,Occupied,3,,,,,
2,4/7/2025,"B. Mason, A. Fussell, M. Baranski",Little Bear Beach,8:43,9:28,Initial transect setup,LBB36,Yes,WHIB,Occupied,2,,,,,
2,4/7/2025,"B. Mason, A. Fussell, M. Baranski",Little Bear Beach,8:43,9:28,Initial transect setup,LBB37,Yes,WHIB,Occupied,3,,,,,
2,4/7/2025,"B. Mason, A. Fussell, M. Baranski",Little Bear Beach,8:43,9:28,Initial transect setup,LBB38,Yes,WHIB,Occupied,2,,,,,
2,4/7/2025,"B. Mason, A. Fussell, M. Baranski",Little Bear Beach,8:43,9:28,Initial transect setup,LBB39,Yes,WHIB,Occupied,2,,,,,
2,4/7/2025,"B. Mason, A. Fussell, M. Baranski",Little Bear Beach,8:43,9:28,Initial transect setup,LBB40,Yes,WHIB,Occupied,2,,,,,
2,4/7/2025,"B. Mason, A. Fussell, M. Baranski",Little Bear Beach,8:43,9:28,Initial transect setup,LBB41,Yes,WHIB,Occupied,3,,,,,
2,4/7/2025,"B. Mason, A. Fussell, M. Baranski",Little Bear Beach,8:43,9:28,Initial transect setup,LBB42,Yes,WHIB,Occupied,3,,,,,
2,4/7/2025,"B. Mason, A. Fussell, M. Baranski",Little Bear Beach,8:43,9:28,Initial transect setup,LBB43,Yes,WHIB,Occupied,2,,,,,
2,4/7/2025,"B. Mason, A. Fussell, M. Baranski",Little Bear Beach,8:43,9:28,Initial transect setup,LBB44,Yes,WHIB,Occupied,1,2,,,,"recorded as TRHE, changed to WHIB based on later entries of the same nest"
2,4/7/2025,"B. Mason, A. Fussell, M. Baranski",Little Bear Beach,8:43,9:28,Initial transect setup,LBB45,Yes,WHIB,Occupied,2,,,,,
2,4/7/2025,"B. Mason, A. Fussell, M. Baranski",Little Bear Beach,8:43,9:28,Initial transect setup,LBB46,Yes,WHIB,Occupied,3,,,,,
2,4/7/2025,"B. Mason, A. Fussell, M. Baranski",Little Bear Beach,8:43,9:28,Initial transect setup,LBB47,Yes,WHIB,Occupied,1,,,,,
2,4/7/2025,"B. Mason, A. Fussell, M. Baranski",Little Bear Beach,8:43,9:28,Initial transect setup,LBB48,Yes,WHIB,Occupied,2,,,,,
2,4/7/2025,"B. Mason, A. Fussell, M. Baranski",Little Bear Beach,8:43,9:28,Initial transect setup,LBB49,Yes,WHIB,Occupied,2,,,,,
2,4/7/2025,"B. Mason, A. Fussell, M. Baranski",Little Bear Beach,8:43,9:28,Initial transect setup,LBB50,Yes,WHIB,Occupied,2,,,,,
2,4/7/2025,"B. Mason, A. Fussell, M. Baranski",Little Bear Beach,8:43,9:28,Initial transect setup,LBB51,Yes,TRHE,Occupied,2,,,,,changed from WHIB to TRHE based on later entries for the same nest
3,4/7/2025,"A. Fussell, B. Mason, M. Baranski",Clewiston Spit,10:08,some time before 11:42 (info from Lake O Wading Birds group chat),"on tree before beginning transect: 50 GREG, 6 SNEG, 5 ROSP, and 7 fledgling ROSP",CS1,No,WHIB,Occupied,,2,,,,
3,4/7/2025,"A. Fussell, B. Mason, M. Baranski",Clewiston Spit,10:08,,"on tree before beginning transect: 50 GREG, 6 SNEG, 5 ROSP, and 7 fledgling ROSP",CS2,No,WHIB,Occupied,,3,,,,
3,4/7/2025,"A. Fussell, B. Mason, M. Baranski",Clewiston Spit,10:08,,"on tree before beginning transect: 50 GREG, 6 SNEG, 5 ROSP, and 7 fledgling ROSP",CS3,No,SNEG,Occupied,,4,,,,
3,4/7/2025,"A. Fussell, B. Mason, M. Baranski",Clewiston Spit,10:08,,"on tree before beginning transect: 50 GREG, 6 SNEG, 5 ROSP, and 7 fledgling ROSP",CS4,No,WHIB,Occupied,4,,,,,
3,4/7/2025,"A. Fussell, B. Mason, M. Baranski",Clewiston Spit,10:08,,"on tree before beginning transect: 50 GREG, 6 SNEG, 5 ROSP, and 7 fledgling ROSP",CS5,No,WHIB,Occupied,4,1,,,,
3,4/7/2025,"A. Fussell, B. Mason, M. Baranski",Clewiston Spit,10:08,,"on tree before beginning transect: 50 GREG, 6 SNEG, 5 ROSP, and 7 fledgling ROSP",CS6,No,WHIB,Occupied,1,2,,,,
3,4/7/2025,"A. Fussell, B. Mason, M. Baranski",Clewiston Spit,10:08,,"on tree before beginning transect: 50 GREG, 6 SNEG, 5 ROSP, and 7 fledgling ROSP",CS7,No,WHIB,Occupied,2,,,,,
3,4/7/2025,"A. Fussell, B. Mason, M. Baranski",Clewiston Spit,10:08,,"on tree before beginning transect: 50 GREG, 6 SNEG, 5 ROSP, and 7 fledgling ROSP",CS8,No,WHIB,Occupied,2,2,,,,
3,4/7/2025,"A. Fussell, B. Mason, M. Baranski",Clewiston Spit,10:08,,"on tree before beginning transect: 50 GREG, 6 SNEG, 5 ROSP, and 7 fledgling ROSP",CS9,No,WHIB,Occupied,1,2,,,,
3,4/7/2025,"A. Fussell, B. Mason, M. Baranski",Clewiston Spit,10:08,,"on tree before beginning transect: 50 GREG, 6 SNEG, 5 ROSP, and 7 fledgling ROSP",CS10,No,WHIB,Occupied,1,2,,,,
3,4/7/2025,"A. Fussell, B. Mason, M. Baranski",Clewiston Spit,10:08,,"on tree before beginning transect: 50 GREG, 6 SNEG, 5 ROSP, and 7 fledgling ROSP",CS11,No,WHIB,Occupied,4,,,,,
3,4/7/2025,"A. Fussell, B. Mason, M. Baranski",Clewiston Spit,10:08,,"on tree before beginning transect: 50 GREG, 6 SNEG, 5 ROSP, and 7 fledgling ROSP",CS12,No,WHIB,Occupied,1,2,,,,
3,4/7/2025,"A. Fussell, B. Mason, M. Baranski",Clewiston Spit,10:08,,"on tree before beginning transect: 50 GREG, 6 SNEG, 5 ROSP, and 7 fledgling ROSP",CS13,No,WHIB,Occupied,2,1,,,,
3,4/7/2025,"A. Fussell, B. Mason, M. Baranski",Clewiston Spit,10:08,,"on tree before beginning transect: 50 GREG, 6 SNEG, 5 ROSP, and 7 fledgling ROSP",CS14,No,SNEG,Occupied,4,,,,,
3,4/7/2025,"A. Fussell, B. Mason, M. Baranski",Clewiston Spit,10:08,,"on tree before beginning transect: 50 GREG, 6 SNEG, 5 ROSP, and 7 fledgling ROSP",CS15,No,SNEG,Occupied,3,,,,,
3,4/7/2025,"A. Fussell, B. Mason, M. Baranski",Clewiston Spit,10:08,,"on tree before beginning transect: 50 GREG, 6 SNEG, 5 ROSP, and 7 fledgling ROSP",CS16,No,SNEG,Occupied,3,,,,,
3,4/7/2025,"A. Fussell, B. Mason, M. Baranski",Clewiston Spit,10:08,,"on tree before beginning transect: 50 GREG, 6 SNEG, 5 ROSP, and 7 fledgling ROSP",CS17,No,SNEG,Occupied,2,2,,,,
3,4/7/2025,"A. Fussell, B. Mason, M. Baranski",Clewiston Spit,10:08,,"on tree before beginning transect: 50 GREG, 6 SNEG, 5 ROSP, and 7 fledgling ROSP",CS18,No,TRHE,Occupied,1,2,,,,
3,4/7/2025,"A. Fussell, B. Mason, M. Baranski",Clewiston Spit,10:08,,"on tree before beginning transect: 50 GREG, 6 SNEG, 5 ROSP, and 7 fledgling ROSP",CS19,No,SNEG,Occupied,3,1,,,,
3,4/7/2025,"A. Fussell, B. Mason, M. Baranski",Clewiston Spit,10:08,,"on tree before beginning transect: 50 GREG, 6 SNEG, 5 ROSP, and 7 fledgling ROSP",CS20,No,SNEG,Occupied,5,,,,,
3,4/7/2025,"A. Fussell, B. Mason, M. Baranski",Clewiston Spit,10:08,,"on tree before beginning transect: 50 GREG, 6 SNEG, 5 ROSP, and 7 fledgling ROSP",CS21,No,SNEG,Occupied,3,,,,,changed from SNEG/TRHE to SNEG
3,4/7/2025,"A. Fussell, B. Mason, M. Baranski",Clewiston Spit,10:08,,"on tree before beginning transect: 50 GREG, 6 SNEG, 5 ROSP, and 7 fledgling ROSP",CS22,No,GLIB,Occupied,3,,,,,
3,4/7/2025,"A. Fussell, B. Mason, M. Baranski",Clewiston Spit,10:08,,"on tree before beginning transect: 50 GREG, 6 SNEG, 5 ROSP, and 7 fledgling ROSP",CS23,No,SNEG,Occupied,3,,,,,
3,4/7/2025,"A. Fussell, B. Mason, M. Baranski",Clewiston Spit,10:08,,"on tree before beginning transect: 50 GREG, 6 SNEG, 5 ROSP, and 7 fledgling ROSP",CS24,No,SNEG,Occupied,3,,,,,
3,4/7/2025,"A. Fussell, B. Mason, M. Baranski",Clewiston Spit,10:08,,"on tree before beginning transect: 50 GREG, 6 SNEG, 5 ROSP, and 7 fledgling ROSP",CS25,No,SNEG,Occupied,2,2,,,,
3,4/7/2025,"A. Fussell, B. Mason, M. Baranski",Clewiston Spit,10:08,,"on tree before beginning transect: 50 GREG, 6 SNEG, 5 ROSP, and 7 fledgling ROSP",CS26,No,SNEG,Occupied,4,,,,,
3,4/7/2025,"A. Fussell, B. Mason, M. Baranski",Clewiston Spit,10:08,,"on tree before beginning transect: 50 GREG, 6 SNEG, 5 ROSP, and 7 fledgling ROSP",CS27,No,TRHE,Occupied,3,,,,,changed from SNEG to TRHE
3,4/7/2025,"A. Fussell, B. Mason, M. Baranski",Clewiston Spit,10:08,,"on tree before beginning transect: 50 GREG, 6 SNEG, 5 ROSP, and 7 fledgling ROSP",CS28,No,SNEG,Occupied,3,,,,,
3,4/7/2025,"A. Fussell, B. Mason, M. Baranski",Clewiston Spit,10:08,,"on tree before beginning transect: 50 GREG, 6 SNEG, 5 ROSP, and 7 fledgling ROSP",CS29,No,SNEG,Occupied,4,,,,,
3,4/7/2025,"A. Fussell, B. Mason, M. Baranski",Clewiston Spit,10:08,,"on tree before beginning transect: 50 GREG, 6 SNEG, 5 ROSP, and 7 fledgling ROSP",CS30,No,SNEG,,,,,,,unable to find on this day
3,4/7/2025,"A. Fussell, B. Mason, M. Baranski",Clewiston Spit,10:08,,"on tree before beginning transect: 50 GREG, 6 SNEG, 5 ROSP, and 7 fledgling ROSP",CS31,No,SNEG,Occupied,4,1,,,,
3,4/7/2025,"A. Fussell, B. Mason, M. Baranski",Clewiston Spit,10:08,,"on tree before beginning transect: 50 GREG, 6 SNEG, 5 ROSP, and 7 fledgling ROSP",CS32,No,SNEG,Occupied,3,2,,,,
3,4/7/2025,"A. Fussell, B. Mason, M. Baranski",Clewiston Spit,10:08,,"on tree before beginning transect: 50 GREG, 6 SNEG, 5 ROSP, and 7 fledgling ROSP",CS33,No,SNEG,Occupied,,3,,,,
3,4/7/2025,"A. Fussell, B. Mason, M. Baranski",Clewiston Spit,10:08,,"on tree before beginning transect: 50 GREG, 6 SNEG, 5 ROSP, and 7 fledgling ROSP",CS34,No,SNEG,Occupied,,3,,,,
3,4/7/2025,"A. Fussell, B. Mason, M. Baranski",Clewiston Spit,10:08,,"on tree before beginning transect: 50 GREG, 6 SNEG, 5 ROSP, and 7 fledgling ROSP",CS35,No,SNEG,Occupied,4,,,,,
3,4/7/2025,"A. Fussell, B. Mason, M. Baranski",Clewiston Spit,10:08,,"on tree before beginning transect: 50 GREG, 6 SNEG, 5 ROSP, and 7 fledgling ROSP",CS36,No,SNEG,Occupied,3,1,,,,
3,4/7/2025,"A. Fussell, B. Mason, M. Baranski",Clewiston Spit,10:08,,"on tree before beginning transect: 50 GREG, 6 SNEG, 5 ROSP, and 7 fledgling ROSP",CS37,No,GREG,Occupied,2,,,,,changed from SNEG to GREG based on later entries of the same nest
3,4/7/2025,"A. Fussell, B. Mason, M. Baranski",Clewiston Spit,10:08,,"on tree before beginning transect: 50 GREG, 6 SNEG, 5 ROSP, and 7 fledgling ROSP",CS38,No,GREG,Occupied,,4,,,,changed from SNEG to GREG based on later entries of the same nest
3,4/7/2025,"A. Fussell, B. Mason, M. Baranski",Clewiston Spit,10:08,,"on tree before beginning transect: 50 GREG, 6 SNEG, 5 ROSP, and 7 fledgling ROSP",CS39,No,GREG,Occupied,,3,,,,
3,4/7/2025,"A. Fussell, B. Mason, M. Baranski",Clewiston Spit,10:08,,"on tree before beginning transect: 50 GREG, 6 SNEG, 5 ROSP, and 7 fledgling ROSP",CS40,No,SNEG,Occupied,4,,,,,
3,4/7/2025,"A. Fussell, B. Mason, M. Baranski",Clewiston Spit,10:08,,"on tree before beginning transect: 50 GREG, 6 SNEG, 5 ROSP, and 7 fledgling ROSP",CS41,No,SNEG,Occupied,4,,,,,
3,4/7/2025,"A. Fussell, B. Mason, M. Baranski",Clewiston Spit,10:08,,"on tree before beginning transect: 50 GREG, 6 SNEG, 5 ROSP, and 7 fledgling ROSP",CS42,No,SNEG,Occupied,2,2,,,,
3,4/7/2025,"A. Fussell, B. Mason, M. Baranski",Clewiston Spit,10:08,,"on tree before beginning transect: 50 GREG, 6 SNEG, 5 ROSP, and 7 fledgling ROSP",CS43,No,SNEG,Occupied,4,,,,,
3,4/7/2025,"A. Fussell, B. Mason, M. Baranski",Clewiston Spit,10:08,,"on tree before beginning transect: 50 GREG, 6 SNEG, 5 ROSP, and 7 fledgling ROSP",CS44,No,GREG,Empty,,,,,,
3,4/7/2025,"A. Fussell, B. Mason, M. Baranski",Clewiston Spit,10:08,,"on tree before beginning transect: 50 GREG, 6 SNEG, 5 ROSP, and 7 fledgling ROSP",CS45,No,GREG,Occupied,,3,,,,
3,4/7/2025,"A. Fussell, B. Mason, M. Baranski",Clewiston Spit,10:08,,"on tree before beginning transect: 50 GREG, 6 SNEG, 5 ROSP, and 7 fledgling ROSP",CS47,No,SNEG,Occupied,3,,,,,One egg was in the process of hatching
3,4/7/2025,"A. Fussell, B. Mason, M. Baranski",Clewiston Spit,10:08,,"on tree before beginning transect: 50 GREG, 6 SNEG, 5 ROSP, and 7 fledgling ROSP",CS46,No,SNEG,Occupied,2,2,,,,
3,4/7/2025,"A. Fussell, B. Mason, M. Baranski",Clewiston Spit,10:08,,"on tree before beginning transect: 50 GREG, 6 SNEG, 5 ROSP, and 7 fledgling ROSP",CS48,No,GREG,Occupied,,,2,,,
3,4/7/2025,"A. Fussell, B. Mason, M. Baranski",Clewiston Spit,10:08,,"on tree before beginning transect: 50 GREG, 6 SNEG, 5 ROSP, and 7 fledgling ROSP",CS49,No,SNEG,Occupied,4,,,,,
3,4/7/2025,"A. Fussell, B. Mason, M. Baranski",Clewiston Spit,10:08,,"on tree before beginning transect: 50 GREG, 6 SNEG, 5 ROSP, and 7 fledgling ROSP",CS50,No,GREG,Occupied,2,1,,,,One egg was in the process of hatching; changed from SNEG to GREG based on later entries for the same nest
4,4/11/2025,"A. Fussell, J. Mulling, Volunteer",Rock Islands,9:38,11:45,Volunteer is Garcy Momplaisir from Aquatic Plants Lab at FLREC; Transects were set on two different islands. The first transect started at 9:38am and the second started at 11:10am,RI1,Yes,TRHE,Occupied,4,,,,,changed from SNEG to TRHE based on later entries for the same nest
4,4/11/2025,"A. Fussell, J. Mulling, Volunteer",Rock Islands,9:38,11:45,Volunteer is Garcy Momplaisir from Aquatic Plants Lab at FLREC; Transects were set on two different islands. The first transect started at 9:38am and the second started at 11:10am,RI2,Yes,GLIB,Occupied,3,,,,,
4,4/11/2025,"A. Fussell, J. Mulling, Volunteer",Rock Islands,9:38,11:45,Volunteer is Garcy Momplaisir from Aquatic Plants Lab at FLREC; Transects were set on two different islands. The first transect started at 9:38am and the second started at 11:10am,RI3,Yes,SNEG,Occupied,3,,,,,
4,4/11/2025,"A. Fussell, J. Mulling, Volunteer",Rock Islands,9:38,11:45,Volunteer is Garcy Momplaisir from Aquatic Plants Lab at FLREC; Transects were set on two different islands. The first transect started at 9:38am and the second started at 11:10am,RI4,Yes,SNEG,Occupied,2,,,,,changed from SMWT to SNEG based on later entries for the same nest
4,4/11/2025,"A. Fussell, J. Mulling, Volunteer",Rock Islands,9:38,11:45,Volunteer is Garcy Momplaisir from Aquatic Plants Lab at FLREC; Transects were set on two different islands. The first transect started at 9:38am and the second started at 11:10am,RI5,Yes,SNEG,Occupied,4,,,,,changed from SMWT to SNEG based on later entries for the same nest
4,4/11/2025,"A. Fussell, J. Mulling, Volunteer",Rock Islands,9:38,11:45,Volunteer is Garcy Momplaisir from Aquatic Plants Lab at FLREC; Transects were set on two different islands. The first transect started at 9:38am and the second started at 11:10am,RI6,Yes,SMWT,Occupied,3,,,,,
4,4/11/2025,"A. Fussell, J. Mulling, Volunteer",Rock Islands,9:38,11:45,Volunteer is Garcy Momplaisir from Aquatic Plants Lab at FLREC; Transects were set on two different islands. The first transect started at 9:38am and the second started at 11:10am,RI7,Yes,SNEG,Occupied,4,,,,,changed from SMWT to SNEG based on later entries for the same nest
4,4/11/2025,"A. Fussell, J. Mulling, Volunteer",Rock Islands,9:38,11:45,Volunteer is Garcy Momplaisir from Aquatic Plants Lab at FLREC; Transects were set on two different islands. The first transect started at 9:38am and the second started at 11:10am,RI8,Yes,ANHI,Occupied,,,3,,,Branching
4,4/11/2025,"A. Fussell, J. Mulling, Volunteer",Rock Islands,9:38,11:45,Volunteer is Garcy Momplaisir from Aquatic Plants Lab at FLREC; Transects were set on two different islands. The first transect started at 9:38am and the second started at 11:10am,RI9,Yes,ROSP,Occupied,,2,,,,
4,4/11/2025,"A. Fussell, J. Mulling, Volunteer",Rock Islands,9:38,11:45,Volunteer is Garcy Momplaisir from Aquatic Plants Lab at FLREC; Transects were set on two different islands. The first transect started at 9:38am and the second started at 11:10am,RI10,Yes,ROSP,Occupied,2,2,,,,
4,4/11/2025,"A. Fussell, J. Mulling, Volunteer",Rock Islands,9:38,11:45,Volunteer is Garcy Momplaisir from Aquatic Plants Lab at FLREC; Transects were set on two different islands. The first transect started at 9:38am and the second started at 11:10am,RI11,Yes,GLIB,Occupied,,,4,,,changed from ANHI to GLIB based on later entries for the same nest
4,4/11/2025,"A. Fussell, J. Mulling, Volunteer",Rock Islands,9:38,11:45,Volunteer is Garcy Momplaisir from Aquatic Plants Lab at FLREC; Transects were set on two different islands. The first transect started at 9:38am and the second started at 11:10am,RI12,Yes,TRHE,Occupied,4,,,,,changed from SMWT to TRHE based on later entries for the same nest
4,4/11/2025,"A. Fussell, J. Mulling, Volunteer",Rock Islands,9:38,11:45,Volunteer is Garcy Momplaisir from Aquatic Plants Lab at FLREC; Transects were set on two different islands. The first transect started at 9:38am and the second started at 11:10am,RI13,Yes,GREG,Occupied,,2,,,,
4,4/11/2025,"A. Fussell, J. Mulling, Volunteer",Rock Islands,9:38,11:45,Volunteer is Garcy Momplaisir from Aquatic Plants Lab at FLREC; Transects were set on two different islands. The first transect started at 9:38am and the second started at 11:10am,RI14,Yes,SNEG,Occupied,3,,,,,changed from SMWT to SNEG based on later entries for the same nest
4,4/11/2025,"A. Fussell, J. Mulling, Volunteer",Rock Islands,9:38,11:45,Volunteer is Garcy Momplaisir from Aquatic Plants Lab at FLREC; Transects were set on two different islands. The first transect started at 9:38am and the second started at 11:10am,RI15,Yes,SMWT,Occupied,2,,,,,"nest was built by SMWT then abandoned, then used by GLIB that fledged or abandoned, then used by CAEG"
4,4/11/2025,"A. Fussell, J. Mulling, Volunteer",Rock Islands,9:38,11:45,Volunteer is Garcy Momplaisir from Aquatic Plants Lab at FLREC; Transects were set on two different islands. The first transect started at 9:38am and the second started at 11:10am,RI16,Yes,SNEG,Occupied,2,,,,,changed from SMWT to SNEG based on later entries for the same nest
4,4/11/2025,"A. Fussell, J. Mulling, Volunteer",Rock Islands,9:38,11:45,Volunteer is Garcy Momplaisir from Aquatic Plants Lab at FLREC; Transects were set on two different islands. The first transect started at 9:38am and the second started at 11:10am,RI17,Yes,ROSP,Occupied,2,,,,,Not 100% sure on species ID
4,4/11/2025,"A. Fussell, J. Mulling, Volunteer",Rock Islands,9:38,11:45,Volunteer is Garcy Momplaisir from Aquatic Plants Lab at FLREC; Transects were set on two different islands. The first transect started at 9:38am and the second started at 11:10am,RI18,Yes,ROSP,Occupied,,,3,,,Branching
4,4/11/2025,"A. Fussell, J. Mulling, Volunteer",Rock Islands,9:38,11:45,Volunteer is Garcy Momplaisir from Aquatic Plants Lab at FLREC; Transects were set on two different islands. The first transect started at 9:38am and the second started at 11:10am,RI19,Yes,SNEG,Occupied,,4,,,,changed from SMWT to SNEG based on later entries for the same nest
4,4/11/2025,"A. Fussell, J. Mulling, Volunteer",Rock Islands,9:38,11:45,Volunteer is Garcy Momplaisir from Aquatic Plants Lab at FLREC; Transects were set on two different islands. The first transect started at 9:38am and the second started at 11:10am,RI20,Yes,SNEG,Occupied,,2,,,,changed from SMWT to SNEG based on later entries for the same nest
4,4/11/2025,"A. Fussell, J. Mulling, Volunteer",Rock Islands,9:38,11:45,Volunteer is Garcy Momplaisir from Aquatic Plants Lab at FLREC; Transects were set on two different islands. The first transect started at 9:38am and the second started at 11:10am,RI21,Yes,SNEG,Occupied,4,,,,,changed from SMWT to SNEG based on later entries for the same nest
4,4/11/2025,"A. Fussell, J. Mulling, Volunteer",Rock Islands,9:38,11:45,Volunteer is Garcy Momplaisir from Aquatic Plants Lab at FLREC; Transects were set on two different islands. The first transect started at 9:38am and the second started at 11:10am,RI22,Yes,GREG,Occupied,,3,,,,
4,4/11/2025,"A. Fussell, J. Mulling, Volunteer",Rock Islands,9:38,11:45,Volunteer is Garcy Momplaisir from Aquatic Plants Lab at FLREC; Transects were set on two different islands. The first transect started at 9:38am and the second started at 11:10am,RI23,Yes,ANHI,Occupied,2,,,,,"nest was only recorded as occupied 4 times: one datasheet with eggs, one datasheet has ROSP, twice with ANHI; "
4,4/11/2025,"A. Fussell, J. Mulling, Volunteer",Rock Islands,9:38,11:45,Volunteer is Garcy Momplaisir from Aquatic Plants Lab at FLREC; Transects were set on two different islands. The first transect started at 9:38am and the second started at 11:10am,RI24,Yes,SNEG,Occupied,3,,,,,changed from SMWT to SNEG based on later entries for the same nest
4,4/11/2025,"A. Fussell, J. Mulling, Volunteer",Rock Islands,9:38,11:45,Volunteer is Garcy Momplaisir from Aquatic Plants Lab at FLREC; Transects were set on two different islands. The first transect started at 9:38am and the second started at 11:10am,RI25,Yes,GREG,Occupied,,2,,,,
4,4/11/2025,"A. Fussell, J. Mulling, Volunteer",Rock Islands,9:38,11:45,Volunteer is Garcy Momplaisir from Aquatic Plants Lab at FLREC; Transects were set on two different islands. The first transect started at 9:38am and the second started at 11:10am,RI26,Yes,GREG,Occupied,,2,,,,
4,4/11/2025,"A. Fussell, J. Mulling, Volunteer",Rock Islands,9:38,11:45,Volunteer is Garcy Momplaisir from Aquatic Plants Lab at FLREC; Transects were set on two different islands. The first transect started at 9:38am and the second started at 11:10am,RI27,Yes,GLIB,Occupied,4,,,,,changed from SMWT to GLIB based on later entries for the same nest
4,4/11/2025,"A. Fussell, J. Mulling, Volunteer",Rock Islands,9:38,11:45,Volunteer is Garcy Momplaisir from Aquatic Plants Lab at FLREC; Transects were set on two different islands. The first transect started at 9:38am and the second started at 11:10am,RI28,Yes,SNEG,Occupied,2,2,,,,
4,4/11/2025,"A. Fussell, J. Mulling, Volunteer",Rock Islands,9:38,11:45,Volunteer is Garcy Momplaisir from Aquatic Plants Lab at FLREC; Transects were set on two different islands. The first transect started at 9:38am and the second started at 11:10am,RI29,Yes,SNEG,Occupied,4,,,,,changed from SNEG/TRHE to SNEG based on later entries for the same nest
4,4/11/2025,"A. Fussell, J. Mulling, Volunteer",Rock Islands,9:38,11:45,Volunteer is Garcy Momplaisir from Aquatic Plants Lab at FLREC; Transects were set on two different islands. The first transect started at 9:38am and the second started at 11:10am,RI30,Yes,TRHE,Occupied,3,,,,,changed from SNEG to TRHE based on later entries for the same nest
4,4/11/2025,"A. Fussell, J. Mulling, Volunteer",Rock Islands,9:38,11:45,Volunteer is Garcy Momplaisir from Aquatic Plants Lab at FLREC; Transects were set on two different islands. The first transect started at 9:38am and the second started at 11:10am,RI31,Yes,TRHE,Occupied,1,2,,,,
4,4/11/2025,"A. Fussell, J. Mulling, Volunteer",Rock Islands,9:38,11:45,Volunteer is Garcy Momplaisir from Aquatic Plants Lab at FLREC; Transects were set on two different islands. The first transect started at 9:38am and the second started at 11:10am,RI32,Yes,ANHI,Occupied,,,5,,,Branching
4,4/11/2025,"A. Fussell, J. Mulling, Volunteer",Rock Islands,9:38,11:45,Volunteer is Garcy Momplaisir from Aquatic Plants Lab at FLREC; Transects were set on two different islands. The first transect started at 9:38am and the second started at 11:10am,RI33,Yes,GREG,Occupied,,,1,,,Branching
4,4/11/2025,"A. Fussell, J. Mulling, Volunteer",Rock Islands,9:38,11:45,Volunteer is Garcy Momplaisir from Aquatic Plants Lab at FLREC; Transects were set on two different islands. The first transect started at 9:38am and the second started at 11:10am,RI34,Yes,GREG,Occupied,,,2,,,Branching
4,4/11/2025,"A. Fussell, J. Mulling, Volunteer",Rock Islands,9:38,11:45,Volunteer is Garcy Momplaisir from Aquatic Plants Lab at FLREC; Transects were set on two different islands. The first transect started at 9:38am and the second started at 11:10am,RI35,Yes,GREG,Occupied,,3,,,,
4,4/11/2025,"A. Fussell, J. Mulling, Volunteer",Rock Islands,9:38,11:45,Volunteer is Garcy Momplaisir from Aquatic Plants Lab at FLREC; Transects were set on two different islands. The first transect started at 9:38am and the second started at 11:10am,RI36,Yes,TRHE,Occupied,4,,,,,changed from SMWT to TRHE based on later entries for the same nest
4,4/11/2025,"A. Fussell, J. Mulling, Volunteer",Rock Islands,9:38,11:45,Volunteer is Garcy Momplaisir from Aquatic Plants Lab at FLREC; Transects were set on two different islands. The first transect started at 9:38am and the second started at 11:10am,RI2-1,Yes,ROSP,Occupied,1,,,,,
4,4/11/2025,"A. Fussell, J. Mulling, Volunteer",Rock Islands,9:38,11:45,Volunteer is Garcy Momplaisir from Aquatic Plants Lab at FLREC; Transects were set on two different islands. The first transect started at 9:38am and the second started at 11:10am,RI2-2,Yes,TRHE,Occupied,4,,,,,
4,4/11/2025,"A. Fussell, J. Mulling, Volunteer",Rock Islands,9:38,11:45,Volunteer is Garcy Momplaisir from Aquatic Plants Lab at FLREC; Transects were set on two different islands. The first transect started at 9:38am and the second started at 11:10am,RI2-3,Yes,SNEG,Occupied,4,,,,,changed from TRHE to SNEG based on later entries for the same nest
4,4/11/2025,"A. Fussell, J. Mulling, Volunteer",Rock Islands,9:38,11:45,Volunteer is Garcy Momplaisir from Aquatic Plants Lab at FLREC; Transects were set on two different islands. The first transect started at 9:38am and the second started at 11:10am,RI2-4,Yes,SNEG,Occupied,4,,,,,changed from SNEG/TRHE to SNEG based on later entries for the same nest
4,4/11/2025,"A. Fussell, J. Mulling, Volunteer",Rock Islands,9:38,11:45,Volunteer is Garcy Momplaisir from Aquatic Plants Lab at FLREC; Transects were set on two different islands. The first transect started at 9:38am and the second started at 11:10am,RI2-5,Yes,TRHE,Occupied,4,,,,,changed from SNEG/TRHE to TRHE based on later entries for the same nest
4,4/11/2025,"A. Fussell, J. Mulling, Volunteer",Rock Islands,9:38,11:45,Volunteer is Garcy Momplaisir from Aquatic Plants Lab at FLREC; Transects were set on two different islands. The first transect started at 9:38am and the second started at 11:10am,RI2-6,Yes,SNEG,Occupied,4,,,,,changed from SNEG/TRHE to SNEG based on later entries for the same nest
4,4/11/2025,"A. Fussell, J. Mulling, Volunteer",Rock Islands,9:38,11:45,Volunteer is Garcy Momplaisir from Aquatic Plants Lab at FLREC; Transects were set on two different islands. The first transect started at 9:38am and the second started at 11:10am,RI2-7,Yes,SNEG,Occupied,,3,,,,Most likely SNEG
4,4/11/2025,"A. Fussell, J. Mulling, Volunteer",Rock Islands,9:38,11:45,Volunteer is Garcy Momplaisir from Aquatic Plants Lab at FLREC; Transects were set on two different islands. The first transect started at 9:38am and the second started at 11:10am,RI2-8,Yes,SNEG,Occupied,5,,,,,changed from SNEG/TRHE to SNEG based on later entries for the same nest
4,4/11/2025,"A. Fussell, J. Mulling, Volunteer",Rock Islands,9:38,11:45,Volunteer is Garcy Momplaisir from Aquatic Plants Lab at FLREC; Transects were set on two different islands. The first transect started at 9:38am and the second started at 11:10am,RI2-9,Yes,SNEG,Occupied,3,,,,,changed from SNEG/TRHE to SNEG based on later entries for the same nest
4,4/11/2025,"A. Fussell, J. Mulling, Volunteer",Rock Islands,9:38,11:45,Volunteer is Garcy Momplaisir from Aquatic Plants Lab at FLREC; Transects were set on two different islands. The first transect started at 9:38am and the second started at 11:10am,RI2-10,Yes,SNEG,Occupied,3,,,,,changed from SMWT to SNEG 
4,4/11/2025,"A. Fussell, J. Mulling, Volunteer",Rock Islands,9:38,11:45,Volunteer is Garcy Momplaisir from Aquatic Plants Lab at FLREC; Transects were set on two different islands. The first transect started at 9:38am and the second started at 11:10am,RI2-11,Yes,TRHE,Occupied,,3,,,,
4,4/11/2025,"A. Fussell, J. Mulling, Volunteer",Rock Islands,9:38,11:45,Volunteer is Garcy Momplaisir from Aquatic Plants Lab at FLREC; Transects were set on two different islands. The first transect started at 9:38am and the second started at 11:10am,RI2-12,Yes,SNEG,Occupied,2,2,,,,changed from SNEG/TRHE to SNEG based on later entries of the same nest
4,4/11/2025,"A. Fussell, J. Mulling, Volunteer",Rock Islands,9:38,11:45,Volunteer is Garcy Momplaisir from Aquatic Plants Lab at FLREC; Transects were set on two different islands. The first transect started at 9:38am and the second started at 11:10am,RI2-13,Yes,TRHE,Occupied,,3,,,,
4,4/11/2025,"A. Fussell, J. Mulling, Volunteer",Rock Islands,9:38,11:45,Volunteer is Garcy Momplaisir from Aquatic Plants Lab at FLREC; Transects were set on two different islands. The first transect started at 9:38am and the second started at 11:10am,RI2-14,Yes,SNEG,Occupied,3,,,,,changed from SNEG/TRHE to SNEG based on later entries fo the same nest
4,4/11/2025,"A. Fussell, J. Mulling, Volunteer",Rock Islands,9:38,11:45,Volunteer is Garcy Momplaisir from Aquatic Plants Lab at FLREC; Transects were set on two different islands. The first transect started at 9:38am and the second started at 11:10am,RI2-15,Yes,SNEG,Occupied,4,,,,,changed from SNEG/TRHE to SNEG based on later entries for the same nest
4,4/11/2025,"A. Fussell, J. Mulling, Volunteer",Rock Islands,9:38,11:45,Volunteer is Garcy Momplaisir from Aquatic Plants Lab at FLREC; Transects were set on two different islands. The first transect started at 9:38am and the second started at 11:10am,RI2-16,Yes,TRHE,Occupied,3,1,,,,
4,4/11/2025,"A. Fussell, J. Mulling, Volunteer",Rock Islands,9:38,11:45,Volunteer is Garcy Momplaisir from Aquatic Plants Lab at FLREC; Transects were set on two different islands. The first transect started at 9:38am and the second started at 11:10am,RI2-17,Yes,TRHE,Occupied,3,,,,,
4,4/11/2025,"A. Fussell, J. Mulling, Volunteer",Rock Islands,9:38,11:45,Volunteer is Garcy Momplaisir from Aquatic Plants Lab at FLREC; Transects were set on two different islands. The first transect started at 9:38am and the second started at 11:10am,RI2-18,Yes,SNEG,Occupied,4,,,,,changed from TRHE to SNEG based on later entries for the same nest
4,4/11/2025,"A. Fussell, J. Mulling, Volunteer",Rock Islands,9:38,11:45,Volunteer is Garcy Momplaisir from Aquatic Plants Lab at FLREC; Transects were set on two different islands. The first transect started at 9:38am and the second started at 11:10am,RI2-19,Yes,SNEG,Occupied,3,,,,,changed from TRHE to SNEG based on later entries for the same nest
4,4/11/2025,"A. Fussell, J. Mulling, Volunteer",Rock Islands,9:38,11:45,Volunteer is Garcy Momplaisir from Aquatic Plants Lab at FLREC; Transects were set on two different islands. The first transect started at 9:38am and the second started at 11:10am,RI2-20,Yes,SNEG,Occupied,4,,,,,changed from TRHE to SNEG based on later entries for the same nest
5,4/14/2025,"A. Fussell, J. Mulling, Volunteer",Little Bear Beach,9:03,10:40,Volunteer is Garcy Momplaisir from Aquatic Plants Lab at FLREC; Transects were set on two different islands. The first transect started at 9:38am and the second started at 11:10am,LBB1,No,TRHE,Occupied,3,,,,,changed from SNEG/TRHE to TRHE based on later entries for the same nest
5,4/14/2025,"A. Fussell, J. Mulling, Volunteer",Little Bear Beach,9:03,10:40,Volunteer is Garcy Momplaisir from Aquatic Plants Lab at FLREC; Transects were set on two different islands. The first transect started at 9:38am and the second started at 11:10am,LBB2,No,WHIB,Occupied,2,,,,,
5,4/14/2025,"A. Fussell, J. Mulling, Volunteer",Little Bear Beach,9:03,10:40,Volunteer is Garcy Momplaisir from Aquatic Plants Lab at FLREC; Transects were set on two different islands. The first transect started at 9:38am and the second started at 11:10am,LBB3,No,WHIB,Occupied,2,,,,,
5,4/14/2025,"A. Fussell, J. Mulling, Volunteer",Little Bear Beach,9:03,10:40,Volunteer is Garcy Momplaisir from Aquatic Plants Lab at FLREC; Transects were set on two different islands. The first transect started at 9:38am and the second started at 11:10am,LBB4,No,WHIB,Occupied,3,,,,,
5,4/14/2025,"A. Fussell, J. Mulling, Volunteer",Little Bear Beach,9:03,10:40,Volunteer is Garcy Momplaisir from Aquatic Plants Lab at FLREC; Transects were set on two different islands. The first transect started at 9:38am and the second started at 11:10am,LBB5,No,WHIB,Occupied,2,1,,,,
5,4/14/2025,"A. Fussell, J. Mulling, Volunteer",Little Bear Beach,9:03,10:40,Volunteer is Garcy Momplaisir from Aquatic Plants Lab at FLREC; Transects were set on two different islands. The first transect started at 9:38am and the second started at 11:10am,LBB6,No,WHIB,Occupied,1,,,,,Egg was in process of hatching
5,4/14/2025,"A. Fussell, J. Mulling, Volunteer",Little Bear Beach,9:03,10:40,Volunteer is Garcy Momplaisir from Aquatic Plants Lab at FLREC; Transects were set on two different islands. The first transect started at 9:38am and the second started at 11:10am,LBB7,No,WHIB,Occupied,2,1,,,,
5,4/14/2025,"A. Fussell, J. Mulling, Volunteer",Little Bear Beach,9:03,10:40,Volunteer is Garcy Momplaisir from Aquatic Plants Lab at FLREC; Transects were set on two different islands. The first transect started at 9:38am and the second started at 11:10am,LBB8,No,WHIB,Occupied,1,1,,,,
5,4/14/2025,"A. Fussell, J. Mulling, Volunteer",Little Bear Beach,9:03,10:40,Volunteer is Garcy Momplaisir from Aquatic Plants Lab at FLREC; Transects were set on two different islands. The first transect started at 9:38am and the second started at 11:10am,LBB9,No,TRHE,Occupied,,3,,,,
5,4/14/2025,"A. Fussell, J. Mulling, Volunteer",Little Bear Beach,9:03,10:40,Volunteer is Garcy Momplaisir from Aquatic Plants Lab at FLREC; Transects were set on two different islands. The first transect started at 9:38am and the second started at 11:10am,LBB10,No,WHIB,Occupied,2,,,,,
5,4/14/2025,"A. Fussell, J. Mulling, Volunteer",Little Bear Beach,9:03,10:40,Volunteer is Garcy Momplaisir from Aquatic Plants Lab at FLREC; Transects were set on two different islands. The first transect started at 9:38am and the second started at 11:10am,LBB11,No,WHIB,Occupied,,2,,,,
5,4/14/2025,"A. Fussell, J. Mulling, Volunteer",Little Bear Beach,9:03,10:40,Volunteer is Garcy Momplaisir from Aquatic Plants Lab at FLREC; Transects were set on two different islands. The first transect started at 9:38am and the second started at 11:10am,LBB12,No,SNEG,Occupied,3,,,,,
5,4/14/2025,"A. Fussell, J. Mulling, Volunteer",Little Bear Beach,9:03,10:40,Volunteer is Garcy Momplaisir from Aquatic Plants Lab at FLREC; Transects were set on two different islands. The first transect started at 9:38am and the second started at 11:10am,LBB13,No,TRHE,Occupied,1,2,,,,
5,4/14/2025,"A. Fussell, J. Mulling, Volunteer",Little Bear Beach,9:03,10:40,Volunteer is Garcy Momplaisir from Aquatic Plants Lab at FLREC; Transects were set on two different islands. The first transect started at 9:38am and the second started at 11:10am,LBB14,No,WHIB,Occupied,2,,,,,
5,4/14/2025,"A. Fussell, J. Mulling, Volunteer",Little Bear Beach,9:03,10:40,Volunteer is Garcy Momplaisir from Aquatic Plants Lab at FLREC; Transects were set on two different islands. The first transect started at 9:38am and the second started at 11:10am,LBB15,No,WHIB,Occupied,1,2,,,,
5,4/14/2025,"A. Fussell, J. Mulling, Volunteer",Little Bear Beach,9:03,10:40,Volunteer is Garcy Momplaisir from Aquatic Plants Lab at FLREC; Transects were set on two different islands. The first transect started at 9:38am and the second started at 11:10am,LBB16,No,WHIB,Occupied,,3,,,,
5,4/14/2025,"A. Fussell, J. Mulling, Volunteer",Little Bear Beach,9:03,10:40,Volunteer is Garcy Momplaisir from Aquatic Plants Lab at FLREC; Transects were set on two different islands. The first transect started at 9:38am and the second started at 11:10am,LBB17,No,WHIB,Occupied,1,2,,,,
5,4/14/2025,"A. Fussell, J. Mulling, Volunteer",Little Bear Beach,9:03,10:40,Volunteer is Garcy Momplaisir from Aquatic Plants Lab at FLREC; Transects were set on two different islands. The first transect started at 9:38am and the second started at 11:10am,LBB18,No,WHIB,Occupied,1,1,,,,
5,4/14/2025,"A. Fussell, J. Mulling, Volunteer",Little Bear Beach,9:03,10:40,Volunteer is Garcy Momplaisir from Aquatic Plants Lab at FLREC; Transects were set on two different islands. The first transect started at 9:38am and the second started at 11:10am,LBB19,No,WHIB,Occupied,2,,,,,
5,4/14/2025,"A. Fussell, J. Mulling, Volunteer",Little Bear Beach,9:03,10:40,Volunteer is Garcy Momplaisir from Aquatic Plants Lab at FLREC; Transects were set on two different islands. The first transect started at 9:38am and the second started at 11:10am,LBB20,No,TRHE,Occupied,3,,,,,
5,4/14/2025,"A. Fussell, J. Mulling, Volunteer",Little Bear Beach,9:03,10:40,Volunteer is Garcy Momplaisir from Aquatic Plants Lab at FLREC; Transects were set on two different islands. The first transect started at 9:38am and the second started at 11:10am,LBB21,No,TRHE,Occupied,3,,,,,changed from SNEG/TRHE to TRHE based on later data entries for the same nest
5,4/14/2025,"A. Fussell, J. Mulling, Volunteer",Little Bear Beach,9:03,10:40,Volunteer is Garcy Momplaisir from Aquatic Plants Lab at FLREC; Transects were set on two different islands. The first transect started at 9:38am and the second started at 11:10am,LBB22,No,TRHE,Occupied,3,,,,,changed from SNEG/TRHE to TRHE based on later data entries for the same nest
5,4/14/2025,"A. Fussell, J. Mulling, Volunteer",Little Bear Beach,9:03,10:40,Volunteer is Garcy Momplaisir from Aquatic Plants Lab at FLREC; Transects were set on two different islands. The first transect started at 9:38am and the second started at 11:10am,LBB23,No,GREG,Occupied,3,,,,,Most likely GREG
5,4/14/2025,"A. Fussell, J. Mulling, Volunteer",Little Bear Beach,9:03,10:40,Volunteer is Garcy Momplaisir from Aquatic Plants Lab at FLREC; Transects were set on two different islands. The first transect started at 9:38am and the second started at 11:10am,LBB24,No,SNEG,Occupied,1,3,,,,
5,4/14/2025,"A. Fussell, J. Mulling, Volunteer",Little Bear Beach,9:03,10:40,Volunteer is Garcy Momplaisir from Aquatic Plants Lab at FLREC; Transects were set on two different islands. The first transect started at 9:38am and the second started at 11:10am,LBB25,No,GREG,Occupied,,2,,,,
5,4/14/2025,"A. Fussell, J. Mulling, Volunteer",Little Bear Beach,9:03,10:40,Volunteer is Garcy Momplaisir from Aquatic Plants Lab at FLREC; Transects were set on two different islands. The first transect started at 9:38am and the second started at 11:10am,LBB26,No,SNEG,Occupied,3,,,,,
5,4/14/2025,"A. Fussell, J. Mulling, Volunteer",Little Bear Beach,9:03,10:40,Volunteer is Garcy Momplaisir from Aquatic Plants Lab at FLREC; Transects were set on two different islands. The first transect started at 9:38am and the second started at 11:10am,LBB27,No,SNEG,Occupied,2,1,,,,
5,4/14/2025,"A. Fussell, J. Mulling, Volunteer",Little Bear Beach,9:03,10:40,Volunteer is Garcy Momplaisir from Aquatic Plants Lab at FLREC; Transects were set on two different islands. The first transect started at 9:38am and the second started at 11:10am,LBB28,No,SNEG,Occupied,1,2,,,,
5,4/14/2025,"A. Fussell, J. Mulling, Volunteer",Little Bear Beach,9:03,10:40,Volunteer is Garcy Momplaisir from Aquatic Plants Lab at FLREC; Transects were set on two different islands. The first transect started at 9:38am and the second started at 11:10am,LBB29,No,SNEG,Occupied,1,2,,,,
5,4/14/2025,"A. Fussell, J. Mulling, Volunteer",Little Bear Beach,9:03,10:40,Volunteer is Garcy Momplaisir from Aquatic Plants Lab at FLREC; Transects were set on two different islands. The first transect started at 9:38am and the second started at 11:10am,LBB30,No,SNEG,Occupied,,3,,,,
5,4/14/2025,"A. Fussell, J. Mulling, Volunteer",Little Bear Beach,9:03,10:40,Volunteer is Garcy Momplaisir from Aquatic Plants Lab at FLREC; Transects were set on two different islands. The first transect started at 9:38am and the second started at 11:10am,LBB31,No,SNEG,Occupied,3,,,,,
5,4/14/2025,"A. Fussell, J. Mulling, Volunteer",Little Bear Beach,9:03,10:40,Volunteer is Garcy Momplaisir from Aquatic Plants Lab at FLREC; Transects were set on two different islands. The first transect started at 9:38am and the second started at 11:10am,LBB32,No,TRHE,Occupied,,2,,,,
5,4/14/2025,"A. Fussell, J. Mulling, Volunteer",Little Bear Beach,9:03,10:40,Volunteer is Garcy Momplaisir from Aquatic Plants Lab at FLREC; Transects were set on two different islands. The first transect started at 9:38am and the second started at 11:10am,LBB33,No,WHIB,Destroyed or Gone,,,,,,
5,4/14/2025,"A. Fussell, J. Mulling, Volunteer",Little Bear Beach,9:03,10:40,Volunteer is Garcy Momplaisir from Aquatic Plants Lab at FLREC; Transects were set on two different islands. The first transect started at 9:38am and the second started at 11:10am,LBB34,No,WHIB,Occupied,2,,,,,
5,4/14/2025,"A. Fussell, J. Mulling, Volunteer",Little Bear Beach,9:03,10:40,Volunteer is Garcy Momplaisir from Aquatic Plants Lab at FLREC; Transects were set on two different islands. The first transect started at 9:38am and the second started at 11:10am,LBB35,No,WHIB,Occupied,1,2,,,,
5,4/14/2025,"A. Fussell, J. Mulling, Volunteer",Little Bear Beach,9:03,10:40,Volunteer is Garcy Momplaisir from Aquatic Plants Lab at FLREC; Transects were set on two different islands. The first transect started at 9:38am and the second started at 11:10am,LBB36,No,WHIB,Occupied,2,,,,,
5,4/14/2025,"A. Fussell, J. Mulling, Volunteer",Little Bear Beach,9:03,10:40,Volunteer is Garcy Momplaisir from Aquatic Plants Lab at FLREC; Transects were set on two different islands. The first transect started at 9:38am and the second started at 11:10am,LBB37,No,WHIB,Occupied,3,,,,,
5,4/14/2025,"A. Fussell, J. Mulling, Volunteer",Little Bear Beach,9:03,10:40,Volunteer is Garcy Momplaisir from Aquatic Plants Lab at FLREC; Transects were set on two different islands. The first transect started at 9:38am and the second started at 11:10am,LBB38,No,WHIB,Occupied,2,,,,,
5,4/14/2025,"A. Fussell, J. Mulling, Volunteer",Little Bear Beach,9:03,10:40,Volunteer is Garcy Momplaisir from Aquatic Plants Lab at FLREC; Transects were set on two different islands. The first transect started at 9:38am and the second started at 11:10am,LBB39,No,WHIB,Occupied,2,,,,,
5,4/14/2025,"A. Fussell, J. Mulling, Volunteer",Little Bear Beach,9:03,10:40,Volunteer is Garcy Momplaisir from Aquatic Plants Lab at FLREC; Transects were set on two different islands. The first transect started at 9:38am and the second started at 11:10am,LBB40,No,WHIB,Occupied,2,,,,,
5,4/14/2025,"A. Fussell, J. Mulling, Volunteer",Little Bear Beach,9:03,10:40,Volunteer is Garcy Momplaisir from Aquatic Plants Lab at FLREC; Transects were set on two different islands. The first transect started at 9:38am and the second started at 11:10am,LBB41,No,WHIB,Occupied,3,,,,,
5,4/14/2025,"A. Fussell, J. Mulling, Volunteer",Little Bear Beach,9:03,10:40,Volunteer is Garcy Momplaisir from Aquatic Plants Lab at FLREC; Transects were set on two different islands. The first transect started at 9:38am and the second started at 11:10am,LBB42,No,WHIB,Occupied,3,,,,,
5,4/14/2025,"A. Fussell, J. Mulling, Volunteer",Little Bear Beach,9:03,10:40,Volunteer is Garcy Momplaisir from Aquatic Plants Lab at FLREC; Transects were set on two different islands. The first transect started at 9:38am and the second started at 11:10am,LBB43,No,WHIB,Occupied,2,,,,,
5,4/14/2025,"A. Fussell, J. Mulling, Volunteer",Little Bear Beach,9:03,10:40,Volunteer is Garcy Momplaisir from Aquatic Plants Lab at FLREC; Transects were set on two different islands. The first transect started at 9:38am and the second started at 11:10am,LBB44,No,WHIB,Occupied,3,,,,,
5,4/14/2025,"A. Fussell, J. Mulling, Volunteer",Little Bear Beach,9:03,10:40,Volunteer is Garcy Momplaisir from Aquatic Plants Lab at FLREC; Transects were set on two different islands. The first transect started at 9:38am and the second started at 11:10am,LBB45,No,WHIB,Occupied,2,,,,,
5,4/14/2025,"A. Fussell, J. Mulling, Volunteer",Little Bear Beach,9:03,10:40,Volunteer is Garcy Momplaisir from Aquatic Plants Lab at FLREC; Transects were set on two different islands. The first transect started at 9:38am and the second started at 11:10am,LBB46,No,WHIB,Occupied,3,,,,,
5,4/14/2025,"A. Fussell, J. Mulling, Volunteer",Little Bear Beach,9:03,10:40,Volunteer is Garcy Momplaisir from Aquatic Plants Lab at FLREC; Transects were set on two different islands. The first transect started at 9:38am and the second started at 11:10am,LBB47,No,WHIB,Occupied,3,,,,,
5,4/14/2025,"A. Fussell, J. Mulling, Volunteer",Little Bear Beach,9:03,10:40,Volunteer is Garcy Momplaisir from Aquatic Plants Lab at FLREC; Transects were set on two different islands. The first transect started at 9:38am and the second started at 11:10am,LBB48,No,WHIB,Occupied,2,,,,,
5,4/14/2025,"A. Fussell, J. Mulling, Volunteer",Little Bear Beach,9:03,10:40,Volunteer is Garcy Momplaisir from Aquatic Plants Lab at FLREC; Transects were set on two different islands. The first transect started at 9:38am and the second started at 11:10am,LBB49,No,WHIB,Occupied,1,,,,,
5,4/14/2025,"A. Fussell, J. Mulling, Volunteer",Little Bear Beach,9:03,10:40,Volunteer is Garcy Momplaisir from Aquatic Plants Lab at FLREC; Transects were set on two different islands. The first transect started at 9:38am and the second started at 11:10am,LBB50,No,WHIB,Occupied,2,,,,,
5,4/14/2025,"A. Fussell, J. Mulling, Volunteer",Little Bear Beach,9:03,10:40,Volunteer is Garcy Momplaisir from Aquatic Plants Lab at FLREC; Transects were set on two different islands. The first transect started at 9:38am and the second started at 11:10am,LBB51,No,TRHE,Occupied,,3,,,,
6,4/14/2025,"A. Fussell, J. Mulling, Volunteer",Clewiston Spit,11:18,12:15,Volunteer is Garcy Momplaisir from Aquatic Plants Lab at FLREC; Transects were set on two different islands. The first transect started at 9:38am and the second started at 11:10am,CS1,No,WHIB,Occupied,,,2,,,Branched
6,4/14/2025,"A. Fussell, J. Mulling, Volunteer",Clewiston Spit,11:18,12:15,"On tree before transect: 45 GREG, 6 ROSP",CS2,No,WHIB,Occupied,,,3,,,Branched
6,4/14/2025,"A. Fussell, J. Mulling, Volunteer",Clewiston Spit,11:18,12:15,"On tree before transect: 45 GREG, 6 ROSP",CS3,No,SNEG,Occupied,,,3,,,Branched
6,4/14/2025,"A. Fussell, J. Mulling, Volunteer",Clewiston Spit,11:18,12:15,"On tree before transect: 45 GREG, 6 ROSP",CS4,No,WHIB,Occupied,2,2,,,,
6,4/14/2025,"A. Fussell, J. Mulling, Volunteer",Clewiston Spit,11:18,12:15,"On tree before transect: 45 GREG, 6 ROSP",CS5,No,WHIB,Occupied,1,1,,,1,
6,4/14/2025,"A. Fussell, J. Mulling, Volunteer",Clewiston Spit,11:18,12:15,"On tree before transect: 45 GREG, 6 ROSP",CS6,No,WHIB,Occupied,,3,,,,
6,4/14/2025,"A. Fussell, J. Mulling, Volunteer",Clewiston Spit,11:18,12:15,"On tree before transect: 45 GREG, 6 ROSP",CS7,No,WHIB,Occupied,,3,,,,
6,4/14/2025,"A. Fussell, J. Mulling, Volunteer",Clewiston Spit,11:18,12:15,"On tree before transect: 45 GREG, 6 ROSP",CS8,No,WHIB,Occupied,,3,,,,
6,4/14/2025,"A. Fussell, J. Mulling, Volunteer",Clewiston Spit,11:18,12:15,"On tree before transect: 45 GREG, 6 ROSP",CS9,No,WHIB,Occupied,,2,,,,
6,4/14/2025,"A. Fussell, J. Mulling, Volunteer",Clewiston Spit,11:18,12:15,"On tree before transect: 45 GREG, 6 ROSP",CS10,No,WHIB,Occupied,1,1,,,,
6,4/14/2025,"A. Fussell, J. Mulling, Volunteer",Clewiston Spit,11:18,12:15,"On tree before transect: 45 GREG, 6 ROSP",CS11,No,WHIB,Occupied,1,,,,,
6,4/14/2025,"A. Fussell, J. Mulling, Volunteer",Clewiston Spit,11:18,12:15,"On tree before transect: 45 GREG, 6 ROSP",CS12,No,WHIB,Empty,,,,,,
6,4/14/2025,"A. Fussell, J. Mulling, Volunteer",Clewiston Spit,11:18,12:15,"On tree before transect: 45 GREG, 6 ROSP",CS13,No,WHIB,Empty,,,,,,
6,4/14/2025,"A. Fussell, J. Mulling, Volunteer",Clewiston Spit,11:18,12:15,"On tree before transect: 45 GREG, 6 ROSP",CS14,No,SNEG,Occupied,4,,,,,
6,4/14/2025,"A. Fussell, J. Mulling, Volunteer",Clewiston Spit,11:18,12:15,"On tree before transect: 45 GREG, 6 ROSP",CS15,No,SNEG,Occupied,3,,,,,
6,4/14/2025,"A. Fussell, J. Mulling, Volunteer",Clewiston Spit,11:18,12:15,"On tree before transect: 45 GREG, 6 ROSP",CS16,No,SNEG,Occupied,3,,,,,
6,4/14/2025,"A. Fussell, J. Mulling, Volunteer",Clewiston Spit,11:18,12:15,"On tree before transect: 45 GREG, 6 ROSP",CS17,No,SNEG,Occupied,,3,,,,
6,4/14/2025,"A. Fussell, J. Mulling, Volunteer",Clewiston Spit,11:18,12:15,"On tree before transect: 45 GREG, 6 ROSP",CS18,No,TRHE,Occupied,,3,,,,
6,4/14/2025,"A. Fussell, J. Mulling, Volunteer",Clewiston Spit,11:18,12:15,"On tree before transect: 45 GREG, 6 ROSP",CS19,No,SNEG,Occupied,,3,,,,
6,4/14/2025,"A. Fussell, J. Mulling, Volunteer",Clewiston Spit,11:18,12:15,"On tree before transect: 45 GREG, 6 ROSP",CS20,No,SNEG,Occupied,5,,,,,
6,4/14/2025,"A. Fussell, J. Mulling, Volunteer",Clewiston Spit,11:18,12:15,"On tree before transect: 45 GREG, 6 ROSP",CS21,No,SNEG,Occupied,3,,,,,
6,4/14/2025,"A. Fussell, J. Mulling, Volunteer",Clewiston Spit,11:18,12:15,"On tree before transect: 45 GREG, 6 ROSP",CS22,No,GLIB,Occupied,4,,,,,changed from TRHE/SNEG to GLIB based on previous data entries of the same nest
6,4/14/2025,"A. Fussell, J. Mulling, Volunteer",Clewiston Spit,11:18,12:15,"On tree before transect: 45 GREG, 6 ROSP",CS23,No,SNEG,Occupied,1,2,,,,
6,4/14/2025,"A. Fussell, J. Mulling, Volunteer",Clewiston Spit,11:18,12:15,"On tree before transect: 45 GREG, 6 ROSP",CS24,No,SNEG,Occupied,3,,,,,
6,4/14/2025,"A. Fussell, J. Mulling, Volunteer",Clewiston Spit,11:18,12:15,"On tree before transect: 45 GREG, 6 ROSP",CS25,No,SNEG,Occupied,,4,,,,
6,4/14/2025,"A. Fussell, J. Mulling, Volunteer",Clewiston Spit,11:18,12:15,"On tree before transect: 45 GREG, 6 ROSP",CS26,No,SNEG,Occupied,4,,,,,changed from TRHE to SNEG based on previous data entries of the same nest
6,4/14/2025,"A. Fussell, J. Mulling, Volunteer",Clewiston Spit,11:18,12:15,"On tree before transect: 45 GREG, 6 ROSP",CS27,No,TRHE,Occupied,2,1,,,,
7689676r,4/14/2025,"A. Fussell, J. Mulling, Volunteer",Clewiston Spit,11:18,12:15,"On tree before transect: 45 GREG, 6 ROSP",CS28,No,SNEG,Occupied,3,,,,,changed from TRHE to SNEG based on previous data entries of the same nest
6,4/14/2025,"A. Fussell, J. Mulling, Volunteer",Clewiston Spit,11:18,12:15,"On tree before transect: 45 GREG, 6 ROSP",CS29,No,SNEG,Occupied,4,,,,,
6,4/14/2025,"A. Fussell, J. Mulling, Volunteer",Clewiston Spit,11:18,12:15,"On tree before transect: 45 GREG, 6 ROSP",CS30,No,SNEG,,,,,,,unable to find on this day
6,4/14/2025,"A. Fussell, J. Mulling, Volunteer",Clewiston Spit,11:18,12:15,"On tree before transect: 45 GREG, 6 ROSP",CS31,No,SNEG,Occupied,,4,,,,
6,4/14/2025,"A. Fussell, J. Mulling, Volunteer",Clewiston Spit,11:18,12:15,"On tree before transect: 45 GREG, 6 ROSP",CS32,No,SNEG,Occupied,,4,,,,
6,4/14/2025,"A. Fussell, J. Mulling, Volunteer",Clewiston Spit,11:18,12:15,"On tree before transect: 45 GREG, 6 ROSP",CS33,No,SNEG,Occupied,,,,,1,
6,4/14/2025,"A. Fussell, J. Mulling, Volunteer",Clewiston Spit,11:18,12:15,"On tree before transect: 45 GREG, 6 ROSP",CS34,No,SNEG,Occupied,,4,,,,changed from GREG to SNEG based on previous data entries of the same nest
6,4/14/2025,"A. Fussell, J. Mulling, Volunteer",Clewiston Spit,11:18,12:15,"On tree before transect: 45 GREG, 6 ROSP",CS35,No,SNEG,Occupied,4,,,,,
6,4/14/2025,"A. Fussell, J. Mulling, Volunteer",Clewiston Spit,11:18,12:15,"On tree before transect: 45 GREG, 6 ROSP",CS36,No,SNEG,Occupied,1,3,,,,
6,4/14/2025,"A. Fussell, J. Mulling, Volunteer",Clewiston Spit,11:18,12:15,"On tree before transect: 45 GREG, 6 ROSP",CS37,No,GREG,Occupied,,,3,,,Branched
6,4/14/2025,"A. Fussell, J. Mulling, Volunteer",Clewiston Spit,11:18,12:15,"On tree before transect: 45 GREG, 6 ROSP",CS38,No,GREG,Occupied,,2,,,,
6,4/14/2025,"A. Fussell, J. Mulling, Volunteer",Clewiston Spit,11:18,12:15,"On tree before transect: 45 GREG, 6 ROSP",CS39,No,GREG,Occupied,,2,,,,Branched; changed from SNEG to GREG based on other data entries of the same nest
6,4/14/2025,"A. Fussell, J. Mulling, Volunteer",Clewiston Spit,11:18,12:15,"On tree before transect: 45 GREG, 6 ROSP",CS40,No,SNEG,Occupied,,3,,,,
6,4/14/2025,"A. Fussell, J. Mulling, Volunteer",Clewiston Spit,11:18,12:15,"On tree before transect: 45 GREG, 6 ROSP",CS41,No,SNEG,Occupied,4,,,,,
6,4/14/2025,"A. Fussell, J. Mulling, Volunteer",Clewiston Spit,11:18,12:15,"On tree before transect: 45 GREG, 6 ROSP",CS42,No,SNEG,Occupied,1,3,,,,
6,4/14/2025,"A. Fussell, J. Mulling, Volunteer",Clewiston Spit,11:18,12:15,"On tree before transect: 45 GREG, 6 ROSP",CS43,No,SNEG,Occupied,4,,,,,
6,4/14/2025,"A. Fussell, J. Mulling, Volunteer",Clewiston Spit,11:18,12:15,"On tree before transect: 45 GREG, 6 ROSP",CS44,No,GREG,Empty,,,,,,
6,4/14/2025,"A. Fussell, J. Mulling, Volunteer",Clewiston Spit,11:18,12:15,"On tree before transect: 45 GREG, 6 ROSP",CS45,No,GREG,Occupied,,2,,,,
6,4/14/2025,"A. Fussell, J. Mulling, Volunteer",Clewiston Spit,11:18,12:15,"On tree before transect: 45 GREG, 6 ROSP",CS46,No,SNEG,Occupied,,4,,,,
6,4/14/2025,"A. Fussell, J. Mulling, Volunteer",Clewiston Spit,11:18,12:15,"On tree before transect: 45 GREG, 6 ROSP",CS47,No,SNEG,Occupied,,3,,,,
6,4/14/2025,"A. Fussell, J. Mulling, Volunteer",Clewiston Spit,11:18,12:15,"On tree before transect: 45 GREG, 6 ROSP",CS48,No,GREG,Occupied,,3,,,,
6,4/14/2025,"A. Fussell, J. Mulling, Volunteer",Clewiston Spit,11:18,12:15,"On tree before transect: 45 GREG, 6 ROSP",CS49,No,SNEG,Occupied,,3,,,,
6,4/14/2025,"A. Fussell, J. Mulling, Volunteer",Clewiston Spit,11:18,12:15,"On tree before transect: 45 GREG, 6 ROSP",CS50,No,GREG,Occupied,,3,,,,
7,4/15/2025,"A. Fussell, J. Mulling",Moonshine Bay,10:24,12:09,Airboat trails drying up; first visit to set up transect,MB1,Yes,WHIB,Occupied,2,,,,,changed from GLIB to WHIB based on later entries for the same nest
7,4/15/2025,"A. Fussell, J. Mulling",Moonshine Bay,10:24,12:09,Airboat trails drying up; first visit to set up transect,MB2,Yes,WHIB,Occupied,3,,,,,
7,4/15/2025,"A. Fussell, J. Mulling",Moonshine Bay,10:24,12:09,Airboat trails drying up; first visit to set up transect,MB3,Yes,WHIB,Occupied,3,,,,,
7,4/15/2025,"A. Fussell, J. Mulling",Moonshine Bay,10:24,12:09,Airboat trails drying up; first visit to set up transect,MB4,Yes,WHIB,Occupied,3,,,,,
7,4/15/2025,"A. Fussell, J. Mulling",Moonshine Bay,10:24,12:09,Airboat trails drying up; first visit to set up transect,MB5,Yes,WHIB,Occupied,2,,,,,
7,4/15/2025,"A. Fussell, J. Mulling",Moonshine Bay,10:24,12:09,Airboat trails drying up; first visit to set up transect,MB6,Yes,GLIB,Occupied,4,,,,,
7,4/15/2025,"A. Fussell, J. Mulling",Moonshine Bay,10:24,12:09,Airboat trails drying up; first visit to set up transect,MB7,Yes,WHIB,Occupied,3,,,,,
7,4/15/2025,"A. Fussell, J. Mulling",Moonshine Bay,10:24,12:09,Airboat trails drying up; first visit to set up transect,MB8,Yes,WHIB,Occupied,2,,,,,
7,4/15/2025,"A. Fussell, J. Mulling",Moonshine Bay,10:24,12:09,Airboat trails drying up; first visit to set up transect,MB9,Yes,WHIB,Occupied,3,,,,,
7,4/15/2025,"A. Fussell, J. Mulling",Moonshine Bay,10:24,12:09,Airboat trails drying up; first visit to set up transect,MB10,Yes,WHIB,Occupied,2,,,,,
7,4/15/2025,"A. Fussell, J. Mulling",Moonshine Bay,10:24,12:09,Airboat trails drying up; first visit to set up transect,MB11,Yes,WHIB,Occupied,2,,,,,
7,4/15/2025,"A. Fussell, J. Mulling",Moonshine Bay,10:24,12:09,Airboat trails drying up; first visit to set up transect,MB12,Yes,WHIB,Occupied,3,,,,,
7,4/15/2025,"A. Fussell, J. Mulling",Moonshine Bay,10:24,12:09,Airboat trails drying up; first visit to set up transect,MB13,Yes,WHIB,Occupied,1,,,,,
7,4/15/2025,"A. Fussell, J. Mulling",Moonshine Bay,10:24,12:09,Airboat trails drying up; first visit to set up transect,MB14,Yes,WHIB,Occupied,1,,,,,
7,4/15/2025,"A. Fussell, J. Mulling",Moonshine Bay,10:24,12:09,Airboat trails drying up; first visit to set up transect,MB15,Yes,WHIB,Occupied,2,,,,,
7,4/15/2025,"A. Fussell, J. Mulling",Moonshine Bay,10:24,12:09,Airboat trails drying up; first visit to set up transect,MB16,Yes,WHIB,Occupied,3,,,,,
7,4/15/2025,"A. Fussell, J. Mulling",Moonshine Bay,10:24,12:09,Airboat trails drying up; first visit to set up transect,MB17,Yes,WHIB,Occupied,3,,,,,
7,4/15/2025,"A. Fussell, J. Mulling",Moonshine Bay,10:24,12:09,Airboat trails drying up; first visit to set up transect,MB18,Yes,WHIB,Occupied,2,,,,,
7,4/15/2025,"A. Fussell, J. Mulling",Moonshine Bay,10:24,12:09,Airboat trails drying up; first visit to set up transect,MB19,Yes,WHIB,Occupied,3,,,,,
7,4/15/2025,"A. Fussell, J. Mulling",Moonshine Bay,10:24,12:09,Airboat trails drying up; first visit to set up transect,MB20,Yes,WHIB,Occupied,2,,,,,
7,4/15/2025,"A. Fussell, J. Mulling",Moonshine Bay,10:24,12:09,Airboat trails drying up; first visit to set up transect,MB21,Yes,WHIB,Occupied,3,,,,,
7,4/15/2025,"A. Fussell, J. Mulling",Moonshine Bay,10:24,12:09,Airboat trails drying up; first visit to set up transect,MB22,Yes,WHIB,Occupied,3,,,,,
7,4/15/2025,"A. Fussell, J. Mulling",Moonshine Bay,10:24,12:09,Airboat trails drying up; first visit to set up transect,MB23,Yes,WHIB,Occupied,3,,,,,
7,4/15/2025,"A. Fussell, J. Mulling",Moonshine Bay,10:24,12:09,Airboat trails drying up; first visit to set up transect,MB24,Yes,WHIB,Occupied,2,,,,,
7,4/15/2025,"A. Fussell, J. Mulling",Moonshine Bay,10:24,12:09,Airboat trails drying up; first visit to set up transect,MB25,Yes,WHIB,Occupied,2,,,,,
7,4/15/2025,"A. Fussell, J. Mulling",Moonshine Bay,10:24,12:09,Airboat trails drying up; first visit to set up transect,MB26,Yes,WHIB,Occupied,3,,,,,
7,4/15/2025,"A. Fussell, J. Mulling",Moonshine Bay,10:24,12:09,Airboat trails drying up; first visit to set up transect,MB27,Yes,WHIB,Occupied,2,,,,,
7,4/15/2025,"A. Fussell, J. Mulling",Moonshine Bay,10:24,12:09,Airboat trails drying up; first visit to set up transect,MB28,Yes,WHIB,Occupied,3,,,,,
7,4/15/2025,"A. Fussell, J. Mulling",Moonshine Bay,10:24,12:09,Airboat trails drying up; first visit to set up transect,MB29,Yes,WHIB,Occupied,2,,,,,
7,4/15/2025,"A. Fussell, J. Mulling",Moonshine Bay,10:24,12:09,Airboat trails drying up; first visit to set up transect,MB30,Yes,WHIB,Occupied,3,,,,,
7,4/15/2025,"A. Fussell, J. Mulling",Moonshine Bay,10:24,12:09,Airboat trails drying up; first visit to set up transect,MB31,Yes,WHIB,Occupied,3,,,,,
7,4/15/2025,"A. Fussell, J. Mulling",Moonshine Bay,10:24,12:09,Airboat trails drying up; first visit to set up transect,MB32,Yes,GLIB,Occupied,3,,,,,
7,4/15/2025,"A. Fussell, J. Mulling",Moonshine Bay,10:24,12:09,Airboat trails drying up; first visit to set up transect,MB33,Yes,WHIB,Occupied,2,,,,,
7,4/15/2025,"A. Fussell, J. Mulling",Moonshine Bay,10:24,12:09,Airboat trails drying up; first visit to set up transect,MB34,Yes,WHIB,Occupied,2,,,,,
7,4/15/2025,"A. Fussell, J. Mulling",Moonshine Bay,10:24,12:09,Airboat trails drying up; first visit to set up transect,MB35,Yes,WHIB,Occupied,3,,,,,
7,4/15/2025,"A. Fussell, J. Mulling",Moonshine Bay,10:24,12:09,Airboat trails drying up; first visit to set up transect,MB36,Yes,GLIB,Occupied,3,,,,,
7,4/15/2025,"A. Fussell, J. Mulling",Moonshine Bay,10:24,12:09,Airboat trails drying up; first visit to set up transect,MB37,Yes,WHIB,Occupied,3,,,,,
7,4/15/2025,"A. Fussell, J. Mulling",Moonshine Bay,10:24,12:09,Airboat trails drying up; first visit to set up transect,MB38,Yes,WHIB,Occupied,3,,,,,
7,4/15/2025,"A. Fussell, J. Mulling",Moonshine Bay,10:24,12:09,Airboat trails drying up; first visit to set up transect,MB39,Yes,WHIB,Occupied,2,,,,,
7,4/15/2025,"A. Fussell, J. Mulling",Moonshine Bay,10:24,12:09,Airboat trails drying up; first visit to set up transect,MB40,Yes,WHIB,Occupied,2,,,,,
7,4/15/2025,"A. Fussell, J. Mulling",Moonshine Bay,10:24,12:09,Airboat trails drying up; first visit to set up transect,MB41,Yes,WHIB,Occupied,3,,,,,
7,4/15/2025,"A. Fussell, J. Mulling",Moonshine Bay,10:24,12:09,Airboat trails drying up; first visit to set up transect,MB42,Yes,GLIB,Occupied,4,,,,,
7,4/15/2025,"A. Fussell, J. Mulling",Moonshine Bay,10:24,12:09,Airboat trails drying up; first visit to set up transect,MB43,Yes,WHIB,Occupied,2,,,,,
7,4/15/2025,"A. Fussell, J. Mulling",Moonshine Bay,10:24,12:09,Airboat trails drying up; first visit to set up transect,MB44,Yes,WHIB,Occupied,3,,,,,
7,4/15/2025,"A. Fussell, J. Mulling",Moonshine Bay,10:24,12:09,Airboat trails drying up; first visit to set up transect,MB45,Yes,WHIB,Occupied,2,,,,,
7,4/15/2025,"A. Fussell, J. Mulling",Moonshine Bay,10:24,12:09,Airboat trails drying up; first visit to set up transect,MB46,Yes,GLIB,Occupied,4,,,,,
7,4/15/2025,"A. Fussell, J. Mulling",Moonshine Bay,10:24,12:09,Airboat trails drying up; first visit to set up transect,MB47,Yes,GLIB,Occupied,3,,,,,
7,4/15/2025,"A. Fussell, J. Mulling",Moonshine Bay,10:24,12:09,Airboat trails drying up; first visit to set up transect,MB48,Yes,WHIB,Occupied,3,,,,,
7,4/15/2025,"A. Fussell, J. Mulling",Moonshine Bay,10:24,12:09,Airboat trails drying up; first visit to set up transect,MB49,Yes,WHIB,Occupied,3,,,,,
7,4/15/2025,"A. Fussell, J. Mulling",Moonshine Bay,10:24,12:09,Airboat trails drying up; first visit to set up transect,MB50,Yes,WHIB,Occupied,3,,,,,
8,4/21/2025,"A. Fussell, J. Mulling",Rock Islands,9:15,12:03,finished transect 1 at 10:23 and transect 2 at 12:03,RI1,No,TRHE,Occupied,,3,,,,
8,4/21/2025,"A. Fussell, J. Mulling",Rock Islands,9:15,12:03,finished transect 1 at 10:23 and transect 2 at 12:03,RI2,No,GLIB,Occupied,4,,,,,pretty sure it is a glossy ibis
8,4/21/2025,"A. Fussell, J. Mulling",Rock Islands,9:15,12:03,finished transect 1 at 10:23 and transect 2 at 12:03,RI3,No,SNEG,Occupied,3,,,,,
8,4/21/2025,"A. Fussell, J. Mulling",Rock Islands,9:15,12:03,finished transect 1 at 10:23 and transect 2 at 12:03,RI4,No,SNEG,Occupied,2,,,,,
8,4/21/2025,"A. Fussell, J. Mulling",Rock Islands,9:15,12:03,finished transect 1 at 10:23 and transect 2 at 12:03,RI5,No,SNEG,Occupied,,2,,,,
8,4/21/2025,"A. Fussell, J. Mulling",Rock Islands,9:15,12:03,finished transect 1 at 10:23 and transect 2 at 12:03,RI6,No,SMWT,Destroyed or Gone,,,,,,gone?
8,4/21/2025,"A. Fussell, J. Mulling",Rock Islands,9:15,12:03,finished transect 1 at 10:23 and transect 2 at 12:03,RI7,No,SNEG,Occupied,4,,,,,
8,4/21/2025,"A. Fussell, J. Mulling",Rock Islands,9:15,12:03,finished transect 1 at 10:23 and transect 2 at 12:03,RI8,No,ANHI,Destroyed or Gone,,,,,,
8,4/21/2025,"A. Fussell, J. Mulling",Rock Islands,9:15,12:03,finished transect 1 at 10:23 and transect 2 at 12:03,RI9,No,ROSP,Occupied,,3,,,,starting to branch
8,4/21/2025,"A. Fussell, J. Mulling",Rock Islands,9:15,12:03,finished transect 1 at 10:23 and transect 2 at 12:03,RI10,No,ROSP,Occupied,,3,,,,starting to branch
8,4/21/2025,"A. Fussell, J. Mulling",Rock Islands,9:15,12:03,finished transect 1 at 10:23 and transect 2 at 12:03,RI11,No,GLIB,Occupied,1,,,,,
8,4/21/2025,"A. Fussell, J. Mulling",Rock Islands,9:15,12:03,finished transect 1 at 10:23 and transect 2 at 12:03,RI12,No,TRHE,Occupied,,,,,,"did not check nest on this day; previous entry for this nest has 4E, next entry has 3B"
8,4/21/2025,"A. Fussell, J. Mulling",Rock Islands,9:15,12:03,finished transect 1 at 10:23 and transect 2 at 12:03,RI13,No,GREG,Occupied,,2,,,,starting to branch
8,4/21/2025,"A. Fussell, J. Mulling",Rock Islands,9:15,12:03,finished transect 1 at 10:23 and transect 2 at 12:03,RI14,No,SNEG,Occupied,3,,,,,
8,4/21/2025,"A. Fussell, J. Mulling",Rock Islands,9:15,12:03,finished transect 1 at 10:23 and transect 2 at 12:03,RI15,No,SMWT,Empty,,,,,,
8,4/21/2025,"A. Fussell, J. Mulling",Rock Islands,9:15,12:03,finished transect 1 at 10:23 and transect 2 at 12:03,RI16,No,SNEG,Occupied,2,,,,,
8,4/21/2025,"A. Fussell, J. Mulling",Rock Islands,9:15,12:03,finished transect 1 at 10:23 and transect 2 at 12:03,RI17,No,ROSP,Occupied,2,,,,,
8,4/21/2025,"A. Fussell, J. Mulling",Rock Islands,9:15,12:03,finished transect 1 at 10:23 and transect 2 at 12:03,RI18,No,ROSP,Empty,,,,,,
8,4/21/2025,"A. Fussell, J. Mulling",Rock Islands,9:15,12:03,finished transect 1 at 10:23 and transect 2 at 12:03,RI19,No,SNEG,Occupied,,,2,,,
8,4/21/2025,"A. Fussell, J. Mulling",Rock Islands,9:15,12:03,finished transect 1 at 10:23 and transect 2 at 12:03,RI20,No,SNEG,Occupied,,,2,,,
8,4/21/2025,"A. Fussell, J. Mulling",Rock Islands,9:15,12:03,finished transect 1 at 10:23 and transect 2 at 12:03,RI21,No,SNEG,Occupied,,4,,,,
8,4/21/2025,"A. Fussell, J. Mulling",Rock Islands,9:15,12:03,finished transect 1 at 10:23 and transect 2 at 12:03,RI22,No,GREG,Occupied,,,3,,,
8,4/21/2025,"A. Fussell, J. Mulling",Rock Islands,9:15,12:03,finished transect 1 at 10:23 and transect 2 at 12:03,RI23,No,ANHI,Occupied,1,1,,,,
8,4/21/2025,"A. Fussell, J. Mulling",Rock Islands,9:15,12:03,finished transect 1 at 10:23 and transect 2 at 12:03,RI24,No,SNEG,Occupied,3,,,,,
8,4/21/2025,"A. Fussell, J. Mulling",Rock Islands,9:15,12:03,finished transect 1 at 10:23 and transect 2 at 12:03,RI25,No,GREG,Occupied,,,2,,,
8,4/21/2025,"A. Fussell, J. Mulling",Rock Islands,9:15,12:03,finished transect 1 at 10:23 and transect 2 at 12:03,RI26,No,GREG,Occupied,,,2,,,
8,4/21/2025,"A. Fussell, J. Mulling",Rock Islands,9:15,12:03,finished transect 1 at 10:23 and transect 2 at 12:03,RI27,No,GLIB,Occupied,3,,,,,
8,4/21/2025,"A. Fussell, J. Mulling",Rock Islands,9:15,12:03,finished transect 1 at 10:23 and transect 2 at 12:03,RI28,No,SNEG,Occupied,,3,,,,
8,4/21/2025,"A. Fussell, J. Mulling",Rock Islands,9:15,12:03,finished transect 1 at 10:23 and transect 2 at 12:03,RI29,No,SNEG,Occupied,2,2,,,,
8,4/21/2025,"A. Fussell, J. Mulling",Rock Islands,9:15,12:03,finished transect 1 at 10:23 and transect 2 at 12:03,RI30,No,TRHE,Occupied,,3,,,,
8,4/21/2025,"A. Fussell, J. Mulling",Rock Islands,9:15,12:03,finished transect 1 at 10:23 and transect 2 at 12:03,RI31,No,TRHE,Occupied,,,3,,,
8,4/21/2025,"A. Fussell, J. Mulling",Rock Islands,9:15,12:03,finished transect 1 at 10:23 and transect 2 at 12:03,RI32,No,ANHI,Destroyed or Gone,,,,,,Not checked?
8,4/21/2025,"A. Fussell, J. Mulling",Rock Islands,9:15,12:03,finished transect 1 at 10:23 and transect 2 at 12:03,RI33,No,GREG,Empty,,,,,,
8,4/21/2025,"A. Fussell, J. Mulling",Rock Islands,9:15,12:03,finished transect 1 at 10:23 and transect 2 at 12:03,RI34,No,GREG,Occupied,,,2,,,
8,4/21/2025,"A. Fussell, J. Mulling",Rock Islands,9:15,12:03,finished transect 1 at 10:23 and transect 2 at 12:03,RI35,No,GREG,Occupied,,,4,,,
8,4/21/2025,"A. Fussell, J. Mulling",Rock Islands,9:15,12:03,finished transect 1 at 10:23 and transect 2 at 12:03,RI36,No,TRHE,Occupied,1,2,,,,
8,4/21/2025,"A. Fussell, J. Mulling",Rock Islands,9:15,12:03,finished transect 1 at 10:23 and transect 2 at 12:03,RI37,Yes,SNEG,Occupied,3,,,,,changed from TRHE to SNEG based on later entries for the same nest
8,4/21/2025,"A. Fussell, J. Mulling",Rock Islands,9:15,12:03,finished transect 1 at 10:23 and transect 2 at 12:03,RI38,Yes,TRHE,Occupied,,3,,,,
8,4/21/2025,"A. Fussell, J. Mulling",Rock Islands,9:15,12:03,finished transect 1 at 10:23 and transect 2 at 12:03,RI39,Yes,SNEG,Occupied,3,,,,,changed from TRHE to SNEG based on later entries for the same nest
8,4/21/2025,"A. Fussell, J. Mulling",Rock Islands,9:15,12:03,finished transect 1 at 10:23 and transect 2 at 12:03,RI40,Yes,SNEG,Occupied,1,2,,,,
8,4/21/2025,"A. Fussell, J. Mulling",Rock Islands,9:15,12:03,finished transect 1 at 10:23 and transect 2 at 12:03,RI41,Yes,TRHE,Occupied,,3,,,,
8,4/21/2025,"A. Fussell, J. Mulling",Rock Islands,9:15,12:03,finished transect 1 at 10:23 and transect 2 at 12:03,RI42,Yes,SNEG,Occupied,3,,,,,
8,4/21/2025,"A. Fussell, J. Mulling",Rock Islands,9:15,12:03,finished transect 1 at 10:23 and transect 2 at 12:03,RI43,Yes,SNEG,Occupied,,3,,,,
8,4/21/2025,"A. Fussell, J. Mulling",Rock Islands,9:15,12:03,finished transect 1 at 10:23 and transect 2 at 12:03,RI44,Yes,GLIB,Occupied,2,,,,,
8,4/21/2025,"A. Fussell, J. Mulling",Rock Islands,9:15,12:03,finished transect 1 at 10:23 and transect 2 at 12:03,RI45,Yes,GREG,Occupied,,,2,,,
8,4/21/2025,"A. Fussell, J. Mulling",Rock Islands,9:15,12:03,finished transect 1 at 10:23 and transect 2 at 12:03,RI46,Yes,SNEG,Occupied,,3,,,,
8,4/21/2025,"A. Fussell, J. Mulling",Rock Islands,9:15,12:03,finished transect 1 at 10:23 and transect 2 at 12:03,RI47,Yes,SNEG,Occupied,,3,,,,
8,4/21/2025,"A. Fussell, J. Mulling",Rock Islands,9:15,12:03,finished transect 1 at 10:23 and transect 2 at 12:03,RI48,Yes,SNEG,Occupied,,,3,,,
8,4/21/2025,"A. Fussell, J. Mulling",Rock Islands,9:15,12:03,finished transect 1 at 10:23 and transect 2 at 12:03,RI49,Yes,GREG,Occupied,,,2,,,
8,4/21/2025,"A. Fussell, J. Mulling",Rock Islands,9:15,12:03,finished transect 1 at 10:23 and transect 2 at 12:03,RI2-1,No,ROSP,Occupied,3,,,,,
8,4/21/2025,"A. Fussell, J. Mulling",Rock Islands,9:15,12:03,finished transect 1 at 10:23 and transect 2 at 12:03,RI2-2,No,TRHE,Occupied,1,3,,,,
8,4/21/2025,"A. Fussell, J. Mulling",Rock Islands,9:15,12:03,finished transect 1 at 10:23 and transect 2 at 12:03,RI2-3,No,SNEG,Occupied,2,2,,,,
8,4/21/2025,"A. Fussell, J. Mulling",Rock Islands,9:15,12:03,finished transect 1 at 10:23 and transect 2 at 12:03,RI2-4,No,SNEG,Occupied,,,4,,,
8,4/21/2025,"A. Fussell, J. Mulling",Rock Islands,9:15,12:03,finished transect 1 at 10:23 and transect 2 at 12:03,RI2-5,No,TRHE,Occupied,1,3,,,,
8,4/21/2025,"A. Fussell, J. Mulling",Rock Islands,9:15,12:03,finished transect 1 at 10:23 and transect 2 at 12:03,RI2-6,No,SNEG,Occupied,1,,2,,,not checked?
8,4/21/2025,"A. Fussell, J. Mulling",Rock Islands,9:15,12:03,finished transect 1 at 10:23 and transect 2 at 12:03,RI2-7,No,SNEG,Occupied,,,4,,,
8,4/21/2025,"A. Fussell, J. Mulling",Rock Islands,9:15,12:03,finished transect 1 at 10:23 and transect 2 at 12:03,RI2-8,No,SNEG,Occupied,1,3,,,,
8,4/21/2025,"A. Fussell, J. Mulling",Rock Islands,9:15,12:03,finished transect 1 at 10:23 and transect 2 at 12:03,RI2-9,No,SNEG,Occupied,3,,,,,
8,4/21/2025,"A. Fussell, J. Mulling",Rock Islands,9:15,12:03,finished transect 1 at 10:23 and transect 2 at 12:03,RI2-10,No,SNEG,Occupied,1,1,,,,
8,4/21/2025,"A. Fussell, J. Mulling",Rock Islands,9:15,12:03,finished transect 1 at 10:23 and transect 2 at 12:03,RI2-11,No,TRHE,Empty,,,,,1,changed from SNEG to TRHE based on previous entries; dead branchling was SNEG; changed occupied to empty
8,4/21/2025,"A. Fussell, J. Mulling",Rock Islands,9:15,12:03,finished transect 1 at 10:23 and transect 2 at 12:03,RI2-12,No,SNEG,Occupied,,,3,,,
8,4/21/2025,"A. Fussell, J. Mulling",Rock Islands,9:15,12:03,finished transect 1 at 10:23 and transect 2 at 12:03,RI2-13,No,TRHE,Occupied,,,4,,,
8,4/21/2025,"A. Fussell, J. Mulling",Rock Islands,9:15,12:03,finished transect 1 at 10:23 and transect 2 at 12:03,RI2-14,No,SNEG,Occupied,3,,,,,
8,4/21/2025,"A. Fussell, J. Mulling",Rock Islands,9:15,12:03,finished transect 1 at 10:23 and transect 2 at 12:03,RI2-15,No,SNEG,Occupied,3,,,,,
8,4/21/2025,"A. Fussell, J. Mulling",Rock Islands,9:15,12:03,finished transect 1 at 10:23 and transect 2 at 12:03,RI2-16,No,TRHE,Occupied,3,,,,,
8,4/21/2025,"A. Fussell, J. Mulling",Rock Islands,9:15,12:03,finished transect 1 at 10:23 and transect 2 at 12:03,RI2-17,No,TRHE,Empty,,,,,,
8,4/21/2025,"A. Fussell, J. Mulling",Rock Islands,9:15,12:03,finished transect 1 at 10:23 and transect 2 at 12:03,RI2-18,No,SNEG,Occupied,1,,2,,,
8,4/21/2025,"A. Fussell, J. Mulling",Rock Islands,9:15,12:03,finished transect 1 at 10:23 and transect 2 at 12:03,RI2-19,No,SNEG,Occupied,3,,,,,changed from SNEG/TRHE to SNEG based on later entries for the same nest
8,4/21/2025,"A. Fussell, J. Mulling",Rock Islands,9:15,12:03,finished transect 1 at 10:23 and transect 2 at 12:03,RI2-20,No,SNEG,Occupied,,4,,,,
8,4/21/2025,"A. Fussell, J. Mulling",Rock Islands,9:15,12:03,finished transect 1 at 10:23 and transect 2 at 12:03,RI2-21,Yes,ROSP,Occupied,3,,,,,
8,4/21/2025,"A. Fussell, J. Mulling",Rock Islands,9:15,12:03,finished transect 1 at 10:23 and transect 2 at 12:03,RI2-22,Yes,SNEG,Occupied,3,,,,,
8,4/21/2025,"A. Fussell, J. Mulling",Rock Islands,9:15,12:03,finished transect 1 at 10:23 and transect 2 at 12:03,RI2-23,Yes,SNEG,Occupied,2,,,,,changed from UNKN/CAEG/ANHI to SNEG based on later entries for the same nest
8,4/21/2025,"A. Fussell, J. Mulling",Rock Islands,9:15,12:03,finished transect 1 at 10:23 and transect 2 at 12:03,RI2-24,Yes,SNEG,Occupied,1,,,,,"originally recorded as CAEG, changed to SNEG during data cleaning based on later entries of the same nest"
8,4/21/2025,"A. Fussell, J. Mulling",Rock Islands,9:15,12:03,finished transect 1 at 10:23 and transect 2 at 12:03,RI2-25,Yes,SNEG,Occupied,3,,,,,
8,4/21/2025,"A. Fussell, J. Mulling",Rock Islands,9:15,12:03,finished transect 1 at 10:23 and transect 2 at 12:03,RI2-26,Yes,TRHE,Occupied,3,,,,,
8,4/21/2025,"A. Fussell, J. Mulling",Rock Islands,9:15,12:03,finished transect 1 at 10:23 and transect 2 at 12:03,RI2-27,Yes,SNEG,Occupied,3,,,,,
8,4/21/2025,"A. Fussell, J. Mulling",Rock Islands,9:15,12:03,finished transect 1 at 10:23 and transect 2 at 12:03,RI2-28,Yes,SNEG,Occupied,1,1,,,,
8,4/21/2025,"A. Fussell, J. Mulling",Rock Islands,9:15,12:03,finished transect 1 at 10:23 and transect 2 at 12:03,RI2-29,Yes,TRHE,Occupied,2,1,,,,
8,4/21/2025,"A. Fussell, J. Mulling",Rock Islands,9:15,12:03,finished transect 1 at 10:23 and transect 2 at 12:03,RI2-30,Yes,GLIB,Occupied,1,,,,,
8,4/21/2025,"A. Fussell, J. Mulling",Rock Islands,9:15,12:03,finished transect 1 at 10:23 and transect 2 at 12:03,RI2-31,Yes,SNEG,Occupied,3,,,,,
9,4/22/2025,"B. Mason, Volunteer",Clewiston Spit,8:22,9:40,"volunteer is Megan Reid from the Aquatic Plant Lab at FLREC; on tree before transect: B. Mason counted 51 nests - 35 GREG (mostly fledglings), 3 ROSP, 13 SNEG; Megan counted 41 nests",CS1,No,WHIB,Empty,,,,,,
9,4/22/2025,"B. Mason, Volunteer",Clewiston Spit,8:22,9:40,"volunteer is Megan Reid from the Aquatic Plant Lab at FLREC; on tree before transect: B. Mason counted 51 nests - 35 GREG (mostly fledglings), 3 ROSP, 13 SNEG; Megan counted 41 nests",CS2,No,WHIB,Empty,,,,,,
9,4/22/2025,"B. Mason, Volunteer",Clewiston Spit,8:22,9:40,"volunteer is Megan Reid from the Aquatic Plant Lab at FLREC; on tree before transect: B. Mason counted 51 nests - 35 GREG (mostly fledglings), 3 ROSP, 13 SNEG; Megan counted 41 nests",CS3,No,SNEG,Empty,,,,,,
9,4/22/2025,"B. Mason, Volunteer",Clewiston Spit,8:22,9:40,"volunteer is Megan Reid from the Aquatic Plant Lab at FLREC; on tree before transect: B. Mason counted 51 nests - 35 GREG (mostly fledglings), 3 ROSP, 13 SNEG; Megan counted 41 nests",CS4,No,WHIB,Empty,,,,,,
9,4/22/2025,"B. Mason, Volunteer",Clewiston Spit,8:22,9:40,"volunteer is Megan Reid from the Aquatic Plant Lab at FLREC; on tree before transect: B. Mason counted 51 nests - 35 GREG (mostly fledglings), 3 ROSP, 13 SNEG; Megan counted 41 nests",CS5,No,WHIB,Empty,,,,,1,living bird fledged
9,4/22/2025,"B. Mason, Volunteer",Clewiston Spit,8:22,9:40,"volunteer is Megan Reid from the Aquatic Plant Lab at FLREC; on tree before transect: B. Mason counted 51 nests - 35 GREG (mostly fledglings), 3 ROSP, 13 SNEG; Megan counted 41 nests",CS6,No,WHIB,Empty,,,,,,
9,4/22/2025,"B. Mason, Volunteer",Clewiston Spit,8:22,9:40,"volunteer is Megan Reid from the Aquatic Plant Lab at FLREC; on tree before transect: B. Mason counted 51 nests - 35 GREG (mostly fledglings), 3 ROSP, 13 SNEG; Megan counted 41 nests",CS7,No,WHIB,Empty,,,,,,
9,4/22/2025,"B. Mason, Volunteer",Clewiston Spit,8:22,9:40,"volunteer is Megan Reid from the Aquatic Plant Lab at FLREC; on tree before transect: B. Mason counted 51 nests - 35 GREG (mostly fledglings), 3 ROSP, 13 SNEG; Megan counted 41 nests",CS8,No,WHIB,Empty,,,,,,
9,4/22/2025,"B. Mason, Volunteer",Clewiston Spit,8:22,9:40,"volunteer is Megan Reid from the Aquatic Plant Lab at FLREC; on tree before transect: B. Mason counted 51 nests - 35 GREG (mostly fledglings), 3 ROSP, 13 SNEG; Megan counted 41 nests",CS9,No,WHIB,Empty,,,,,,
9,4/22/2025,"B. Mason, Volunteer",Clewiston Spit,8:22,9:40,"volunteer is Megan Reid from the Aquatic Plant Lab at FLREC; on tree before transect: B. Mason counted 51 nests - 35 GREG (mostly fledglings), 3 ROSP, 13 SNEG; Megan counted 41 nests",CS10,No,WHIB,Empty,,,,1,,living birds fledged
9,4/22/2025,"B. Mason, Volunteer",Clewiston Spit,8:22,9:40,"volunteer is Megan Reid from the Aquatic Plant Lab at FLREC; on tree before transect: B. Mason counted 51 nests - 35 GREG (mostly fledglings), 3 ROSP, 13 SNEG; Megan counted 41 nests",CS11,No,WHIB,Empty,,,,,,
9,4/22/2025,"B. Mason, Volunteer",Clewiston Spit,8:22,9:40,"volunteer is Megan Reid from the Aquatic Plant Lab at FLREC; on tree before transect: B. Mason counted 51 nests - 35 GREG (mostly fledglings), 3 ROSP, 13 SNEG; Megan counted 41 nests",CS12,No,WHIB,Empty,,,,,,
9,4/22/2025,"B. Mason, Volunteer",Clewiston Spit,8:22,9:40,"volunteer is Megan Reid from the Aquatic Plant Lab at FLREC; on tree before transect: B. Mason counted 51 nests - 35 GREG (mostly fledglings), 3 ROSP, 13 SNEG; Megan counted 41 nests",CS13,No,WHIB,Empty,,,,,,
9,4/22/2025,"B. Mason, Volunteer",Clewiston Spit,8:22,9:40,"volunteer is Megan Reid from the Aquatic Plant Lab at FLREC; on tree before transect: B. Mason counted 51 nests - 35 GREG (mostly fledglings), 3 ROSP, 13 SNEG; Megan counted 41 nests",CS14,No,SNEG,Occupied,,4,,,,
9,4/22/2025,"B. Mason, Volunteer",Clewiston Spit,8:22,9:40,"volunteer is Megan Reid from the Aquatic Plant Lab at FLREC; on tree before transect: B. Mason counted 51 nests - 35 GREG (mostly fledglings), 3 ROSP, 13 SNEG; Megan counted 41 nests",CS15,No,SNEG,Occupied,,3,,,,
9,4/22/2025,"B. Mason, Volunteer",Clewiston Spit,8:22,9:40,"volunteer is Megan Reid from the Aquatic Plant Lab at FLREC; on tree before transect: B. Mason counted 51 nests - 35 GREG (mostly fledglings), 3 ROSP, 13 SNEG; Megan counted 41 nests",CS16,No,SNEG,Occupied,,3,,,,
9,4/22/2025,"B. Mason, Volunteer",Clewiston Spit,8:22,9:40,"volunteer is Megan Reid from the Aquatic Plant Lab at FLREC; on tree before transect: B. Mason counted 51 nests - 35 GREG (mostly fledglings), 3 ROSP, 13 SNEG; Megan counted 41 nests",CS17,No,SNEG,Occupied,,,2,,,
9,4/22/2025,"B. Mason, Volunteer",Clewiston Spit,8:22,9:40,"volunteer is Megan Reid from the Aquatic Plant Lab at FLREC; on tree before transect: B. Mason counted 51 nests - 35 GREG (mostly fledglings), 3 ROSP, 13 SNEG; Megan counted 41 nests",CS18,No,TRHE,Occupied,,,3,,1,
9,4/22/2025,"B. Mason, Volunteer",Clewiston Spit,8:22,9:40,"volunteer is Megan Reid from the Aquatic Plant Lab at FLREC; on tree before transect: B. Mason counted 51 nests - 35 GREG (mostly fledglings), 3 ROSP, 13 SNEG; Megan counted 41 nests",CS19,No,SNEG,Occupied,,,3,,,
9,4/22/2025,"B. Mason, Volunteer",Clewiston Spit,8:22,9:40,"volunteer is Megan Reid from the Aquatic Plant Lab at FLREC; on tree before transect: B. Mason counted 51 nests - 35 GREG (mostly fledglings), 3 ROSP, 13 SNEG; Megan counted 41 nests",CS20,No,SNEG,Occupied,1,3,,,,
9,4/22/2025,"B. Mason, Volunteer",Clewiston Spit,8:22,9:40,"volunteer is Megan Reid from the Aquatic Plant Lab at FLREC; on tree before transect: B. Mason counted 51 nests - 35 GREG (mostly fledglings), 3 ROSP, 13 SNEG; Megan counted 41 nests",CS21,No,SNEG,Occupied,1,2,,,,
9,4/22/2025,"B. Mason, Volunteer",Clewiston Spit,8:22,9:40,"volunteer is Megan Reid from the Aquatic Plant Lab at FLREC; on tree before transect: B. Mason counted 51 nests - 35 GREG (mostly fledglings), 3 ROSP, 13 SNEG; Megan counted 41 nests",CS22,No,GLIB,Occupied,3,1,,,,
9,4/22/2025,"B. Mason, Volunteer",Clewiston Spit,8:22,9:40,"volunteer is Megan Reid from the Aquatic Plant Lab at FLREC; on tree before transect: B. Mason counted 51 nests - 35 GREG (mostly fledglings), 3 ROSP, 13 SNEG; Megan counted 41 nests",CS23,No,SNEG,Occupied,,1,2,,,
9,4/22/2025,"B. Mason, Volunteer",Clewiston Spit,8:22,9:40,"volunteer is Megan Reid from the Aquatic Plant Lab at FLREC; on tree before transect: B. Mason counted 51 nests - 35 GREG (mostly fledglings), 3 ROSP, 13 SNEG; Megan counted 41 nests",CS24,No,SNEG,Occupied,1,2,,,,
9,4/22/2025,"B. Mason, Volunteer",Clewiston Spit,8:22,9:40,"volunteer is Megan Reid from the Aquatic Plant Lab at FLREC; on tree before transect: B. Mason counted 51 nests - 35 GREG (mostly fledglings), 3 ROSP, 13 SNEG; Megan counted 41 nests",CS25,No,SNEG,Empty,,,,,1,living birds fledged
9,4/22/2025,"B. Mason, Volunteer",Clewiston Spit,8:22,9:40,"volunteer is Megan Reid from the Aquatic Plant Lab at FLREC; on tree before transect: B. Mason counted 51 nests - 35 GREG (mostly fledglings), 3 ROSP, 13 SNEG; Megan counted 41 nests",CS26,No,SNEG,Occupied,2,2,,,,
9,4/22/2025,"B. Mason, Volunteer",Clewiston Spit,8:22,9:40,"volunteer is Megan Reid from the Aquatic Plant Lab at FLREC; on tree before transect: B. Mason counted 51 nests - 35 GREG (mostly fledglings), 3 ROSP, 13 SNEG; Megan counted 41 nests",CS27,No,TRHE,Occupied,,3,,,,
9,4/22/2025,"B. Mason, Volunteer",Clewiston Spit,8:22,9:40,"volunteer is Megan Reid from the Aquatic Plant Lab at FLREC; on tree before transect: B. Mason counted 51 nests - 35 GREG (mostly fledglings), 3 ROSP, 13 SNEG; Megan counted 41 nests",CS28,No,SNEG,Occupied,,3,,,,
9,4/22/2025,"B. Mason, Volunteer",Clewiston Spit,8:22,9:40,"volunteer is Megan Reid from the Aquatic Plant Lab at FLREC; on tree before transect: B. Mason counted 51 nests - 35 GREG (mostly fledglings), 3 ROSP, 13 SNEG; Megan counted 41 nests",CS29,No,SNEG,Occupied,,4,,,,
9,4/22/2025,"B. Mason, Volunteer",Clewiston Spit,8:22,9:40,"volunteer is Megan Reid from the Aquatic Plant Lab at FLREC; on tree before transect: B. Mason counted 51 nests - 35 GREG (mostly fledglings), 3 ROSP, 13 SNEG; Megan counted 41 nests",CS30,No,SNEG,Occupied,3,,,,,
9,4/22/2025,"B. Mason, Volunteer",Clewiston Spit,8:22,9:40,"volunteer is Megan Reid from the Aquatic Plant Lab at FLREC; on tree before transect: B. Mason counted 51 nests - 35 GREG (mostly fledglings), 3 ROSP, 13 SNEG; Megan counted 41 nests",CS31,No,SNEG,Occupied,,,2,,1,
9,4/22/2025,"B. Mason, Volunteer",Clewiston Spit,8:22,9:40,"volunteer is Megan Reid from the Aquatic Plant Lab at FLREC; on tree before transect: B. Mason counted 51 nests - 35 GREG (mostly fledglings), 3 ROSP, 13 SNEG; Megan counted 41 nests",CS32,No,SNEG,Occupied,,,3,,1,
9,4/22/2025,"B. Mason, Volunteer",Clewiston Spit,8:22,9:40,"volunteer is Megan Reid from the Aquatic Plant Lab at FLREC; on tree before transect: B. Mason counted 51 nests - 35 GREG (mostly fledglings), 3 ROSP, 13 SNEG; Megan counted 41 nests",CS33,No,SNEG,Empty,,,,,1,living birds fledged
9,4/22/2025,"B. Mason, Volunteer",Clewiston Spit,8:22,9:40,"volunteer is Megan Reid from the Aquatic Plant Lab at FLREC; on tree before transect: B. Mason counted 51 nests - 35 GREG (mostly fledglings), 3 ROSP, 13 SNEG; Megan counted 41 nests",CS34,No,SNEG,Empty,,,,,,
9,4/22/2025,"B. Mason, Volunteer",Clewiston Spit,8:22,9:40,"volunteer is Megan Reid from the Aquatic Plant Lab at FLREC; on tree before transect: B. Mason counted 51 nests - 35 GREG (mostly fledglings), 3 ROSP, 13 SNEG; Megan counted 41 nests",CS35,No,SNEG,Occupied,2,2,,,,
9,4/22/2025,"B. Mason, Volunteer",Clewiston Spit,8:22,9:40,"volunteer is Megan Reid from the Aquatic Plant Lab at FLREC; on tree before transect: B. Mason counted 51 nests - 35 GREG (mostly fledglings), 3 ROSP, 13 SNEG; Megan counted 41 nests",CS36,No,SNEG,Empty,,,,1,,living birds fledged
9,4/22/2025,"B. Mason, Volunteer",Clewiston Spit,8:22,9:40,"volunteer is Megan Reid from the Aquatic Plant Lab at FLREC; on tree before transect: B. Mason counted 51 nests - 35 GREG (mostly fledglings), 3 ROSP, 13 SNEG; Megan counted 41 nests",CS37,No,GREG,Empty,,,,,,
9,4/22/2025,"B. Mason, Volunteer",Clewiston Spit,8:22,9:40,"volunteer is Megan Reid from the Aquatic Plant Lab at FLREC; on tree before transect: B. Mason counted 51 nests - 35 GREG (mostly fledglings), 3 ROSP, 13 SNEG; Megan counted 41 nests",CS38,No,GREG,Occupied,2,,,,,"had 2 nests labled with CS38, went with the nest that most closely matched previous check and relabled other to CS52"
9,4/22/2025,"B. Mason, Volunteer",Clewiston Spit,8:22,9:40,"volunteer is Megan Reid from the Aquatic Plant Lab at FLREC; on tree before transect: B. Mason counted 51 nests - 35 GREG (mostly fledglings), 3 ROSP, 13 SNEG; Megan counted 41 nests",CS39,No,GREG,Occupied,,,2,,,
9,4/22/2025,"B. Mason, Volunteer",Clewiston Spit,8:22,9:40,"volunteer is Megan Reid from the Aquatic Plant Lab at FLREC; on tree before transect: B. Mason counted 51 nests - 35 GREG (mostly fledglings), 3 ROSP, 13 SNEG; Megan counted 41 nests",CS40,No,SNEG,Empty,,,,,1,living birds fledged
9,4/22/2025,"B. Mason, Volunteer",Clewiston Spit,8:22,9:40,"volunteer is Megan Reid from the Aquatic Plant Lab at FLREC; on tree before transect: B. Mason counted 51 nests - 35 GREG (mostly fledglings), 3 ROSP, 13 SNEG; Megan counted 41 nests",CS41,No,SNEG,Occupied,,4,,,,
9,4/22/2025,"B. Mason, Volunteer",Clewiston Spit,8:22,9:40,"volunteer is Megan Reid from the Aquatic Plant Lab at FLREC; on tree before transect: B. Mason counted 51 nests - 35 GREG (mostly fledglings), 3 ROSP, 13 SNEG; Megan counted 41 nests",CS42,No,SNEG,Occupied,,,,1,,living birds fledged
9,4/22/2025,"B. Mason, Volunteer",Clewiston Spit,8:22,9:40,"volunteer is Megan Reid from the Aquatic Plant Lab at FLREC; on tree before transect: B. Mason counted 51 nests - 35 GREG (mostly fledglings), 3 ROSP, 13 SNEG; Megan counted 41 nests",CS43,No,SNEG,Occupied,2,2,,,,
9,4/22/2025,"B. Mason, Volunteer",Clewiston Spit,8:22,9:40,"volunteer is Megan Reid from the Aquatic Plant Lab at FLREC; on tree before transect: B. Mason counted 51 nests - 35 GREG (mostly fledglings), 3 ROSP, 13 SNEG; Megan counted 41 nests",CS44,No,GREG,Empty,,,,,,
9,4/22/2025,"B. Mason, Volunteer",Clewiston Spit,8:22,9:40,"volunteer is Megan Reid from the Aquatic Plant Lab at FLREC; on tree before transect: B. Mason counted 51 nests - 35 GREG (mostly fledglings), 3 ROSP, 13 SNEG; Megan counted 41 nests",CS45,No,GREG,Empty,,,,,,
9,4/22/2025,"B. Mason, Volunteer",Clewiston Spit,8:22,9:40,"volunteer is Megan Reid from the Aquatic Plant Lab at FLREC; on tree before transect: B. Mason counted 51 nests - 35 GREG (mostly fledglings), 3 ROSP, 13 SNEG; Megan counted 41 nests",CS46,No,SNEG,Empty,,,,,,
9,4/22/2025,"B. Mason, Volunteer",Clewiston Spit,8:22,9:40,"volunteer is Megan Reid from the Aquatic Plant Lab at FLREC; on tree before transect: B. Mason counted 51 nests - 35 GREG (mostly fledglings), 3 ROSP, 13 SNEG; Megan counted 41 nests",CS47,No,SNEG,Occupied,,,3,,,
9,4/22/2025,"B. Mason, Volunteer",Clewiston Spit,8:22,9:40,"volunteer is Megan Reid from the Aquatic Plant Lab at FLREC; on tree before transect: B. Mason counted 51 nests - 35 GREG (mostly fledglings), 3 ROSP, 13 SNEG; Megan counted 41 nests",CS48,No,GREG,Empty,,,,,,
9,4/22/2025,"B. Mason, Volunteer",Clewiston Spit,8:22,9:40,"volunteer is Megan Reid from the Aquatic Plant Lab at FLREC; on tree before transect: B. Mason counted 51 nests - 35 GREG (mostly fledglings), 3 ROSP, 13 SNEG; Megan counted 41 nests",CS49,No,SNEG,Occupied,,,3,,,
9,4/22/2025,"B. Mason, Volunteer",Clewiston Spit,8:22,9:40,"volunteer is Megan Reid from the Aquatic Plant Lab at FLREC; on tree before transect: B. Mason counted 51 nests - 35 GREG (mostly fledglings), 3 ROSP, 13 SNEG; Megan counted 41 nests",CS50,No,GREG,Occupied,,,3,,,
9,4/22/2025,"B. Mason, Volunteer",Clewiston Spit,8:22,9:40,"volunteer is Megan Reid from the Aquatic Plant Lab at FLREC; on tree before transect: B. Mason counted 51 nests - 35 GREG (mostly fledglings), 3 ROSP, 13 SNEG; Megan counted 41 nests",CS51,Yes,SNEG,Occupied,4,,,,,
9,4/22/2025,"B. Mason, Volunteer",Clewiston Spit,8:22,9:40,"volunteer is Megan Reid from the Aquatic Plant Lab at FLREC; on tree before transect: B. Mason counted 51 nests - 35 GREG (mostly fledglings), 3 ROSP, 13 SNEG; Megan counted 41 nests",CS52,Yes,UNKN,Empty,,,,,,incorrectly labled as CS38; CS52 should be removed from database? Because every entry is already empty
10,4/23/2025,"B. Mason, Volunteer",Little Bear Beach,10:21,11:29,volunteer is Megan Reid from the Aquatic Plant Lab at FLREC,LBB1,No,TRHE,Occupied,,3,,,,
10,4/23/2025,"B. Mason, Volunteer",Little Bear Beach,10:21,11:29,volunteer is Megan Reid from the Aquatic Plant Lab at FLREC,LBB2,No,WHIB,Occupied,,2,,,,
10,4/23/2025,"B. Mason, Volunteer",Little Bear Beach,10:21,11:29,volunteer is Megan Reid from the Aquatic Plant Lab at FLREC,LBB3,No,WHIB,Occupied,,2,,,,
10,4/23/2025,"B. Mason, Volunteer",Little Bear Beach,10:21,11:29,volunteer is Megan Reid from the Aquatic Plant Lab at FLREC,LBB4,No,WHIB,Occupied,3,,,,,
10,4/23/2025,"B. Mason, Volunteer",Little Bear Beach,10:21,11:29,volunteer is Megan Reid from the Aquatic Plant Lab at FLREC,LBB5,No,WHIB,Occupied,,3,,,,
10,4/23/2025,"B. Mason, Volunteer",Little Bear Beach,10:21,11:29,volunteer is Megan Reid from the Aquatic Plant Lab at FLREC,LBB6,No,WHIB,Occupied,,3,,,,
10,4/23/2025,"B. Mason, Volunteer",Little Bear Beach,10:21,11:29,volunteer is Megan Reid from the Aquatic Plant Lab at FLREC,LBB7,No,WHIB,Occupied,,2,,,,
10,4/23/2025,"B. Mason, Volunteer",Little Bear Beach,10:21,11:29,volunteer is Megan Reid from the Aquatic Plant Lab at FLREC,LBB8,No,WHIB,Occupied,,2,,,,
10,4/23/2025,"B. Mason, Volunteer",Little Bear Beach,10:21,11:29,volunteer is Megan Reid from the Aquatic Plant Lab at FLREC,LBB9,No,TRHE,Empty,,,,,,
10,4/23/2025,"B. Mason, Volunteer",Little Bear Beach,10:21,11:29,volunteer is Megan Reid from the Aquatic Plant Lab at FLREC,LBB10,No,WHIB,Occupied,,2,,,,
10,4/23/2025,"B. Mason, Volunteer",Little Bear Beach,10:21,11:29,volunteer is Megan Reid from the Aquatic Plant Lab at FLREC,LBB11,No,WHIB,Occupied,,,3,,,
10,4/23/2025,"B. Mason, Volunteer",Little Bear Beach,10:21,11:29,volunteer is Megan Reid from the Aquatic Plant Lab at FLREC,LBB12,No,SNEG,Occupied,,3,,,,
10,4/23/2025,"B. Mason, Volunteer",Little Bear Beach,10:21,11:29,volunteer is Megan Reid from the Aquatic Plant Lab at FLREC,LBB13,No,TRHE,Occupied,,,4,,,
10,4/23/2025,"B. Mason, Volunteer",Little Bear Beach,10:21,11:29,volunteer is Megan Reid from the Aquatic Plant Lab at FLREC,LBB14,No,WHIB,Occupied,3,,,,,
10,4/23/2025,"B. Mason, Volunteer",Little Bear Beach,10:21,11:29,volunteer is Megan Reid from the Aquatic Plant Lab at FLREC,LBB15,No,WHIB,Occupied,,,2,,,
10,4/23/2025,"B. Mason, Volunteer",Little Bear Beach,10:21,11:29,volunteer is Megan Reid from the Aquatic Plant Lab at FLREC,LBB16,No,WHIB,Empty,,,,,,
10,4/23/2025,"B. Mason, Volunteer",Little Bear Beach,10:21,11:29,volunteer is Megan Reid from the Aquatic Plant Lab at FLREC,LBB17,No,WHIB,Empty,,,,,,
10,4/23/2025,"B. Mason, Volunteer",Little Bear Beach,10:21,11:29,volunteer is Megan Reid from the Aquatic Plant Lab at FLREC,LBB18,No,WHIB,Empty,,,,,,
10,4/23/2025,"B. Mason, Volunteer",Little Bear Beach,10:21,11:29,volunteer is Megan Reid from the Aquatic Plant Lab at FLREC,LBB19,No,WHIB,Occupied,,2,,,,
10,4/23/2025,"B. Mason, Volunteer",Little Bear Beach,10:21,11:29,volunteer is Megan Reid from the Aquatic Plant Lab at FLREC,LBB20,No,TRHE,Occupied,,3,,,,
10,4/23/2025,"B. Mason, Volunteer",Little Bear Beach,10:21,11:29,volunteer is Megan Reid from the Aquatic Plant Lab at FLREC,LBB21,No,TRHE,Occupied,,3,,,,
10,4/23/2025,"B. Mason, Volunteer",Little Bear Beach,10:21,11:29,volunteer is Megan Reid from the Aquatic Plant Lab at FLREC,LBB22,No,TRHE,Occupied,,3,,,,
10,4/23/2025,"B. Mason, Volunteer",Little Bear Beach,10:21,11:29,volunteer is Megan Reid from the Aquatic Plant Lab at FLREC,LBB23,No,GREG,Occupied,2,1,,,,
10,4/23/2025,"B. Mason, Volunteer",Little Bear Beach,10:21,11:29,volunteer is Megan Reid from the Aquatic Plant Lab at FLREC,LBB24,No,SNEG,Occupied,1,3,,,,
10,4/23/2025,"B. Mason, Volunteer",Little Bear Beach,10:21,11:29,volunteer is Megan Reid from the Aquatic Plant Lab at FLREC,LBB25,No,GREG,Occupied,,2,,,,
10,4/23/2025,"B. Mason, Volunteer",Little Bear Beach,10:21,11:29,volunteer is Megan Reid from the Aquatic Plant Lab at FLREC,LBB26,No,SNEG,Empty,,,,,1,living birds fledged
10,4/23/2025,"B. Mason, Volunteer",Little Bear Beach,10:21,11:29,volunteer is Megan Reid from the Aquatic Plant Lab at FLREC,LBB27,No,SNEG,Occupied,,3,,,,
10,4/23/2025,"B. Mason, Volunteer",Little Bear Beach,10:21,11:29,volunteer is Megan Reid from the Aquatic Plant Lab at FLREC,LBB28,No,SNEG,Occupied,,4,,,,
10,4/23/2025,"B. Mason, Volunteer",Little Bear Beach,10:21,11:29,volunteer is Megan Reid from the Aquatic Plant Lab at FLREC,LBB29,No,SNEG,Occupied,,1,3,,,
10,4/23/2025,"B. Mason, Volunteer",Little Bear Beach,10:21,11:29,volunteer is Megan Reid from the Aquatic Plant Lab at FLREC,LBB30,No,SNEG,Empty,,,,,,2 TRHE branchlings close to nest
10,4/23/2025,"B. Mason, Volunteer",Little Bear Beach,10:21,11:29,volunteer is Megan Reid from the Aquatic Plant Lab at FLREC,LBB31,No,SNEG,Occupied,3,,,,,
10,4/23/2025,"B. Mason, Volunteer",Little Bear Beach,10:21,11:29,volunteer is Megan Reid from the Aquatic Plant Lab at FLREC,LBB32,No,TRHE,Occupied,,3,,,,"couldn't find, had to relabel"
10,4/23/2025,"B. Mason, Volunteer",Little Bear Beach,10:21,11:29,volunteer is Megan Reid from the Aquatic Plant Lab at FLREC,LBB33,No,WHIB,Occupied,,2,,,,"couldn't find, had to relabel"
10,4/23/2025,"B. Mason, Volunteer",Little Bear Beach,10:21,11:29,volunteer is Megan Reid from the Aquatic Plant Lab at FLREC,LBB34,No,WHIB,Occupied,,2,,,,
10,4/23/2025,"B. Mason, Volunteer",Little Bear Beach,10:21,11:29,volunteer is Megan Reid from the Aquatic Plant Lab at FLREC,LBB35,No,WHIB,Occupied,,2,,,,"couldn't find, had to relabel"
10,4/23/2025,"B. Mason, Volunteer",Little Bear Beach,10:21,11:29,volunteer is Megan Reid from the Aquatic Plant Lab at FLREC,LBB36,No,WHIB,Empty,,,,,,"couldn't find, had to relabel"
10,4/23/2025,"B. Mason, Volunteer",Little Bear Beach,10:21,11:29,volunteer is Megan Reid from the Aquatic Plant Lab at FLREC,LBB37,No,WHIB,Occupied,1,2,,,,"couldn't find, had to relabel"
10,4/23/2025,"B. Mason, Volunteer",Little Bear Beach,10:21,11:29,volunteer is Megan Reid from the Aquatic Plant Lab at FLREC,LBB38,No,WHIB,Occupied,1,2,,,,"couldn't find, had to relabel"
10,4/23/2025,"B. Mason, Volunteer",Little Bear Beach,10:21,11:29,volunteer is Megan Reid from the Aquatic Plant Lab at FLREC,LBB39,No,WHIB,Occupied,1,1,,,,
10,4/23/2025,"B. Mason, Volunteer",Little Bear Beach,10:21,11:29,volunteer is Megan Reid from the Aquatic Plant Lab at FLREC,LBB40,No,WHIB,Occupied,,2,,,,
10,4/23/2025,"B. Mason, Volunteer",Little Bear Beach,10:21,11:29,volunteer is Megan Reid from the Aquatic Plant Lab at FLREC,LBB41,No,WHIB,Occupied,,3,,,,
10,4/23/2025,"B. Mason, Volunteer",Little Bear Beach,10:21,11:29,volunteer is Megan Reid from the Aquatic Plant Lab at FLREC,LBB42,No,WHIB,Occupied,,3,,,,
10,4/23/2025,"B. Mason, Volunteer",Little Bear Beach,10:21,11:29,volunteer is Megan Reid from the Aquatic Plant Lab at FLREC,LBB43,No,WHIB,Occupied,,2,,,,
10,4/23/2025,"B. Mason, Volunteer",Little Bear Beach,10:21,11:29,volunteer is Megan Reid from the Aquatic Plant Lab at FLREC,LBB44,No,WHIB,Occupied,,2,,,,
10,4/23/2025,"B. Mason, Volunteer",Little Bear Beach,10:21,11:29,volunteer is Megan Reid from the Aquatic Plant Lab at FLREC,LBB45,No,WHIB,Occupied,,2,,,,
10,4/23/2025,"B. Mason, Volunteer",Little Bear Beach,10:21,11:29,volunteer is Megan Reid from the Aquatic Plant Lab at FLREC,LBB46,No,WHIB,Occupied,2,1,,,,
10,4/23/2025,"B. Mason, Volunteer",Little Bear Beach,10:21,11:29,volunteer is Megan Reid from the Aquatic Plant Lab at FLREC,LBB47,No,WHIB,Occupied,1,1,,,,
10,4/23/2025,"B. Mason, Volunteer",Little Bear Beach,10:21,11:29,volunteer is Megan Reid from the Aquatic Plant Lab at FLREC,LBB48,No,WHIB,Occupied,,2,,,,
10,4/23/2025,"B. Mason, Volunteer",Little Bear Beach,10:21,11:29,volunteer is Megan Reid from the Aquatic Plant Lab at FLREC,LBB49,No,WHIB,Occupied,,1,,,,
10,4/23/2025,"B. Mason, Volunteer",Little Bear Beach,10:21,11:29,volunteer is Megan Reid from the Aquatic Plant Lab at FLREC,LBB50,No,WHIB,Occupied,,2,,,,
10,4/23/2025,"B. Mason, Volunteer",Little Bear Beach,10:21,11:29,volunteer is Megan Reid from the Aquatic Plant Lab at FLREC,LBB51,No,TRHE,Occupied,,,3,,,
10,4/23/2025,"B. Mason, Volunteer",Little Bear Beach,10:21,11:29,volunteer is Megan Reid from the Aquatic Plant Lab at FLREC,LBB52,Yes,WHIB,Occupied,2,1,,,,
11,4/25/2025,"B. Mason, A. Fussell",Moonshine Bay,,9:40,,MB1,No,WHIB,Occupied,3,,,,,
11,4/25/2025,"B. Mason, A. Fussell",Moonshine Bay,,9:40,,MB2,No,WHIB,Occupied,3,,,,,
11,4/25/2025,"B. Mason, A. Fussell",Moonshine Bay,,9:40,,MB3,No,WHIB,Occupied,3,,,,,
11,4/25/2025,"B. Mason, A. Fussell",Moonshine Bay,,9:40,,MB4,No,WHIB,Occupied,2,1,,,,
11,4/25/2025,"B. Mason, A. Fussell",Moonshine Bay,,9:40,,MB5,No,WHIB,Occupied,1,1,,,,
11,4/25/2025,"B. Mason, A. Fussell",Moonshine Bay,,9:40,,MB6,No,GLIB,Occupied,4,,,,,
11,4/25/2025,"B. Mason, A. Fussell",Moonshine Bay,,9:40,,MB7,No,WHIB,Occupied,3,,,,,
11,4/25/2025,"B. Mason, A. Fussell",Moonshine Bay,,9:40,,MB8,No,WHIB,Destroyed or Gone,,,,,,
11,4/25/2025,"B. Mason, A. Fussell",Moonshine Bay,,9:40,,MB9,No,WHIB,Occupied,3,,,,,
11,4/25/2025,"B. Mason, A. Fussell",Moonshine Bay,,9:40,,MB10,No,WHIB,Occupied,1,1,,,,
11,4/25/2025,"B. Mason, A. Fussell",Moonshine Bay,,9:40,,MB11,No,WHIB,Occupied,2,,,,,
11,4/25/2025,"B. Mason, A. Fussell",Moonshine Bay,,9:40,,MB12,No,WHIB,Occupied,3,,,,,
11,4/25/2025,"B. Mason, A. Fussell",Moonshine Bay,,9:40,,MB13,No,WHIB,Occupied,1,,,,,
11,4/25/2025,"B. Mason, A. Fussell",Moonshine Bay,,9:40,,MB14,No,WHIB,Occupied,1,1,,,,
11,4/25/2025,"B. Mason, A. Fussell",Moonshine Bay,,9:40,,MB15,No,WHIB,Destroyed or Gone,,,,,,
11,4/25/2025,"B. Mason, A. Fussell",Moonshine Bay,,9:40,,MB16,No,WHIB,Occupied,2,,,,,
11,4/25/2025,"B. Mason, A. Fussell",Moonshine Bay,,9:40,,MB17,No,WHIB,Occupied,3,,,,,
11,4/25/2025,"B. Mason, A. Fussell",Moonshine Bay,,9:40,,MB18,No,WHIB,Destroyed or Gone,,,,,,
11,4/25/2025,"B. Mason, A. Fussell",Moonshine Bay,,9:40,,MB19,No,WHIB,Occupied,2,1,,,,
11,4/25/2025,"B. Mason, A. Fussell",Moonshine Bay,,9:40,,MB20,No,WHIB,Occupied,2,,,,,
11,4/25/2025,"B. Mason, A. Fussell",Moonshine Bay,,9:40,,MB21,No,WHIB,Occupied,3,,,,,
11,4/25/2025,"B. Mason, A. Fussell",Moonshine Bay,,9:40,,MB22,No,WHIB,Occupied,3,,,,,
11,4/25/2025,"B. Mason, A. Fussell",Moonshine Bay,,9:40,,MB23,No,WHIB,Occupied,3,,,,,
11,4/25/2025,"B. Mason, A. Fussell",Moonshine Bay,,9:40,,MB24,No,WHIB,Occupied,2,,,,,
11,4/25/2025,"B. Mason, A. Fussell",Moonshine Bay,,9:40,,MB25,No,WHIB,,,,,,,unable to find nest on this day
11,4/25/2025,"B. Mason, A. Fussell",Moonshine Bay,,9:40,,MB26,No,WHIB,Occupied,2,2,,,,
11,4/25/2025,"B. Mason, A. Fussell",Moonshine Bay,,9:40,,MB27,No,WHIB,Occupied,1,,,,,
11,4/25/2025,"B. Mason, A. Fussell",Moonshine Bay,,9:40,,MB28,No,WHIB,Occupied,3,,,,,
11,4/25/2025,"B. Mason, A. Fussell",Moonshine Bay,,9:40,,MB29,No,WHIB,Occupied,2,,,,,
11,4/25/2025,"B. Mason, A. Fussell",Moonshine Bay,,9:40,,MB30,No,WHIB,Occupied,3,,,,,
11,4/25/2025,"B. Mason, A. Fussell",Moonshine Bay,,9:40,,MB31,No,WHIB,Destroyed or Gone,,,,,,
11,4/25/2025,"B. Mason, A. Fussell",Moonshine Bay,,9:40,,MB32,No,GLIB,Occupied,3,,,,,
11,4/25/2025,"B. Mason, A. Fussell",Moonshine Bay,,9:40,,MB33,No,WHIB,Occupied,2,,,,,
11,4/25/2025,"B. Mason, A. Fussell",Moonshine Bay,,9:40,,MB34,No,WHIB,Occupied,2,,,,,
11,4/25/2025,"B. Mason, A. Fussell",Moonshine Bay,,9:40,,MB35,No,WHIB,Occupied,2,,,,,
11,4/25/2025,"B. Mason, A. Fussell",Moonshine Bay,,9:40,,MB36,No,GLIB,Destroyed or Gone,,,,,,
11,4/25/2025,"B. Mason, A. Fussell",Moonshine Bay,,9:40,,MB37,No,WHIB,Occupied,3,,,,,
11,4/25/2025,"B. Mason, A. Fussell",Moonshine Bay,,9:40,,MB38,No,WHIB,Destroyed or Gone,,,,,,
11,4/25/2025,"B. Mason, A. Fussell",Moonshine Bay,,9:40,,MB39,No,WHIB,Destroyed or Gone,,,,,,
11,4/25/2025,"B. Mason, A. Fussell",Moonshine Bay,,9:40,,MB40,No,WHIB,Occupied,2,,,,,
11,4/25/2025,"B. Mason, A. Fussell",Moonshine Bay,,9:40,,MB41,No,WHIB,Occupied,3,,,,,
11,4/25/2025,"B. Mason, A. Fussell",Moonshine Bay,,9:40,,MB42,No,GLIB,Occupied,4,,,,,
11,4/25/2025,"B. Mason, A. Fussell",Moonshine Bay,,9:40,,MB43,No,WHIB,Destroyed or Gone,,,,,,
11,4/25/2025,"B. Mason, A. Fussell",Moonshine Bay,,9:40,,MB44,No,WHIB,Occupied,2,1,,,,
11,4/25/2025,"B. Mason, A. Fussell",Moonshine Bay,,9:40,,MB45,No,WHIB,Occupied,2,,,,,
11,4/25/2025,"B. Mason, A. Fussell",Moonshine Bay,,9:40,,MB46,No,GLIB,Occupied,2,,,,,
11,4/25/2025,"B. Mason, A. Fussell",Moonshine Bay,,9:40,,MB47,No,GLIB,Occupied,3,,,,,
11,4/25/2025,"B. Mason, A. Fussell",Moonshine Bay,,9:40,,MB48,No,WHIB,Occupied,2,1,,,,
11,4/25/2025,"B. Mason, A. Fussell",Moonshine Bay,,9:40,,MB49,No,WHIB,Occupied,3,,,,,
11,4/25/2025,"B. Mason, A. Fussell",Moonshine Bay,,9:40,,MB50,No,WHIB,Occupied,1,2,,,,
12,4/28/2025,"A. Fussell, J. Mulling",Rock Islands,9:40,10:28,partly cloudy,RI1,No,TRHE,Occupied,,,1,,,
12,4/28/2025,"A. Fussell, J. Mulling",Rock Islands,9:40,10:28,partly cloudy,RI2,No,GLIB,Occupied,4,,,,,
12,4/28/2025,"A. Fussell, J. Mulling",Rock Islands,9:40,10:28,partly cloudy,RI3,No,SNEG,Occupied,,3,,,,
12,4/28/2025,"A. Fussell, J. Mulling",Rock Islands,9:40,10:28,partly cloudy,RI4,No,SNEG,Empty,,,,,,
12,4/28/2025,"A. Fussell, J. Mulling",Rock Islands,9:40,10:28,partly cloudy,RI5,No,SNEG,Occupied,,,3,,,
12,4/28/2025,"A. Fussell, J. Mulling",Rock Islands,9:40,10:28,partly cloudy,RI6,No,SMWT,Destroyed or Gone,,,,,,
12,4/28/2025,"A. Fussell, J. Mulling",Rock Islands,9:40,10:28,partly cloudy,RI7,No,SNEG,Occupied,1,3,,,,
12,4/28/2025,"A. Fussell, J. Mulling",Rock Islands,9:40,10:28,partly cloudy,RI8,No,ANHI,Destroyed or Gone,,,,,,
12,4/28/2025,"A. Fussell, J. Mulling",Rock Islands,9:40,10:28,partly cloudy,RI9,No,ROSP,Occupied,,,3,,,
12,4/28/2025,"A. Fussell, J. Mulling",Rock Islands,9:40,10:28,partly cloudy,RI10,No,ROSP,Occupied,,,3,,,
12,4/28/2025,"A. Fussell, J. Mulling",Rock Islands,9:40,10:28,partly cloudy,RI11,No,GLIB,Occupied,5,,,,,
12,4/28/2025,"A. Fussell, J. Mulling",Rock Islands,9:40,10:28,partly cloudy,RI12,No,TRHE,Occupied,,,3,,,
12,4/28/2025,"A. Fussell, J. Mulling",Rock Islands,9:40,10:28,partly cloudy,RI13,No,GREG,Occupied,,,2,,,
12,4/28/2025,"A. Fussell, J. Mulling",Rock Islands,9:40,10:28,partly cloudy,RI14,No,SNEG,Occupied,1,2,,,,
12,4/28/2025,"A. Fussell, J. Mulling",Rock Islands,9:40,10:28,partly cloudy,RI15,No,GLIB,Occupied,3,,,,,
12,4/28/2025,"A. Fussell, J. Mulling",Rock Islands,9:40,10:28,partly cloudy,RI16,No,SNEG,Occupied,,2,,,,
12,4/28/2025,"A. Fussell, J. Mulling",Rock Islands,9:40,10:28,partly cloudy,RI17,No,ROSP,Destroyed or Gone,,,,,,
12,4/28/2025,"A. Fussell, J. Mulling",Rock Islands,9:40,10:28,partly cloudy,RI18,No,ROSP,Destroyed or Gone,,,,,,
12,4/28/2025,"A. Fussell, J. Mulling",Rock Islands,9:40,10:28,partly cloudy,RI19,No,SNEG,Destroyed or Gone,,,,,,
12,4/28/2025,"A. Fussell, J. Mulling",Rock Islands,9:40,10:28,partly cloudy,RI20,No,SNEG,Empty,,,,,,
12,4/28/2025,"A. Fussell, J. Mulling",Rock Islands,9:40,10:28,partly cloudy,RI21,No,SNEG,Empty,,,,,,
12,4/28/2025,"A. Fussell, J. Mulling",Rock Islands,9:40,10:28,partly cloudy,RI22,No,GREG,Occupied,,,3,,,
12,4/28/2025,"A. Fussell, J. Mulling",Rock Islands,9:40,10:28,partly cloudy,RI23,No,ANHI,Occupied,,2,,,,
12,4/28/2025,"A. Fussell, J. Mulling",Rock Islands,9:40,10:28,partly cloudy,RI24,No,SNEG,Occupied,3,,,,,
12,4/28/2025,"A. Fussell, J. Mulling",Rock Islands,9:40,10:28,partly cloudy,RI25,No,GREG,Occupied,,,3,,,
12,4/28/2025,"A. Fussell, J. Mulling",Rock Islands,9:40,10:28,partly cloudy,RI26,No,GREG,Empty,,,,,,
12,4/28/2025,"A. Fussell, J. Mulling",Rock Islands,9:40,10:28,partly cloudy,RI27,No,GLIB,Occupied,3,,,,,
12,4/28/2025,"A. Fussell, J. Mulling",Rock Islands,9:40,10:28,partly cloudy,RI28,No,SNEG,Destroyed or Gone,,,,,,
12,4/28/2025,"A. Fussell, J. Mulling",Rock Islands,9:40,10:28,partly cloudy,RI29,No,SNEG,Occupied,1,3,,,,
12,4/28/2025,"A. Fussell, J. Mulling",Rock Islands,9:40,10:28,partly cloudy,RI30,No,TRHE,Empty,,,,,,
12,4/28/2025,"A. Fussell, J. Mulling",Rock Islands,9:40,10:28,partly cloudy,RI31,No,TRHE,Empty,,,,,,
12,4/28/2025,"A. Fussell, J. Mulling",Rock Islands,9:40,10:28,partly cloudy,RI32,No,ANHI,Destroyed or Gone,,,,,,
12,4/28/2025,"A. Fussell, J. Mulling",Rock Islands,9:40,10:28,partly cloudy,RI33,No,GREG,Empty,,,,,,
12,4/28/2025,"A. Fussell, J. Mulling",Rock Islands,9:40,10:28,partly cloudy,RI34,No,GREG,Occupied,,,2,,,
12,4/28/2025,"A. Fussell, J. Mulling",Rock Islands,9:40,10:28,partly cloudy,RI35,No,GREG,Empty,,,,,,
12,4/28/2025,"A. Fussell, J. Mulling",Rock Islands,9:40,10:28,partly cloudy,RI36,No,TRHE,Occupied,,3,,,,
12,4/28/2025,"A. Fussell, J. Mulling",Rock Islands,9:40,10:28,partly cloudy,RI37,No,SNEG,Occupied,3,,,,,changed from SNEG/TRHE to SNEG based on other entries for the same nest
12,4/28/2025,"A. Fussell, J. Mulling",Rock Islands,9:40,10:28,partly cloudy,RI38,No,TRHE,Occupied,,,,,,did not check; unable to find during transect on this day; prevous and later entries show nest was occupied
12,4/28/2025,"A. Fussell, J. Mulling",Rock Islands,9:40,10:28,partly cloudy,RI39,No,SNEG,Occupied,3,,,,,
12,4/28/2025,"A. Fussell, J. Mulling",Rock Islands,9:40,10:28,partly cloudy,RI40,No,SNEG,Occupied,,3,,,,
12,4/28/2025,"A. Fussell, J. Mulling",Rock Islands,9:40,10:28,partly cloudy,RI41,No,TRHE,Occupied,,,3,,,
12,4/28/2025,"A. Fussell, J. Mulling",Rock Islands,9:40,10:28,partly cloudy,RI42,No,SNEG,Occupied,,3,,,,
12,4/28/2025,"A. Fussell, J. Mulling",Rock Islands,9:40,10:28,partly cloudy,RI43,No,SNEG,Occupied,,,3,,,
12,4/28/2025,"A. Fussell, J. Mulling",Rock Islands,9:40,10:28,partly cloudy,RI44,No,GLIB,Occupied,2,,,,,
12,4/28/2025,"A. Fussell, J. Mulling",Rock Islands,9:40,10:28,partly cloudy,RI45,No,GREG,Occupied,,,2,,,
12,4/28/2025,"A. Fussell, J. Mulling",Rock Islands,9:40,10:28,partly cloudy,RI46,No,SNEG,Occupied,,4,,,,
12,4/28/2025,"A. Fussell, J. Mulling",Rock Islands,9:40,10:28,partly cloudy,RI47,No,SNEG,Destroyed or Gone,,,,,,
12,4/28/2025,"A. Fussell, J. Mulling",Rock Islands,9:40,10:28,partly cloudy,RI48,No,SNEG,Occupied,,,3,,,
12,4/28/2025,"A. Fussell, J. Mulling",Rock Islands,9:40,10:28,partly cloudy,RI49,No,GREG,Empty,,,,,,
12,4/28/2025,"A. Fussell, J. Mulling",Rock Islands,9:40,10:28,partly cloudy,RI50,Yes,GLIB,Occupied,3,,,,,
12,4/28/2025,"A. Fussell, J. Mulling",Rock Islands,9:40,10:28,partly cloudy,RI51,Yes,SNEG,Occupied,2,,,,,
12,4/28/2025,"A. Fussell, J. Mulling",Rock Islands,10:36,11:00,,RI2-1,No,ROSP,Occupied,3,,,,,
12,4/28/2025,"A. Fussell, J. Mulling",Rock Islands,10:36,11:00,,RI2-2,No,TRHE,Occupied,,3,,,,
12,4/28/2025,"A. Fussell, J. Mulling",Rock Islands,10:36,11:00,,RI2-3,No,SNEG,Occupied,,3,,,,
12,4/28/2025,"A. Fussell, J. Mulling",Rock Islands,10:36,11:00,,RI2-4,No,SNEG,Occupied,,,4,,,
12,4/28/2025,"A. Fussell, J. Mulling",Rock Islands,10:36,11:00,,RI2-5,No,TRHE,Occupied,,,3,,,
12,4/28/2025,"A. Fussell, J. Mulling",Rock Islands,10:36,11:00,,RI2-6,No,SNEG,Occupied,,,2,,,
12,4/28/2025,"A. Fussell, J. Mulling",Rock Islands,10:36,11:00,,RI2-7,No,SNEG,Empty,,,,,,
12,4/28/2025,"A. Fussell, J. Mulling",Rock Islands,10:36,11:00,,RI2-8,No,SNEG,Occupied,,4,,,,
12,4/28/2025,"A. Fussell, J. Mulling",Rock Islands,10:36,11:00,,RI2-9,No,SNEG,Occupied,,3,,,,
12,4/28/2025,"A. Fussell, J. Mulling",Rock Islands,10:36,11:00,,RI2-10,No,SNEG,Occupied,1,2,,,,
12,4/28/2025,"A. Fussell, J. Mulling",Rock Islands,10:36,11:00,,RI2-11,No,TRHE,Empty,,,,,,
12,4/28/2025,"A. Fussell, J. Mulling",Rock Islands,10:36,11:00,,RI2-12,No,SNEG,Occupied,,,3,,,
12,4/28/2025,"A. Fussell, J. Mulling",Rock Islands,10:36,11:00,,RI2-13,No,TRHE,Occupied,,,3,,,
12,4/28/2025,"A. Fussell, J. Mulling",Rock Islands,10:36,11:00,,RI2-14,No,SNEG,Occupied,1,1,,,,
12,4/28/2025,"A. Fussell, J. Mulling",Rock Islands,10:36,11:00,,RI2-15,No,SNEG,Occupied,,,4,,,
12,4/28/2025,"A. Fussell, J. Mulling",Rock Islands,10:36,11:00,,RI2-16,No,TRHE,Occupied,,,3,,,
12,4/28/2025,"A. Fussell, J. Mulling",Rock Islands,10:36,11:00,,RI2-17,No,SNEG,Occupied,3,,,,,
12,4/28/2025,"A. Fussell, J. Mulling",Rock Islands,10:36,11:00,,RI2-18,No,SNEG,Occupied,,,3,,,
12,4/28/2025,"A. Fussell, J. Mulling",Rock Islands,10:36,11:00,,RI2-19,No,SNEG,Occupied,1,2,,,,
12,4/28/2025,"A. Fussell, J. Mulling",Rock Islands,10:36,11:00,,RI2-20,No,SNEG,Occupied,,3,,,,
12,4/28/2025,"A. Fussell, J. Mulling",Rock Islands,10:36,11:00,,RI2-21,No,ROSP,Occupied,3,,,,,
12,4/28/2025,"A. Fussell, J. Mulling",Rock Islands,10:36,11:00,,RI2-22,No,SNEG,Occupied,1,2,,,,
12,4/28/2025,"A. Fussell, J. Mulling",Rock Islands,10:36,11:00,,RI2-23,No,SNEG,Occupied,2,,,,,
12,4/28/2025,"A. Fussell, J. Mulling",Rock Islands,10:36,11:00,,RI2-24,No,SNEG,Occupied,3,,,,,
12,4/28/2025,"A. Fussell, J. Mulling",Rock Islands,10:36,11:00,,RI2-25,No,SNEG,Occupied,3,,,,,
12,4/28/2025,"A. Fussell, J. Mulling",Rock Islands,10:36,11:00,,RI2-26,No,TRHE,Occupied,,2,,,,
12,4/28/2025,"A. Fussell, J. Mulling",Rock Islands,10:36,11:00,,RI2-27,No,SNEG,Occupied,,3,,,,
12,4/28/2025,"A. Fussell, J. Mulling",Rock Islands,10:36,11:00,,RI2-28,No,SNEG,Occupied,,,2,,,
12,4/28/2025,"A. Fussell, J. Mulling",Rock Islands,10:36,11:00,,RI2-29,No,TRHE,Occupied,,3,,,,
12,4/28/2025,"A. Fussell, J. Mulling",Rock Islands,10:36,11:00,,RI2-30,No,GLIB,Occupied,3,,,,,
12,4/28/2025,"A. Fussell, J. Mulling",Rock Islands,10:36,11:00,,RI2-31,No,SNEG,Occupied,3,,,,,
13,4/30/2025,"A. Fussell, M. Marquis",Clewiston Spit,10:40,11:27,Tree at start count: GREG 30/17; ROSP 3/2 - most all are fledglings,CS1,No,WHIB,Empty,,,,,,
13,4/30/2025,"A. Fussell, M. Marquis",Clewiston Spit,10:40,11:27,Tree at start count: GREG 30/17; ROSP 3/2 - most all are fledglings,CS2,No,WHIB,Empty,,,,,,
13,4/30/2025,"A. Fussell, M. Marquis",Clewiston Spit,10:40,11:27,Tree at start count: GREG 30/17; ROSP 3/2 - most all are fledglings,CS3,No,SNEG,Empty,,,,,,
13,4/30/2025,"A. Fussell, M. Marquis",Clewiston Spit,10:40,11:27,Tree at start count: GREG 30/17; ROSP 3/2 - most all are fledglings,CS4,No,WHIB,Empty,,,,,,
13,4/30/2025,"A. Fussell, M. Marquis",Clewiston Spit,10:40,11:27,Tree at start count: GREG 30/17; ROSP 3/2 - most all are fledglings,CS5,No,WHIB,Empty,,,,,,
13,4/30/2025,"A. Fussell, M. Marquis",Clewiston Spit,10:40,11:27,Tree at start count: GREG 30/17; ROSP 3/2 - most all are fledglings,CS6,No,WHIB,Empty,,,,,,
13,4/30/2025,"A. Fussell, M. Marquis",Clewiston Spit,10:40,11:27,Tree at start count: GREG 30/17; ROSP 3/2 - most all are fledglings,CS7,No,WHIB,Empty,,,,,,
13,4/30/2025,"A. Fussell, M. Marquis",Clewiston Spit,10:40,11:27,Tree at start count: GREG 30/17; ROSP 3/2 - most all are fledglings,CS8,No,WHIB,Empty,,,,,,
13,4/30/2025,"A. Fussell, M. Marquis",Clewiston Spit,10:40,11:27,Tree at start count: GREG 30/17; ROSP 3/2 - most all are fledglings,CS9,No,WHIB,Empty,,,,,,
13,4/30/2025,"A. Fussell, M. Marquis",Clewiston Spit,10:40,11:27,Tree at start count: GREG 30/17; ROSP 3/2 - most all are fledglings,CS10,No,WHIB,Empty,,,,,,
13,4/30/2025,"A. Fussell, M. Marquis",Clewiston Spit,10:40,11:27,Tree at start count: GREG 30/17; ROSP 3/2 - most all are fledglings,CS11,No,WHIB,Empty,,,,,,
13,4/30/2025,"A. Fussell, M. Marquis",Clewiston Spit,10:40,11:27,Tree at start count: GREG 30/17; ROSP 3/2 - most all are fledglings,CS12,No,WHIB,Empty,,,,,,
13,4/30/2025,"A. Fussell, M. Marquis",Clewiston Spit,10:40,11:27,Tree at start count: GREG 30/17; ROSP 3/2 - most all are fledglings,CS13,No,WHIB,Empty,,,,,,
13,4/30/2025,"A. Fussell, M. Marquis",Clewiston Spit,10:40,11:27,Tree at start count: GREG 30/17; ROSP 3/2 - most all are fledglings,CS14,No,SNEG,Occupied,,,3,,,
13,4/30/2025,"A. Fussell, M. Marquis",Clewiston Spit,10:40,11:27,Tree at start count: GREG 30/17; ROSP 3/2 - most all are fledglings,CS15,No,SNEG,Occupied,,,3,,,
13,4/30/2025,"A. Fussell, M. Marquis",Clewiston Spit,10:40,11:27,Tree at start count: GREG 30/17; ROSP 3/2 - most all are fledglings,CS16,No,SNEG,Occupied,,,2,,,
13,4/30/2025,"A. Fussell, M. Marquis",Clewiston Spit,10:40,11:27,Tree at start count: GREG 30/17; ROSP 3/2 - most all are fledglings,CS17,No,SNEG,Empty,,,,,,
13,4/30/2025,"A. Fussell, M. Marquis",Clewiston Spit,10:40,11:27,Tree at start count: GREG 30/17; ROSP 3/2 - most all are fledglings,CS18,No,TRHE,Empty,,,,,,
13,4/30/2025,"A. Fussell, M. Marquis",Clewiston Spit,10:40,11:27,Tree at start count: GREG 30/17; ROSP 3/2 - most all are fledglings,CS19,No,SNEG,Empty,,,,,,
13,4/30/2025,"A. Fussell, M. Marquis",Clewiston Spit,10:40,11:27,Tree at start count: GREG 30/17; ROSP 3/2 - most all are fledglings,CS20,No,SNEG,Occupied,,,2,,,
13,4/30/2025,"A. Fussell, M. Marquis",Clewiston Spit,10:40,11:27,Tree at start count: GREG 30/17; ROSP 3/2 - most all are fledglings,CS21,No,SNEG,Occupied,,3,,,,
13,4/30/2025,"A. Fussell, M. Marquis",Clewiston Spit,10:40,11:27,Tree at start count: GREG 30/17; ROSP 3/2 - most all are fledglings,CS22,No,GLIB,Occupied,2,1,,,,
13,4/30/2025,"A. Fussell, M. Marquis",Clewiston Spit,10:40,11:27,Tree at start count: GREG 30/17; ROSP 3/2 - most all are fledglings,CS23,No,SNEG,Empty,,,,,1,
13,4/30/2025,"A. Fussell, M. Marquis",Clewiston Spit,10:40,11:27,Tree at start count: GREG 30/17; ROSP 3/2 - most all are fledglings,CS24,No,SNEG,Occupied,,3,,,,
13,4/30/2025,"A. Fussell, M. Marquis",Clewiston Spit,10:40,11:27,Tree at start count: GREG 30/17; ROSP 3/2 - most all are fledglings,CS25,No,SNEG,Empty,,,,,,
13,4/30/2025,"A. Fussell, M. Marquis",Clewiston Spit,10:40,11:27,Tree at start count: GREG 30/17; ROSP 3/2 - most all are fledglings,CS26,No,SNEG,Occupied,,2,2,,,
13,4/30/2025,"A. Fussell, M. Marquis",Clewiston Spit,10:40,11:27,Tree at start count: GREG 30/17; ROSP 3/2 - most all are fledglings,CS27,No,TRHE,Occupied,,,2,,,
13,4/30/2025,"A. Fussell, M. Marquis",Clewiston Spit,10:40,11:27,Tree at start count: GREG 30/17; ROSP 3/2 - most all are fledglings,CS28,No,SNEG,Empty,,,,,,
13,4/30/2025,"A. Fussell, M. Marquis",Clewiston Spit,10:40,11:27,Tree at start count: GREG 30/17; ROSP 3/2 - most all are fledglings,CS29,No,SNEG,Occupied,,,3,,,
13,4/30/2025,"A. Fussell, M. Marquis",Clewiston Spit,10:40,11:27,Tree at start count: GREG 30/17; ROSP 3/2 - most all are fledglings,CS30,No,SNEG,Empty,,,,,,
13,4/30/2025,"A. Fussell, M. Marquis",Clewiston Spit,10:40,11:27,Tree at start count: GREG 30/17; ROSP 3/2 - most all are fledglings,CS31,No,SNEG,Empty,,,,,1,
13,4/30/2025,"A. Fussell, M. Marquis",Clewiston Spit,10:40,11:27,Tree at start count: GREG 30/17; ROSP 3/2 - most all are fledglings,CS32,No,SNEG,Empty,,,,,1,
13,4/30/2025,"A. Fussell, M. Marquis",Clewiston Spit,10:40,11:27,Tree at start count: GREG 30/17; ROSP 3/2 - most all are fledglings,CS33,No,SNEG,Empty,,,,,1,
13,4/30/2025,"A. Fussell, M. Marquis",Clewiston Spit,10:40,11:27,Tree at start count: GREG 30/17; ROSP 3/2 - most all are fledglings,CS34,No,SNEG,Empty,,,,,,
13,4/30/2025,"A. Fussell, M. Marquis",Clewiston Spit,10:40,11:27,Tree at start count: GREG 30/17; ROSP 3/2 - most all are fledglings,CS35,No,SNEG,Occupied,,3,,,,
13,4/30/2025,"A. Fussell, M. Marquis",Clewiston Spit,10:40,11:27,Tree at start count: GREG 30/17; ROSP 3/2 - most all are fledglings,CS36,No,SNEG,Empty,,,,,,
13,4/30/2025,"A. Fussell, M. Marquis",Clewiston Spit,10:40,11:27,Tree at start count: GREG 30/17; ROSP 3/2 - most all are fledglings,CS37,No,GREG,Empty,,,,,,
13,4/30/2025,"A. Fussell, M. Marquis",Clewiston Spit,10:40,11:27,Tree at start count: GREG 30/17; ROSP 3/2 - most all are fledglings,CS38,No,GREG,Occupied,,,1,,,
13,4/30/2025,"A. Fussell, M. Marquis",Clewiston Spit,10:40,11:27,Tree at start count: GREG 30/17; ROSP 3/2 - most all are fledglings,CS39,No,GREG,Empty,,,,,,
13,4/30/2025,"A. Fussell, M. Marquis",Clewiston Spit,10:40,11:27,Tree at start count: GREG 30/17; ROSP 3/2 - most all are fledglings,CS40,No,SNEG,Empty,,,,,,
13,4/30/2025,"A. Fussell, M. Marquis",Clewiston Spit,10:40,11:27,Tree at start count: GREG 30/17; ROSP 3/2 - most all are fledglings,CS41,No,SNEG,Occupied,,,2,,,
13,4/30/2025,"A. Fussell, M. Marquis",Clewiston Spit,10:40,11:27,Tree at start count: GREG 30/17; ROSP 3/2 - most all are fledglings,CS42,No,SNEG,Occupied,1,,,,,cold egg
13,4/30/2025,"A. Fussell, M. Marquis",Clewiston Spit,10:40,11:27,Tree at start count: GREG 30/17; ROSP 3/2 - most all are fledglings,CS43,No,SNEG,Occupied,,4,,,,
13,4/30/2025,"A. Fussell, M. Marquis",Clewiston Spit,10:40,11:27,Tree at start count: GREG 30/17; ROSP 3/2 - most all are fledglings,CS44,No,GREG,Empty,,,,,,
13,4/30/2025,"A. Fussell, M. Marquis",Clewiston Spit,10:40,11:27,Tree at start count: GREG 30/17; ROSP 3/2 - most all are fledglings,CS45,No,GREG,Empty,,,,,,
13,4/30/2025,"A. Fussell, M. Marquis",Clewiston Spit,10:40,11:27,Tree at start count: GREG 30/17; ROSP 3/2 - most all are fledglings,CS46,No,SNEG,Empty,,,,,,
13,4/30/2025,"A. Fussell, M. Marquis",Clewiston Spit,10:40,11:27,Tree at start count: GREG 30/17; ROSP 3/2 - most all are fledglings,CS47,No,SNEG,Empty,,,,,,
13,4/30/2025,"A. Fussell, M. Marquis",Clewiston Spit,10:40,11:27,Tree at start count: GREG 30/17; ROSP 3/2 - most all are fledglings,CS48,No,GREG,Empty,,,,,,
13,4/30/2025,"A. Fussell, M. Marquis",Clewiston Spit,10:40,11:27,Tree at start count: GREG 30/17; ROSP 3/2 - most all are fledglings,CS49,No,SNEG,Empty,,,,,1,
13,4/30/2025,"A. Fussell, M. Marquis",Clewiston Spit,10:40,11:27,Tree at start count: GREG 30/17; ROSP 3/2 - most all are fledglings,CS50,No,GREG,Occupied,,,3,,,
13,4/30/2025,"A. Fussell, M. Marquis",Clewiston Spit,10:40,11:27,Tree at start count: GREG 30/17; ROSP 3/2 - most all are fledglings,CS51,No,SNEG,Occupied,3,1,,,,
13,4/30/2025,"A. Fussell, M. Marquis",Clewiston Spit,10:40,11:27,Tree at start count: GREG 30/17; ROSP 3/2 - most all are fledglings,CS52,No,UNKN,Empty,,,,,,
14,5/1/2025,"A. Fussell, J. Mulling",Moonshine Bay,9:11,10:00,,MB1,No,WHIB,Occupied,3,,,,,
14,5/1/2025,"A. Fussell, J. Mulling",Moonshine Bay,9:11,10:00,,MB2,No,WHIB,Occupied,,3,,,,
14,5/1/2025,"A. Fussell, J. Mulling",Moonshine Bay,9:11,10:00,,MB3,No,WHIB,Occupied,3,,,,,
14,5/1/2025,"A. Fussell, J. Mulling",Moonshine Bay,9:11,10:00,,MB4,No,WHIB,Occupied,,4,,,,
14,5/1/2025,"A. Fussell, J. Mulling",Moonshine Bay,9:11,10:00,,MB5,No,WHIB,Occupied,,2,,,,
14,5/1/2025,"A. Fussell, J. Mulling",Moonshine Bay,9:11,10:00,,MB6,No,GLIB,Occupied,4,,,,,
14,5/1/2025,"A. Fussell, J. Mulling",Moonshine Bay,9:11,10:00,,MB7,No,WHIB,Occupied,3,,,,,
14,5/1/2025,"A. Fussell, J. Mulling",Moonshine Bay,9:11,10:00,,MB8,No,WHIB,Destroyed or Gone,,,,,,
14,5/1/2025,"A. Fussell, J. Mulling",Moonshine Bay,9:11,10:00,,MB9,No,WHIB,Empty,,,,,,
14,5/1/2025,"A. Fussell, J. Mulling",Moonshine Bay,9:11,10:00,,MB10,No,WHIB,Empty,,,,,2,
14,5/1/2025,"A. Fussell, J. Mulling",Moonshine Bay,9:11,10:00,,MB11,No,WHIB,Destroyed or Gone,,,,,,
14,5/1/2025,"A. Fussell, J. Mulling",Moonshine Bay,9:11,10:00,,MB12,No,WHIB,Occupied,,2,,,,
14,5/1/2025,"A. Fussell, J. Mulling",Moonshine Bay,9:11,10:00,,MB13,No,WHIB,Destroyed or Gone,,,,,,
14,5/1/2025,"A. Fussell, J. Mulling",Moonshine Bay,9:11,10:00,,MB14,No,WHIB,Occupied,,2,,,,
14,5/1/2025,"A. Fussell, J. Mulling",Moonshine Bay,9:11,10:00,,MB15,No,WHIB,Destroyed or Gone,,,,,,
14,5/1/2025,"A. Fussell, J. Mulling",Moonshine Bay,9:11,10:00,,MB16,No,WHIB,Empty,,,,,,
14,5/1/2025,"A. Fussell, J. Mulling",Moonshine Bay,9:11,10:00,,MB17,No,WHIB,Occupied,3,,,,,
14,5/1/2025,"A. Fussell, J. Mulling",Moonshine Bay,9:11,10:00,,MB18,No,WHIB,Destroyed or Gone,,,,,,
14,5/1/2025,"A. Fussell, J. Mulling",Moonshine Bay,9:11,10:00,,MB19,No,WHIB,Occupied,1,2,,,,
14,5/1/2025,"A. Fussell, J. Mulling",Moonshine Bay,9:11,10:00,,MB20,No,WHIB,Occupied,2,,,,,
14,5/1/2025,"A. Fussell, J. Mulling",Moonshine Bay,9:11,10:00,,MB21,No,WHIB,Occupied,1,2,,,,
14,5/1/2025,"A. Fussell, J. Mulling",Moonshine Bay,9:11,10:00,,MB22,No,WHIB,Destroyed or Gone,,,,,,
14,5/1/2025,"A. Fussell, J. Mulling",Moonshine Bay,9:11,10:00,,MB23,No,WHIB,Occupied,3,,,,,
14,5/1/2025,"A. Fussell, J. Mulling",Moonshine Bay,9:11,10:00,,MB24,No,WHIB,Occupied,1,1,,,,egg is out of nest
14,5/1/2025,"A. Fussell, J. Mulling",Moonshine Bay,9:11,10:00,,MB25,No,WHIB,Occupied,,1,,,,
14,5/1/2025,"A. Fussell, J. Mulling",Moonshine Bay,9:11,10:00,,MB26,No,WHIB,Occupied,,2,,,,
14,5/1/2025,"A. Fussell, J. Mulling",Moonshine Bay,9:11,10:00,,MB27,No,WHIB,Destroyed or Gone,,,,,,
14,5/1/2025,"A. Fussell, J. Mulling",Moonshine Bay,9:11,10:00,,MB28,No,WHIB,Destroyed or Gone,,,,,,
14,5/1/2025,"A. Fussell, J. Mulling",Moonshine Bay,9:11,10:00,,MB29,No,WHIB,Occupied,3,,,,,
14,5/1/2025,"A. Fussell, J. Mulling",Moonshine Bay,9:11,10:00,,MB30,No,WHIB,Occupied,1,,,,,
14,5/1/2025,"A. Fussell, J. Mulling",Moonshine Bay,9:11,10:00,,MB31,No,WHIB,Destroyed or Gone,,,,,,
14,5/1/2025,"A. Fussell, J. Mulling",Moonshine Bay,9:11,10:00,,MB32,No,GLIB,Occupied,2,1,,,,
14,5/1/2025,"A. Fussell, J. Mulling",Moonshine Bay,9:11,10:00,,MB33,No,WHIB,Occupied,2,,,,,
14,5/1/2025,"A. Fussell, J. Mulling",Moonshine Bay,9:11,10:00,,MB34,No,WHIB,Destroyed or Gone,,,,,,
14,5/1/2025,"A. Fussell, J. Mulling",Moonshine Bay,9:11,10:00,,MB35,No,WHIB,Occupied,2,1,,,,
14,5/1/2025,"A. Fussell, J. Mulling",Moonshine Bay,9:11,10:00,,MB36,No,GLIB,Destroyed or Gone,,,,,,
14,5/1/2025,"A. Fussell, J. Mulling",Moonshine Bay,9:11,10:00,,MB37,No,WHIB,Occupied,2,1,,,,
14,5/1/2025,"A. Fussell, J. Mulling",Moonshine Bay,9:11,10:00,,MB38,No,WHIB,Destroyed or Gone,,,,,,
14,5/1/2025,"A. Fussell, J. Mulling",Moonshine Bay,9:11,10:00,,MB39,No,WHIB,Destroyed or Gone,,,,,,
14,5/1/2025,"A. Fussell, J. Mulling",Moonshine Bay,9:11,10:00,,MB40,No,WHIB,Destroyed or Gone,,,,,,
14,5/1/2025,"A. Fussell, J. Mulling",Moonshine Bay,9:11,10:00,,MB41,No,WHIB,Destroyed or Gone,,,,,,
14,5/1/2025,"A. Fussell, J. Mulling",Moonshine Bay,9:11,10:00,,MB42,No,GLIB,Occupied,2,1,,,,
14,5/1/2025,"A. Fussell, J. Mulling",Moonshine Bay,9:11,10:00,,MB43,No,WHIB,Destroyed or Gone,,,,,,
14,5/1/2025,"A. Fussell, J. Mulling",Moonshine Bay,9:11,10:00,,MB44,No,WHIB,Occupied,1,2,,,,
14,5/1/2025,"A. Fussell, J. Mulling",Moonshine Bay,9:11,10:00,,MB45,No,WHIB,Occupied,2,,,,,
14,5/1/2025,"A. Fussell, J. Mulling",Moonshine Bay,9:11,10:00,,MB46,No,GLIB,Occupied,2,,,,,
14,5/1/2025,"A. Fussell, J. Mulling",Moonshine Bay,9:11,10:00,,MB47,No,GLIB,Occupied,1,2,,,,
14,5/1/2025,"A. Fussell, J. Mulling",Moonshine Bay,9:11,10:00,,MB48,No,WHIB,Occupied,,1,,1,,
14,5/1/2025,"A. Fussell, J. Mulling",Moonshine Bay,9:11,10:00,,MB49,No,WHIB,Occupied,2,1,,,,
14,5/1/2025,"A. Fussell, J. Mulling",Moonshine Bay,9:11,10:00,,MB50,No,WHIB,Occupied,,2,,,,
15,5/6/2025,"A. Fussell, Volunteer",Rock Islands,9:35,11:10,Volunteers are Enesto Alwaiez and Gabrella De La Fe; first transect started at 9:35 and finished at 10:28,RI1,No,TRHE,Empty,,,,,,
15,5/6/2025,"A. Fussell, Volunteer",Rock Islands,9:35,11:10,Volunteers are Enesto Alwaiez and Gabrella De La Fe; first transect started at 9:35 and finished at 10:28,RI2,No,GLIB,Occupied,1,3,,,,
15,5/6/2025,"A. Fussell, Volunteer",Rock Islands,9:35,11:10,Volunteers are Enesto Alwaiez and Gabrella De La Fe; first transect started at 9:35 and finished at 10:28,RI3,No,SNEG,Destroyed or Gone,,,,,,
15,5/6/2025,"A. Fussell, Volunteer",Rock Islands,9:35,11:10,Volunteers are Enesto Alwaiez and Gabrella De La Fe; first transect started at 9:35 and finished at 10:28,RI4,No,SNEG,Destroyed or Gone,,,,,,
15,5/6/2025,"A. Fussell, Volunteer",Rock Islands,9:35,11:10,Volunteers are Enesto Alwaiez and Gabrella De La Fe; first transect started at 9:35 and finished at 10:28,RI5,No,SNEG,Occupied,,,3,,,
15,5/6/2025,"A. Fussell, Volunteer",Rock Islands,9:35,11:10,Volunteers are Enesto Alwaiez and Gabrella De La Fe; first transect started at 9:35 and finished at 10:28,RI6,No,SMWT,Destroyed or Gone,,,,,,
15,5/6/2025,"A. Fussell, Volunteer",Rock Islands,9:35,11:10,Volunteers are Enesto Alwaiez and Gabrella De La Fe; first transect started at 9:35 and finished at 10:28,RI7,No,SNEG,Occupied,,,2,,,
15,5/6/2025,"A. Fussell, Volunteer",Rock Islands,9:35,11:10,Volunteers are Enesto Alwaiez and Gabrella De La Fe; first transect started at 9:35 and finished at 10:28,RI8,No,ANHI,Destroyed or Gone,,,,,,
15,5/6/2025,"A. Fussell, Volunteer",Rock Islands,9:35,11:10,Volunteers are Enesto Alwaiez and Gabrella De La Fe; first transect started at 9:35 and finished at 10:28,RI9,No,ROSP,Destroyed or Gone,,,,,,
15,5/6/2025,"A. Fussell, Volunteer",Rock Islands,9:35,11:10,Volunteers are Enesto Alwaiez and Gabrella De La Fe; first transect started at 9:35 and finished at 10:28,RI10,No,ROSP,Occupied,,,3,,,
15,5/6/2025,"A. Fussell, Volunteer",Rock Islands,9:35,11:10,Volunteers are Enesto Alwaiez and Gabrella De La Fe; first transect started at 9:35 and finished at 10:28,RI11,No,GLIB,Occupied,5,,,,,
15,5/6/2025,"A. Fussell, Volunteer",Rock Islands,9:35,11:10,Volunteers are Enesto Alwaiez and Gabrella De La Fe; first transect started at 9:35 and finished at 10:28,RI12,No,TRHE,Destroyed or Gone,,,,,,
15,5/6/2025,"A. Fussell, Volunteer",Rock Islands,9:35,11:10,Volunteers are Enesto Alwaiez and Gabrella De La Fe; first transect started at 9:35 and finished at 10:28,RI13,No,GREG,Empty,,,,,,
15,5/6/2025,"A. Fussell, Volunteer",Rock Islands,9:35,11:10,Volunteers are Enesto Alwaiez and Gabrella De La Fe; first transect started at 9:35 and finished at 10:28,RI14,No,SNEG,Occupied,,3,,,,
15,5/6/2025,"A. Fussell, Volunteer",Rock Islands,9:35,11:10,Volunteers are Enesto Alwaiez and Gabrella De La Fe; first transect started at 9:35 and finished at 10:28,RI15,No,GLIB,Occupied,3,,,,,"nest was built by SMWT, was abandoned, then used by GLIB"
15,5/6/2025,"A. Fussell, Volunteer",Rock Islands,9:35,11:10,Volunteers are Enesto Alwaiez and Gabrella De La Fe; first transect started at 9:35 and finished at 10:28,RI16,No,SNEG,Occupied,,,2,,,
15,5/6/2025,"A. Fussell, Volunteer",Rock Islands,9:35,11:10,Volunteers are Enesto Alwaiez and Gabrella De La Fe; first transect started at 9:35 and finished at 10:28,RI17,No,ROSP,Destroyed or Gone,,,,,,
15,5/6/2025,"A. Fussell, Volunteer",Rock Islands,9:35,11:10,Volunteers are Enesto Alwaiez and Gabrella De La Fe; first transect started at 9:35 and finished at 10:28,RI18,No,ROSP,Destroyed or Gone,,,,,,
15,5/6/2025,"A. Fussell, Volunteer",Rock Islands,9:35,11:10,Volunteers are Enesto Alwaiez and Gabrella De La Fe; first transect started at 9:35 and finished at 10:28,RI19,No,SNEG,Destroyed or Gone,,,,,,
15,5/6/2025,"A. Fussell, Volunteer",Rock Islands,9:35,11:10,Volunteers are Enesto Alwaiez and Gabrella De La Fe; first transect started at 9:35 and finished at 10:28,RI20,No,SNEG,Empty,,,,,,
15,5/6/2025,"A. Fussell, Volunteer",Rock Islands,9:35,11:10,Volunteers are Enesto Alwaiez and Gabrella De La Fe; first transect started at 9:35 and finished at 10:28,RI21,No,CAEG,Occupied,1,,,,,
15,5/6/2025,"A. Fussell, Volunteer",Rock Islands,9:35,11:10,Volunteers are Enesto Alwaiez and Gabrella De La Fe; first transect started at 9:35 and finished at 10:28,RI22,No,GREG,Empty,,,,,,
15,5/6/2025,"A. Fussell, Volunteer",Rock Islands,9:35,11:10,Volunteers are Enesto Alwaiez and Gabrella De La Fe; first transect started at 9:35 and finished at 10:28,RI23,No,ANHI,Occupied,,,1,,,
15,5/6/2025,"A. Fussell, Volunteer",Rock Islands,9:35,11:10,Volunteers are Enesto Alwaiez and Gabrella De La Fe; first transect started at 9:35 and finished at 10:28,RI24,No,SNEG,Empty,,,,,,
15,5/6/2025,"A. Fussell, Volunteer",Rock Islands,9:35,11:10,Volunteers are Enesto Alwaiez and Gabrella De La Fe; first transect started at 9:35 and finished at 10:28,RI25,No,GREG,Empty,,,,,1,
15,5/6/2025,"A. Fussell, Volunteer",Rock Islands,9:35,11:10,Volunteers are Enesto Alwaiez and Gabrella De La Fe; first transect started at 9:35 and finished at 10:28,RI26,No,GREG,Empty,,,,,,
15,5/6/2025,"A. Fussell, Volunteer",Rock Islands,9:35,11:10,Volunteers are Enesto Alwaiez and Gabrella De La Fe; first transect started at 9:35 and finished at 10:28,RI27,No,GLIB,Occupied,1,2,,,,
15,5/6/2025,"A. Fussell, Volunteer",Rock Islands,9:35,11:10,Volunteers are Enesto Alwaiez and Gabrella De La Fe; first transect started at 9:35 and finished at 10:28,RI28,No,SNEG,Destroyed or Gone,,,,,,
15,5/6/2025,"A. Fussell, Volunteer",Rock Islands,9:35,11:10,Volunteers are Enesto Alwaiez and Gabrella De La Fe; first transect started at 9:35 and finished at 10:28,RI29,No,SNEG,Empty,,,,,,
15,5/6/2025,"A. Fussell, Volunteer",Rock Islands,9:35,11:10,Volunteers are Enesto Alwaiez and Gabrella De La Fe; first transect started at 9:35 and finished at 10:28,RI30,No,TRHE,Empty,,,2,,1,
15,5/6/2025,"A. Fussell, Volunteer",Rock Islands,9:35,11:10,Volunteers are Enesto Alwaiez and Gabrella De La Fe; first transect started at 9:35 and finished at 10:28,RI31,No,TRHE,Empty,,,,,,
15,5/6/2025,"A. Fussell, Volunteer",Rock Islands,9:35,11:10,Volunteers are Enesto Alwaiez and Gabrella De La Fe; first transect started at 9:35 and finished at 10:28,RI32,No,ANHI,Destroyed or Gone,,,,,,
15,5/6/2025,"A. Fussell, Volunteer",Rock Islands,9:35,11:10,Volunteers are Enesto Alwaiez and Gabrella De La Fe; first transect started at 9:35 and finished at 10:28,RI33,No,GREG,Empty,,,,,,
15,5/6/2025,"A. Fussell, Volunteer",Rock Islands,9:35,11:10,Volunteers are Enesto Alwaiez and Gabrella De La Fe; first transect started at 9:35 and finished at 10:28,RI34,No,GREG,Empty,,,,,,
15,5/6/2025,"A. Fussell, Volunteer",Rock Islands,9:35,11:10,Volunteers are Enesto Alwaiez and Gabrella De La Fe; first transect started at 9:35 and finished at 10:28,RI35,No,GREG,Empty,,,,,,
15,5/6/2025,"A. Fussell, Volunteer",Rock Islands,9:35,11:10,Volunteers are Enesto Alwaiez and Gabrella De La Fe; first transect started at 9:35 and finished at 10:28,RI36,No,TRHE,Empty,,,,,,
15,5/6/2025,"A. Fussell, Volunteer",Rock Islands,9:35,11:10,Volunteers are Enesto Alwaiez and Gabrella De La Fe; first transect started at 9:35 and finished at 10:28,RI37,No,SNEG,Occupied,1,2,,,,
15,5/6/2025,"A. Fussell, Volunteer",Rock Islands,9:35,11:10,Volunteers are Enesto Alwaiez and Gabrella De La Fe; first transect started at 9:35 and finished at 10:28,RI38,No,TRHE,Occupied,,,2,,,
15,5/6/2025,"A. Fussell, Volunteer",Rock Islands,9:35,11:10,Volunteers are Enesto Alwaiez and Gabrella De La Fe; first transect started at 9:35 and finished at 10:28,RI39,No,SNEG,Occupied,1,2,,,,
15,5/6/2025,"A. Fussell, Volunteer",Rock Islands,9:35,11:10,Volunteers are Enesto Alwaiez and Gabrella De La Fe; first transect started at 9:35 and finished at 10:28,RI40,No,SNEG,Occupied,,3,,,,
15,5/6/2025,"A. Fussell, Volunteer",Rock Islands,9:35,11:10,Volunteers are Enesto Alwaiez and Gabrella De La Fe; first transect started at 9:35 and finished at 10:28,RI41,No,TRHE,Occupied,,,1,,1,
15,5/6/2025,"A. Fussell, Volunteer",Rock Islands,9:35,11:10,Volunteers are Enesto Alwaiez and Gabrella De La Fe; first transect started at 9:35 and finished at 10:28,RI42,No,SNEG,Occupied,,,3,,,
15,5/6/2025,"A. Fussell, Volunteer",Rock Islands,9:35,11:10,Volunteers are Enesto Alwaiez and Gabrella De La Fe; first transect started at 9:35 and finished at 10:28,RI43,No,SNEG,Empty,,,,,,
15,5/6/2025,"A. Fussell, Volunteer",Rock Islands,9:35,11:10,Volunteers are Enesto Alwaiez and Gabrella De La Fe; first transect started at 9:35 and finished at 10:28,RI44,No,GLIB,Occupied,1,1,,,,
15,5/6/2025,"A. Fussell, Volunteer",Rock Islands,9:35,11:10,Volunteers are Enesto Alwaiez and Gabrella De La Fe; first transect started at 9:35 and finished at 10:28,RI45,No,GREG,Empty,,,,,,
15,5/6/2025,"A. Fussell, Volunteer",Rock Islands,9:35,11:10,Volunteers are Enesto Alwaiez and Gabrella De La Fe; first transect started at 9:35 and finished at 10:28,RI46,No,SNEG,Empty,,,,,,
15,5/6/2025,"A. Fussell, Volunteer",Rock Islands,9:35,11:10,Volunteers are Enesto Alwaiez and Gabrella De La Fe; first transect started at 9:35 and finished at 10:28,RI47,No,SNEG,Destroyed or Gone,,,,,,
15,5/6/2025,"A. Fussell, Volunteer",Rock Islands,9:35,11:10,Volunteers are Enesto Alwaiez and Gabrella De La Fe; first transect started at 9:35 and finished at 10:28,RI48,No,SNEG,Empty,,,,,,
15,5/6/2025,"A. Fussell, Volunteer",Rock Islands,9:35,11:10,Volunteers are Enesto Alwaiez and Gabrella De La Fe; first transect started at 9:35 and finished at 10:28,RI49,No,GREG,Empty,,,,,,
15,5/6/2025,"A. Fussell, Volunteer",Rock Islands,9:35,11:10,Volunteers are Enesto Alwaiez and Gabrella De La Fe; first transect started at 9:35 and finished at 10:28,RI50,No,GLIB,Empty,,,,,,
15,5/6/2025,"A. Fussell, Volunteer",Rock Islands,9:35,11:10,Volunteers are Enesto Alwaiez and Gabrella De La Fe; first transect started at 9:35 and finished at 10:28,RI2-1,No,ROSP,Empty,,,,,,
15,5/6/2025,"A. Fussell, Volunteer",Rock Islands,9:35,11:10,Volunteers are Enesto Alwaiez and Gabrella De La Fe; first transect started at 9:35 and finished at 10:28,RI2-2,No,TRHE,Occupied,,,2,,,
15,5/6/2025,"A. Fussell, Volunteer",Rock Islands,9:35,11:10,Volunteers are Enesto Alwaiez and Gabrella De La Fe; first transect started at 9:35 and finished at 10:28,RI2-3,No,SNEG,Occupied,,,3,,,
15,5/6/2025,"A. Fussell, Volunteer",Rock Islands,9:35,11:10,Volunteers are Enesto Alwaiez and Gabrella De La Fe; first transect started at 9:35 and finished at 10:28,RI2-4,No,SNEG,Empty,,,,,,
15,5/6/2025,"A. Fussell, Volunteer",Rock Islands,9:35,11:10,Volunteers are Enesto Alwaiez and Gabrella De La Fe; first transect started at 9:35 and finished at 10:28,RI2-5,No,TRHE,Occupied,,,2,,,
15,5/6/2025,"A. Fussell, Volunteer",Rock Islands,9:35,11:10,Volunteers are Enesto Alwaiez and Gabrella De La Fe; first transect started at 9:35 and finished at 10:28,RI2-6,No,SNEG,Occupied,2,,,,,previous check had 1 egg??
15,5/6/2025,"A. Fussell, Volunteer",Rock Islands,9:35,11:10,Volunteers are Enesto Alwaiez and Gabrella De La Fe; first transect started at 9:35 and finished at 10:28,RI2-7,No,CAEG,Occupied,3,,,,,nest was built and previously occupied by SNEG that fledged and was then occupied by CAEG
15,5/6/2025,"A. Fussell, Volunteer",Rock Islands,9:35,11:10,Volunteers are Enesto Alwaiez and Gabrella De La Fe; first transect started at 9:35 and finished at 10:28,RI2-8,No,SNEG,Empty,,,,,,
15,5/6/2025,"A. Fussell, Volunteer",Rock Islands,9:35,11:10,Volunteers are Enesto Alwaiez and Gabrella De La Fe; first transect started at 9:35 and finished at 10:28,RI2-9,No,SNEG,Occupied,,,3,,,
15,5/6/2025,"A. Fussell, Volunteer",Rock Islands,9:35,11:10,Volunteers are Enesto Alwaiez and Gabrella De La Fe; first transect started at 9:35 and finished at 10:28,RI2-10,No,SNEG,Destroyed or Gone,,,,,,
15,5/6/2025,"A. Fussell, Volunteer",Rock Islands,9:35,11:10,Volunteers are Enesto Alwaiez and Gabrella De La Fe; first transect started at 9:35 and finished at 10:28,RI2-11,No,TRHE,Empty,,,,,,changed from SNEG to TRHE based on previous entries; 
15,5/6/2025,"A. Fussell, Volunteer",Rock Islands,9:35,11:10,Volunteers are Enesto Alwaiez and Gabrella De La Fe; first transect started at 9:35 and finished at 10:28,RI2-12,No,CAEG,Occupied,3,,,,,changed from SNEG to CAEG based on previous and later entries of the same nest
15,5/6/2025,"A. Fussell, Volunteer",Rock Islands,9:35,11:10,Volunteers are Enesto Alwaiez and Gabrella De La Fe; first transect started at 9:35 and finished at 10:28,RI2-13,No,TRHE,Empty,,,,,,
15,5/6/2025,"A. Fussell, Volunteer",Rock Islands,9:35,11:10,Volunteers are Enesto Alwaiez and Gabrella De La Fe; first transect started at 9:35 and finished at 10:28,RI2-14,No,SNEG,Empty,,,,,,
15,5/6/2025,"A. Fussell, Volunteer",Rock Islands,9:35,11:10,Volunteers are Enesto Alwaiez and Gabrella De La Fe; first transect started at 9:35 and finished at 10:28,RI2-15,No,SNEG,Empty,,,,,,
15,5/6/2025,"A. Fussell, Volunteer",Rock Islands,9:35,11:10,Volunteers are Enesto Alwaiez and Gabrella De La Fe; first transect started at 9:35 and finished at 10:28,RI2-16,No,TRHE,Empty,,,,,,
15,5/6/2025,"A. Fussell, Volunteer",Rock Islands,9:35,11:10,Volunteers are Enesto Alwaiez and Gabrella De La Fe; first transect started at 9:35 and finished at 10:28,RI2-17,No,SNEG,Occupied,3,,,,,
15,5/6/2025,"A. Fussell, Volunteer",Rock Islands,9:35,11:10,Volunteers are Enesto Alwaiez and Gabrella De La Fe; first transect started at 9:35 and finished at 10:28,RI2-18,No,SNEG,Destroyed or Gone,,,,,,
15,5/6/2025,"A. Fussell, Volunteer",Rock Islands,9:35,11:10,Volunteers are Enesto Alwaiez and Gabrella De La Fe; first transect started at 9:35 and finished at 10:28,RI2-19,No,SNEG,Occupied,,,3,,,
15,5/6/2025,"A. Fussell, Volunteer",Rock Islands,9:35,11:10,Volunteers are Enesto Alwaiez and Gabrella De La Fe; first transect started at 9:35 and finished at 10:28,RI2-20,No,SNEG,Occupied,,,1,,,changed from TRHE to SNEG based on later entries fo the same nest
15,5/6/2025,"A. Fussell, Volunteer",Rock Islands,9:35,11:10,Volunteers are Enesto Alwaiez and Gabrella De La Fe; first transect started at 9:35 and finished at 10:28,RI2-21,No,ROSP,Occupied,3,1,,,,
15,5/6/2025,"A. Fussell, Volunteer",Rock Islands,9:35,11:10,Volunteers are Enesto Alwaiez and Gabrella De La Fe; first transect started at 9:35 and finished at 10:28,RI2-22,No,SNEG,Occupied,,3,,,,
15,5/6/2025,"A. Fussell, Volunteer",Rock Islands,9:35,11:10,Volunteers are Enesto Alwaiez and Gabrella De La Fe; first transect started at 9:35 and finished at 10:28,RI2-23,No,SNEG,Occupied,2,,,,,
15,5/6/2025,"A. Fussell, Volunteer",Rock Islands,9:35,11:10,Volunteers are Enesto Alwaiez and Gabrella De La Fe; first transect started at 9:35 and finished at 10:28,RI2-24,No,SNEG,Occupied,3,,,,,
15,5/6/2025,"A. Fussell, Volunteer",Rock Islands,9:35,11:10,Volunteers are Enesto Alwaiez and Gabrella De La Fe; first transect started at 9:35 and finished at 10:28,RI2-25,No,SNEG,Occupied,3,,,,,
15,5/6/2025,"A. Fussell, Volunteer",Rock Islands,9:35,11:10,Volunteers are Enesto Alwaiez and Gabrella De La Fe; first transect started at 9:35 and finished at 10:28,RI2-26,No,TRHE,Occupied,,,2,,,
15,5/6/2025,"A. Fussell, Volunteer",Rock Islands,9:35,11:10,Volunteers are Enesto Alwaiez and Gabrella De La Fe; first transect started at 9:35 and finished at 10:28,RI2-27,No,SNEG,Occupied,,,3,,,
15,5/6/2025,"A. Fussell, Volunteer",Rock Islands,9:35,11:10,Volunteers are Enesto Alwaiez and Gabrella De La Fe; first transect started at 9:35 and finished at 10:28,RI2-28,No,SNEG,Destroyed or Gone,,,,,,
15,5/6/2025,"A. Fussell, Volunteer",Rock Islands,9:35,11:10,Volunteers are Enesto Alwaiez and Gabrella De La Fe; first transect started at 9:35 and finished at 10:28,RI2-29,No,TRHE,Empty,,,,,,
15,5/6/2025,"A. Fussell, Volunteer",Rock Islands,9:35,11:10,Volunteers are Enesto Alwaiez and Gabrella De La Fe; first transect started at 9:35 and finished at 10:28,RI2-30,No,GLIB,Occupied,3,,,,,
15,5/6/2025,"A. Fussell, Volunteer",Rock Islands,9:35,11:10,Volunteers are Enesto Alwaiez and Gabrella De La Fe; first transect started at 9:35 and finished at 10:28,RI2-31,No,SNEG,Occupied,1,1,,,,
16,5/7/2025,"A. Fussell, J. Mulling",Little Bear Beach,8:55,9:32,,LBB1,No,TRHE,Occupied,,,2,,,
16,5/7/2025,"A. Fussell, J. Mulling",Little Bear Beach,8:55,9:32,,LBB2,No,WHIB,Empty,,,,,2,
16,5/7/2025,"A. Fussell, J. Mulling",Little Bear Beach,8:55,9:32,,LBB3,No,WHIB,Empty,,,,,1,
16,5/7/2025,"A. Fussell, J. Mulling",Little Bear Beach,8:55,9:32,,LBB4,No,WHIB,Empty,,,,1,,
16,5/7/2025,"A. Fussell, J. Mulling",Little Bear Beach,8:55,9:32,,LBB5,No,WHIB,Empty,,,,,,
16,5/7/2025,"A. Fussell, J. Mulling",Little Bear Beach,8:55,9:32,,LBB6,No,WHIB,Empty,,,,,,
16,5/7/2025,"A. Fussell, J. Mulling",Little Bear Beach,8:55,9:32,,LBB7,No,WHIB,Empty,,,,,1,
16,5/7/2025,"A. Fussell, J. Mulling",Little Bear Beach,8:55,9:32,,LBB8,No,WHIB,Empty,,,,,,
16,5/7/2025,"A. Fussell, J. Mulling",Little Bear Beach,8:55,9:32,,LBB9,No,TRHE,Empty,,,,,,
16,5/7/2025,"A. Fussell, J. Mulling",Little Bear Beach,8:55,9:32,,LBB10,No,WHIB,Empty,,,,,,
16,5/7/2025,"A. Fussell, J. Mulling",Little Bear Beach,8:55,9:32,,LBB11,No,WHIB,Empty,,,,,,
16,5/7/2025,"A. Fussell, J. Mulling",Little Bear Beach,8:55,9:32,,LBB12,No,SNEG,Occupied,,,1,,,
16,5/7/2025,"A. Fussell, J. Mulling",Little Bear Beach,8:55,9:32,,LBB13,No,TRHE,Occupied,,,1,,,
16,5/7/2025,"A. Fussell, J. Mulling",Little Bear Beach,8:55,9:32,,LBB14,No,WHIB,Empty,,,,,,
16,5/7/2025,"A. Fussell, J. Mulling",Little Bear Beach,8:55,9:32,,LBB15,No,WHIB,Empty,,,,,,
16,5/7/2025,"A. Fussell, J. Mulling",Little Bear Beach,8:55,9:32,,LBB16,No,WHIB,Empty,,,,,,
16,5/7/2025,"A. Fussell, J. Mulling",Little Bear Beach,8:55,9:32,,LBB17,No,WHIB,Empty,,,,,,
16,5/7/2025,"A. Fussell, J. Mulling",Little Bear Beach,8:55,9:32,,LBB18,No,WHIB,Empty,,,,,1,
16,5/7/2025,"A. Fussell, J. Mulling",Little Bear Beach,8:55,9:32,,LBB19,No,WHIB,Empty,,,,,1,
16,5/7/2025,"A. Fussell, J. Mulling",Little Bear Beach,8:55,9:32,,LBB20,No,TRHE,Occupied,,,2,,,
16,5/7/2025,"A. Fussell, J. Mulling",Little Bear Beach,8:55,9:32,,LBB21,No,TRHE,Empty,,,,,1,
16,5/7/2025,"A. Fussell, J. Mulling",Little Bear Beach,8:55,9:32,,LBB22,No,TRHE,Empty,,,,,,
16,5/7/2025,"A. Fussell, J. Mulling",Little Bear Beach,8:55,9:32,,LBB23,No,GREG,Occupied,,2,,,1,
16,5/7/2025,"A. Fussell, J. Mulling",Little Bear Beach,8:55,9:32,,LBB24,No,SNEG,Empty,,,,,,
16,5/7/2025,"A. Fussell, J. Mulling",Little Bear Beach,8:55,9:32,,LBB25,No,GREG,Occupied,,,1,,,
16,5/7/2025,"A. Fussell, J. Mulling",Little Bear Beach,8:55,9:32,,LBB26,No,SNEG,Empty,,,,,,
16,5/7/2025,"A. Fussell, J. Mulling",Little Bear Beach,8:55,9:32,,LBB27,No,SNEG,Empty,,,,,,
16,5/7/2025,"A. Fussell, J. Mulling",Little Bear Beach,8:55,9:32,,LBB28,No,SNEG,Empty,,,,,,
16,5/7/2025,"A. Fussell, J. Mulling",Little Bear Beach,8:55,9:32,,LBB29,No,SNEG,Empty,,,,,,
16,5/7/2025,"A. Fussell, J. Mulling",Little Bear Beach,8:55,9:32,,LBB30,No,SNEG,Empty,,,,,,
16,5/7/2025,"A. Fussell, J. Mulling",Little Bear Beach,8:55,9:32,,LBB31,No,SNEG,Occupied,,2,,,,
16,5/7/2025,"A. Fussell, J. Mulling",Little Bear Beach,8:55,9:32,,LBB32,No,TRHE,Occupied,,,2,,,
16,5/7/2025,"A. Fussell, J. Mulling",Little Bear Beach,8:55,9:32,,LBB33,No,WHIB,Empty,,,,,,
16,5/7/2025,"A. Fussell, J. Mulling",Little Bear Beach,8:55,9:32,,LBB34,No,WHIB,Empty,,,,,,
16,5/7/2025,"A. Fussell, J. Mulling",Little Bear Beach,8:55,9:32,,LBB35,No,WHIB,Empty,,,,,,
16,5/7/2025,"A. Fussell, J. Mulling",Little Bear Beach,8:55,9:32,,LBB36,No,WHIB,Empty,,,,,1,
16,5/7/2025,"A. Fussell, J. Mulling",Little Bear Beach,8:55,9:32,,LBB37,No,WHIB,Occupied,,,1,,,
16,5/7/2025,"A. Fussell, J. Mulling",Little Bear Beach,8:55,9:32,,LBB38,No,WHIB,Empty,,,,,,
16,5/7/2025,"A. Fussell, J. Mulling",Little Bear Beach,8:55,9:32,,LBB39,No,WHIB,Empty,,,,,,
16,5/7/2025,"A. Fussell, J. Mulling",Little Bear Beach,8:55,9:32,,LBB40,No,WHIB,Empty,,,,,,
16,5/7/2025,"A. Fussell, J. Mulling",Little Bear Beach,8:55,9:32,,LBB41,No,WHIB,Empty,,,,,,
16,5/7/2025,"A. Fussell, J. Mulling",Little Bear Beach,8:55,9:32,,LBB42,No,WHIB,Empty,,,,,,
16,5/7/2025,"A. Fussell, J. Mulling",Little Bear Beach,8:55,9:32,,LBB43,No,WHIB,Occupied,,2,,,,
16,5/7/2025,"A. Fussell, J. Mulling",Little Bear Beach,8:55,9:32,,LBB44,No,WHIB,Empty,,,,,1,
16,5/7/2025,"A. Fussell, J. Mulling",Little Bear Beach,8:55,9:32,,LBB45,No,WHIB,Empty,,,,,,
16,5/7/2025,"A. Fussell, J. Mulling",Little Bear Beach,8:55,9:32,,LBB46,No,WHIB,Empty,,,,,,
16,5/7/2025,"A. Fussell, J. Mulling",Little Bear Beach,8:55,9:32,,LBB47,No,WHIB,Empty,,,,,,
16,5/7/2025,"A. Fussell, J. Mulling",Little Bear Beach,8:55,9:32,,LBB48,No,WHIB,Empty,,,,,,
16,5/7/2025,"A. Fussell, J. Mulling",Little Bear Beach,8:55,9:32,,LBB49,No,WHIB,Empty,,,,,,
16,5/7/2025,"A. Fussell, J. Mulling",Little Bear Beach,8:55,9:32,,LBB50,No,WHIB,Empty,,,,,,
16,5/7/2025,"A. Fussell, J. Mulling",Little Bear Beach,8:55,9:32,,LBB51,No,TRHE,Empty,,,,,,
16,5/7/2025,"A. Fussell, J. Mulling",Little Bear Beach,8:55,9:32,,LBB52,No,WHIB,Empty,,,,,,
16,5/7/2025,"A. Fussell, J. Mulling",Clewiston Spit,10:30,10:57,"Tree at start count: GREG 40 (25 H), 4 ROSP, 2 ROSP Adult, 2 SNEG A",CS1,No,WHIB,Empty,,,,,,
16,5/7/2025,"A. Fussell, J. Mulling",Clewiston Spit,10:30,10:57,"Tree at start count: GREG 40 (25 H), 4 ROSP, 2 ROSP Adult, 2 SNEG A",CS2,No,WHIB,Empty,,,,,,
16,5/7/2025,"A. Fussell, J. Mulling",Clewiston Spit,10:30,10:57,"Tree at start count: GREG 40 (25 H), 4 ROSP, 2 ROSP Adult, 2 SNEG A",CS3,No,SNEG,Empty,,,,,,
16,5/7/2025,"A. Fussell, J. Mulling",Clewiston Spit,10:30,10:57,"Tree at start count: GREG 40 (25 H), 4 ROSP, 2 ROSP Adult, 2 SNEG A",CS4,No,WHIB,Empty,,,,,,
16,5/7/2025,"A. Fussell, J. Mulling",Clewiston Spit,10:30,10:57,"Tree at start count: GREG 40 (25 H), 4 ROSP, 2 ROSP Adult, 2 SNEG A",CS5,No,WHIB,Empty,,,,,,
16,5/7/2025,"A. Fussell, J. Mulling",Clewiston Spit,10:30,10:57,"Tree at start count: GREG 40 (25 H), 4 ROSP, 2 ROSP Adult, 2 SNEG A",CS6,No,WHIB,Empty,,,,,,
16,5/7/2025,"A. Fussell, J. Mulling",Clewiston Spit,10:30,10:57,"Tree at start count: GREG 40 (25 H), 4 ROSP, 2 ROSP Adult, 2 SNEG A",CS7,No,WHIB,Empty,,,,,,
16,5/7/2025,"A. Fussell, J. Mulling",Clewiston Spit,10:30,10:57,"Tree at start count: GREG 40 (25 H), 4 ROSP, 2 ROSP Adult, 2 SNEG A",CS8,No,WHIB,Empty,,,,,,
16,5/7/2025,"A. Fussell, J. Mulling",Clewiston Spit,10:30,10:57,"Tree at start count: GREG 40 (25 H), 4 ROSP, 2 ROSP Adult, 2 SNEG A",CS9,No,WHIB,Empty,,,,,,
16,5/7/2025,"A. Fussell, J. Mulling",Clewiston Spit,10:30,10:57,"Tree at start count: GREG 40 (25 H), 4 ROSP, 2 ROSP Adult, 2 SNEG A",CS10,No,WHIB,Empty,,,,,,
16,5/7/2025,"A. Fussell, J. Mulling",Clewiston Spit,10:30,10:57,"Tree at start count: GREG 40 (25 H), 4 ROSP, 2 ROSP Adult, 2 SNEG A",CS11,No,WHIB,Empty,,,,,,
16,5/7/2025,"A. Fussell, J. Mulling",Clewiston Spit,10:30,10:57,"Tree at start count: GREG 40 (25 H), 4 ROSP, 2 ROSP Adult, 2 SNEG A",CS12,No,WHIB,Empty,,,,,,
16,5/7/2025,"A. Fussell, J. Mulling",Clewiston Spit,10:30,10:57,"Tree at start count: GREG 40 (25 H), 4 ROSP, 2 ROSP Adult, 2 SNEG A",CS13,No,WHIB,Empty,,,,,,
16,5/7/2025,"A. Fussell, J. Mulling",Clewiston Spit,10:30,10:57,"Tree at start count: GREG 40 (25 H), 4 ROSP, 2 ROSP Adult, 2 SNEG A",CS14,No,SNEG,Empty,,,,,,
16,5/7/2025,"A. Fussell, J. Mulling",Clewiston Spit,10:30,10:57,"Tree at start count: GREG 40 (25 H), 4 ROSP, 2 ROSP Adult, 2 SNEG A",CS15,No,SNEG,Occupied,,,2,,,
16,5/7/2025,"A. Fussell, J. Mulling",Clewiston Spit,10:30,10:57,"Tree at start count: GREG 40 (25 H), 4 ROSP, 2 ROSP Adult, 2 SNEG A",CS16,No,SNEG,Occupied,,,2,,,
16,5/7/2025,"A. Fussell, J. Mulling",Clewiston Spit,10:30,10:57,"Tree at start count: GREG 40 (25 H), 4 ROSP, 2 ROSP Adult, 2 SNEG A",CS17,No,SNEG,Empty,,,,,,
16,5/7/2025,"A. Fussell, J. Mulling",Clewiston Spit,10:30,10:57,"Tree at start count: GREG 40 (25 H), 4 ROSP, 2 ROSP Adult, 2 SNEG A",CS18,No,TRHE,Empty,,,,,,
16,5/7/2025,"A. Fussell, J. Mulling",Clewiston Spit,10:30,10:57,"Tree at start count: GREG 40 (25 H), 4 ROSP, 2 ROSP Adult, 2 SNEG A",CS19,No,SNEG,Occupied,,,2,,,
16,5/7/2025,"A. Fussell, J. Mulling",Clewiston Spit,10:30,10:57,"Tree at start count: GREG 40 (25 H), 4 ROSP, 2 ROSP Adult, 2 SNEG A",CS20,No,SNEG,Occupied,,,2,,,
16,5/7/2025,"A. Fussell, J. Mulling",Clewiston Spit,10:30,10:57,"Tree at start count: GREG 40 (25 H), 4 ROSP, 2 ROSP Adult, 2 SNEG A",CS21,No,SNEG,Occupied,,,2,,,
16,5/7/2025,"A. Fussell, J. Mulling",Clewiston Spit,10:30,10:57,"Tree at start count: GREG 40 (25 H), 4 ROSP, 2 ROSP Adult, 2 SNEG A",CS22,No,GLIB,Destroyed or Gone,,,,,,
16,5/7/2025,"A. Fussell, J. Mulling",Clewiston Spit,10:30,10:57,"Tree at start count: GREG 40 (25 H), 4 ROSP, 2 ROSP Adult, 2 SNEG A",CS23,No,SNEG,Empty,,,,,,
16,5/7/2025,"A. Fussell, J. Mulling",Clewiston Spit,10:30,10:57,"Tree at start count: GREG 40 (25 H), 4 ROSP, 2 ROSP Adult, 2 SNEG A",CS24,No,SNEG,Occupied,,,2,,,
16,5/7/2025,"A. Fussell, J. Mulling",Clewiston Spit,10:30,10:57,"Tree at start count: GREG 40 (25 H), 4 ROSP, 2 ROSP Adult, 2 SNEG A",CS25,No,SNEG,Empty,,,,,,
16,5/7/2025,"A. Fussell, J. Mulling",Clewiston Spit,10:30,10:57,"Tree at start count: GREG 40 (25 H), 4 ROSP, 2 ROSP Adult, 2 SNEG A",CS26,No,SNEG,Occupied,,,2,,,
16,5/7/2025,"A. Fussell, J. Mulling",Clewiston Spit,10:30,10:57,"Tree at start count: GREG 40 (25 H), 4 ROSP, 2 ROSP Adult, 2 SNEG A",CS27,No,TRHE,Empty,,,,,,
16,5/7/2025,"A. Fussell, J. Mulling",Clewiston Spit,10:30,10:57,"Tree at start count: GREG 40 (25 H), 4 ROSP, 2 ROSP Adult, 2 SNEG A",CS28,No,SNEG,Empty,,,,,,
16,5/7/2025,"A. Fussell, J. Mulling",Clewiston Spit,10:30,10:57,"Tree at start count: GREG 40 (25 H), 4 ROSP, 2 ROSP Adult, 2 SNEG A",CS29,No,SNEG,Occupied,,,2,,,
16,5/7/2025,"A. Fussell, J. Mulling",Clewiston Spit,10:30,10:57,"Tree at start count: GREG 40 (25 H), 4 ROSP, 2 ROSP Adult, 2 SNEG A",CS30,No,SNEG,Empty,,,,,,
16,5/7/2025,"A. Fussell, J. Mulling",Clewiston Spit,10:30,10:57,"Tree at start count: GREG 40 (25 H), 4 ROSP, 2 ROSP Adult, 2 SNEG A",CS31,No,SNEG,Empty,,,,,,
16,5/7/2025,"A. Fussell, J. Mulling",Clewiston Spit,10:30,10:57,"Tree at start count: GREG 40 (25 H), 4 ROSP, 2 ROSP Adult, 2 SNEG A",CS32,No,SNEG,Empty,,,,,,
16,5/7/2025,"A. Fussell, J. Mulling",Clewiston Spit,10:30,10:57,"Tree at start count: GREG 40 (25 H), 4 ROSP, 2 ROSP Adult, 2 SNEG A",CS33,No,SNEG,Empty,,,,,,
16,5/7/2025,"A. Fussell, J. Mulling",Clewiston Spit,10:30,10:57,"Tree at start count: GREG 40 (25 H), 4 ROSP, 2 ROSP Adult, 2 SNEG A",CS34,No,SNEG,Empty,,,,,,
16,5/7/2025,"A. Fussell, J. Mulling",Clewiston Spit,10:30,10:57,"Tree at start count: GREG 40 (25 H), 4 ROSP, 2 ROSP Adult, 2 SNEG A",CS35,No,SNEG,Occupied,,,1,,,
16,5/7/2025,"A. Fussell, J. Mulling",Clewiston Spit,10:30,10:57,"Tree at start count: GREG 40 (25 count by J. Mulling), 4 ROSP (2 count by J. Mulling), 2 SNEG",CS36,No,SNEG,Empty,,,,,,
16,5/7/2025,"A. Fussell, J. Mulling",Clewiston Spit,10:30,10:57,"Tree at start count: GREG 40 (25 H), 4 ROSP, 2 ROSP Adult, 2 SNEG A",CS37,No,GREG,Empty,,,,,,
16,5/7/2025,"A. Fussell, J. Mulling",Clewiston Spit,10:30,10:57,"Tree at start count: GREG 40 (25 H), 4 ROSP, 2 ROSP Adult, 2 SNEG A",CS38,No,GREG,Empty,,,,,,
16,5/7/2025,"A. Fussell, J. Mulling",Clewiston Spit,10:30,10:57,"Tree at start count: GREG 40 (25 H), 4 ROSP, 2 ROSP Adult, 2 SNEG A",CS39,No,GREG,Empty,,,,,,
16,5/7/2025,"A. Fussell, J. Mulling",Clewiston Spit,10:30,10:57,"Tree at start count: GREG 40 (25 H), 4 ROSP, 2 ROSP Adult, 2 SNEG A",CS40,No,SNEG,Empty,,,,,,
16,5/7/2025,"A. Fussell, J. Mulling",Clewiston Spit,10:30,10:57,"Tree at start count: GREG 40 (25 H), 4 ROSP, 2 ROSP Adult, 2 SNEG A",CS41,No,SNEG,Empty,,,,,,
16,5/7/2025,"A. Fussell, J. Mulling",Clewiston Spit,10:30,10:57,"Tree at start count: GREG 40 (25 H), 4 ROSP, 2 ROSP Adult, 2 SNEG A",CS42,No,SNEG,Occupied,1,,,,,cold egg
16,5/7/2025,"A. Fussell, J. Mulling",Clewiston Spit,10:30,10:57,"Tree at start count: GREG 40 (25 H), 4 ROSP, 2 ROSP Adult, 2 SNEG A",CS43,No,SNEG,Occupied,,,3,,1,
16,5/7/2025,"A. Fussell, J. Mulling",Clewiston Spit,10:30,10:57,"Tree at start count: GREG 40 (25 H), 4 ROSP, 2 ROSP Adult, 2 SNEG A",CS44,No,GREG,Empty,,,,,,
16,5/7/2025,"A. Fussell, J. Mulling",Clewiston Spit,10:30,10:57,"Tree at start count: GREG 40 (25 H), 4 ROSP, 2 ROSP Adult, 2 SNEG A",CS45,No,GREG,Empty,,,,,,
16,5/7/2025,"A. Fussell, J. Mulling",Clewiston Spit,10:30,10:57,"Tree at start count: GREG 40 (25 H), 4 ROSP, 2 ROSP Adult, 2 SNEG A",CS46,No,SNEG,Empty,,,,,,
16,5/7/2025,"A. Fussell, J. Mulling",Clewiston Spit,10:30,10:57,"Tree at start count: GREG 40 (25 H), 4 ROSP, 2 ROSP Adult, 2 SNEG A",CS47,No,SNEG,Empty,,,,,,
16,5/7/2025,"A. Fussell, J. Mulling",Clewiston Spit,10:30,10:57,"Tree at start count: GREG 40 (25 H), 4 ROSP, 2 ROSP Adult, 2 SNEG A",CS48,No,GREG,Empty,,,,,,
16,5/7/2025,"A. Fussell, J. Mulling",Clewiston Spit,10:30,10:57,"Tree at start count: GREG 40 (25 H), 4 ROSP, 2 ROSP Adult, 2 SNEG A",CS49,No,SNEG,Empty,,,,,,
16,5/7/2025,"A. Fussell, J. Mulling",Clewiston Spit,10:30,10:57,"Tree at start count: GREG 40 (25 H), 4 ROSP, 2 ROSP Adult, 2 SNEG A",CS50,No,GREG,Occupied,,,2,,,
16,5/7/2025,"A. Fussell, J. Mulling",Clewiston Spit,10:30,10:57,"Tree at start count: GREG 40 (25 H), 4 ROSP, 2 ROSP Adult, 2 SNEG A",CS51,No,SNEG,Occupied,,4,,,,
16,5/7/2025,"A. Fussell, J. Mulling",Clewiston Spit,10:30,10:57,"Tree at start count: GREG 40 (25 H), 4 ROSP, 2 ROSP Adult, 2 SNEG A",CS52,No,UNKN,Empty,,,,,,
17,5/8/2025,"A. Fussell, Volunteer",Moonshine Bay,9:08,9:45,Volunteer is E. Merrero,MB1,No,WHIB,Occupied,,3,,,,
17,5/8/2025,"A. Fussell, Volunteer",Moonshine Bay,9:08,9:45,Volunteer is E. Merrero,MB2,No,WHIB,Occupied,,,2,,,
17,5/8/2025,"A. Fussell, Volunteer",Moonshine Bay,9:08,9:45,Volunteer is E. Merrero,MB3,No,WHIB,Occupied,1,2,,,,
17,5/8/2025,"A. Fussell, Volunteer",Moonshine Bay,9:08,9:45,Volunteer is E. Merrero,MB4,No,WHIB,Occupied,,,2,,,
17,5/8/2025,"A. Fussell, Volunteer",Moonshine Bay,9:08,9:45,Volunteer is E. Merrero,MB5,No,WHIB,Occupied,,,1,,,
17,5/8/2025,"A. Fussell, Volunteer",Moonshine Bay,9:08,9:45,Volunteer is E. Merrero,MB6,No,GLIB,Occupied,4,,,,,
17,5/8/2025,"A. Fussell, Volunteer",Moonshine Bay,9:08,9:45,Volunteer is E. Merrero,MB7,No,WHIB,Destroyed or Gone,,,,,,
17,5/8/2025,"A. Fussell, Volunteer",Moonshine Bay,9:08,9:45,Volunteer is E. Merrero,MB8,No,WHIB,Destroyed or Gone,,,,,,
17,5/8/2025,"A. Fussell, Volunteer",Moonshine Bay,9:08,9:45,Volunteer is E. Merrero,MB9,No,WHIB,Destroyed or Gone,,,,,,
17,5/8/2025,"A. Fussell, Volunteer",Moonshine Bay,9:08,9:45,Volunteer is E. Merrero,MB10,No,WHIB,Destroyed or Gone,,,,,1,
17,5/8/2025,"A. Fussell, Volunteer",Moonshine Bay,9:08,9:45,Volunteer is E. Merrero,MB11,No,WHIB,Destroyed or Gone,,,,,,
17,5/8/2025,"A. Fussell, Volunteer",Moonshine Bay,9:08,9:45,Volunteer is E. Merrero,MB12,No,WHIB,Occupied,,,1,,,
17,5/8/2025,"A. Fussell, Volunteer",Moonshine Bay,9:08,9:45,Volunteer is E. Merrero,MB13,No,WHIB,Destroyed or Gone,,,,,,
17,5/8/2025,"A. Fussell, Volunteer",Moonshine Bay,9:08,9:45,Volunteer is E. Merrero,MB14,No,WHIB,Destroyed or Gone,,,,,,
17,5/8/2025,"A. Fussell, Volunteer",Moonshine Bay,9:08,9:45,Volunteer is E. Merrero,MB15,No,WHIB,Destroyed or Gone,,,,,,
17,5/8/2025,"A. Fussell, Volunteer",Moonshine Bay,9:08,9:45,Volunteer is E. Merrero,MB16,No,WHIB,Destroyed or Gone,,,,,,
17,5/8/2025,"A. Fussell, Volunteer",Moonshine Bay,9:08,9:45,Volunteer is E. Merrero,MB17,No,WHIB,Occupied,3,,,,,one cracked egg
17,5/8/2025,"A. Fussell, Volunteer",Moonshine Bay,9:08,9:45,Volunteer is E. Merrero,MB18,No,WHIB,Destroyed or Gone,,,,,,
17,5/8/2025,"A. Fussell, Volunteer",Moonshine Bay,9:08,9:45,Volunteer is E. Merrero,MB19,No,WHIB,Empty,,,,,,
17,5/8/2025,"A. Fussell, Volunteer",Moonshine Bay,9:08,9:45,Volunteer is E. Merrero,MB20,No,WHIB,Occupied,2,,,,,
17,5/8/2025,"A. Fussell, Volunteer",Moonshine Bay,9:08,9:45,Volunteer is E. Merrero,MB21,No,WHIB,Occupied,,,1,1,,
17,5/8/2025,"A. Fussell, Volunteer",Moonshine Bay,9:08,9:45,Volunteer is E. Merrero,MB22,No,WHIB,Destroyed or Gone,,,,,,
17,5/8/2025,"A. Fussell, Volunteer",Moonshine Bay,9:08,9:45,Volunteer is E. Merrero,MB23,No,WHIB,Destroyed or Gone,,,,,,
17,5/8/2025,"A. Fussell, Volunteer",Moonshine Bay,9:08,9:45,Volunteer is E. Merrero,MB24,No,WHIB,Destroyed or Gone,,,,,,
17,5/8/2025,"A. Fussell, Volunteer",Moonshine Bay,9:08,9:45,Volunteer is E. Merrero,MB25,No,WHIB,Empty,,,,,,
17,5/8/2025,"A. Fussell, Volunteer",Moonshine Bay,9:08,9:45,Volunteer is E. Merrero,MB26,No,WHIB,Destroyed or Gone,,,,,,
17,5/8/2025,"A. Fussell, Volunteer",Moonshine Bay,9:08,9:45,Volunteer is E. Merrero,MB27,No,WHIB,Destroyed or Gone,,,,,,
17,5/8/2025,"A. Fussell, Volunteer",Moonshine Bay,9:08,9:45,Volunteer is E. Merrero,MB28,No,WHIB,Destroyed or Gone,,,,,,
17,5/8/2025,"A. Fussell, Volunteer",Moonshine Bay,9:08,9:45,Volunteer is E. Merrero,MB29,No,WHIB,Occupied,2,,,,,
17,5/8/2025,"A. Fussell, Volunteer",Moonshine Bay,9:08,9:45,Volunteer is E. Merrero,MB30,No,WHIB,Empty,,,,1,,
17,5/8/2025,"A. Fussell, Volunteer",Moonshine Bay,9:08,9:45,Volunteer is E. Merrero,MB31,No,WHIB,Destroyed or Gone,,,,,,
17,5/8/2025,"A. Fussell, Volunteer",Moonshine Bay,9:08,9:45,Volunteer is E. Merrero,MB32,No,GLIB,Occupied,,2,,,,
17,5/8/2025,"A. Fussell, Volunteer",Moonshine Bay,9:08,9:45,Volunteer is E. Merrero,MB33,No,WHIB,Empty,,,,1,,
17,5/8/2025,"A. Fussell, Volunteer",Moonshine Bay,9:08,9:45,Volunteer is E. Merrero,MB34,No,WHIB,Destroyed or Gone,,,,,,
17,5/8/2025,"A. Fussell, Volunteer",Moonshine Bay,9:08,9:45,Volunteer is E. Merrero,MB35,No,WHIB,Occupied,,,,1,,
17,5/8/2025,"A. Fussell, Volunteer",Moonshine Bay,9:08,9:45,Volunteer is E. Merrero,MB36,No,GLIB,Destroyed or Gone,,,,,,
17,5/8/2025,"A. Fussell, Volunteer",Moonshine Bay,9:08,9:45,Volunteer is E. Merrero,MB37,No,WHIB,Occupied,1,1,,,,
17,5/8/2025,"A. Fussell, Volunteer",Moonshine Bay,9:08,9:45,Volunteer is E. Merrero,MB38,No,WHIB,Destroyed or Gone,,,,,,
17,5/8/2025,"A. Fussell, Volunteer",Moonshine Bay,9:08,9:45,Volunteer is E. Merrero,MB39,No,WHIB,Empty,,,,,,
17,5/8/2025,"A. Fussell, Volunteer",Moonshine Bay,9:08,9:45,Volunteer is E. Merrero,MB40,No,WHIB,Destroyed or Gone,,,,,,
17,5/8/2025,"A. Fussell, Volunteer",Moonshine Bay,9:08,9:45,Volunteer is E. Merrero,MB41,No,WHIB,Empty,,,,,,
17,5/8/2025,"A. Fussell, Volunteer",Moonshine Bay,9:08,9:45,Volunteer is E. Merrero,MB42,No,GLIB,Occupied,,,1,1,,
17,5/8/2025,"A. Fussell, Volunteer",Moonshine Bay,9:08,9:45,Volunteer is E. Merrero,MB43,No,WHIB,Destroyed or Gone,,,,,,
17,5/8/2025,"A. Fussell, Volunteer",Moonshine Bay,9:08,9:45,Volunteer is E. Merrero,MB44,No,WHIB,Occupied,,,1,,,
17,5/8/2025,"A. Fussell, Volunteer",Moonshine Bay,9:08,9:45,Volunteer is E. Merrero,MB45,No,WHIB,Occupied,2,,,,,eggs may be dead
17,5/8/2025,"A. Fussell, Volunteer",Moonshine Bay,9:08,9:45,Volunteer is E. Merrero,MB46,No,GLIB,Empty,,,,1,,
17,5/8/2025,"A. Fussell, Volunteer",Moonshine Bay,9:08,9:45,Volunteer is E. Merrero,MB47,No,GLIB,Destroyed or Gone,,,,,,
17,5/8/2025,"A. Fussell, Volunteer",Moonshine Bay,9:08,9:45,Volunteer is E. Merrero,MB48,No,WHIB,Destroyed or Gone,,,,,1,
17,5/8/2025,"A. Fussell, Volunteer",Moonshine Bay,9:08,9:45,Volunteer is E. Merrero,MB49,No,WHIB,Empty,,,,1,,
17,5/8/2025,"A. Fussell, Volunteer",Moonshine Bay,9:08,9:45,Volunteer is E. Merrero,MB50,No,WHIB,Empty,,,,,,
18,5/14/2025,"A. Fussell, J. Mulling",Little Bear Beach,8:40,9:15,Clear sky,LBB1,No,TRHE,Empty,,,,,,
18,5/14/2025,"A. Fussell, J. Mulling",Little Bear Beach,8:40,9:15,Clear sky,LBB2,No,WHIB,Empty,,,,,,
18,5/14/2025,"A. Fussell, J. Mulling",Little Bear Beach,8:40,9:15,Clear sky,LBB3,No,WHIB,Empty,,,,,,
18,5/14/2025,"A. Fussell, J. Mulling",Little Bear Beach,8:40,9:15,Clear sky,LBB4,No,WHIB,Empty,,,,,,
18,5/14/2025,"A. Fussell, J. Mulling",Little Bear Beach,8:40,9:15,Clear sky,LBB5,No,WHIB,Empty,,,,,,
18,5/14/2025,"A. Fussell, J. Mulling",Little Bear Beach,8:40,9:15,Clear sky,LBB6,No,WHIB,Empty,,,,,,
18,5/14/2025,"A. Fussell, J. Mulling",Little Bear Beach,8:40,9:15,Clear sky,LBB7,No,WHIB,Empty,,,,,,
18,5/14/2025,"A. Fussell, J. Mulling",Little Bear Beach,8:40,9:15,Clear sky,LBB8,No,WHIB,Empty,,,,,,
18,5/14/2025,"A. Fussell, J. Mulling",Little Bear Beach,8:40,9:15,Clear sky,LBB9,No,TRHE,Empty,,,,,,
18,5/14/2025,"A. Fussell, J. Mulling",Little Bear Beach,8:40,9:15,Clear sky,LBB10,No,WHIB,Empty,,,,,,
18,5/14/2025,"A. Fussell, J. Mulling",Little Bear Beach,8:40,9:15,Clear sky,LBB11,No,WHIB,Empty,,,,,,
18,5/14/2025,"A. Fussell, J. Mulling",Little Bear Beach,8:40,9:15,Clear sky,LBB12,No,SNEG,Empty,,,,,,
18,5/14/2025,"A. Fussell, J. Mulling",Little Bear Beach,8:40,9:15,Clear sky,LBB13,No,TRHE,Empty,,,,,,
18,5/14/2025,"A. Fussell, J. Mulling",Little Bear Beach,8:40,9:15,Clear sky,LBB14,No,WHIB,Empty,,,,,,
18,5/14/2025,"A. Fussell, J. Mulling",Little Bear Beach,8:40,9:15,Clear sky,LBB15,No,WHIB,Empty,,,,,,
18,5/14/2025,"A. Fussell, J. Mulling",Little Bear Beach,8:40,9:15,Clear sky,LBB16,No,WHIB,Empty,,,,,,
18,5/14/2025,"A. Fussell, J. Mulling",Little Bear Beach,8:40,9:15,Clear sky,LBB17,No,WHIB,Empty,,,,,,
18,5/14/2025,"A. Fussell, J. Mulling",Little Bear Beach,8:40,9:15,Clear sky,LBB18,No,WHIB,Empty,,,,,,
18,5/14/2025,"A. Fussell, J. Mulling",Little Bear Beach,8:40,9:15,Clear sky,LBB19,No,WHIB,Empty,,,,,,
18,5/14/2025,"A. Fussell, J. Mulling",Little Bear Beach,8:40,9:15,Clear sky,LBB20,No,TRHE,Empty,,,,,,
18,5/14/2025,"A. Fussell, J. Mulling",Little Bear Beach,8:40,9:15,Clear sky,LBB21,No,TRHE,Empty,,,,,,
18,5/14/2025,"A. Fussell, J. Mulling",Little Bear Beach,8:40,9:15,Clear sky,LBB22,No,TRHE,Empty,,,,,,
18,5/14/2025,"A. Fussell, J. Mulling",Little Bear Beach,8:40,9:15,Clear sky,LBB23,No,GREG,Occupied,,,1,,,
18,5/14/2025,"A. Fussell, J. Mulling",Little Bear Beach,8:40,9:15,Clear sky,LBB24,No,SNEG,Empty,,,,,,
18,5/14/2025,"A. Fussell, J. Mulling",Little Bear Beach,8:40,9:15,Clear sky,LBB25,No,GREG,Empty,,,,,,
18,5/14/2025,"A. Fussell, J. Mulling",Little Bear Beach,8:40,9:15,Clear sky,LBB26,No,SNEG,Empty,,,,,,
18,5/14/2025,"A. Fussell, J. Mulling",Little Bear Beach,8:40,9:15,Clear sky,LBB27,No,SNEG,Empty,,,,,,
18,5/14/2025,"A. Fussell, J. Mulling",Little Bear Beach,8:40,9:15,Clear sky,LBB28,No,SNEG,Empty,,,,,,
18,5/14/2025,"A. Fussell, J. Mulling",Little Bear Beach,8:40,9:15,Clear sky,LBB29,No,SNEG,Empty,,,,,,
18,5/14/2025,"A. Fussell, J. Mulling",Little Bear Beach,8:40,9:15,Clear sky,LBB30,No,SNEG,Empty,,,,,,
18,5/14/2025,"A. Fussell, J. Mulling",Little Bear Beach,8:40,9:15,Clear sky,LBB31,No,SNEG,Empty,,,,,,
18,5/14/2025,"A. Fussell, J. Mulling",Little Bear Beach,8:40,9:15,Clear sky,LBB32,No,TRHE,Empty,,,,,,
18,5/14/2025,"A. Fussell, J. Mulling",Little Bear Beach,8:40,9:15,Clear sky,LBB33,No,WHIB,Empty,,,,,,
18,5/14/2025,"A. Fussell, J. Mulling",Little Bear Beach,8:40,9:15,Clear sky,LBB34,No,WHIB,Empty,,,,,,
18,5/14/2025,"A. Fussell, J. Mulling",Little Bear Beach,8:40,9:15,Clear sky,LBB35,No,WHIB,Empty,,,,,,
18,5/14/2025,"A. Fussell, J. Mulling",Little Bear Beach,8:40,9:15,Clear sky,LBB36,No,WHIB,Empty,,,,,,
18,5/14/2025,"A. Fussell, J. Mulling",Little Bear Beach,8:40,9:15,Clear sky,LBB37,No,WHIB,Empty,,,,,,
18,5/14/2025,"A. Fussell, J. Mulling",Little Bear Beach,8:40,9:15,Clear sky,LBB38,No,WHIB,Empty,,,,,,
18,5/14/2025,"A. Fussell, J. Mulling",Little Bear Beach,8:40,9:15,Clear sky,LBB39,No,WHIB,Empty,,,,,,
18,5/14/2025,"A. Fussell, J. Mulling",Little Bear Beach,8:40,9:15,Clear sky,LBB40,No,WHIB,Empty,,,,,,
18,5/14/2025,"A. Fussell, J. Mulling",Little Bear Beach,8:40,9:15,Clear sky,LBB41,No,WHIB,Empty,,,,,,
18,5/14/2025,"A. Fussell, J. Mulling",Little Bear Beach,8:40,9:15,Clear sky,LBB42,No,WHIB,Empty,,,,,,
18,5/14/2025,"A. Fussell, J. Mulling",Little Bear Beach,8:40,9:15,Clear sky,LBB43,No,WHIB,Empty,,,,,,
18,5/14/2025,"A. Fussell, J. Mulling",Little Bear Beach,8:40,9:15,Clear sky,LBB44,No,WHIB,Empty,,,,,,
18,5/14/2025,"A. Fussell, J. Mulling",Little Bear Beach,8:40,9:15,Clear sky,LBB45,No,WHIB,Empty,,,,,,
18,5/14/2025,"A. Fussell, J. Mulling",Little Bear Beach,8:40,9:15,Clear sky,LBB46,No,WHIB,Empty,,,,,,
18,5/14/2025,"A. Fussell, J. Mulling",Little Bear Beach,8:40,9:15,Clear sky,LBB47,No,WHIB,Empty,,,,,,
18,5/14/2025,"A. Fussell, J. Mulling",Little Bear Beach,8:40,9:15,Clear sky,LBB48,No,WHIB,Empty,,,,,,
18,5/14/2025,"A. Fussell, J. Mulling",Little Bear Beach,8:40,9:15,Clear sky,LBB49,No,WHIB,Empty,,,,,,
18,5/14/2025,"A. Fussell, J. Mulling",Little Bear Beach,8:40,9:15,Clear sky,LBB50,No,WHIB,Empty,,,,,,
18,5/14/2025,"A. Fussell, J. Mulling",Little Bear Beach,8:40,9:15,Clear sky,LBB51,No,TRHE,Empty,,,,,,
18,5/14/2025,"A. Fussell, J. Mulling",Little Bear Beach,8:40,9:15,Clear sky,LBB52,No,WHIB,Empty,,,,,,
19,5/14/2025,"A. Fussell, J. Mulling",Clewiston Spit,9:30,10:00,Initial tree count: 20 GREG and adult BCNH on ground near tree,CS1,No,WHIB,Empty,,,,,,
19,5/14/2025,"A. Fussell, J. Mulling",Clewiston Spit,9:30,10:00,Initial tree count: 20 GREG and adult BCNH on ground near tree,CS2,No,WHIB,Empty,,,,,,
19,5/14/2025,"A. Fussell, J. Mulling",Clewiston Spit,9:30,10:00,Initial tree count: 20 GREG and adult BCNH on ground near tree,CS3,No,SNEG,Empty,,,,,,
19,5/14/2025,"A. Fussell, J. Mulling",Clewiston Spit,9:30,10:00,Initial tree count: 20 GREG and adult BCNH on ground near tree,CS4,No,WHIB,Empty,,,,,,
19,5/14/2025,"A. Fussell, J. Mulling",Clewiston Spit,9:30,10:00,Initial tree count: 20 GREG and adult BCNH on ground near tree,CS5,No,WHIB,Empty,,,,,,
19,5/14/2025,"A. Fussell, J. Mulling",Clewiston Spit,9:30,10:00,Initial tree count: 20 GREG and adult BCNH on ground near tree,CS6,No,WHIB,Empty,,,,,,
19,5/14/2025,"A. Fussell, J. Mulling",Clewiston Spit,9:30,10:00,Initial tree count: 20 GREG and adult BCNH on ground near tree,CS7,No,WHIB,Empty,,,,,,
19,5/14/2025,"A. Fussell, J. Mulling",Clewiston Spit,9:30,10:00,Initial tree count: 20 GREG and adult BCNH on ground near tree,CS8,No,WHIB,Empty,,,,,,
19,5/14/2025,"A. Fussell, J. Mulling",Clewiston Spit,9:30,10:00,Initial tree count: 20 GREG and adult BCNH on ground near tree,CS9,No,WHIB,Empty,,,,,,
19,5/14/2025,"A. Fussell, J. Mulling",Clewiston Spit,9:30,10:00,Initial tree count: 20 GREG and adult BCNH on ground near tree,CS10,No,WHIB,Empty,,,,,,
19,5/14/2025,"A. Fussell, J. Mulling",Clewiston Spit,9:30,10:00,Initial tree count: 20 GREG and adult BCNH on ground near tree,CS11,No,WHIB,Empty,,,,,,
19,5/14/2025,"A. Fussell, J. Mulling",Clewiston Spit,9:30,10:00,Initial tree count: 20 GREG and adult BCNH on ground near tree,CS12,No,WHIB,Empty,,,,,,
19,5/14/2025,"A. Fussell, J. Mulling",Clewiston Spit,9:30,10:00,Initial tree count: 20 GREG and adult BCNH on ground near tree,CS13,No,WHIB,Empty,,,,,,
19,5/14/2025,"A. Fussell, J. Mulling",Clewiston Spit,9:30,10:00,Initial tree count: 20 GREG and adult BCNH on ground near tree,CS14,No,SNEG,Empty,,,,,,
19,5/14/2025,"A. Fussell, J. Mulling",Clewiston Spit,9:30,10:00,Initial tree count: 20 GREG and adult BCNH on ground near tree,CS15,No,SNEG,Empty,,,,,,
19,5/14/2025,"A. Fussell, J. Mulling",Clewiston Spit,9:30,10:00,Initial tree count: 20 GREG and adult BCNH on ground near tree,CS16,No,SNEG,Empty,,,,,,
19,5/14/2025,"A. Fussell, J. Mulling",Clewiston Spit,9:30,10:00,Initial tree count: 20 GREG and adult BCNH on ground near tree,CS17,No,SNEG,Empty,,,,,,
19,5/14/2025,"A. Fussell, J. Mulling",Clewiston Spit,9:30,10:00,Initial tree count: 20 GREG and adult BCNH on ground near tree,CS18,No,TRHE,Empty,,,,,,
19,5/14/2025,"A. Fussell, J. Mulling",Clewiston Spit,9:30,10:00,Initial tree count: 20 GREG and adult BCNH on ground near tree,CS19,No,SNEG,Empty,,,,,,
19,5/14/2025,"A. Fussell, J. Mulling",Clewiston Spit,9:30,10:00,Initial tree count: 20 GREG and adult BCNH on ground near tree,CS20,No,SNEG,Empty,,,,,,
19,5/14/2025,"A. Fussell, J. Mulling",Clewiston Spit,9:30,10:00,Initial tree count: 20 GREG and adult BCNH on ground near tree,CS21,No,SNEG,Empty,,,,,,
19,5/14/2025,"A. Fussell, J. Mulling",Clewiston Spit,9:30,10:00,Initial tree count: 20 GREG and adult BCNH on ground near tree,CS22,No,GLIB,Destroyed or Gone,,,,,,
19,5/14/2025,"A. Fussell, J. Mulling",Clewiston Spit,9:30,10:00,Initial tree count: 20 GREG and adult BCNH on ground near tree,CS23,No,SNEG,Empty,,,,,1,
19,5/14/2025,"A. Fussell, J. Mulling",Clewiston Spit,9:30,10:00,Initial tree count: 20 GREG and adult BCNH on ground near tree,CS24,No,SNEG,Empty,,,,,,
19,5/14/2025,"A. Fussell, J. Mulling",Clewiston Spit,9:30,10:00,Initial tree count: 20 GREG and adult BCNH on ground near tree,CS25,No,SNEG,Empty,,,,,,
19,5/14/2025,"A. Fussell, J. Mulling",Clewiston Spit,9:30,10:00,Initial tree count: 20 GREG and adult BCNH on ground near tree,CS26,No,SNEG,Empty,,,,,,
19,5/14/2025,"A. Fussell, J. Mulling",Clewiston Spit,9:30,10:00,Initial tree count: 20 GREG and adult BCNH on ground near tree,CS27,No,TRHE,Empty,,,,,,
19,5/14/2025,"A. Fussell, J. Mulling",Clewiston Spit,9:30,10:00,Initial tree count: 20 GREG and adult BCNH on ground near tree,CS28,No,SNEG,Empty,,,,,,
19,5/14/2025,"A. Fussell, J. Mulling",Clewiston Spit,9:30,10:00,Initial tree count: 20 GREG and adult BCNH on ground near tree,CS29,No,SNEG,Empty,,,,,,
19,5/14/2025,"A. Fussell, J. Mulling",Clewiston Spit,9:30,10:00,Initial tree count: 20 GREG and adult BCNH on ground near tree,CS30,No,SNEG,Empty,,,,,,
19,5/14/2025,"A. Fussell, J. Mulling",Clewiston Spit,9:30,10:00,Initial tree count: 20 GREG and adult BCNH on ground near tree,CS31,No,SNEG,Empty,,,,,,
19,5/14/2025,"A. Fussell, J. Mulling",Clewiston Spit,9:30,10:00,Initial tree count: 20 GREG and adult BCNH on ground near tree,CS32,No,SNEG,Empty,,,,,,
19,5/14/2025,"A. Fussell, J. Mulling",Clewiston Spit,9:30,10:00,Initial tree count: 20 GREG and adult BCNH on ground near tree,CS33,No,SNEG,Empty,,,,,,
19,5/14/2025,"A. Fussell, J. Mulling",Clewiston Spit,9:30,10:00,Initial tree count: 20 GREG and adult BCNH on ground near tree,CS34,No,SNEG,Empty,,,,,,
19,5/14/2025,"A. Fussell, J. Mulling",Clewiston Spit,9:30,10:00,Initial tree count: 20 GREG and adult BCNH on ground near tree,CS35,No,SNEG,Empty,,,,,,
19,5/14/2025,"A. Fussell, J. Mulling",Clewiston Spit,9:30,10:00,Initial tree count: 20 GREG and adult BCNH on ground near tree,CS36,No,SNEG,Empty,,,,,,
19,5/14/2025,"A. Fussell, J. Mulling",Clewiston Spit,9:30,10:00,Initial tree count: 20 GREG and adult BCNH on ground near tree,CS37,No,GREG,Empty,,,,,,
19,5/14/2025,"A. Fussell, J. Mulling",Clewiston Spit,9:30,10:00,Initial tree count: 20 GREG and adult BCNH on ground near tree,CS38,No,GREG,Empty,,,,,,
19,5/14/2025,"A. Fussell, J. Mulling",Clewiston Spit,9:30,10:00,Initial tree count: 20 GREG and adult BCNH on ground near tree,CS39,No,GREG,Empty,,,,,,
19,5/14/2025,"A. Fussell, J. Mulling",Clewiston Spit,9:30,10:00,Initial tree count: 20 GREG and adult BCNH on ground near tree,CS40,No,SNEG,Empty,,,,,,
19,5/14/2025,"A. Fussell, J. Mulling",Clewiston Spit,9:30,10:00,Initial tree count: 20 GREG and adult BCNH on ground near tree,CS41,No,SNEG,Empty,,,,,,
19,5/14/2025,"A. Fussell, J. Mulling",Clewiston Spit,9:30,10:00,Initial tree count: 20 GREG and adult BCNH on ground near tree,CS42,No,SNEG,Empty,,,,1,,
19,5/14/2025,"A. Fussell, J. Mulling",Clewiston Spit,9:30,10:00,Initial tree count: 20 GREG and adult BCNH on ground near tree,CS43,No,SNEG,Empty,,,,,,
19,5/14/2025,"A. Fussell, J. Mulling",Clewiston Spit,9:30,10:00,Initial tree count: 20 GREG and adult BCNH on ground near tree,CS44,No,GREG,Empty,,,,,,2 GREG branchlings nearby/just fledged; changed from SNEG to GREG based on other entries of the same nest
19,5/14/2025,"A. Fussell, J. Mulling",Clewiston Spit,9:30,10:00,Initial tree count: 20 GREG and adult BCNH on ground near tree,CS45,No,GREG,Empty,,,,,,
19,5/14/2025,"A. Fussell, J. Mulling",Clewiston Spit,9:30,10:00,Initial tree count: 20 GREG and adult BCNH on ground near tree,CS46,No,SNEG,Empty,,,,,,
19,5/14/2025,"A. Fussell, J. Mulling",Clewiston Spit,9:30,10:00,Initial tree count: 20 GREG and adult BCNH on ground near tree,CS47,No,SNEG,Empty,,,,,,
19,5/14/2025,"A. Fussell, J. Mulling",Clewiston Spit,9:30,10:00,Initial tree count: 20 GREG and adult BCNH on ground near tree,CS48,No,GREG,Empty,,,,,,
19,5/14/2025,"A. Fussell, J. Mulling",Clewiston Spit,9:30,10:00,Initial tree count: 20 GREG and adult BCNH on ground near tree,CS49,No,SNEG,Empty,,,,,,
19,5/14/2025,"A. Fussell, J. Mulling",Clewiston Spit,9:30,10:00,Initial tree count: 20 GREG and adult BCNH on ground near tree,CS50,No,GREG,Empty,,,,,,
19,5/14/2025,"A. Fussell, J. Mulling",Clewiston Spit,9:30,10:00,Initial tree count: 20 GREG and adult BCNH on ground near tree,CS51,No,SNEG,Empty,,,,,,
19,5/14/2025,"A. Fussell, J. Mulling",Clewiston Spit,9:30,10:00,Initial tree count: 20 GREG and adult BCNH on ground near tree,CS52,No,UNKN,Empty,,,,,,2 SNEG branchlings close to nest
20,5/15/2025,"A. Fussell, J. Mulling",Rock Islands,9:25,9:54,,RI1,No,TRHE,Empty,,,,,,
20,5/15/2025,"A. Fussell, J. Mulling",Rock Islands,9:25,9:54,,RI2,No,GLIB,Occupied,,,2,,,
20,5/15/2025,"A. Fussell, J. Mulling",Rock Islands,9:25,9:54,,RI3,No,SNEG,Destroyed or Gone,,,,,,
20,5/15/2025,"A. Fussell, J. Mulling",Rock Islands,9:25,9:54,,RI4,No,SNEG,Destroyed or Gone,,,,,,
20,5/15/2025,"A. Fussell, J. Mulling",Rock Islands,9:25,9:54,,RI5,No,SNEG,Empty,,,,,,
20,5/15/2025,"A. Fussell, J. Mulling",Rock Islands,9:25,9:54,,RI6,No,SMWT,Destroyed or Gone,,,,,,
20,5/15/2025,"A. Fussell, J. Mulling",Rock Islands,9:25,9:54,,RI7,No,SNEG,Empty,,,,,,
20,5/15/2025,"A. Fussell, J. Mulling",Rock Islands,9:25,9:54,,RI8,No,ANHI,Destroyed or Gone,,,,,,
20,5/15/2025,"A. Fussell, J. Mulling",Rock Islands,9:25,9:54,,RI9,No,ROSP,Destroyed or Gone,,,,,,
20,5/15/2025,"A. Fussell, J. Mulling",Rock Islands,9:25,9:54,,RI10,No,ROSP,Empty,,,,,,
20,5/15/2025,"A. Fussell, J. Mulling",Rock Islands,9:25,9:54,,RI11,No,GLIB,Occupied,2,2,,,,
20,5/15/2025,"A. Fussell, J. Mulling",Rock Islands,9:25,9:54,,RI12,No,TRHE,Destroyed or Gone,,,,,,
20,5/15/2025,"A. Fussell, J. Mulling",Rock Islands,9:25,9:54,,RI13,No,GREG,Empty,,,,,,
20,5/15/2025,"A. Fussell, J. Mulling",Rock Islands,9:25,9:54,,RI14,No,SNEG,Empty,,,,,,
20,5/15/2025,"A. Fussell, J. Mulling",Rock Islands,9:25,9:54,,RI15,No,GLIB,Occupied,1,2,,,,
20,5/15/2025,"A. Fussell, J. Mulling",Rock Islands,9:25,9:54,,RI16,No,SNEG,Empty,,,,,,
20,5/15/2025,"A. Fussell, J. Mulling",Rock Islands,9:25,9:54,,RI17,No,ROSP,Destroyed or Gone,,,,,,
20,5/15/2025,"A. Fussell, J. Mulling",Rock Islands,9:25,9:54,,RI18,No,ROSP,Destroyed or Gone,,,,,,
20,5/15/2025,"A. Fussell, J. Mulling",Rock Islands,9:25,9:54,,RI19,No,SNEG,Destroyed or Gone,,,,,,
20,5/15/2025,"A. Fussell, J. Mulling",Rock Islands,9:25,9:54,,RI20,No,CAEG,Occupied,3,,,,,nest was built and previously occupied by SNEG that fledged and was then occupied by CAEG
20,5/15/2025,"A. Fussell, J. Mulling",Rock Islands,9:25,9:54,,RI21,No,CAEG,Occupied,2,,,,,nest was built and previously occupied by SNEG that fledged and was then occupied by CAEG
20,5/15/2025,"A. Fussell, J. Mulling",Rock Islands,9:25,9:54,,RI22,No,GREG,Empty,,,,,,
20,5/15/2025,"A. Fussell, J. Mulling",Rock Islands,9:25,9:54,,RI23,No,ANHI,Empty,,,,,,
20,5/15/2025,"A. Fussell, J. Mulling",Rock Islands,9:25,9:54,,RI24,No,SNEG,Empty,,,,,,
20,5/15/2025,"A. Fussell, J. Mulling",Rock Islands,9:25,9:54,,RI25,No,GREG,Empty,,,,,,
20,5/15/2025,"A. Fussell, J. Mulling",Rock Islands,9:25,9:54,,RI26,No,GREG,Empty,,,,,,
20,5/15/2025,"A. Fussell, J. Mulling",Rock Islands,9:25,9:54,,RI27,No,GLIB,Occupied,,1,2,,,
20,5/15/2025,"A. Fussell, J. Mulling",Rock Islands,9:25,9:54,,RI28,No,SNEG,Destroyed or Gone,,,,,,
20,5/15/2025,"A. Fussell, J. Mulling",Rock Islands,9:25,9:54,,RI29,No,SNEG,Empty,,,,,,
20,5/15/2025,"A. Fussell, J. Mulling",Rock Islands,9:25,9:54,,RI30,No,TRHE,Empty,,,,,1,
20,5/15/2025,"A. Fussell, J. Mulling",Rock Islands,9:25,9:54,,RI31,No,TRHE,Empty,,,,,,
20,5/15/2025,"A. Fussell, J. Mulling",Rock Islands,9:25,9:54,,RI32,No,ANHI,Destroyed or Gone,,,,,,
20,5/15/2025,"A. Fussell, J. Mulling",Rock Islands,9:25,9:54,,RI33,No,GREG,Empty,,,,,,
20,5/15/2025,"A. Fussell, J. Mulling",Rock Islands,9:25,9:54,,RI34,No,GREG,Empty,,,,,,
20,5/15/2025,"A. Fussell, J. Mulling",Rock Islands,9:25,9:54,,RI35,No,GREG,Empty,,,,,,
20,5/15/2025,"A. Fussell, J. Mulling",Rock Islands,9:25,9:54,,RI36,No,TRHE,Empty,,,,,,
20,5/15/2025,"A. Fussell, J. Mulling",Rock Islands,9:25,9:54,,RI37,No,SNEG,Occupied,,,3,,,
20,5/15/2025,"A. Fussell, J. Mulling",Rock Islands,9:25,9:54,,RI38,No,TRHE,Empty,,,,,,
20,5/15/2025,"A. Fussell, J. Mulling",Rock Islands,9:25,9:54,,RI39,No,SNEG,Occupied,,1,1,1,,
20,5/15/2025,"A. Fussell, J. Mulling",Rock Islands,9:25,9:54,,RI40,No,SNEG,Occupied,,,1,,1,
20,5/15/2025,"A. Fussell, J. Mulling",Rock Islands,9:25,9:54,,RI41,No,TRHE,Empty,,,,,,
20,5/15/2025,"A. Fussell, J. Mulling",Rock Islands,9:25,9:54,,RI42,No,SNEG,Empty,,,,,,
20,5/15/2025,"A. Fussell, J. Mulling",Rock Islands,9:25,9:54,,RI43,No,SNEG,Empty,,,,,,
20,5/15/2025,"A. Fussell, J. Mulling",Rock Islands,9:25,9:54,,RI44,No,GLIB,Occupied,,1,,,,
20,5/15/2025,"A. Fussell, J. Mulling",Rock Islands,9:25,9:54,,RI45,No,GREG,Empty,,,,,,
20,5/15/2025,"A. Fussell, J. Mulling",Rock Islands,9:25,9:54,,RI46,No,SNEG,Empty,,,,,,
20,5/15/2025,"A. Fussell, J. Mulling",Rock Islands,9:25,9:54,,RI47,No,SNEG,Destroyed or Gone,,,,,1,
20,5/15/2025,"A. Fussell, J. Mulling",Rock Islands,9:25,9:54,,RI48,No,SNEG,Empty,,,,,,
20,5/15/2025,"A. Fussell, J. Mulling",Rock Islands,9:25,9:54,,RI49,No,GREG,Empty,,,,,,
20,5/15/2025,"A. Fussell, J. Mulling",Rock Islands,9:25,9:54,,RI50,No,GLIB,Empty,,,,,,
20,5/15/2025,"A. Fussell, J. Mulling",Rock Islands,9:25,9:54,,RI51,No,SNEG,Empty,,,,,,
20,5/15/2025,"A. Fussell, J. Mulling",Rock Islands,10:05,10:38,,RI2-1,No,ROSP,Empty,,,,,,
20,5/15/2025,"A. Fussell, J. Mulling",Rock Islands,10:05,10:38,,RI2-2,No,TRHE,Empty,,,,,,
20,5/15/2025,"A. Fussell, J. Mulling",Rock Islands,10:05,10:38,,RI2-3,No,SNEG,Empty,,,,,,
20,5/15/2025,"A. Fussell, J. Mulling",Rock Islands,10:05,10:38,,RI2-4,No,SNEG,Empty,,,,,,
20,5/15/2025,"A. Fussell, J. Mulling",Rock Islands,10:05,10:38,,RI2-5,No,CAEG,Occupied,2,,,,,nest was built and previously occupied by TRHE that fledged and was then occupied by CAEG
20,5/15/2025,"A. Fussell, J. Mulling",Rock Islands,10:05,10:38,,RI2-6,No,SNEG,Empty,,,,,,
20,5/15/2025,"A. Fussell, J. Mulling",Rock Islands,10:05,10:38,,RI2-7,No,CAEG,Occupied,3,,,,,nest was built and previously occupied by SNEG that fledged and was then occupied by CAEG
20,5/15/2025,"A. Fussell, J. Mulling",Rock Islands,10:05,10:38,,RI2-8,No,CAEG,Occupied,2,,,,,nest was built and previously occupied by SNEG that fledged and was then occupied by CAEG
20,5/15/2025,"A. Fussell, J. Mulling",Rock Islands,10:05,10:38,,RI2-9,No,SNEG,Empty,,,,,,
20,5/15/2025,"A. Fussell, J. Mulling",Rock Islands,10:05,10:38,,RI2-10,No,SNEG,Destroyed or Gone,,,,,,
20,5/15/2025,"A. Fussell, J. Mulling",Rock Islands,10:05,10:38,,RI2-11,No,CAEG,Occupied,3,,,,,nest was built and previously occupied by SNEG that fledged and was then occupied by CAEG
20,5/15/2025,"A. Fussell, J. Mulling",Rock Islands,10:05,10:38,,RI2-12,No,CAEG,Occupied,2,,,,,nest was built and previously occupied by SNEG that fledged and was then occupied by CAEG
20,5/15/2025,"A. Fussell, J. Mulling",Rock Islands,10:05,10:38,,RI2-13,No,CAEG,Occupied,2,,,,,nest was built and previously occupied by TRHE that fledged and was then occupied by CAEG
20,5/15/2025,"A. Fussell, J. Mulling",Rock Islands,10:05,10:38,,RI2-14,No,SNEG,Empty,,,,,,
20,5/15/2025,"A. Fussell, J. Mulling",Rock Islands,10:05,10:38,,RI2-15,No,SNEG,Empty,,,,,,changed from empty to destryed/gone based on previous and later entries for the same nest
20,5/15/2025,"A. Fussell, J. Mulling",Rock Islands,10:05,10:38,,RI2-16,No,CAEG,Occupied,2,,,,,nest was built and previously occupied by TRHE that fledged and was then occupied by CAEG
20,5/15/2025,"A. Fussell, J. Mulling",Rock Islands,10:05,10:38,,RI2-17,No,SNEG,Occupied,3,,,,,
20,5/15/2025,"A. Fussell, J. Mulling",Rock Islands,10:05,10:38,,RI2-18,No,SNEG,Destroyed or Gone,,,,,,changed from empty to destryed/gone based on previous and later entries for the same nest
20,5/15/2025,"A. Fussell, J. Mulling",Rock Islands,10:05,10:38,,RI2-19,No,SNEG,Empty,,,,,,
20,5/15/2025,"A. Fussell, J. Mulling",Rock Islands,10:05,10:38,,RI2-20,No,SNEG,Empty,,,,,,
20,5/15/2025,"A. Fussell, J. Mulling",Rock Islands,10:05,10:38,,RI2-21,No,ROSP,Occupied,,,2,,,
20,5/15/2025,"A. Fussell, J. Mulling",Rock Islands,10:05,10:38,,RI2-22,No,SNEG,Empty,,,,,,
20,5/15/2025,"A. Fussell, J. Mulling",Rock Islands,10:05,10:38,,RI2-23,No,CAEG,Occupied,2,,,,,nest was built and previously occupied by SNEG that fledged and was then occupied by CAEG
20,5/15/2025,"A. Fussell, J. Mulling",Rock Islands,10:05,10:38,,RI2-24,No,SNEG,Occupied,,2,,,,
20,5/15/2025,"A. Fussell, J. Mulling",Rock Islands,10:05,10:38,,RI2-25,No,SNEG,Occupied,2,1,,,,
20,5/15/2025,"A. Fussell, J. Mulling",Rock Islands,10:05,10:38,,RI2-26,No,TRHE,Empty,,,,,,
20,5/15/2025,"A. Fussell, J. Mulling",Rock Islands,10:05,10:38,,RI2-27,No,SNEG,Empty,,,,,,
20,5/15/2025,"A. Fussell, J. Mulling",Rock Islands,10:05,10:38,,RI2-28,No,SNEG,Empty,,,,,,
20,5/15/2025,"A. Fussell, J. Mulling",Rock Islands,10:05,10:38,,RI2-29,No,CAEG,Occupied,2,,,,,
20,5/15/2025,"A. Fussell, J. Mulling",Rock Islands,10:05,10:38,,RI2-30,No,GLIB,Occupied,1,,,,,hatchling was piping from inside of egg
20,5/15/2025,"A. Fussell, J. Mulling",Rock Islands,10:05,10:38,,RI2-31,No,SNEG,Occupied,,1,1,,,
21,5/16/2025,"A. Fussell, J. Mulling",Moonshine Bay,9:12,9:34,,MB1,No,WHIB,Occupied,,2,,,,
21,5/16/2025,"A. Fussell, J. Mulling",Moonshine Bay,9:12,9:34,,MB2,No,WHIB,Empty,,,,,,
21,5/16/2025,"A. Fussell, J. Mulling",Moonshine Bay,9:12,9:34,,MB3,No,WHIB,Occupied,,,1,1,,
21,5/16/2025,"A. Fussell, J. Mulling",Moonshine Bay,9:12,9:34,,MB4,No,WHIB,Destroyed or Gone,,,,,,
21,5/16/2025,"A. Fussell, J. Mulling",Moonshine Bay,9:12,9:34,,MB5,No,WHIB,Empty,,,,,,
21,5/16/2025,"A. Fussell, J. Mulling",Moonshine Bay,9:12,9:34,,MB6,No,GLIB,Occupied,4,,,,,
21,5/16/2025,"A. Fussell, J. Mulling",Moonshine Bay,9:12,9:34,,MB7,No,WHIB,Destroyed or Gone,,,,,,
21,5/16/2025,"A. Fussell, J. Mulling",Moonshine Bay,9:12,9:34,,MB8,No,WHIB,Destroyed or Gone,,,,,,
21,5/16/2025,"A. Fussell, J. Mulling",Moonshine Bay,9:12,9:34,,MB9,No,WHIB,Destroyed or Gone,,,,,,
21,5/16/2025,"A. Fussell, J. Mulling",Moonshine Bay,9:12,9:34,,MB10,No,WHIB,Destroyed or Gone,,,,,,
21,5/16/2025,"A. Fussell, J. Mulling",Moonshine Bay,9:12,9:34,,MB11,No,WHIB,Destroyed or Gone,,,,,,
21,5/16/2025,"A. Fussell, J. Mulling",Moonshine Bay,9:12,9:34,,MB12,No,WHIB,Destroyed or Gone,,,,,,
21,5/16/2025,"A. Fussell, J. Mulling",Moonshine Bay,9:12,9:34,,MB13,No,WHIB,Destroyed or Gone,,,,,,
21,5/16/2025,"A. Fussell, J. Mulling",Moonshine Bay,9:12,9:34,,MB14,No,WHIB,Destroyed or Gone,,,,,,
21,5/16/2025,"A. Fussell, J. Mulling",Moonshine Bay,9:12,9:34,,MB15,No,WHIB,Destroyed or Gone,,,,,,
21,5/16/2025,"A. Fussell, J. Mulling",Moonshine Bay,9:12,9:34,,MB16,No,WHIB,Destroyed or Gone,,,,,,
21,5/16/2025,"A. Fussell, J. Mulling",Moonshine Bay,9:12,9:34,,MB17,No,WHIB,Empty,,,,,,
21,5/16/2025,"A. Fussell, J. Mulling",Moonshine Bay,9:12,9:34,,MB18,No,WHIB,Destroyed or Gone,,,,,,
21,5/16/2025,"A. Fussell, J. Mulling",Moonshine Bay,9:12,9:34,,MB19,No,WHIB,Empty,,,,,,
21,5/16/2025,"A. Fussell, J. Mulling",Moonshine Bay,9:12,9:34,,MB20,No,WHIB,Empty,,,,,,
21,5/16/2025,"A. Fussell, J. Mulling",Moonshine Bay,9:12,9:34,,MB21,No,WHIB,Destroyed or Gone,,,,,,
21,5/16/2025,"A. Fussell, J. Mulling",Moonshine Bay,9:12,9:34,,MB22,No,WHIB,Destroyed or Gone,,,,,,
21,5/16/2025,"A. Fussell, J. Mulling",Moonshine Bay,9:12,9:34,,MB23,No,WHIB,Destroyed or Gone,,,,,,
21,5/16/2025,"A. Fussell, J. Mulling",Moonshine Bay,9:12,9:34,,MB24,No,WHIB,Destroyed or Gone,,,,,,
21,5/16/2025,"A. Fussell, J. Mulling",Moonshine Bay,9:12,9:34,,MB25,No,WHIB,Destroyed or Gone,,,,,,
21,5/16/2025,"A. Fussell, J. Mulling",Moonshine Bay,9:12,9:34,,MB26,No,WHIB,Destroyed or Gone,,,,,,
21,5/16/2025,"A. Fussell, J. Mulling",Moonshine Bay,9:12,9:34,,MB27,No,WHIB,Destroyed or Gone,,,,,,
21,5/16/2025,"A. Fussell, J. Mulling",Moonshine Bay,9:12,9:34,,MB28,No,WHIB,Destroyed or Gone,,,,,,
21,5/16/2025,"A. Fussell, J. Mulling",Moonshine Bay,9:12,9:34,,MB29,No,WHIB,Empty,,,,,,
21,5/16/2025,"A. Fussell, J. Mulling",Moonshine Bay,9:12,9:34,,MB30,No,WHIB,Empty,,,,,,
21,5/16/2025,"A. Fussell, J. Mulling",Moonshine Bay,9:12,9:34,,MB31,No,WHIB,Destroyed or Gone,,,,,,
21,5/16/2025,"A. Fussell, J. Mulling",Moonshine Bay,9:12,9:34,,MB32,No,GLIB,Empty,,,,,,
21,5/16/2025,"A. Fussell, J. Mulling",Moonshine Bay,9:12,9:34,,MB33,No,WHIB,Empty,,,,,,
21,5/16/2025,"A. Fussell, J. Mulling",Moonshine Bay,9:12,9:34,,MB34,No,WHIB,Destroyed or Gone,,,,,,
21,5/16/2025,"A. Fussell, J. Mulling",Moonshine Bay,9:12,9:34,,MB35,No,WHIB,Empty,,,,1,,
21,5/16/2025,"A. Fussell, J. Mulling",Moonshine Bay,9:12,9:34,,MB36,No,GLIB,Destroyed or Gone,,,,,,
21,5/16/2025,"A. Fussell, J. Mulling",Moonshine Bay,9:12,9:34,,MB37,No,WHIB,Empty,,,,,,
21,5/16/2025,"A. Fussell, J. Mulling",Moonshine Bay,9:12,9:34,,MB38,No,WHIB,Empty,,,,,,
21,5/16/2025,"A. Fussell, J. Mulling",Moonshine Bay,9:12,9:34,,MB39,No,WHIB,Empty,,,,,,
21,5/16/2025,"A. Fussell, J. Mulling",Moonshine Bay,9:12,9:34,,MB40,No,WHIB,Empty,,,,,,
21,5/16/2025,"A. Fussell, J. Mulling",Moonshine Bay,9:12,9:34,,MB41,No,WHIB,Empty,,,,,,
21,5/16/2025,"A. Fussell, J. Mulling",Moonshine Bay,9:12,9:34,,MB42,No,GLIB,Empty,,,,,,
21,5/16/2025,"A. Fussell, J. Mulling",Moonshine Bay,9:12,9:34,,MB43,No,WHIB,Destroyed or Gone,,,,,,
21,5/16/2025,"A. Fussell, J. Mulling",Moonshine Bay,9:12,9:34,,MB44,No,WHIB,Empty,,,,,,
21,5/16/2025,"A. Fussell, J. Mulling",Moonshine Bay,9:12,9:34,,MB45,No,WHIB,Empty,,,,2,,
21,5/16/2025,"A. Fussell, J. Mulling",Moonshine Bay,9:12,9:34,,MB46,No,GLIB,Empty,,,,,,
21,5/16/2025,"A. Fussell, J. Mulling",Moonshine Bay,9:12,9:34,,MB47,No,GLIB,Destroyed or Gone,,,,,,
21,5/16/2025,"A. Fussell, J. Mulling",Moonshine Bay,9:12,9:34,,MB48,No,WHIB,Destroyed or Gone,,,,,,
21,5/16/2025,"A. Fussell, J. Mulling",Moonshine Bay,9:12,9:34,,MB49,No,WHIB,Empty,,,,,,
21,5/16/2025,"A. Fussell, J. Mulling",Moonshine Bay,9:12,9:34,,MB50,No,WHIB,Empty,,,,,,
22,5/21/2025,"A. Fussell, J. Mulling, Volunteer",Rock Islands,9:03,9:30,volunteer is M. Zuliani,RI1,No,TRHE,Empty,,,,,,
22,5/21/2025,"A. Fussell, J. Mulling, Volunteer",Rock Islands,9:03,9:30,volunteer is M. Zuliani,RI2,No,GLIB,Occupied,,,1,,,
22,5/21/2025,"A. Fussell, J. Mulling, Volunteer",Rock Islands,9:03,9:30,volunteer is M. Zuliani,RI3,No,SNEG,Destroyed or Gone,,,,,,
22,5/21/2025,"A. Fussell, J. Mulling, Volunteer",Rock Islands,9:03,9:30,volunteer is M. Zuliani,RI4,No,SNEG,Destroyed or Gone,,,,,,
22,5/21/2025,"A. Fussell, J. Mulling, Volunteer",Rock Islands,9:03,9:30,volunteer is M. Zuliani,RI5,No,SNEG,Empty,,,,,,
22,5/21/2025,"A. Fussell, J. Mulling, Volunteer",Rock Islands,9:03,9:30,volunteer is M. Zuliani,RI6,No,SMWT,Destroyed or Gone,,,,,,
22,5/21/2025,"A. Fussell, J. Mulling, Volunteer",Rock Islands,9:03,9:30,volunteer is M. Zuliani,RI7,No,SNEG,Empty,,,,,,
22,5/21/2025,"A. Fussell, J. Mulling, Volunteer",Rock Islands,9:03,9:30,volunteer is M. Zuliani,RI8,No,ANHI,Destroyed or Gone,,,,,,
22,5/21/2025,"A. Fussell, J. Mulling, Volunteer",Rock Islands,9:03,9:30,volunteer is M. Zuliani,RI9,No,ROSP,Destroyed or Gone,,,,,,
22,5/21/2025,"A. Fussell, J. Mulling, Volunteer",Rock Islands,9:03,9:30,volunteer is M. Zuliani,RI10,No,ROSP,Empty,,,,,,
22,5/21/2025,"A. Fussell, J. Mulling, Volunteer",Rock Islands,9:03,9:30,volunteer is M. Zuliani,RI11,No,GLIB,Occupied,,,2,,,
22,5/21/2025,"A. Fussell, J. Mulling, Volunteer",Rock Islands,9:03,9:30,volunteer is M. Zuliani,RI12,No,TRHE,Destroyed or Gone,,,,,,
22,5/21/2025,"A. Fussell, J. Mulling, Volunteer",Rock Islands,9:03,9:30,volunteer is M. Zuliani,RI13,No,GREG,Empty,,,,,,
22,5/21/2025,"A. Fussell, J. Mulling, Volunteer",Rock Islands,9:03,9:30,volunteer is M. Zuliani,RI14,No,SNEG,Empty,,,,,,
22,5/21/2025,"A. Fussell, J. Mulling, Volunteer",Rock Islands,9:03,9:30,volunteer is M. Zuliani,RI15,No,CAEG,Occupied,3,,,,,nest was built and previously occupied by SNEG that fledged and was then occupied by CAEG
22,5/21/2025,"A. Fussell, J. Mulling, Volunteer",Rock Islands,9:03,9:30,volunteer is M. Zuliani,RI16,No,CAEG,Occupied,1,,,,,nest was built and previously occupied by SNEG that fledged and was then occupied by CAEG
22,5/21/2025,"A. Fussell, J. Mulling, Volunteer",Rock Islands,9:03,9:30,volunteer is M. Zuliani,RI17,No,ROSP,Destroyed or Gone,,,,,,
22,5/21/2025,"A. Fussell, J. Mulling, Volunteer",Rock Islands,9:03,9:30,volunteer is M. Zuliani,RI18,No,ROSP,Destroyed or Gone,,,,,,
22,5/21/2025,"A. Fussell, J. Mulling, Volunteer",Rock Islands,9:03,9:30,volunteer is M. Zuliani,RI19,No,SNEG,Destroyed or Gone,,,,,,
22,5/21/2025,"A. Fussell, J. Mulling, Volunteer",Rock Islands,9:03,9:30,volunteer is M. Zuliani,RI20,No,CAEG,Occupied,3,,,,,nest was built and previously occupied by SNEG that fledged and was then occupied by CAEG
22,5/21/2025,"A. Fussell, J. Mulling, Volunteer",Rock Islands,9:03,9:30,volunteer is M. Zuliani,RI21,No,CAEG,Empty,,,,,,nest was built and previously occupied by SNEG that fledged and was then occupied by CAEG; CAEG hatchling missing? Previous entry for this nest has CAEG eggs and the next entry has CAEG hatchlings
22,5/21/2025,"A. Fussell, J. Mulling, Volunteer",Rock Islands,9:03,9:30,volunteer is M. Zuliani,RI22,No,GREG,Empty,,,,,,
22,5/21/2025,"A. Fussell, J. Mulling, Volunteer",Rock Islands,9:03,9:30,volunteer is M. Zuliani,RI23,No,ANHI,Empty,,,,,,
22,5/21/2025,"A. Fussell, J. Mulling, Volunteer",Rock Islands,9:03,9:30,volunteer is M. Zuliani,RI24,No,SNEG,Empty,,,,,,
22,5/21/2025,"A. Fussell, J. Mulling, Volunteer",Rock Islands,9:03,9:30,volunteer is M. Zuliani,RI25,No,GREG,Empty,,,,,,
22,5/21/2025,"A. Fussell, J. Mulling, Volunteer",Rock Islands,9:03,9:30,volunteer is M. Zuliani,RI26,No,GREG,Empty,,,,,,
22,5/21/2025,"A. Fussell, J. Mulling, Volunteer",Rock Islands,9:03,9:30,volunteer is M. Zuliani,RI27,No,GLIB,Empty,,,,,,
22,5/21/2025,"A. Fussell, J. Mulling, Volunteer",Rock Islands,9:03,9:30,volunteer is M. Zuliani,RI28,No,SNEG,Destroyed or Gone,,,,,,
22,5/21/2025,"A. Fussell, J. Mulling, Volunteer",Rock Islands,9:03,9:30,volunteer is M. Zuliani,RI29,No,SNEG,Empty,,,,,,
22,5/21/2025,"A. Fussell, J. Mulling, Volunteer",Rock Islands,9:03,9:30,volunteer is M. Zuliani,RI30,No,TRHE,Empty,,,,,,
22,5/21/2025,"A. Fussell, J. Mulling, Volunteer",Rock Islands,9:03,9:30,volunteer is M. Zuliani,RI31,No,TRHE,Empty,,,,,,
22,5/21/2025,"A. Fussell, J. Mulling, Volunteer",Rock Islands,9:03,9:30,volunteer is M. Zuliani,RI32,No,ANHI,Destroyed or Gone,,,,,,
22,5/21/2025,"A. Fussell, J. Mulling, Volunteer",Rock Islands,9:03,9:30,volunteer is M. Zuliani,RI33,No,GREG,Empty,,,,,,
22,5/21/2025,"A. Fussell, J. Mulling, Volunteer",Rock Islands,9:03,9:30,volunteer is M. Zuliani,RI34,No,GREG,Empty,,,,,,
22,5/21/2025,"A. Fussell, J. Mulling, Volunteer",Rock Islands,9:03,9:30,volunteer is M. Zuliani,RI35,No,GREG,Empty,,,,,,
22,5/21/2025,"A. Fussell, J. Mulling, Volunteer",Rock Islands,9:03,9:30,volunteer is M. Zuliani,RI36,No,TRHE,Empty,,,,,,
22,5/21/2025,"A. Fussell, J. Mulling, Volunteer",Rock Islands,9:03,9:30,volunteer is M. Zuliani,RI37,No,SNEG,Empty,,,,,,
22,5/21/2025,"A. Fussell, J. Mulling, Volunteer",Rock Islands,9:03,9:30,volunteer is M. Zuliani,RI38,No,TRHE,Empty,,,,,,
22,5/21/2025,"A. Fussell, J. Mulling, Volunteer",Rock Islands,9:03,9:30,volunteer is M. Zuliani,RI39,No,SNEG,Occupied,,,1,,,
22,5/21/2025,"A. Fussell, J. Mulling, Volunteer",Rock Islands,9:03,9:30,volunteer is M. Zuliani,RI40,No,SNEG,Empty,,,,,1,
22,5/21/2025,"A. Fussell, J. Mulling, Volunteer",Rock Islands,9:03,9:30,volunteer is M. Zuliani,RI41,No,TRHE,Empty,,,,,,
22,5/21/2025,"A. Fussell, J. Mulling, Volunteer",Rock Islands,9:03,9:30,volunteer is M. Zuliani,RI42,No,CAEG,Occupied,2,,,,,nest was built and previously occupied by SNEG that fledged and was then occupied by CAEG
22,5/21/2025,"A. Fussell, J. Mulling, Volunteer",Rock Islands,9:03,9:30,volunteer is M. Zuliani,RI43,No,SNEG,Empty,,,,,,
22,5/21/2025,"A. Fussell, J. Mulling, Volunteer",Rock Islands,9:03,9:30,volunteer is M. Zuliani,RI44,No,GLIB,Empty,,,,,,
22,5/21/2025,"A. Fussell, J. Mulling, Volunteer",Rock Islands,9:03,9:30,volunteer is M. Zuliani,RI45,No,GREG,Empty,,,,,,
22,5/21/2025,"A. Fussell, J. Mulling, Volunteer",Rock Islands,9:03,9:30,volunteer is M. Zuliani,RI46,No,SNEG,Empty,,,,,,
22,5/21/2025,"A. Fussell, J. Mulling, Volunteer",Rock Islands,9:03,9:30,volunteer is M. Zuliani,RI47,No,SNEG,Destroyed or Gone,,,,,,
22,5/21/2025,"A. Fussell, J. Mulling, Volunteer",Rock Islands,9:03,9:30,volunteer is M. Zuliani,RI48,No,SNEG,Empty,,,,,,
22,5/21/2025,"A. Fussell, J. Mulling, Volunteer",Rock Islands,9:03,9:30,volunteer is M. Zuliani,RI49,No,GREG,Empty,,,,,,
22,5/21/2025,"A. Fussell, J. Mulling, Volunteer",Rock Islands,9:03,9:30,volunteer is M. Zuliani,RI50,No,GLIB,Empty,,,,,,
22,5/21/2025,"A. Fussell, J. Mulling, Volunteer",Rock Islands,9:03,9:30,volunteer is M. Zuliani,RI51,No,SNEG,Empty,,,,,,
22,5/21/2025,"A. Fussell, J. Mulling, Volunteer",Rock Islands,9:38,9:58,volunteer is M. Zuliani,RI2-1,No,ROSP,Empty,,,,,,
22,5/21/2025,"A. Fussell, J. Mulling, Volunteer",Rock Islands,9:38,9:58,volunteer is M. Zuliani,RI2-2,No,TRHE,Empty,,,,,,
22,5/21/2025,"A. Fussell, J. Mulling, Volunteer",Rock Islands,9:38,9:58,volunteer is M. Zuliani,RI2-3,No,SNEG,Empty,,,,,,
22,5/21/2025,"A. Fussell, J. Mulling, Volunteer",Rock Islands,9:38,9:58,volunteer is M. Zuliani,RI2-4,No,SNEG,Empty,,,,,,
22,5/21/2025,"A. Fussell, J. Mulling, Volunteer",Rock Islands,9:38,9:58,volunteer is M. Zuliani,RI2-5,No,CAEG,Occupied,2,,,,,nest was built and previously occupied by SNEG that fledged and was then occupied by CAEG
22,5/21/2025,"A. Fussell, J. Mulling, Volunteer",Rock Islands,9:38,9:58,volunteer is M. Zuliani,RI2-6,No,SNEG,Empty,,,,,,
22,5/21/2025,"A. Fussell, J. Mulling, Volunteer",Rock Islands,9:38,9:58,volunteer is M. Zuliani,RI2-7,No,CAEG,Occupied,3,,,,,nest was built and previously occupied by SNEG that fledged and was then occupied by CAEG
22,5/21/2025,"A. Fussell, J. Mulling, Volunteer",Rock Islands,9:38,9:58,volunteer is M. Zuliani,RI2-8,No,CAEG,Occupied,3,,,,,nest was built and previously occupied by SNEG that fledged and was then occupied by CAEG
22,5/21/2025,"A. Fussell, J. Mulling, Volunteer",Rock Islands,9:38,9:58,volunteer is M. Zuliani,RI2-9,No,SNEG,Empty,,,,,,
22,5/21/2025,"A. Fussell, J. Mulling, Volunteer",Rock Islands,9:38,9:58,volunteer is M. Zuliani,RI2-10,No,SNEG,Destroyed or Gone,,,,,,
22,5/21/2025,"A. Fussell, J. Mulling, Volunteer",Rock Islands,9:38,9:58,volunteer is M. Zuliani,RI2-11,No,CAEG,Occupied,3,,,,,nest was built and previously occupied by SNEG that fledged and was then occupied by CAEG
22,5/21/2025,"A. Fussell, J. Mulling, Volunteer",Rock Islands,9:38,9:58,volunteer is M. Zuliani,RI2-12,No,CAEG,Occupied,3,,,,,nest was built and previously occupied by SNEG that fledged and was then occupied by CAEG
22,5/21/2025,"A. Fussell, J. Mulling, Volunteer",Rock Islands,9:38,9:58,volunteer is M. Zuliani,RI2-13,No,CAEG,Occupied,3,,,,,nest was built and previously occupied by TRHE that fledged and was then occupied by CAEG
22,5/21/2025,"A. Fussell, J. Mulling, Volunteer",Rock Islands,9:38,9:58,volunteer is M. Zuliani,RI2-14,No,SNEG,Empty,,,,,,
22,5/21/2025,"A. Fussell, J. Mulling, Volunteer",Rock Islands,9:38,9:58,volunteer is M. Zuliani,RI2-15,No,CAEG,Occupied,3,,,,,nest was built and previously occupied by SNEG that fledged and was then occupied by CAEG
22,5/21/2025,"A. Fussell, J. Mulling, Volunteer",Rock Islands,9:38,9:58,volunteer is M. Zuliani,RI2-16,No,CAEG,Occupied,2,,,,,nest was built and previously occupied by TRHE that fledged and was then occupied by CAEG
22,5/21/2025,"A. Fussell, J. Mulling, Volunteer",Rock Islands,9:38,9:58,volunteer is M. Zuliani,RI2-17,No,CAEG,Occupied,3,,,,,nest was built and previously occupied by TRHE that fledged and was then occupied by CAEG; nest contained bolus
22,5/21/2025,"A. Fussell, J. Mulling, Volunteer",Rock Islands,9:38,9:58,volunteer is M. Zuliani,RI2-18,No,SNEG,Destroyed or Gone,,,,,,changed from TRHE to SNEG based on later entries fo the same nest
22,5/21/2025,"A. Fussell, J. Mulling, Volunteer",Rock Islands,9:38,9:58,volunteer is M. Zuliani,RI2-19,No,SNEG,Empty,,,,,,
22,5/21/2025,"A. Fussell, J. Mulling, Volunteer",Rock Islands,9:38,9:58,volunteer is M. Zuliani,RI2-20,No,SNEG,Empty,,,,,,
22,5/21/2025,"A. Fussell, J. Mulling, Volunteer",Rock Islands,9:38,9:58,volunteer is M. Zuliani,RI2-21,No,ROSP,Occupied,,,2,,,
22,5/21/2025,"A. Fussell, J. Mulling, Volunteer",Rock Islands,9:38,9:58,volunteer is M. Zuliani,RI2-22,No,SNEG,Empty,,,,,,
22,5/21/2025,"A. Fussell, J. Mulling, Volunteer",Rock Islands,9:38,9:58,volunteer is M. Zuliani,RI2-23,No,CAEG,Occupied,1,,,,,changed from SNEG to CAEG based on previous and later entries of the same nest
22,5/21/2025,"A. Fussell, J. Mulling, Volunteer",Rock Islands,9:38,9:58,volunteer is M. Zuliani,RI2-24,No,SNEG,Occupied,,,2,,,
22,5/21/2025,"A. Fussell, J. Mulling, Volunteer",Rock Islands,9:38,9:58,volunteer is M. Zuliani,RI2-25,No,SNEG,Occupied,2,,1,,,
22,5/21/2025,"A. Fussell, J. Mulling, Volunteer",Rock Islands,9:38,9:58,volunteer is M. Zuliani,RI2-26,No,TRHE,Empty,,,,,,
22,5/21/2025,"A. Fussell, J. Mulling, Volunteer",Rock Islands,9:38,9:58,volunteer is M. Zuliani,RI2-27,No,SNEG,Empty,,,,,,
22,5/21/2025,"A. Fussell, J. Mulling, Volunteer",Rock Islands,9:38,9:58,volunteer is M. Zuliani,RI2-28,No,CAEG,Occupied,2,,,,,nest was built and previously occupied by SNEG that fledged and was then occupied by CAEG
22,5/21/2025,"A. Fussell, J. Mulling, Volunteer",Rock Islands,9:38,9:58,volunteer is M. Zuliani,RI2-29,No,CAEG,Occupied,2,,,,,nest was built and previously occupied by TRHE that fledged and was then occupied by CAEG
22,5/21/2025,"A. Fussell, J. Mulling, Volunteer",Rock Islands,9:38,9:58,volunteer is M. Zuliani,RI2-30,No,GLIB,Empty,,,,,,
22,5/21/2025,"A. Fussell, J. Mulling, Volunteer",Rock Islands,9:38,9:58,volunteer is M. Zuliani,RI2-31,No,SNEG,Empty,,,,,,
23,6/2/2025,"A. Fussell, J. Mulling, D. Serrano",Rock Islands,9:14,9:38,,RI1,No,TRHE,Empty,,,,,,
23,6/2/2025,"A. Fussell, J. Mulling, D. Serrano",Rock Islands,9:14,9:38,,RI2,No,GLIB,Empty,,,,,,
23,6/2/2025,"A. Fussell, J. Mulling, D. Serrano",Rock Islands,9:14,9:38,,RI3,No,SNEG,Destroyed or Gone,,,,,,
23,6/2/2025,"A. Fussell, J. Mulling, D. Serrano",Rock Islands,9:14,9:38,,RI4,No,SNEG,Destroyed or Gone,,,,,,
23,6/2/2025,"A. Fussell, J. Mulling, D. Serrano",Rock Islands,9:14,9:38,,RI5,No,CAEG,Occupied,3,,,,,nest was built and previously occupied by SMWT that fledged and was then occupied by CAEG
23,6/2/2025,"A. Fussell, J. Mulling, D. Serrano",Rock Islands,9:14,9:38,,RI6,No,SMWT,Destroyed or Gone,,,,,,
23,6/2/2025,"A. Fussell, J. Mulling, D. Serrano",Rock Islands,9:14,9:38,,RI7,No,SNEG,Empty,,,,,,
23,6/2/2025,"A. Fussell, J. Mulling, D. Serrano",Rock Islands,9:14,9:38,,RI8,No,ANHI,Destroyed or Gone,,,,,,
23,6/2/2025,"A. Fussell, J. Mulling, D. Serrano",Rock Islands,9:14,9:38,,RI9,No,ROSP,Destroyed or Gone,,,,,,
23,6/2/2025,"A. Fussell, J. Mulling, D. Serrano",Rock Islands,9:14,9:38,,RI10,No,CAEG,Occupied,3,,,,,"recorded GLIB in the field, probably CAEG; nest was built and previously occupied by ROSP that fledged and was then occupied by CAEG"
23,6/2/2025,"A. Fussell, J. Mulling, D. Serrano",Rock Islands,9:14,9:38,,RI11,No,GLIB,Empty,,,,,,
23,6/2/2025,"A. Fussell, J. Mulling, D. Serrano",Rock Islands,9:14,9:38,,RI12,No,TRHE,Destroyed or Gone,,,,,,
23,6/2/2025,"A. Fussell, J. Mulling, D. Serrano",Rock Islands,9:14,9:38,,RI13,No,GREG,Empty,,,,,,
23,6/2/2025,"A. Fussell, J. Mulling, D. Serrano",Rock Islands,9:14,9:38,,RI14,No,SNEG,Empty,,,,,,
23,6/2/2025,"A. Fussell, J. Mulling, D. Serrano",Rock Islands,9:14,9:38,,RI15,No,CAEG,Occupied,1,2,,,,nest was built and previously occupied by SMWT that fledged and was then occupied by CAEG
23,6/2/2025,"A. Fussell, J. Mulling, D. Serrano",Rock Islands,9:14,9:38,,RI16,No,CAEG,Occupied,1,,,,,nest was built and previously occupied by SNEG that fledged and was then occupied by CAEG
23,6/2/2025,"A. Fussell, J. Mulling, D. Serrano",Rock Islands,9:14,9:38,,RI17,No,ROSP,Destroyed or Gone,,,,,,
23,6/2/2025,"A. Fussell, J. Mulling, D. Serrano",Rock Islands,9:14,9:38,,RI18,No,ROSP,Destroyed or Gone,,,,,,
23,6/2/2025,"A. Fussell, J. Mulling, D. Serrano",Rock Islands,9:14,9:38,,RI19,No,SNEG,Destroyed or Gone,,,,,,
23,6/2/2025,"A. Fussell, J. Mulling, D. Serrano",Rock Islands,9:14,9:38,,RI20,No,CAEG,Occupied,1,2,,,,nest was built and previously occupied by TRHEthat fledged and was then occupied by CAEG
23,6/2/2025,"A. Fussell, J. Mulling, D. Serrano",Rock Islands,9:14,9:38,,RI21,No,CAEG,Occupied,,2,,,,nest was built and previously occupied by ROSP that fledged and was then occupied by CAEG
23,6/2/2025,"A. Fussell, J. Mulling, D. Serrano",Rock Islands,9:14,9:38,,RI22,No,GREG,Empty,,,,,,
23,6/2/2025,"A. Fussell, J. Mulling, D. Serrano",Rock Islands,9:14,9:38,,RI23,No,ANHI,Empty,,,,,,
23,6/2/2025,"A. Fussell, J. Mulling, D. Serrano",Rock Islands,9:14,9:38,,RI24,No,SNEG,Empty,,,,,,
23,6/2/2025,"A. Fussell, J. Mulling, D. Serrano",Rock Islands,9:14,9:38,,RI25,No,GREG,Empty,,,,,,
23,6/2/2025,"A. Fussell, J. Mulling, D. Serrano",Rock Islands,9:14,9:38,,RI26,No,GREG,Empty,,,,,,
23,6/2/2025,"A. Fussell, J. Mulling, D. Serrano",Rock Islands,9:14,9:38,,RI27,No,GLIB,Empty,,,,,,
23,6/2/2025,"A. Fussell, J. Mulling, D. Serrano",Rock Islands,9:14,9:38,,RI28,No,SNEG,Destroyed or Gone,,,,,,
23,6/2/2025,"A. Fussell, J. Mulling, D. Serrano",Rock Islands,9:14,9:38,,RI29,No,SNEG,Empty,,,,,,
23,6/2/2025,"A. Fussell, J. Mulling, D. Serrano",Rock Islands,9:14,9:38,,RI30,No,TRHE,Empty,,,,,,
23,6/2/2025,"A. Fussell, J. Mulling, D. Serrano",Rock Islands,9:14,9:38,,RI31,No,TRHE,Empty,,,,,,
23,6/2/2025,"A. Fussell, J. Mulling, D. Serrano",Rock Islands,9:14,9:38,,RI32,No,ANHI,Destroyed or Gone,,,,,,
23,6/2/2025,"A. Fussell, J. Mulling, D. Serrano",Rock Islands,9:14,9:38,,RI33,No,GREG,Empty,,,,,,
23,6/2/2025,"A. Fussell, J. Mulling, D. Serrano",Rock Islands,9:14,9:38,,RI34,No,GREG,Empty,,,,,,
23,6/2/2025,"A. Fussell, J. Mulling, D. Serrano",Rock Islands,9:14,9:38,,RI35,No,GREG,Empty,,,,,,
23,6/2/2025,"A. Fussell, J. Mulling, D. Serrano",Rock Islands,9:14,9:38,,RI36,No,TRHE,Empty,,,,,,
23,6/2/2025,"A. Fussell, J. Mulling, D. Serrano",Rock Islands,9:14,9:38,,RI37,No,SNEG,Empty,,,,,,
23,6/2/2025,"A. Fussell, J. Mulling, D. Serrano",Rock Islands,9:14,9:38,,RI38,No,TRHE,Empty,,,,,,
23,6/2/2025,"A. Fussell, J. Mulling, D. Serrano",Rock Islands,9:14,9:38,,RI39,No,SNEG,Empty,,,,,,
23,6/2/2025,"A. Fussell, J. Mulling, D. Serrano",Rock Islands,9:14,9:38,,RI40,No,SNEG,Empty,,,,,,
23,6/2/2025,"A. Fussell, J. Mulling, D. Serrano",Rock Islands,9:14,9:38,,RI41,No,TRHE,Empty,,,,,,
23,6/2/2025,"A. Fussell, J. Mulling, D. Serrano",Rock Islands,9:14,9:38,,RI42,No,CAEG,Occupied,3,,,,,nest was built and previously occupied by SNEG that fledged and was then occupied by CAEG
23,6/2/2025,"A. Fussell, J. Mulling, D. Serrano",Rock Islands,9:14,9:38,,RI43,No,SNEG,Empty,,,,,,
23,6/2/2025,"A. Fussell, J. Mulling, D. Serrano",Rock Islands,9:14,9:38,,RI44,No,CAEG,Occupied,,,2,,,nest was built and previously occupied by GLIB that fledged and was then occupied by CAEG
23,6/2/2025,"A. Fussell, J. Mulling, D. Serrano",Rock Islands,9:14,9:38,,RI45,No,GREG,Empty,,,,,,
23,6/2/2025,"A. Fussell, J. Mulling, D. Serrano",Rock Islands,9:14,9:38,,RI46,No,SNEG,Empty,,,,,,
23,6/2/2025,"A. Fussell, J. Mulling, D. Serrano",Rock Islands,9:14,9:38,,RI47,No,SNEG,Destroyed or Gone,,,,,,
23,6/2/2025,"A. Fussell, J. Mulling, D. Serrano",Rock Islands,9:14,9:38,,RI48,No,SNEG,Empty,,,,,,
23,6/2/2025,"A. Fussell, J. Mulling, D. Serrano",Rock Islands,9:14,9:38,,RI49,No,GREG,Empty,,,,,,
23,6/2/2025,"A. Fussell, J. Mulling, D. Serrano",Rock Islands,9:14,9:38,,RI50,No,GLIB,Empty,,,,,,
23,6/2/2025,"A. Fussell, J. Mulling, D. Serrano",Rock Islands,9:14,9:38,,RI51 ,No,SNEG,Empty,,,,,,
23,6/2/2025,"A. Fussell, J. Mulling, D. Serrano",Rock Islands,9:40,9:54,,RI2-1,No,ROSP,Empty,,,,,,
23,6/2/2025,"A. Fussell, J. Mulling, D. Serrano",Rock Islands,9:40,9:54,,RI2-2,No,TRHE,Empty,,,,,,
23,6/2/2025,"A. Fussell, J. Mulling, D. Serrano",Rock Islands,9:40,9:54,,RI2-3,No,SNEG,Empty,,,,,,
23,6/2/2025,"A. Fussell, J. Mulling, D. Serrano",Rock Islands,9:40,9:54,,RI2-4,No,CAEG,Occupied,3,,,,,nest was built and previously occupied by SNEG that fledged and was then occupied by CAEG
23,6/2/2025,"A. Fussell, J. Mulling, D. Serrano",Rock Islands,9:40,9:54,,RI2-5,No,CAEG,Occupied,2,,,,,nest was built and previously occupied by TRHE that fledged and was then occupied by CAEG
23,6/2/2025,"A. Fussell, J. Mulling, D. Serrano",Rock Islands,9:40,9:54,,RI2-6,No,SNEG,Empty,,,,,,
23,6/2/2025,"A. Fussell, J. Mulling, D. Serrano",Rock Islands,9:40,9:54,,RI2-7,No,CAEG,Occupied,,3,,,,nest was built and previously occupied by SNEG that fledged and was then occupied by CAEG
23,6/2/2025,"A. Fussell, J. Mulling, D. Serrano",Rock Islands,9:40,9:54,,RI2-8,No,CAEG,Occupied,,3,,,,nest was built and previously occupied by SNEG that fledged and was then occupied by CAEG
23,6/2/2025,"A. Fussell, J. Mulling, D. Serrano",Rock Islands,9:40,9:54,,RI2-9,No,SNEG,Empty,,,,,,
23,6/2/2025,"A. Fussell, J. Mulling, D. Serrano",Rock Islands,9:40,9:54,,RI2-10,No,SNEG,Destroyed or Gone,,,,,,
23,6/2/2025,"A. Fussell, J. Mulling, D. Serrano",Rock Islands,9:40,9:54,,RI2-11,No,CAEG,Occupied,,,,,,nest was built and previously occupied by TRHE that fledged and was then occupied by CAEG
23,6/2/2025,"A. Fussell, J. Mulling, D. Serrano",Rock Islands,9:40,9:54,,RI2-12,No,CAEG,Occupied,3,,,,,nest was built and previously occupied by SNEG that fledged and was then occupied by CAEG
23,6/2/2025,"A. Fussell, J. Mulling, D. Serrano",Rock Islands,9:40,9:54,,RI2-13,No,CAEG,Occupied,3,,,,,nest was built and previously occupied by SNEG that fledged and was then occupied by CAEG
23,6/2/2025,"A. Fussell, J. Mulling, D. Serrano",Rock Islands,9:40,9:54,,RI2-14,No,SNEG,Empty,,,,,,
23,6/2/2025,"A. Fussell, J. Mulling, D. Serrano",Rock Islands,9:40,9:54,,RI2-15,No,CAEG,Occupied,3,,,,,nest was built and previously occupied by SNEG that fledged and was then occupied by CAEG
23,6/2/2025,"A. Fussell, J. Mulling, D. Serrano",Rock Islands,9:40,9:54,,RI2-16,No,CAEG,Occupied,1,1,,,,nest was built and previously occupied by TRHE that fledged and was then occupied by CAEG
23,6/2/2025,"A. Fussell, J. Mulling, D. Serrano",Rock Islands,9:40,9:54,,RI2-17,No,CAEG,Occupied,,3,,,,nest was built and previously occupied by SNEG that fledged and was then occupied by CAEG
23,6/2/2025,"A. Fussell, J. Mulling, D. Serrano",Rock Islands,9:40,9:54,,RI2-18,No,SNEG,Destroyed or Gone,,,,,,changed from empty to destryed/gone based on previous and later entries for the same nest
23,6/2/2025,"A. Fussell, J. Mulling, D. Serrano",Rock Islands,9:40,9:54,,RI2-19,No,SNEG,Empty,,,,,,
23,6/2/2025,"A. Fussell, J. Mulling, D. Serrano",Rock Islands,9:40,9:54,,RI2-20,No,SNEG,Empty,,,,,,
23,6/2/2025,"A. Fussell, J. Mulling, D. Serrano",Rock Islands,9:40,9:54,,RI2-21,No,ROSP,Occupied,,,2,,,
23,6/2/2025,"A. Fussell, J. Mulling, D. Serrano",Rock Islands,9:40,9:54,,RI2-22,No,SNEG,Empty,,,,,,
23,6/2/2025,"A. Fussell, J. Mulling, D. Serrano",Rock Islands,9:40,9:54,,RI2-23,No,CAEG,Empty,,,,,,
23,6/2/2025,"A. Fussell, J. Mulling, D. Serrano",Rock Islands,9:40,9:54,,RI2-24,No,CAEG,Occupied,,,,,,nest was built and previously occupied by SNEG that fledged and was then occupied by CAEG
23,6/2/2025,"A. Fussell, J. Mulling, D. Serrano",Rock Islands,9:40,9:54,,RI2-25,No,CAEG,Occupied,1,,,,,
23,6/2/2025,"A. Fussell, J. Mulling, D. Serrano",Rock Islands,9:40,9:54,,RI2-26,No,TRHE,Empty,,,,,,
23,6/2/2025,"A. Fussell, J. Mulling, D. Serrano",Rock Islands,9:40,9:54,,RI2-27,No,SNEG,Empty,,,,,,
23,6/2/2025,"A. Fussell, J. Mulling, D. Serrano",Rock Islands,9:40,9:54,,RI2-28,No,CAEG,Occupied,2,,,,,
23,6/2/2025,"A. Fussell, J. Mulling, D. Serrano",Rock Islands,9:40,9:54,,RI2-29,No,CAEG,Occupied,2,,,,,
23,6/2/2025,"A. Fussell, J. Mulling, D. Serrano",Rock Islands,9:40,9:54,,RI2-30,No,GLIB,Empty,,,,,,
23,6/2/2025,"A. Fussell, J. Mulling, D. Serrano",Rock Islands,9:40,9:54,,RI2-31,No,SNEG,Empty,,,,,,
